TMPDIR is being set to /tmp/genus_temp_3335645_f32480c4-0ec2-48a1-97fe-9f9858c12d7e_sh02lo01_hujinzhao_nStijs
Cadence Genus(TM) Synthesis Solution.
Copyright 2025 Cadence Design Systems, Inc. All rights reserved worldwide.
Cadence and the Cadence logo are registered trademarks and Genus is a trademark
of Cadence Design Systems, Inc. in the United States and other countries.

[23:29:36.060361] Configured Lic search path (25.01-s002): 5280@sh02lo01

Version: 25.12-s067_1, built Sun Nov 16 21:10:10 PST 2025
Options: -batch -files /home/hujinzhao/pro/genus_bs2/SYN/run_fa_accel_sky130_sram.tcl 
Date:    Sun Jul 05 23:29:36 2026
Host:    sh02lo01 (x86_64 w/Linux 4.18.0-477.10.1.el8_8.x86_64) (18cores*36cpus*2physical cpus*Intel(R) Xeon(R) Gold 6140 CPU @ 2.30GHz 25344KB) (1056000372KB)
PID:     3335645
OS:      Red Hat Enterprise Linux 8.8 (Ootpa)

Checking out license: Genus_Synthesis
[23:29:36.050472] Periodic Lic check successful
[23:29:36.574770] Feature usage summary:
[23:29:36.574771] Genus_Synthesis  
License checkout complete (0 seconds elapsed).


***********************************************************************************************************
***********************************************************************************************************



Finished executable startup (9 seconds elapsed).

Loading tool scripts...
Finished loading tool scripts (36 seconds elapsed).

#@ Processing -files option
@genus:root: 1> source /home/hujinzhao/pro/genus_bs2/SYN/run_fa_accel_sky130_sram.tcl
#@ Begin verbose source /home/hujinzhao/pro/genus_bs2/SYN/run_fa_accel_sky130_sram.tcl
@file(run_fa_accel_sky130_sram.tcl) 1: set STAGE syn
@file(run_fa_accel_sky130_sram.tcl) 2: set DEFAULT_TOP fa_top
@file(run_fa_accel_sky130_sram.tcl) 4: proc require_file ...
@file(run_fa_accel_sky130_sram.tcl) 12: proc env_or_default ...
@file(run_fa_accel_sky130_sram.tcl) 19: proc require_dir ...
@file(run_fa_accel_sky130_sram.tcl) 27: proc read_path_list ...
@file(run_fa_accel_sky130_sram.tcl) 48: proc write_text_report ...
@file(run_fa_accel_sky130_sram.tcl) 56: proc env_flag ...
@file(run_fa_accel_sky130_sram.tcl) 63: proc env_value ...
@file(run_fa_accel_sky130_sram.tcl) 70: proc run_physical_command ...
@file(run_fa_accel_sky130_sram.tcl) 82: proc configure_multicpu ...
@file(run_fa_accel_sky130_sram.tcl) 98: proc configure_physical_context ...
@file(run_fa_accel_sky130_sram.tcl) 136: set script_dir [file dirname [info script]]
@file(run_fa_accel_sky130_sram.tcl) 137: set bundle_root [env_or_default GENUS_PROJECT_ROOT [file join $script_dir ..]]
@file(run_fa_accel_sky130_sram.tcl) 138: set workspace_dir [env_or_default GENUS_WORKSPACE_DIR [file join $bundle_root workspace]]
@file(run_fa_accel_sky130_sram.tcl) 139: set results_root [env_or_default GENUS_RESULTS_DIR [file join $bundle_root results]]
@file(run_fa_accel_sky130_sram.tcl) 140: set bundle_root [require_dir $bundle_root "Genus project root"]
@file(run_fa_accel_sky130_sram.tcl) 141: set workspace_dir [require_dir $workspace_dir "Genus workspace directory"]
@file(run_fa_accel_sky130_sram.tcl) 142: set filelist_dir [file join $workspace_dir filelists]
@file(run_fa_accel_sky130_sram.tcl) 143: set constraint_dir [file join $workspace_dir constraints]
@file(run_fa_accel_sky130_sram.tcl) 145: set top $DEFAULT_TOP
@file(run_fa_accel_sky130_sram.tcl) 146: if {[info exists ::env(TOP)] && $::env(TOP) ne ""} {
  set top $::env(TOP)
}
@file(run_fa_accel_sky130_sram.tcl) 150: set physical_mode 1
@file(run_fa_accel_sky130_sram.tcl) 151: if {[info exists ::env(GENUS_PHYSICAL)] && $::env(GENUS_PHYSICAL) eq "0"} {
  set physical_mode 0
}
@file(run_fa_accel_sky130_sram.tcl) 155: set allow_physical_fallback [env_flag GENUS_ALLOW_PHYSICAL_FALLBACK 0]
@file(run_fa_accel_sky130_sram.tcl) 157: set read_sram_behav_rtl 0
@file(run_fa_accel_sky130_sram.tcl) 158: if {[info exists ::env(READ_SRAM_BEHAV_RTL)] && $::env(READ_SRAM_BEHAV_RTL) ne "0"} {
  set read_sram_behav_rtl 1
}
@file(run_fa_accel_sky130_sram.tcl) 162: set report_dir [file join $results_root reports $top]
@file(run_fa_accel_sky130_sram.tcl) 163: set output_dir [file join $results_root outputs $top]
@file(run_fa_accel_sky130_sram.tcl) 164: set log_dir [file join $results_root logs]
@file(run_fa_accel_sky130_sram.tcl) 165: file mkdir $report_dir
@file(run_fa_accel_sky130_sram.tcl) 166: file mkdir $output_dir
@file(run_fa_accel_sky130_sram.tcl) 167: file mkdir $log_dir
@file(run_fa_accel_sky130_sram.tcl) 169: set rtl_filelist [env_or_default RTL_FILELIST [file join $filelist_dir rtl.f]]
@file(run_fa_accel_sky130_sram.tcl) 170: set sram_behav_filelist [env_or_default SRAM_BEHAV_RTL_FILELIST [file join $filelist_dir sram_macro_verilog.f]]
@file(run_fa_accel_sky130_sram.tcl) 171: set lib_filelist [env_or_default LIB_FILELIST [file join $filelist_dir libs_tt.f]]
@file(run_fa_accel_sky130_sram.tcl) 172: set lef_filelist [env_or_default LEF_FILELIST [file join $filelist_dir lefs.f]]
@file(run_fa_accel_sky130_sram.tcl) 173: set sdc_file [env_or_default SDC_FILE [file join $constraint_dir timing_200m.sdc]]
@file(run_fa_accel_sky130_sram.tcl) 175: puts "INFO: STAGE=$STAGE"
INFO: STAGE=syn
@file(run_fa_accel_sky130_sram.tcl) 176: puts "INFO: TOP=$top"
INFO: TOP=fa_top
@file(run_fa_accel_sky130_sram.tcl) 177: puts "INFO: PROJECT_ROOT=$bundle_root"
INFO: PROJECT_ROOT=/home/hujinzhao/pro/genus_bs2
@file(run_fa_accel_sky130_sram.tcl) 178: puts "INFO: WORKSPACE_DIR=$workspace_dir"
INFO: WORKSPACE_DIR=/home/hujinzhao/pro/genus_bs2/workspace
@file(run_fa_accel_sky130_sram.tcl) 179: puts "INFO: RESULTS_DIR=$results_root"
INFO: RESULTS_DIR=/home/hujinzhao/pro/genus_bs2/results
@file(run_fa_accel_sky130_sram.tcl) 180: puts "INFO: PHYSICAL_MODE=$physical_mode"
INFO: PHYSICAL_MODE=1
@file(run_fa_accel_sky130_sram.tcl) 181: puts "INFO: READ_SRAM_BEHAV_RTL=$read_sram_behav_rtl"
INFO: READ_SRAM_BEHAV_RTL=0
@file(run_fa_accel_sky130_sram.tcl) 182: puts "INFO: GENUS_ALLOW_PHYSICAL_FALLBACK=$allow_physical_fallback"
INFO: GENUS_ALLOW_PHYSICAL_FALLBACK=0
@file(run_fa_accel_sky130_sram.tcl) 184: configure_multicpu
INFO: GENUS_THREADS=8
  Setting attribute of root '/': 'max_cpus_per_server' = 8
INFO: Applied multi-CPU command: set_db max_cpus_per_server 8
  Setting attribute of root '/': 'auto_super_thread' = true
INFO: Applied multi-CPU command: set_db auto_super_thread true
  Setting attribute of root '/': 'super_thread_servers' = localhost 8
INFO: Applied multi-CPU command: set_db super_thread_servers {localhost 8}
@file(run_fa_accel_sky130_sram.tcl) 186: set lib_files [read_path_list $lib_filelist "Liberty filelist"]
@file(run_fa_accel_sky130_sram.tcl) 187: foreach lib_file $lib_files {
  puts "INFO: LIB=$lib_file"
}
INFO: LIB=/home/share/pdk/ciel/sky130/versions/e8294524e5f67c533c5d0c3afa0bcc5b2a5fa066/sky130A/libs.ref/sky130_fd_sc_hs/lib/sky130_fd_sc_hs__tt_025C_1v80.lib
INFO: LIB=/home/hujinzhao/pro/genus_bs2/workspace/LIBS/sky130_sram_0kbytes_1rw1r_64x32_8_TT_1p8V_25C.lib
INFO: LIB=/home/hujinzhao/pro/genus_bs2/workspace/LIBS/sky130_sram_0kbytes_1rw1r_64x64_8_TT_1p8V_25C.lib
INFO: LIB=/home/hujinzhao/pro/genus_bs2/workspace/LIBS/sky130_sram_0kbytes_1rw1r_128x16_16_TT_1p8V_25C.lib
@file(run_fa_accel_sky130_sram.tcl) 190: eval read_libs $lib_files
Error   : Could not find the look-up table definition. [LBR-517]
        : Template name 'ccsn_dc' used in group 'dc_current' on line 832 is not defined in the library. To fix this issue, define the missing template in the library. (File /home/share/pdk/ciel/sky130/versions/e8294524e5f67c533c5d0c3afa0bcc5b2a5fa066/sky130A/libs.ref/sky130_fd_sc_hs/lib/sky130_fd_sc_hs__tt_025C_1v80.lib)
        : Add the look-up table definition, then reload the library.
Warning : Ignoring the timing group. [LBR-709]
        : The dc_current group 'ccsn_dc' is being ignored due to errors in this group. This group will be excluded for any further library checks. Refer to the previous messages issued for dc_current group 'ccsn_dc' to find the details of the issues in this group. (File /home/share/pdk/ciel/sky130/versions/e8294524e5f67c533c5d0c3afa0bcc5b2a5fa066/sky130A/libs.ref/sky130_fd_sc_hs/lib/sky130_fd_sc_hs__tt_025C_1v80.lib, Line 832)
        : Fix the library cell error and then reload the library.
Error   : Could not find the look-up table definition. [LBR-517]
        : Template name 'ccsn_ovrf' used in group 'vector' on line 884 is not defined in the library. To fix this issue, define the missing template in the library. (File /home/share/pdk/ciel/sky130/versions/e8294524e5f67c533c5d0c3afa0bcc5b2a5fa066/sky130A/libs.ref/sky130_fd_sc_hs/lib/sky130_fd_sc_hs__tt_025C_1v80.lib)
Warning : Ignoring the timing group. [LBR-709]
        : The vector group 'ccsn_ovrf' is being ignored due to errors in this group. This group will be excluded for any further library checks. Refer to the previous messages issued for vector group 'ccsn_ovrf' to find the details of the issues in this group. (File /home/share/pdk/ciel/sky130/versions/e8294524e5f67c533c5d0c3afa0bcc5b2a5fa066/sky130A/libs.ref/sky130_fd_sc_hs/lib/sky130_fd_sc_hs__tt_025C_1v80.lib, Line 884)
Error   : Could not find the look-up table definition. [LBR-517]
        : Template name 'ccsn_ovrf' used in group 'vector' on line 890 is not defined in the library. To fix this issue, define the missing template in the library. (File /home/share/pdk/ciel/sky130/versions/e8294524e5f67c533c5d0c3afa0bcc5b2a5fa066/sky130A/libs.ref/sky130_fd_sc_hs/lib/sky130_fd_sc_hs__tt_025C_1v80.lib)
Warning : Ignoring the timing group. [LBR-709]
        : The vector group 'ccsn_ovrf' is being ignored due to errors in this group. This group will be excluded for any further library checks. Refer to the previous messages issued for vector group 'ccsn_ovrf' to find the details of the issues in this group. (File /home/share/pdk/ciel/sky130/versions/e8294524e5f67c533c5d0c3afa0bcc5b2a5fa066/sky130A/libs.ref/sky130_fd_sc_hs/lib/sky130_fd_sc_hs__tt_025C_1v80.lib, Line 890)
Error   : Could not find the look-up table definition. [LBR-517]
        : Template name 'ccsn_ovrf' used in group 'vector' on line 870 is not defined in the library. To fix this issue, define the missing template in the library. (File /home/share/pdk/ciel/sky130/versions/e8294524e5f67c533c5d0c3afa0bcc5b2a5fa066/sky130A/libs.ref/sky130_fd_sc_hs/lib/sky130_fd_sc_hs__tt_025C_1v80.lib)
Warning : Ignoring the timing group. [LBR-709]
        : The vector group 'ccsn_ovrf' is being ignored due to errors in this group. This group will be excluded for any further library checks. Refer to the previous messages issued for vector group 'ccsn_ovrf' to find the details of the issues in this group. (File /home/share/pdk/ciel/sky130/versions/e8294524e5f67c533c5d0c3afa0bcc5b2a5fa066/sky130A/libs.ref/sky130_fd_sc_hs/lib/sky130_fd_sc_hs__tt_025C_1v80.lib, Line 870)
Error   : Could not find the look-up table definition. [LBR-517]
        : Template name 'ccsn_ovrf' used in group 'vector' on line 876 is not defined in the library. To fix this issue, define the missing template in the library. (File /home/share/pdk/ciel/sky130/versions/e8294524e5f67c533c5d0c3afa0bcc5b2a5fa066/sky130A/libs.ref/sky130_fd_sc_hs/lib/sky130_fd_sc_hs__tt_025C_1v80.lib)
Warning : Ignoring the timing group. [LBR-709]
        : The vector group 'ccsn_ovrf' is being ignored due to errors in this group. This group will be excluded for any further library checks. Refer to the previous messages issued for vector group 'ccsn_ovrf' to find the details of the issues in this group. (File /home/share/pdk/ciel/sky130/versions/e8294524e5f67c533c5d0c3afa0bcc5b2a5fa066/sky130A/libs.ref/sky130_fd_sc_hs/lib/sky130_fd_sc_hs__tt_025C_1v80.lib, Line 876)
Error   : Could not find the look-up table definition. [LBR-517]
        : Template name 'ccsn_pnlh' used in group 'vector' on line 949 is not defined in the library. To fix this issue, define the missing template in the library. (File /home/share/pdk/ciel/sky130/versions/e8294524e5f67c533c5d0c3afa0bcc5b2a5fa066/sky130A/libs.ref/sky130_fd_sc_hs/lib/sky130_fd_sc_hs__tt_025C_1v80.lib)
Warning : Ignoring the timing group. [LBR-709]
        : The vector group 'ccsn_pnlh' is being ignored due to errors in this group. This group will be excluded for any further library checks. Refer to the previous messages issued for vector group 'ccsn_pnlh' to find the details of the issues in this group. (File /home/share/pdk/ciel/sky130/versions/e8294524e5f67c533c5d0c3afa0bcc5b2a5fa066/sky130A/libs.ref/sky130_fd_sc_hs/lib/sky130_fd_sc_hs__tt_025C_1v80.lib, Line 949)
Error   : Could not find the look-up table definition. [LBR-517]
        : Template name 'ccsn_pnlh' used in group 'vector' on line 956 is not defined in the library. To fix this issue, define the missing template in the library. (File /home/share/pdk/ciel/sky130/versions/e8294524e5f67c533c5d0c3afa0bcc5b2a5fa066/sky130A/libs.ref/sky130_fd_sc_hs/lib/sky130_fd_sc_hs__tt_025C_1v80.lib)
Warning : Ignoring the timing group. [LBR-709]
        : The vector group 'ccsn_pnlh' is being ignored due to errors in this group. This group will be excluded for any further library checks. Refer to the previous messages issued for vector group 'ccsn_pnlh' to find the details of the issues in this group. (File /home/share/pdk/ciel/sky130/versions/e8294524e5f67c533c5d0c3afa0bcc5b2a5fa066/sky130A/libs.ref/sky130_fd_sc_hs/lib/sky130_fd_sc_hs__tt_025C_1v80.lib, Line 956)
Error   : Could not find the look-up table definition. [LBR-517]
        : Template name 'ccsn_pnlh' used in group 'vector' on line 963 is not defined in the library. To fix this issue, define the missing template in the library. (File /home/share/pdk/ciel/sky130/versions/e8294524e5f67c533c5d0c3afa0bcc5b2a5fa066/sky130A/libs.ref/sky130_fd_sc_hs/lib/sky130_fd_sc_hs__tt_025C_1v80.lib)
Warning : Ignoring the timing group. [LBR-709]
        : The vector group 'ccsn_pnlh' is being ignored due to errors in this group. This group will be excluded for any further library checks. Refer to the previous messages issued for vector group 'ccsn_pnlh' to find the details of the issues in this group. (File /home/share/pdk/ciel/sky130/versions/e8294524e5f67c533c5d0c3afa0bcc5b2a5fa066/sky130A/libs.ref/sky130_fd_sc_hs/lib/sky130_fd_sc_hs__tt_025C_1v80.lib, Line 963)
Error   : Could not find the look-up table definition. [LBR-517]
        : Template name 'ccsn_pnlh' used in group 'vector' on line 970 is not defined in the library. To fix this issue, define the missing template in the library. (File /home/share/pdk/ciel/sky130/versions/e8294524e5f67c533c5d0c3afa0bcc5b2a5fa066/sky130A/libs.ref/sky130_fd_sc_hs/lib/sky130_fd_sc_hs__tt_025C_1v80.lib)
Warning : Ignoring the timing group. [LBR-709]
        : The vector group 'ccsn_pnlh' is being ignored due to errors in this group. This group will be excluded for any further library checks. Refer to the previous messages issued for vector group 'ccsn_pnlh' to find the details of the issues in this group. (File /home/share/pdk/ciel/sky130/versions/e8294524e5f67c533c5d0c3afa0bcc5b2a5fa066/sky130A/libs.ref/sky130_fd_sc_hs/lib/sky130_fd_sc_hs__tt_025C_1v80.lib, Line 970)
Error   : Could not find the look-up table definition. [LBR-517]
        : Template name 'ccsn_pnlh' used in group 'vector' on line 977 is not defined in the library. To fix this issue, define the missing template in the library. (File /home/share/pdk/ciel/sky130/versions/e8294524e5f67c533c5d0c3afa0bcc5b2a5fa066/sky130A/libs.ref/sky130_fd_sc_hs/lib/sky130_fd_sc_hs__tt_025C_1v80.lib)
Warning : Ignoring the timing group. [LBR-709]
        : The vector group 'ccsn_pnlh' is being ignored due to errors in this group. This group will be excluded for any further library checks. Refer to the previous messages issued for vector group 'ccsn_pnlh' to find the details of the issues in this group. (File /home/share/pdk/ciel/sky130/versions/e8294524e5f67c533c5d0c3afa0bcc5b2a5fa066/sky130A/libs.ref/sky130_fd_sc_hs/lib/sky130_fd_sc_hs__tt_025C_1v80.lib, Line 977)
Error   : Could not find the look-up table definition. [LBR-517]
        : Template name 'ccsn_pnlh' used in group 'vector' on line 984 is not defined in the library. To fix this issue, define the missing template in the library. (File /home/share/pdk/ciel/sky130/versions/e8294524e5f67c533c5d0c3afa0bcc5b2a5fa066/sky130A/libs.ref/sky130_fd_sc_hs/lib/sky130_fd_sc_hs__tt_025C_1v80.lib)
Warning : Ignoring the timing group. [LBR-709]
        : The vector group 'ccsn_pnlh' is being ignored due to errors in this group. This group will be excluded for any further library checks. Refer to the previous messages issued for vector group 'ccsn_pnlh' to find the details of the issues in this group. (File /home/share/pdk/ciel/sky130/versions/e8294524e5f67c533c5d0c3afa0bcc5b2a5fa066/sky130A/libs.ref/sky130_fd_sc_hs/lib/sky130_fd_sc_hs__tt_025C_1v80.lib, Line 984)
Error   : Could not find the look-up table definition. [LBR-517]
        : Template name 'ccsn_pnlh' used in group 'vector' on line 991 is not defined in the library. To fix this issue, define the missing template in the library. (File /home/share/pdk/ciel/sky130/versions/e8294524e5f67c533c5d0c3afa0bcc5b2a5fa066/sky130A/libs.ref/sky130_fd_sc_hs/lib/sky130_fd_sc_hs__tt_025C_1v80.lib)
Warning : Ignoring the timing group. [LBR-709]
        : The vector group 'ccsn_pnlh' is being ignored due to errors in this group. This group will be excluded for any further library checks. Refer to the previous messages issued for vector group 'ccsn_pnlh' to find the details of the issues in this group. (File /home/share/pdk/ciel/sky130/versions/e8294524e5f67c533c5d0c3afa0bcc5b2a5fa066/sky130A/libs.ref/sky130_fd_sc_hs/lib/sky130_fd_sc_hs__tt_025C_1v80.lib, Line 991)
Error   : Could not find the look-up table definition. [LBR-517]
        : Template name 'ccsn_pnlh' used in group 'vector' on line 898 is not defined in the library. To fix this issue, define the missing template in the library. (File /home/share/pdk/ciel/sky130/versions/e8294524e5f67c533c5d0c3afa0bcc5b2a5fa066/sky130A/libs.ref/sky130_fd_sc_hs/lib/sky130_fd_sc_hs__tt_025C_1v80.lib)
Warning : Ignoring the timing group. [LBR-709]
        : The vector group 'ccsn_pnlh' is being ignored due to errors in this group. This group will be excluded for any further library checks. Refer to the previous messages issued for vector group 'ccsn_pnlh' to find the details of the issues in this group. (File /home/share/pdk/ciel/sky130/versions/e8294524e5f67c533c5d0c3afa0bcc5b2a5fa066/sky130A/libs.ref/sky130_fd_sc_hs/lib/sky130_fd_sc_hs__tt_025C_1v80.lib, Line 898)
Error   : Could not find the look-up table definition. [LBR-517]
        : Template name 'ccsn_pnlh' used in group 'vector' on line 905 is not defined in the library. To fix this issue, define the missing template in the library. (File /home/share/pdk/ciel/sky130/versions/e8294524e5f67c533c5d0c3afa0bcc5b2a5fa066/sky130A/libs.ref/sky130_fd_sc_hs/lib/sky130_fd_sc_hs__tt_025C_1v80.lib)
Warning : Ignoring the timing group. [LBR-709]
        : The vector group 'ccsn_pnlh' is being ignored due to errors in this group. This group will be excluded for any further library checks. Refer to the previous messages issued for vector group 'ccsn_pnlh' to find the details of the issues in this group. (File /home/share/pdk/ciel/sky130/versions/e8294524e5f67c533c5d0c3afa0bcc5b2a5fa066/sky130A/libs.ref/sky130_fd_sc_hs/lib/sky130_fd_sc_hs__tt_025C_1v80.lib, Line 905)
Error   : Could not find the look-up table definition. [LBR-517]
        : Template name 'ccsn_pnlh' used in group 'vector' on line 912 is not defined in the library. To fix this issue, define the missing template in the library. (File /home/share/pdk/ciel/sky130/versions/e8294524e5f67c533c5d0c3afa0bcc5b2a5fa066/sky130A/libs.ref/sky130_fd_sc_hs/lib/sky130_fd_sc_hs__tt_025C_1v80.lib)
Warning : Ignoring the timing group. [LBR-709]
        : The vector group 'ccsn_pnlh' is being ignored due to errors in this group. This group will be excluded for any further library checks. Refer to the previous messages issued for vector group 'ccsn_pnlh' to find the details of the issues in this group. (File /home/share/pdk/ciel/sky130/versions/e8294524e5f67c533c5d0c3afa0bcc5b2a5fa066/sky130A/libs.ref/sky130_fd_sc_hs/lib/sky130_fd_sc_hs__tt_025C_1v80.lib, Line 912)
Error   : Could not find the look-up table definition. [LBR-517]
        : Template name 'ccsn_pnlh' used in group 'vector' on line 919 is not defined in the library. To fix this issue, define the missing template in the library. (File /home/share/pdk/ciel/sky130/versions/e8294524e5f67c533c5d0c3afa0bcc5b2a5fa066/sky130A/libs.ref/sky130_fd_sc_hs/lib/sky130_fd_sc_hs__tt_025C_1v80.lib)
Warning : Ignoring the timing group. [LBR-709]
        : The vector group 'ccsn_pnlh' is being ignored due to errors in this group. This group will be excluded for any further library checks. Refer to the previous messages issued for vector group 'ccsn_pnlh' to find the details of the issues in this group. (File /home/share/pdk/ciel/sky130/versions/e8294524e5f67c533c5d0c3afa0bcc5b2a5fa066/sky130A/libs.ref/sky130_fd_sc_hs/lib/sky130_fd_sc_hs__tt_025C_1v80.lib, Line 919)
Error   : Could not find the look-up table definition. [LBR-517]
        : Template name 'ccsn_pnlh' used in group 'vector' on line 926 is not defined in the library. To fix this issue, define the missing template in the library. (File /home/share/pdk/ciel/sky130/versions/e8294524e5f67c533c5d0c3afa0bcc5b2a5fa066/sky130A/libs.ref/sky130_fd_sc_hs/lib/sky130_fd_sc_hs__tt_025C_1v80.lib)
Warning : Ignoring the timing group. [LBR-709]
        : The vector group 'ccsn_pnlh' is being ignored due to errors in this group. This group will be excluded for any further library checks. Refer to the previous messages issued for vector group 'ccsn_pnlh' to find the details of the issues in this group. (File /home/share/pdk/ciel/sky130/versions/e8294524e5f67c533c5d0c3afa0bcc5b2a5fa066/sky130A/libs.ref/sky130_fd_sc_hs/lib/sky130_fd_sc_hs__tt_025C_1v80.lib, Line 926)
Error   : Could not find the look-up table definition. [LBR-517]
        : Template name 'ccsn_pnlh' used in group 'vector' on line 933 is not defined in the library. To fix this issue, define the missing template in the library. (File /home/share/pdk/ciel/sky130/versions/e8294524e5f67c533c5d0c3afa0bcc5b2a5fa066/sky130A/libs.ref/sky130_fd_sc_hs/lib/sky130_fd_sc_hs__tt_025C_1v80.lib)
Warning : Ignoring the timing group. [LBR-709]
        : The vector group 'ccsn_pnlh' is being ignored due to errors in this group. This group will be excluded for any further library checks. Refer to the previous messages issued for vector group 'ccsn_pnlh' to find the details of the issues in this group. (File /home/share/pdk/ciel/sky130/versions/e8294524e5f67c533c5d0c3afa0bcc5b2a5fa066/sky130A/libs.ref/sky130_fd_sc_hs/lib/sky130_fd_sc_hs__tt_025C_1v80.lib, Line 933)
Error   : Could not find the look-up table definition. [LBR-517]
        : Template name 'ccsn_pnlh' used in group 'vector' on line 940 is not defined in the library. To fix this issue, define the missing template in the library. (File /home/share/pdk/ciel/sky130/versions/e8294524e5f67c533c5d0c3afa0bcc5b2a5fa066/sky130A/libs.ref/sky130_fd_sc_hs/lib/sky130_fd_sc_hs__tt_025C_1v80.lib)
Warning : Ignoring the timing group. [LBR-709]
        : The vector group 'ccsn_pnlh' is being ignored due to errors in this group. This group will be excluded for any further library checks. Refer to the previous messages issued for vector group 'ccsn_pnlh' to find the details of the issues in this group. (File /home/share/pdk/ciel/sky130/versions/e8294524e5f67c533c5d0c3afa
  Message Summary for Library all 4 libraries:
  ********************************************
0bcc5b2a5fa066/sky130A/libs.ref/sky130_fd_sc_hs/lib/sky130_fd_sc_hs__tt_025C_1v80.lib, Line 940)
Error   : Could not find the look-up table definition. [LBR-517]
        : Template name 'ccsn_dc' used in group 'dc_current' on line 1002 is not defined in the library. To fix this issue, define the missing template in the library. (File /home/share/pdk/ciel/sky130/versions/e8294524e5f67c533c5d0c3afa0bcc5b2a5fa066/sky130A/libs.ref/sky130_fd_sc_hs/lib/sky130_fd_sc_hs__tt_025C_1v80.lib)
Warning : Ignoring the timing group. [LBR-709]
        : The dc_current group 'ccsn_dc' is being ignored due to errors in this group. This group will be excluded for any further library checks. Refer to the previous messages issued for dc_current group 'ccsn_dc' to find the details of the issues in this group. (File /home/share/pdk/ciel/sky130/versions/e8294524e5f67c533c5d0c3afa0bcc5b2a5fa066/sky130A/libs.ref/sky130_fd_sc_hs/lib/sky130_fd_sc_hs__tt_025C_1v80.lib, Line 1002)
Warning : Maximum message print count reached. [MESG-11]
        : Maximum print count of '20' reached for message 'LBR-517'.
Warning : Maximum message print count reached. [MESG-11]
        : Maximum print count of '20' reached for message 'LBR-709'.
  Ignoring the timing group. [LBR-709]: 96732
  Could not find the look-up table definition. [LBR-517]: 96732
  Missing library level attribute. [LBR-516]: 3
  An unsupported construct was detected in this library. [LBR-40]: 7
  ********************************************
 
Info    : Created nominal operating condition. [LBR-412]
        : Operating condition '_nominal_' was created for the PVT values (1.000000, 1.800000, 25.000000) in library 'sky130_fd_sc_hs__tt_025C_1v80.lib'.
        : The nominal operating condition is represented, either by the nominal PVT values specified in the library source (via nom_process,nom_voltage and nom_temperature respectively), or by the default PVT values (1.0,1.0,1.0).
Info    : Created nominal operating condition. [LBR-412]
        : Operating condition '_nominal_' was created for the PVT values (1.000000, 1.800000, 25.000000) in library 'sky130_sram_0kbytes_1rw1r_64x32_8_TT_1p8V_25C.lib'.
Info    : Created nominal operating condition. [LBR-412]
        : Operating condition '_nominal_' was created for the PVT values (1.000000, 1.800000, 25.000000) in library 'sky130_sram_0kbytes_1rw1r_64x64_8_TT_1p8V_25C.lib'.
Info    : Created nominal operating condition. [LBR-412]
        : Operating condition '_nominal_' was created for the PVT values (1.000000, 1.800000, 25.000000) in library 'sky130_sram_0kbytes_1rw1r_128x16_16_TT_1p8V_25C.lib'.
Warning : Library cell has no output pins defined. [LBR-9]
        : Library cell 'sky130_fd_sc_hs__decap_4' must have an output pin.
        : Add the missing output pin(s), then reload the library. Else the library cell will be marked as timing model i.e. unusable. Timing_model means that the cell does not have any defined function. If there is no output pin, Genus will mark library cell as unusable i.e. the attribute 'usable' will be marked to 'false' on the libcell. Therefore, the cell is not used for mapping and it will not be picked up from the library for synthesis. If you query the attribute 'unusable_reason' on the libcell; result will be: 'Library cell has no output pins.'Note: The message LBR-9 is only for the logical pins and not for the power_ground pins. Genus will depend upon the output function defined in the pin group (output pin) of the cell, to use it for mapping. The pg_pin will not have any function defined.
Warning : Library cell has no output pins defined. [LBR-9]
        : Library cell 'sky130_fd_sc_hs__decap_4' must have an output pin.
Warning : Library cell has no output pins defined. [LBR-9]
        : Library cell 'sky130_fd_sc_hs__decap_8' must have an output pin.
Warning : Library cell has no output pins defined. [LBR-9]
        : Library cell 'sky130_fd_sc_hs__decap_8' must have an output pin.
@file(run_fa_accel_sky130_sram.tcl) 192: set lef_files [read_path_list $lef_filelist "LEF filelist"]
@file(run_fa_accel_sky130_sram.tcl) 193: foreach lef_file $lef_files {
  puts "INFO: LEF=$lef_file"
}
INFO: LEF=/home/hujinzhao/pro/genus_bs2/workspace/LEFS/sky130_fd_sc_hs__nom.tlef
INFO: LEF=/home/hujinzhao/pro/genus_bs2/workspace/LEFS/sky130_fd_sc_hs.lef
INFO: LEF=/home/hujinzhao/pro/genus_bs2/workspace/LEFS/sky130_sram_0kbytes_1rw1r_64x32_8.lef
INFO: LEF=/home/hujinzhao/pro/genus_bs2/workspace/LEFS/sky130_sram_0kbytes_1rw1r_128x16_16.lef
INFO: LEF=/home/hujinzhao/pro/genus_bs2/workspace/LEFS/sky130_sram_0kbytes_1rw1r_64x64_8.lef
@file(run_fa_accel_sky130_sram.tcl) 196: if {[llength $lef_files] > 0} {
  set lef_arg [join $lef_files " "]
  if {[catch {read_physical -lefs $lef_arg} err]} {
    puts "WARNING: read_physical -lefs failed or is unsupported in this Genus setup: $err"
  }
}
Info    : Via with no resistance will have a value of '0.0' assigned for resistance value. [PHYS-129]
        : Via 'L1M1_PR' has no resistance value.
        : If this is the expected behavior, this message can be ignored.
Info    : Via with no resistance will have a value of '0.0' assigned for resistance value. [PHYS-129]
        : Via 'L1M1_PR_R' has no resistance value.
Info    : Via with no resistance will have a value of '0.0' assigned for resistance value. [PHYS-129]
        : Via 'L1M1_PR_M' has no resistance value.
Info    : Via with no resistance will have a value of '0.0' assigned for resistance value. [PHYS-129]
        : Via 'L1M1_PR_MR' has no resistance value.
Info    : Via with no resistance will have a value of '0.0' assigned for resistance value. [PHYS-129]
        : Via 'L1M1_PR_C' has no resistance value.
Info    : Via with no resistance will have a value of '0.0' assigned for resistance value. [PHYS-129]
        : Via 'M1M2_PR' has no resistance value.
Info    : Via with no resistance will have a value of '0.0' assigned for resistance value. [PHYS-129]
        : Via 'M1M2_PR_R' has no resistance value.
Info    : Via with no resistance will have a value of '0.0' assigned for resistance value. [PHYS-129]
        : Via 'M1M2_PR_M' has no resistance value.
Info    : Via with no resistance will have a value of '0.0' assigned for resistance value. [PHYS-129]
        : Via 'M1M2_PR_MR' has no resistance value.
Info    : Via with no resistance will have a value of '0.0' assigned for resistance value. [PHYS-129]
        : Via 'M1M2_PR_C' has no resistance value.
Info    : Via with no resistance will have a value of '0.0' assigned for resistance value. [PHYS-129]
        : Via 'M2M3_PR' has no resistance value.
Info    : Via with no resistance will have a value of '0.0' assigned for resistance value. [PHYS-129]
        : Via 'M2M3_PR_R' has no resistance value.
Info    : Via with no resistance will have a value of '0.0' assigned for resistance value. [PHYS-129]
        : Via 'M2M3_PR_M' has no resistance value.
Info    : Via with no resistance will have a value of '0.0' assigned for resistance value. [PHYS-129]
        : Via 'M2M3_PR_MR' has no resistance value.
Info    : Via with no resistance will have a value of '0.0' assigned for resistance value. [PHYS-129]
        : Via 'M2M3_PR_C' has no resistance value.
Info    : Via with no resistance will have a value of '0.0' assigned for resistance value. [PHYS-129]
        : Via 'M3M4_PR' has no resistance value.
Info    : Via with no resistance will have a value of '0.0' assigned for resistance value. [PHYS-129]
        : Via 'M3M4_PR_R' has no resistance value.
Info    : Via with no resistance will have a value of '0.0' assigned for resistance value. [PHYS-129]
        : Via 'M3M4_PR_M' has no resistance value.
Info    : Via with no resistance will have a value of '0.0' assigned for resistance value. [PHYS-129]
        : Via 'M3M4_PR_MR' has no resistance value.
Info    : Via with no resistance will have a value of '0.0' assigned for resistance value. [PHYS-129]
        : Via 'M3M4_PR_C' has no resistance value.
Warning : Maximum message print count reached. [MESG-11]
        : Maximum print count of '20' reached for message 'PHYS-129'.

  According to lef_library, there are total 6 routing layers [ V(3) / H(3) ]

Warning : The variant range of wire parameters is too large. An example of wire parameters are, a WIDTH for layer, PITCH for layer, MINSPACING for layers, etc. [PHYS-12]
        : The variant range (0.14, 1.6) of 'WIDTH' for layers 'met2' and 'met5' is too large.
        : Check the consistency of the parameters, and see if you can ignore this message or you're using different LEF file with wrong parameters.
Warning : The variant range of wire parameters is too large. An example of wire parameters are, a WIDTH for layer, PITCH for layer, MINSPACING for layers, etc. [PHYS-12]
        : The variant range (0.0285, 12.8) of 'RPERSQ' for layers 'met5' and 'li1' is too large.
Warning : The value of the wire parameter is too big. [PHYS-13]
        : The 'RPERSQ: 12.8' of layer 'li1' is much bigger than others.
        : Check the consistency of the specified wire parameter.
Warning : The variant range of wire parameters is too large. An example of wire parameters are, a WIDTH for layer, PITCH for layer, MINSPACING for layers, etc. [PHYS-12]
        : The variant range (0.14, 1.6) of 'MINSPACING' for layers 'met2' and 'met5' is too large.
Warning : Library cell pin 'use' attribute is inconsistent between lib and LEF. [PHYS-128]
        : Pin 'VNB' of library cell 'sky130_fd_sc_hs__a2bb2o_1' is marked as GROUND in LEF file.
        : Overriding lib value with LEF value. To use .lib as golden do: '::legacy::set_attribute use_power_ground_pin_from_lef false'.
Warning : Library cell pin 'use' attribute is inconsistent between lib and LEF. [PHYS-128]
        : Pin 'VPB' of library cell 'sky130_fd_sc_hs__a2bb2o_1' is marked as POWER in LEF file.
Warning : Library cell pin 'use' attribute is inconsistent between lib and LEF. [PHYS-128]
        : Pin 'VNB' of library cell 'sky130_fd_sc_hs__a2bb2o_2' is marked as GROUND in LEF file.
Warning : Library cell pin 'use' attribute is inconsistent between lib and LEF. [PHYS-128]
        : Pin 'VPB' of library cell 'sky130_fd_sc_hs__a2bb2o_2' is marked as POWER in LEF file.
Warning : Library cell pin 'use' attribute is inconsistent between lib and LEF. [PHYS-128]
        : Pin 'VNB' of library cell 'sky130_fd_sc_hs__a2bb2o_4' is marked as GROUND in LEF file.
Warning : Library cell pin 'use' attribute is inconsistent between lib and LEF. [PHYS-128]
        : Pin 'VPB' of library cell 'sky130_fd_sc_hs__a2bb2o_4' is marked as POWER in LEF file.
Warning : Library cell pin 'use' attribute is inconsistent between lib and LEF. [PHYS-128]
        : Pin 'VNB' of library cell 'sky130_fd_sc_hs__a2bb2oi_1' is marked as GROUND in LEF file.
Warning : Library cell pin 'use' attribute is inconsistent between lib and LEF. [PHYS-128]
        : Pin 'VPB' of library cell 'sky130_fd_sc_hs__a2bb2oi_1' is marked as POWER in LEF file.
Warning : Library cell pin 'use' attribute is inconsistent between lib and LEF. [PHYS-128]
        : Pin 'VNB' of library cell 'sky130_fd_sc_hs__a2bb2oi_2' is marked as GROUND in LEF file.
Warning : Library cell pin 'use' attribute is inconsistent between lib and LEF. [PHYS-128]
        : Pin 'VPB' of library cell 'sky130_fd_sc_hs__a2bb2oi_2' is marked as POWER in LEF file.
Warning : Library cell pin 'use' attribute is inconsistent between lib and LEF. [PHYS-128]
        : Pin 'VNB' of library cell 'sky130_fd_sc_hs__a2bb2oi_4' is marked as GROUND in LEF file.
Warning : Library cell pin 'use' attribute is inconsistent between lib and LEF. [PHYS-128]
        : Pin 'VPB' of library cell 'sky130_fd_sc_hs__a2bb2oi_4' is marked as POWER in LEF file.
Warning : Library cell pin 'use' attribute is inconsistent between lib and LEF. [PHYS-128]
        : Pin 'VNB' of library cell 'sky130_fd_sc_hs__a21bo_1' is marked as GROUND in LEF file.
Warning : Library cell pin 'use' attribute is inconsistent between lib and LEF. [PHYS-128]
        : Pin 'VPB' of library cell 'sky130_fd_sc_hs__a21bo_1' is marked as POWER in LEF file.
Warning : Library cell pin 'use' attribute is inconsistent between lib and LEF. [PHYS-128]
        : Pin 'VNB' of library cell 'sky130_fd_sc_hs__a21bo_2' is marked as GROUND in LEF file.
Warning : Library cell pin 'use' attribute is inconsistent between lib and LEF. [PHYS-128]
        : Pin 'VPB' of library cell 'sky130_fd_sc_hs__a21bo_2' is marked as POWER in LEF file.
Warning : Library cell pin 'use' attribute is inconsistent between lib and LEF. [PHYS-128]
        : Pin 'VNB' of library cell 'sky130_fd_sc_hs__a21bo_4' is marked as GROUND in LEF file.
Warning : Library cell pin 'use' attribute is inconsistent between lib and LEF. [PHYS-128]
        : Pin 'VPB' of library cell 'sky130_fd_sc_hs__a21bo_4' is marked as POWER in LEF file.
Warning : Library cell pin 'use' attribute is inconsistent between lib and LEF. [PHYS-128]
        : Pin 'VNB' of library cell 'sky130_fd_sc_hs__a21boi_1' is marked as GROUND in LEF file.
Warning : Library cell pin 'use' attribute is inconsistent between lib and LEF. [PHYS-128]
        : Pin 'VPB' of library cell 'sky130_fd_sc_hs__a21boi_1' is marked as POWER in LEF file.
Warning : Maximum message print count reached. [MESG-11]
        : Maximum print count of '20' reached for message 'PHYS-128'.
Warning : Physical cell not defined in library. [PHYS-279]
        : The physical (LEF) cell sky130_fd_sc_hs__diode_2 cannot be found in library.
        : Ensure that the proper library files are available and have been imported.
Warning : Physical cell not defined in library. [PHYS-279]
        : The physical (LEF) cell sky130_fd_sc_hs__fill_1 cannot be found in library.
Warning : Physical cell not defined in library. [PHYS-279]
        : The physical (LEF) cell sky130_fd_sc_hs__fill_2 cannot be found in library.
Warning : Physical cell not defined in library. [PHYS-279]
        : The physical (LEF) cell sky130_fd_sc_hs__fill_4 cannot be found in library.
Warning : Physical cell not defined in library. [PHYS-279]
        : The physical (LEF) cell sky130_fd_sc_hs__fill_8 cannot be found in library.
Warning : Physical cell not defined in library. [PHYS-279]
        : The physical (LEF) cell sky130_fd_sc_hs__fill_diode_2 cannot be found in library.
Warning : Physical cell not defined in library. [PHYS-279]
        : The physical (LEF) cell sky130_fd_sc_hs__fill_diode_4 cannot be found in library.
Warning : Physical cell not defined in library. [PHYS-279]
        : The physical (LEF) cell sky130_fd_sc_hs__fill_diode_8 cannot be found in library.
Warning : Physical cell not defined in library. [PHYS-279]
        : The physical (LEF) cell sky130_fd_sc_hs__tap_1 cannot be found in library.
Warning : Physical cell not defined in library. [PHYS-279]
        : The physical (LEF) cell sky130_fd_sc_hs__tap_2 cannot be found in library.
Warning : Physical cell not defined in library. [PHYS-279]
        : The physical (LEF) cell sky130_fd_sc_hs__tapmet1_2 cannot be found in library.
Warning : Physical cell not defined in library. [PHYS-279]
        : The physical (LEF) cell sky130_fd_sc_hs__tapvgnd2_1 cannot be found in library.
Warning : Physical cell not defined in library. [PHYS-279]
        : The physical (LEF) cell sky130_fd_sc_hs__tapvgnd_1 cannot be found in library.
Warning : Physical cell not defined in library. [PHYS-279]
        : The physical (LEF) cell sky130_fd_sc_hs__tapvpwrvgnd_1 cannot be found in library.
@file(run_fa_accel_sky130_sram.tcl) 203: set_db init_hdl_search_path [list [file join $workspace_dir RTL]]
  Setting attribute of root '/': 'init_hdl_search_path' = /home/hujinzhao/pro/genus_bs2/workspace/RTL
@file(run_fa_accel_sky130_sram.tcl) 204: set_db hdl_language sv
  Setting attribute of root '/': 'hdl_language' = sv
@file(run_fa_accel_sky130_sram.tcl) 205: catch {set_db hdl_track_filename_row_col true}
Info   : Enabled hdl_track_filename_row_col attribute.
       : Setting this attribute to 'true' can have an impact on the run time. Use this attribute only when filename, line number, and column information are needed in reports.
  Setting attribute of root '/': 'hdl_track_filename_row_col' = true
@file(run_fa_accel_sky130_sram.tcl) 206: if {[catch {set_db hdl_resolve_instance_with_libcell true} err]} {
  puts "WARNING: hdl_resolve_instance_with_libcell not accepted: $err"
}
  Setting attribute of root '/': 'hdl_resolve_instance_with_libcell' = true
@file(run_fa_accel_sky130_sram.tcl) 209: puts "INFO: Defining SYNTHESIS for Genus RTL read so SRAM wrappers use unparameterized macro instances."
INFO: Defining SYNTHESIS for Genus RTL read so SRAM wrappers use unparameterized macro instances.
@file(run_fa_accel_sky130_sram.tcl) 211: if {$read_sram_behav_rtl} {
  set sram_behav_files [read_path_list $sram_behav_filelist "SRAM behavioral Verilog filelist"]
  foreach src $sram_behav_files {
    puts "INFO: SRAM_BEHAV_RTL=$src"
  }
  eval read_hdl -sv $sram_behav_files
} else {
  puts "INFO: SRAM behavioral Verilog is packaged but not read by default; Liberty cells resolve SRAM macro instances."
}
INFO: SRAM behavioral Verilog is packaged but not read by default; Liberty cells resolve SRAM macro instances.
@file(run_fa_accel_sky130_sram.tcl) 221: set rtl_files [read_path_list $rtl_filelist "RTL filelist"]
@file(run_fa_accel_sky130_sram.tcl) 222: foreach src $rtl_files {
  puts "INFO: RTL=$src"
}
INFO: RTL=/home/hujinzhao/pro/genus_bs2/workspace/RTL/fa_top.v
INFO: RTL=/home/hujinzhao/pro/genus_bs2/workspace/RTL/dot_frontend.v
INFO: RTL=/home/hujinzhao/pro/genus_bs2/workspace/RTL/packed_compute_core.v
INFO: RTL=/home/hujinzhao/pro/genus_bs2/workspace/RTL/score_scheduler.v
INFO: RTL=/home/hujinzhao/pro/genus_bs2/workspace/RTL/score_exp_pipe.v
INFO: RTL=/home/hujinzhao/pro/genus_bs2/workspace/RTL/score_exp_banked_rom.v
INFO: RTL=/home/hujinzhao/pro/genus_bs2/workspace/RTL/output_norm_pipe.v
INFO: RTL=/home/hujinzhao/pro/genus_bs2/workspace/RTL/reciprocal_approx.v
INFO: RTL=/home/hujinzhao/pro/genus_bs2/workspace/RTL/finalize_cluster.v
INFO: RTL=/home/hujinzhao/pro/genus_bs2/workspace/RTL/update_state_cluster.v
INFO: RTL=/home/hujinzhao/pro/genus_bs2/workspace/RTL/update_token_fifo.v
INFO: RTL=/home/hujinzhao/pro/genus_bs2/workspace/RTL/axi_lite_regs.v
INFO: RTL=/home/hujinzhao/pro/genus_bs2/workspace/RTL/task_ctrl.v
INFO: RTL=/home/hujinzhao/pro/genus_bs2/workspace/RTL/dma_engine.v
INFO: RTL=/home/hujinzhao/pro/genus_bs2/workspace/RTL/dma_cmd_queue.v
INFO: RTL=/home/hujinzhao/pro/genus_bs2/workspace/RTL/dma_read_master.v
INFO: RTL=/home/hujinzhao/pro/genus_bs2/workspace/RTL/dma_write_master.v
INFO: RTL=/home/hujinzhao/pro/genus_bs2/workspace/RTL/q_load_store_adapter.v
INFO: RTL=/home/hujinzhao/pro/genus_bs2/workspace/RTL/qk_sram_cluster.v
INFO: RTL=/home/hujinzhao/pro/genus_bs2/workspace/RTL/v_load_adapter.v
INFO: RTL=/home/hujinzhao/pro/genus_bs2/workspace/RTL/k_load_adapter.v
INFO: RTL=/home/hujinzhao/pro/genus_bs2/workspace/RTL/o_store_adapter.v
INFO: RTL=/home/hujinzhao/pro/genus_bs2/workspace/RTL/v_sram_cluster.v
INFO: RTL=/home/hujinzhao/pro/genus_bs2/workspace/RTL/acc_sram_cluster.v
INFO: RTL=/home/hujinzhao/pro/genus_bs2/workspace/RTL/meta_sram_cluster.v
INFO: RTL=/home/hujinzhao/pro/genus_bs2/workspace/RTL/page_manager.v
INFO: RTL=/home/hujinzhao/pro/genus_bs2/workspace/RTL/perf_counters.v
INFO: RTL=/home/hujinzhao/pro/genus_bs2/workspace/RTL/axi_stream_data_adapter.v
INFO: RTL=/home/hujinzhao/pro/genus_bs2/workspace/RTL/sky130_sram_0kbytes_1rw1r_64x32_8_wrapper.v
INFO: RTL=/home/hujinzhao/pro/genus_bs2/workspace/RTL/sky130_sram_0kbytes_1rw1r_128x16_16_timed_wrapper.v
INFO: RTL=/home/hujinzhao/pro/genus_bs2/workspace/RTL/sky130_sram_0kbytes_1rw1r_64x64_8_wrapper.v
@file(run_fa_accel_sky130_sram.tcl) 225: eval read_hdl -sv -define SYNTHESIS $rtl_files
function signed [33:0] sum_four_products;
              |
Warning : Usage of non-static tasks or functions might result in simulation-synthesis mismatch. [VLOGPT-692]
        : in file '/home/hujinzhao/pro/genus_bs2/workspace/RTL/dot_frontend.v' on line 109, column 15.
        : Use the 'automatic' keyword for declaring functions and tasks.
function [17:0] pack_score_token;
         |
Warning : Usage of non-static tasks or functions might result in simulation-synthesis mismatch. [VLOGPT-692]
        : in file '/home/hujinzhao/pro/genus_bs2/workspace/RTL/packed_compute_core.v' on line 103, column 10.
function signed [48:0] round_shift16;
              |
Warning : Usage of non-static tasks or functions might result in simulation-synthesis mismatch. [VLOGPT-692]
        : in file '/home/hujinzhao/pro/genus_bs2/workspace/RTL/score_exp_pipe.v' on line 58, column 15.
function [15:0] bank0_lookup; input [6:0] addr; begin case (addr)
         |
Warning : Usage of non-static tasks or functions might result in simulation-synthesis mismatch. [VLOGPT-692]
        : in file '/home/hujinzhao/pro/genus_bs2/workspace/RTL/score_exp_banked_rom.v' on line 10, column 10.
function [15:0] bank1_lookup; input [6:0] addr; begin case (addr)
         |
Warning : Usage of non-static tasks or functions might result in simulation-synthesis mismatch. [VLOGPT-692]
        : in file '/home/hujinzhao/pro/genus_bs2/workspace/RTL/score_exp_banked_rom.v' on line 141, column 10.
function [15:0] bank2_lookup; input [6:0] addr; begin case (addr)
         |
Warning : Usage of non-static tasks or functions might result in simulation-synthesis mismatch. [VLOGPT-692]
        : in file '/home/hujinzhao/pro/genus_bs2/workspace/RTL/score_exp_banked_rom.v' on line 272, column 10.
function [15:0] bank3_lookup; input [6:0] addr; begin case (addr)
         |
Warning : Usage of non-static tasks or functions might result in simulation-synthesis mismatch. [VLOGPT-692]
        : in file '/home/hujinzhao/pro/genus_bs2/workspace/RTL/score_exp_banked_rom.v' on line 403, column 10.
function [15:0] bank4_lookup; input [6:0] addr; begin case (addr)
         |
Warning : Usage of non-static tasks or functions might result in simulation-synthesis mismatch. [VLOGPT-692]
        : in file '/home/hujinzhao/pro/genus_bs2/workspace/RTL/score_exp_banked_rom.v' on line 534, column 10.
function [15:0] bank5_lookup; input [6:0] addr; begin case (addr)
         |
Warning : Usage of non-static tasks or functions might result in simulation-synthesis mismatch. [VLOGPT-692]
        : in file '/home/hujinzhao/pro/genus_bs2/workspace/RTL/score_exp_banked_rom.v' on line 665, column 10.
function [15:0] bank6_lookup; input [6:0] addr; begin case (addr)
         |
Warning : Usage of non-static tasks or functions might result in simulation-synthesis mismatch. [VLOGPT-692]
        : in file '/home/hujinzhao/pro/genus_bs2/workspace/RTL/score_exp_banked_rom.v' on line 796, column 10.
function [15:0] bank7_lookup; input [6:0] addr; begin case (addr)
         |
Warning : Usage of non-static tasks or functions might result in simulation-synthesis mismatch. [VLOGPT-692]
        : in file '/home/hujinzhao/pro/genus_bs2/workspace/RTL/score_exp_banked_rom.v' on line 927, column 10.
function [15:0] bank8_lookup; input [6:0] addr; begin case (addr)
         |
Warning : Usage of non-static tasks or functions might result in simulation-synthesis mismatch. [VLOGPT-692]
        : in file '/home/hujinzhao/pro/genus_bs2/workspace/RTL/score_exp_banked_rom.v' on line 1058, column 10.
function [15:0] bank9_lookup; input [6:0] addr; begin case (addr)
         |
Warning : Usage of non-static tasks or functions might result in simulation-synthesis mismatch. [VLOGPT-692]
        : in file '/home/hujinzhao/pro/genus_bs2/workspace/RTL/score_exp_banked_rom.v' on line 1189, column 10.
function [15:0] bank10_lookup; input [6:0] addr; begin case (addr)
         |
Warning : Usage of non-static tasks or functions might result in simulation-synthesis mismatch. [VLOGPT-692]
        : in file '/home/hujinzhao/pro/genus_bs2/workspace/RTL/score_exp_banked_rom.v' on line 1320, column 10.
function [15:0] bank11_lookup; input [6:0] addr; begin case (addr)
         |
Warning : Usage of non-static tasks or functions might result in simulation-synthesis mismatch. [VLOGPT-692]
        : in file '/home/hujinzhao/pro/genus_bs2/workspace/RTL/score_exp_banked_rom.v' on line 1451, column 10.
function [15:0] bank12_lookup; input [6:0] addr; begin case (addr)
         |
Warning : Usage of non-static tasks or functions might result in simulation-synthesis mismatch. [VLOGPT-692]
        : in file '/home/hujinzhao/pro/genus_bs2/workspace/RTL/score_exp_banked_rom.v' on line 1582, column 10.
function [15:0] bank13_lookup; input [6:0] addr; begin case (addr)
         |
Warning : Usage of non-static tasks or functions might result in simulation-synthesis mismatch. [VLOGPT-692]
        : in file '/home/hujinzhao/pro/genus_bs2/workspace/RTL/score_exp_banked_rom.v' on line 1713, column 10.
function [15:0] bank14_lookup; input [6:0] addr; begin case (addr)
         |
Warning : Usage of non-static tasks or functions might result in simulation-synthesis mismatch. [VLOGPT-692]
        : in file '/home/hujinzhao/pro/genus_bs2/workspace/RTL/score_exp_banked_rom.v' on line 1844, column 10.
function [15:0] bank15_lookup; input [6:0] addr; begin case (addr)
         |
Warning : Usage of non-static tasks or functions might result in simulation-synthesis mismatch. [VLOGPT-692]
        : in file '/home/hujinzhao/pro/genus_bs2/workspace/RTL/score_exp_banked_rom.v' on line 1975, column 10.
function signed [SHIFTED_WIDTH-1:0] round_shift_product;
              |
Warning : Usage of non-static tasks or functions might result in simulation-synthesis mismatch. [VLOGPT-692]
        : in file '/home/hujinzhao/pro/genus_bs2/workspace/RTL/output_norm_pipe.v' on line 53, column 15.
Warning : Maximum message print count reached. [MESG-11]
        : Maximum print count of '20' reached for message 'VLOGPT-692'.
@file(run_fa_accel_sky130_sram.tcl) 227: elaborate $top
  Libraries have 305 usable logic and 62 usable sequential lib-cells.
Warning : Non-monotonic wireload model found. [LBR-81]
        : 'Length' table in wireload model 'Huge' is non-monotonic.
        : Non-monotonic wireload models can cause problems during synthesis and/or mapping.  Raising some of the points in the curve to give it a monotonic shape.
Warning : Non-monotonic wireload model found. [LBR-81]
        : 'Length' table in wireload model 'Huge' is non-monotonic.
Warning : Non-monotonic wireload model found. [LBR-81]
        : 'Length' table in wireload model 'Huge' is non-monotonic.
Warning : Non-monotonic wireload model found. [LBR-81]
        : 'Length' table in wireload model 'Large' is non-monotonic.
Warning : Non-monotonic wireload model found. [LBR-81]
        : 'Length' table in wireload model 'Large' is non-monotonic.
Warning : Non-monotonic wireload model found. [LBR-81]
        : 'Length' table in wireload model 'Large' is non-monotonic.
Warning : Non-monotonic wireload model found. [LBR-81]
        : 'Length' table in wireload model 'Medium' is non-monotonic.
Warning : Non-monotonic wireload model found. [LBR-81]
        : 'Length' table in wireload model 'Medium' is non-monotonic.
Warning : Non-monotonic wireload model found. [LBR-81]
        : 'Length' table in wireload model 'Medium' is non-monotonic.
Warning : Non-monotonic wireload model found. [LBR-81]
        : 'Length' table in wireload model 'Small' is non-monotonic.
Warning : Non-monotonic wireload model found. [LBR-81]
        : 'Length' table in wireload model 'Small' is non-monotonic.
Warning : Non-monotonic wireload model found. [LBR-81]
        : 'Length' table in wireload model 'Small' is non-monotonic.
Info    : Elaborating Design. [ELAB-1]
        : Elaborating top-level block 'fa_top' from file '/home/hujinzhao/pro/genus_bs2/workspace/RTL/fa_top.v'.
Warning : Unreachable statements for case item. [CDFG-472]
        : Case item 'default' in module 'dma_write_master_ADDR_WIDTH64_DATA_WIDTH128_TAG_WIDTH8' in file '/home/hujinzhao/pro/genus_bs2/workspace/RTL/dma_write_master.v' on line 101.
Warning : Unreachable statements for case item. [CDFG-472]
        : Case item 'default' in module 'score_scheduler' in file '/home/hujinzhao/pro/genus_bs2/workspace/RTL/score_scheduler.v' on line 156.
Warning : Removing unused register. [CDFG-508]
        : Removing unused flip-flop register 'issued_last_reg' in module 'score_scheduler' in file '/home/hujinzhao/pro/genus_bs2/workspace/RTL/score_scheduler.v' on line 161.
        : Genus removes the flip-flop or latch inferred for an unused signal or variable. To preserve the flip-flop or latch, set the hdl_preserve_unused_registers attribute to true or use a pragma in the RTL.
Warning : Unreachable statements for case item. [CDFG-472]
        : Case item 'default' in module 'score_exp_banked_rom_bank0_lookup_score_exp_banked_rom' in file '/home/hujinzhao/pro/genus_bs2/workspace/RTL/score_exp_banked_rom.v' on line 10.
Warning : Unreachable statements for case item. [CDFG-472]
        : Case item 'default' in module 'score_exp_banked_rom_bank1_lookup_score_exp_banked_rom' in file '/home/hujinzhao/pro/genus_bs2/workspace/RTL/score_exp_banked_rom.v' on line 141.
Warning : Unreachable statements for case item. [CDFG-472]
        : Case item 'default' in module 'score_exp_banked_rom_bank2_lookup_score_exp_banked_rom' in file '/home/hujinzhao/pro/genus_bs2/workspace/RTL/score_exp_banked_rom.v' on line 272.
Warning : Unreachable statements for case item. [CDFG-472]
        : Case item 'default' in module 'score_exp_banked_rom_bank3_lookup_score_exp_banked_rom' in file '/home/hujinzhao/pro/genus_bs2/workspace/RTL/score_exp_banked_rom.v' on line 403.
Warning : Unreachable statements for case item. [CDFG-472]
        : Case item 'default' in module 'score_exp_banked_rom_bank4_lookup_score_exp_banked_rom' in file '/home/hujinzhao/pro/genus_bs2/workspace/RTL/score_exp_banked_rom.v' on line 534.
Warning : Unreachable statements for case item. [CDFG-472]
        : Case item 'default' in module 'score_exp_banked_rom_bank5_lookup_score_exp_banked_rom' in file '/home/hujinzhao/pro/genus_bs2/workspace/RTL/score_exp_banked_rom.v' on line 665.
Warning : Unreachable statements for case item. [CDFG-472]
        : Case item 'default' in module 'score_exp_banked_rom_bank6_lookup_score_exp_banked_rom' in file '/home/hujinzhao/pro/genus_bs2/workspace/RTL/score_exp_banked_rom.v' on line 796.
Warning : Unreachable statements for case item. [CDFG-472]
        : Case item 'default' in module 'score_exp_banked_rom_bank7_lookup_score_exp_banked_rom' in file '/home/hujinzhao/pro/genus_bs2/workspace/RTL/score_exp_banked_rom.v' on line 927.
Warning : Unreachable statements for case item. [CDFG-472]
        : Case item 'default' in module 'score_exp_banked_rom_bank8_lookup_score_exp_banked_rom' in file '/home/hujinzhao/pro/genus_bs2/workspace/RTL/score_exp_banked_rom.v' on line 1058.
Warning : Unreachable statements for case item. [CDFG-472]
        : Case item 'default' in module 'score_exp_banked_rom_bank9_lookup_score_exp_banked_rom' in file '/home/hujinzhao/pro/genus_bs2/workspace/RTL/score_exp_banked_rom.v' on line 1189.
Warning : Unreachable statements for case item. [CDFG-472]
        : Case item 'default' in module 'score_exp_banked_rom_bank10_lookup_score_exp_banked_rom' in file '/home/hujinzhao/pro/genus_bs2/workspace/RTL/score_exp_banked_rom.v' on line 1320.
Warning : Unreachable statements for case item. [CDFG-472]
        : Case item 'default' in module 'score_exp_banked_rom_bank11_lookup_score_exp_banked_rom' in file '/home/hujinzhao/pro/genus_bs2/workspace/RTL/score_exp_banked_rom.v' on line 1451.
Warning : Unreachable statements for case item. [CDFG-472]
        : Case item 'default' in module 'score_exp_banked_rom_bank12_lookup_score_exp_banked_rom' in file '/home/hujinzhao/pro/genus_bs2/workspace/RTL/score_exp_banked_rom.v' on line 1582.
Warning : Unreachable statements for case item. [CDFG-472]
        : Case item 'default' in module 'score_exp_banked_rom_bank13_lookup_score_exp_banked_rom' in file '/home/hujinzhao/pro/genus_bs2/workspace/RTL/score_exp_banked_rom.v' on line 1713.
Warning : Unreachable statements for case item. [CDFG-472]
        : Case item 'default' in module 'score_exp_banked_rom_bank14_lookup_score_exp_banked_rom' in file '/home/hujinzhao/pro/genus_bs2/workspace/RTL/score_exp_banked_rom.v' on line 1844.
Warning : Unreachable statements for case item. [CDFG-472]
        : Case item 'default' in module 'score_exp_banked_rom_bank15_lookup_score_exp_banked_rom' in file '/home/hujinzhao/pro/genus_bs2/workspace/RTL/score_exp_banked_rom.v' on line 1975.
Warning : Unreachable statements for case item. [CDFG-472]
        : Case item 'default' in module 'score_exp_banked_rom' in file '/home/hujinzhao/pro/genus_bs2/workspace/RTL/score_exp_banked_rom.v' on line 2146.
Warning : Removing unused register. [CDFG-508]
        : Removing unused flip-flop register 'pending_meta_valid_reg' in module 'update_state_cluster_TOKEN_WIDTH18' in file '/home/hujinzhao/pro/genus_bs2/workspace/RTL/update_state_cluster.v' on line 439.
Warning : Removing unused register. [CDFG-508]
        : Removing unused flip-flop register 'overflow_reg' in module 'reciprocal_approx_TOKEN_WIDTH3' in file '/home/hujinzhao/pro/genus_bs2/workspace/RTL/reciprocal_approx.v' on line 92.
Warning : Undriven module input port. [ELABUTL-127]
        : Undriven bits of port 'wr_valid' of instance 'u_stream' of module 'axi_stream_data_adapter' in file '/home/hujinzhao/pro/genus_bs2/workspace/RTL/fa_top.v' on line 392, column 34, hid = 0.
        : Run check_design to check 'Undriven Port(s)/Pin(s)' section for all undriven module input ports. It is better to double confirm with designer if these undriven ports are expected. During syn_gen the undriven ports are controlled by attribute 'hdl_unconnected_value', the default value is 0.
Warning : Undriven module input port. [ELABUTL-127]
        : Undriven bits of port 'wr_data' of instance 'u_stream' of module 'axi_stream_data_adapter' in file '/home/hujinzhao/pro/genus_bs2/workspace/RTL/fa_top.v' on line 392, column 34, hid = 0.
Warning : Undriven module input port. [ELABUTL-127]
        : Undriven bits of port 'wr_strb' of instance 'u_stream' of module 'axi_stream_data_adapter' in file '/home/hujinzhao/pro/genus_bs2/workspace/RTL/fa_top.v' on line 392, column 34, hid = 0.
Warning : Undriven module input port. [ELABUTL-127]
        : Undriven bits of port 'wr_last' of instance 'u_stream' of module 'axi_stream_data_adapter' in file '/home/hujinzhao/pro/genus_bs2/workspace/RTL/fa_top.v' on line 392, column 34, hid = 0.
Warning : Undriven signal detected. [ELABUTL-125]
        : Undriven bits of signal 'strm_wr_valid' in module 'fa_top' in file '/home/hujinzhao/pro/genus_bs2/workspace/RTL/fa_top.v' on line 280, column 27, hid = 0.
        : The undriven signal handling can be controlled by setting the attribute 'hdl_unconnected_value' before syn_generic command.
Warning : Undriven signal detected. [ELABUTL-125]
        : Undriven bits of signal 'strm_wr_data' in module 'fa_top' in file '/home/hujinzhao/pro/genus_bs2/workspace/RTL/fa_top.v' on line 281, column 27, hid = 0.
Warning : Undriven signal detected. [ELABUTL-125]
        : Undriven bits of signal 'strm_wr_strb' in module 'fa_top' in file '/home/hujinzhao/pro/genus_bs2/workspace/RTL/fa_top.v' on line 282, column 27, hid = 0.
Warning : Undriven signal detected. [ELABUTL-125]
        : Undriven bits of signal 'strm_wr_last' in module 'fa_top' in file '/home/hujinzhao/pro/genus_bs2/workspace/RTL/fa_top.v' on line 283, column 27, hid = 0.
Warning : Signal or variable has multiple drivers. [CDFG2G-622]
        : 'strm_wr_ready' in module 'fa_top'.
        : This may cause simulation mismatches between the original and synthesized designs.
Info    : Done Elaborating Design. [ELAB-3]
        : Done elaborating 'fa_top'.
Checking for source RTL...
Check completed for source RTL.
Running Unified Mux Engine Tricks...
Completed Unified Mux Engine Tricks

Stage: post_elab
-------------------------------------------------------
| Trick             | Accepts | Rejects | Runtime (s) | 
-------------------------------------------------------
| ume_constant_bmux |       0 |       0 |        0.00 | 
| ume_merge         |       0 |       0 |        0.00 | 
| ume_ssm           |       0 |       0 |        0.04 | 
| ume_cse           |       1 |       0 |        0.81 | 
| ume_shrink        |       4 |       0 |        0.01 | 
| ume_sweep         |       0 |       0 |        0.01 | 
| ume_constant_bmux |       0 |       0 |        0.00 | 
| ume_merge         |       0 |       0 |        0.00 | 
| ume_ssm           |       0 |       0 |        0.03 | 
| ume_cse           |       0 |       0 |        0.54 | 
| ume_shrink        |       0 |       0 |        0.00 | 
| ume_sweep         |       0 |       0 |        0.01 | 
-------------------------------------------------------
Starting optimize datapath shifters [v1.0] (stage: post_elab, startdef: fa_top, recur: true)
Completed optimize datapath shifters (accepts: 0, rejects: 0, runtime: 0.004s)
Starting clip mux common data inputs [v1.0] (stage: post_elab, startdef: fa_top, recur: true)
Completed clip mux common data inputs (accepts: 1, rejects: 0, runtime: 0.009s)
Starting clip the non-user hierarchies [v2.0] (stage: post_elab, startdef: fa_top, recur: true)
Completed clip the non-user hierarchies (accepts: 2, rejects: 0, runtime: 0.115s)
Starting basic netlist cleanup [v1.0] (stage: post_elab, startdef: fa_top, recur: true)
Completed basic netlist cleanup (accepts: 0, rejects: 0, runtime: 0.004s)

Stage: post_elab
--------------------------------------------------------------------
| Transform                      | Accepts | Rejects | Runtime (s) | 
--------------------------------------------------------------------
| hlo_optimize_datapath_shifters |       0 |       0 |        0.00 | 
| hlo_clip_mux_input             |       1 |       0 |        0.01 | 
| hlo_clip                       |       2 |       0 |        0.12 | 
| hlo_cleanup                    |       0 |       0 |        0.00 | 
--------------------------------------------------------------------
UM:   flow.cputime  flow.realtime  timing.setup.tns  timing.setup.wns  snapshot
UM:*                                                                   elaborate
@file(run_fa_accel_sky130_sram.tcl) 229: set sram_refs [list \
  sky130_sram_0kbytes_1rw1r_64x32_8 \
  sky130_sram_0kbytes_1rw1r_64x64_8 \
  sky130_sram_0kbytes_1rw1r_128x16_16]
@file(run_fa_accel_sky130_sram.tcl) 233: set sram_report_lines {}
@file(run_fa_accel_sky130_sram.tcl) 234: set total_sram_insts 0
@file(run_fa_accel_sky130_sram.tcl) 235: foreach ref $sram_refs {
  set insts [get_cells -hier -filter "ref_name == $ref"]
  set count [sizeof_collection $insts]
  lappend sram_report_lines "$ref $count"
  puts "INFO: SRAM_COUNT $ref = $count"
  if {$count > 0} {
    catch {set_db $insts .preserve true}
    catch {set_db $insts .dont_touch true}
    set total_sram_insts [expr {$total_sram_insts + $count}]
  }
}
INFO: SRAM_COUNT sky130_sram_0kbytes_1rw1r_64x32_8 = 36
  Setting attribute of inst 'u_mem': 'preserve' = true
  Setting attribute of inst 'u_mem': 'preserve' = true
  Setting attribute of inst 'u_mem': 'preserve' = true
  Setting attribute of inst 'u_mem': 'preserve' = true
  Setting attribute of inst 'u_mem': 'preserve' = true
  Setting attribute of inst 'u_mem': 'preserve' = true
  Setting attribute of inst 'u_mem': 'preserve' = true
  Setting attribute of inst 'u_mem': 'preserve' = true
  Setting attribute of inst 'u_mem': 'preserve' = true
  Setting attribute of inst 'u_mem': 'preserve' = true
  Setting attribute of inst 'u_mem': 'preserve' = true
  Setting attribute of inst 'u_mem': 'preserve' = true
  Setting attribute of inst 'u_mem': 'preserve' = true
  Setting attribute of inst 'u_mem': 'preserve' = true
  Setting attribute of inst 'u_mem': 'preserve' = true
  Setting attribute of inst 'u_mem': 'preserve' = true
  Setting attribute of inst 'u_mem': 'preserve' = true
  Setting attribute of inst 'u_mem': 'preserve' = true
  Setting attribute of inst 'u_mem': 'preserve' = true
  Setting attribute of inst 'u_mem': 'preserve' = true
  Setting attribute of inst 'u_mem': 'preserve' = true
  Setting attribute of inst 'u_mem': 'preserve' = true
  Setting attribute of inst 'u_mem': 'preserve' = true
  Setting attribute of inst 'u_mem': 'preserve' = true
  Setting attribute of inst 'u_mem': 'preserve' = true
  Setting attribute of inst 'u_mem': 'preserve' = true
  Setting attribute of inst 'u_mem': 'preserve' = true
  Setting attribute of inst 'u_mem': 'preserve' = true
  Setting attribute of inst 'u_mem': 'preserve' = true
  Setting attribute of inst 'u_mem': 'preserve' = true
  Setting attribute of inst 'u_mem': 'preserve' = true
  Setting attribute of inst 'u_mem': 'preserve' = true
  Setting attribute of inst 'u_mem': 'preserve' = true
  Setting attribute of inst 'u_mem': 'preserve' = true
  Setting attribute of inst 'u_mem': 'preserve' = true
  Setting attribute of inst 'u_mem': 'preserve' = true
  Setting attribute of inst 'u_mem': 'dont_touch' = true
  Setting attribute of inst 'u_mem': 'dont_touch' = true
  Setting attribute of inst 'u_mem': 'dont_touch' = true
  Setting attribute of inst 'u_mem': 'dont_touch' = true
  Setting attribute of inst 'u_mem': 'dont_touch' = true
  Setting attribute of inst 'u_mem': 'dont_touch' = true
  Setting attribute of inst 'u_mem': 'dont_touch' = true
  Setting attribute of inst 'u_mem': 'dont_touch' = true
  Setting attribute of inst 'u_mem': 'dont_touch' = true
  Setting attribute of inst 'u_mem': 'dont_touch' = true
  Setting attribute of inst 'u_mem': 'dont_touch' = true
  Setting attribute of inst 'u_mem': 'dont_touch' = true
  Setting attribute of inst 'u_mem': 'dont_touch' = true
  Setting attribute of inst 'u_mem': 'dont_touch' = true
  Setting attribute of inst 'u_mem': 'dont_touch' = true
  Setting attribute of inst 'u_mem': 'dont_touch' = true
  Setting attribute of inst 'u_mem': 'dont_touch' = true
  Setting attribute of inst 'u_mem': 'dont_touch' = true
  Setting attribute of inst 'u_mem': 'dont_touch' = true
  Setting attribute of inst 'u_mem': 'dont_touch' = true
  Setting attribute of inst 'u_mem': 'dont_touch' = true
  Setting attribute of inst 'u_mem': 'dont_touch' = true
  Setting attribute of inst 'u_mem': 'dont_touch' = true
  Setting attribute of inst 'u_mem': 'dont_touch' = true
  Setting attribute of inst 'u_mem': 'dont_touch' = true
  Setting attribute of inst 'u_mem': 'dont_touch' = true
  Setting attribute of inst 'u_mem': 'dont_touch' = true
  Setting attribute of inst 'u_mem': 'dont_touch' = true
  Setting attribute of inst 'u_mem': 'dont_touch' = true
  Setting attribute of inst 'u_mem': 'dont_touch' = true
  Setting attribute of inst 'u_mem': 'dont_touch' = true
  Setting attribute of inst 'u_mem': 'dont_touch' = true
  Setting attribute of inst 'u_mem': 'dont_touch' = true
  Setting attribute of inst 'u_mem': 'dont_touch' = true
  Setting attribute of inst 'u_mem': 'dont_touch' = true
  Setting attribute of inst 'u_mem': 'dont_touch' = true
Warning : Could not find requested search value. [SDC-208] [get_cells]
        : The 'get_cells' command  cannot find any cells for the filter expression 'ref_name == sky130_sram_0kbytes_1rw1r_64x64_8'
        : Use get_* commands to find the objects along with a wild card entry in the name of the object to check if the object is existing with different naming style.
INFO: SRAM_COUNT sky130_sram_0kbytes_1rw1r_64x64_8 = 0
INFO: SRAM_COUNT sky130_sram_0kbytes_1rw1r_128x16_16 = 1
  Setting attribute of inst 'u_mem': 'preserve' = true
  Setting attribute of inst 'u_mem': 'dont_touch' = true
@file(run_fa_accel_sky130_sram.tcl) 246: lappend sram_report_lines "TOTAL $total_sram_insts"
@file(run_fa_accel_sky130_sram.tcl) 247: write_text_report [file join $report_dir sram_macro_instances.rpt] $sram_report_lines
@file(run_fa_accel_sky130_sram.tcl) 248: if {$total_sram_insts == 0} {
  error "No SRAM macro instances were found after elaboration; check Liberty names and wrapper RTL."
}
@file(run_fa_accel_sky130_sram.tcl) 252: read_sdc [require_file $sdc_file "timing SDC"]
Statistics for commands executed by read_sdc:
 "all_inputs"               - successful      1 , failed      0 (runtime  0.00)
 "all_outputs"              - successful      1 , failed      0 (runtime  0.00)
 "create_clock"             - successful      1 , failed      0 (runtime  0.01)
 "get_ports"                - successful      2 , failed      0 (runtime  0.01)
 "remove_from_collection"   - successful      1 , failed      0 (runtime  0.00)
 "set_input_delay"          - successful      1 , failed      0 (runtime  0.01)
 "set_output_delay"         - successful      1 , failed      0 (runtime  0.00)
read_sdc completed in 00:00:00 (hh:mm:ss)
@file(run_fa_accel_sky130_sram.tcl) 254: redirect [file join $report_dir check_design_pre.rpt] {check_design}
@file(run_fa_accel_sky130_sram.tcl) 255: redirect [file join $report_dir hierarchy_pre.rpt] {report hierarchy}
@file(run_fa_accel_sky130_sram.tcl) 256: if {[catch {redirect [file join $report_dir timing_lint_pre.rpt] {report timing -lint}} err]} {
  puts "WARNING: optional timing lint report failed: $err"
}
@file(run_fa_accel_sky130_sram.tcl) 259: if {[catch {redirect [file join $report_dir unmapped_pre.rpt] {report unmapped}} err]} {
  puts "WARNING: optional unmapped pre-synth report failed: $err"
}
WARNING: optional unmapped pre-synth report failed: Failed on 'report unmapped'
@file(run_fa_accel_sky130_sram.tcl) 263: if {$physical_mode} {
  puts "INFO: Preparing floorplan before physical-aware synthesis."
  set physical_floorplan_ready [configure_physical_context $output_dir $top $allow_physical_fallback]
  if {!$physical_floorplan_ready && !$allow_physical_fallback} {
    error "GENUS_PHYSICAL=1 requires a successful predict_floorplan result. Set GENUS_ALLOW_PHYSICAL_FALLBACK=1 only for debug logical fallback runs."
  }
  puts "INFO: Running physical-aware synthesis stages."
  run_physical_command {syn_generic -physical} {syn_generic} "syn_generic -physical" $allow_physical_fallback
  redirect [file join $report_dir qor_generic.rpt] {report qor}
  run_physical_command {syn_map -physical} {syn_map} "syn_map -physical" $allow_physical_fallback
  redirect [file join $report_dir qor_mapped.rpt] {report qor}
  # Re-assert QRC extraction (may be reset by syn_map)
  set_db probabilistic_extraction true
  puts "INFO: Re-asserting probabilistic_extraction before syn_opt -spatial."
  run_physical_command {syn_opt -spatial} {syn_opt} "syn_opt -spatial" $allow_physical_fallback
} else {
  puts "INFO: Running logical synthesis stages."
  syn_generic
  redirect [file join $report_dir qor_generic.rpt] {report qor}
  syn_map
  redirect [file join $report_dir qor_mapped.rpt] {report qor}
  syn_opt
}
INFO: Preparing floorplan before physical-aware synthesis.
INFO: QRC tech file: /home/share/pdk/sky130A/libs.tech/cadence/qrcTechFile
There is no ndr for this design!
INFO (IMPEXT-7048): Generating auto layer map file.

INFO (IMPEXT-6188): Importing multi-corner technology file(s) for preRoute extraction...

INFO (IMPEXT-5003): /home/share/pdk/sky130A/libs.tech/cadence/qrcTechFile

INFO (IMPEXT-7048): Generating auto layer map file.

INFO (IMPEXT-6209): Completed (cpu: 1538581.000000 real: 1538581.000000)


  According to qrc_tech_file, there are total 6 routing layers [ V(3) / H(3) ]

  Setting attribute of root '/': 'qrc_tech_file' = /home/share/pdk/sky130A/libs.tech/cadence/qrcTechFile
INFO: QRC tech file loaded.
  Setting attribute of root '/': 'probabilistic_extraction' = true
INFO: probabilistic_extraction enabled.
INFO: GENUS_FP_UTIL=0.55 GENUS_FP_ASPECT_RATIO=1.0 GENUS_FP_CORE_MARGIN=20.0
INFO: Attempting: predict_floorplan -utilization 0.55 -aspect_ratio 1.0 -core_margin 20.0
Error   : An invalid option was specified. [TUI-204] [parse_options]
        : An option named '-utilization' could not be found.
        : Run 'command_name -help' to check all valid options. To correct the option and rerun the command.
  predict_floorplan: predicts design floorplan 

Usage: predict_floorplan [-constraints <string>] [-script <string>] [<design>]

    [-constraints <string>]:
        constraints file for planDesign 
    [-script <string>]:
        script file for Master Plan 
    [<design>]:
        design 
WARNING: predict_floorplan attempt failed: Failed on predict_floorplan
INFO: Attempting: predict_floorplan -utilization 0.55 -aspect_ratio 1.0
Error   : An invalid option was specified. [TUI-204] [parse_options]
        : An option named '-utilization' could not be found.
  predict_floorplan: predicts design floorplan 

Usage: predict_floorplan [-constraints <string>] [-script <string>] [<design>]

    [-constraints <string>]:
        constraints file for planDesign 
    [-script <string>]:
        script file for Master Plan 
    [<design>]:
        design 
WARNING: predict_floorplan attempt failed: Failed on predict_floorplan
INFO: Attempting: predict_floorplan
Starting floorplan prediction for fa_top...
Warning : Non-monotonic wireload model found. [LBR-81]
        : 'Length' table in wireload model 'Huge' is non-monotonic.
Warning : Non-monotonic wireload model found. [LBR-81]
        : 'Length' table in wireload model 'Huge' is non-monotonic.
Warning : Non-monotonic wireload model found. [LBR-81]
        : 'Length' table in wireload model 'Huge' is non-monotonic.
Warning : Non-monotonic wireload model found. [LBR-81]
        : 'Length' table in wireload model 'Large' is non-monotonic.
Warning : Non-monotonic wireload model found. [LBR-81]
        : 'Length' table in wireload model 'Large' is non-monotonic.
Warning : Non-monotonic wireload model found. [LBR-81]
        : 'Length' table in wireload model 'Large' is non-monotonic.
Warning : Non-monotonic wireload model found. [LBR-81]
        : 'Length' table in wireload model 'Medium' is non-monotonic.
Warning : Non-monotonic wireload model found. [LBR-81]
        : 'Length' table in wireload model 'Medium' is non-monotonic.
Warning : Maximum message print count reached. [MESG-11]
        : Maximum print count of '20' reached for message 'LBR-81'.
Warning : This attribute will be obsolete in a next major release. [TUI-32]
        : attribute: 'invs_wnm_original_name_phase_inverted_flow', object type: 'root'
Checking out license: Genus_Physical_Opt
[23:30:55.380226] Periodic Lic check successful
[23:30:55.380248] Feature usage summary:
[23:30:55.380249] Genus_Synthesis  
[23:30:55.380250] Genus_Physical_Opt  
License checkout complete (0 seconds elapsed).
  Setting attribute of root '/': 'invs_temp_dir' = ./genus2invs__3335645_f32480c4-0ec2-48a1-97fe-9f9858c12d7efa_top
(write_design): Writing Innovus content. Constraint interface is: 'mmmc2'
(write_design): Writing Genus content. Constraint interface is 'smsc'
Warning : Attribute design_process_node is not set for this design. [PHYS-1011]
        : Missing data.
        : When attribute design_process_node is not set to an appropriate integer value >=1 and <=250, then Innovus will assume its own default value for the design process node. See the Innovus setDesignMode -process <> command for more information about what this setting does.
Warning : Option ignored. [PHYS-58]
        : -ignore_scan_chains option ignored for Genus fileset generation
        : The specified option will be treated as indicated above.
Warning : Option ignored. [PHYS-58]
        : -ignore_msv option ignored for Genus fileset generation
Exporting design data for 'fa_top' to ./genus2invs__3335645_f32480c4-0ec2-48a1-97fe-9f9858c12d7efa_top/genus2invs...
%# Begin write_design (07/05 23:31:04, mem=2635.92M)
      flow.cputime  flow.realtime  timing.setup.tns  timing.setup.wns  snapshot
UM:*                                                                   write_design
  Setting attribute of root '/': 'set_boundary_change' = 
**INFO: (write_design): Any loop-breaker instances will be included in SDC constraints.
File ./genus2invs__3335645_f32480c4-0ec2-48a1-97fe-9f9858c12d7efa_top/genus2invs.mmmc.tcl has been written.
Finished SDC export (command execution time mm:ss (real) = 00:07).
Info: file ./genus2invs__3335645_f32480c4-0ec2-48a1-97fe-9f9858c12d7efa_top/genus2invs.default_emulate_constraint_mode.sdc has been written
Info: file ./genus2invs__3335645_f32480c4-0ec2-48a1-97fe-9f9858c12d7efa_top/genus2invs.default_emulate_constraint_mode.sdc has been written


Number of user defined NDR nets found: 0

Number of NDR nets found: 0
Number of nets with minimum layer assignments: 0

** To load the database source ./genus2invs__3335645_f32480c4-0ec2-48a1-97fe-9f9858c12d7efa_top/genus2invs.invs_setup.tcl in an Innovus session.
** To load the database source ./genus2invs__3335645_f32480c4-0ec2-48a1-97fe-9f9858c12d7efa_top/genus2invs.genus_setup.tcl in an Genus(TM) Synthesis Solution session.
Finished exporting design data for 'fa_top' (command execution time mm:ss cpu = 01:38, real = 02:01).
.
%# End write_design (07/05 23:33:05, total cpu=16:01:38, real=16:02:01, peak res=2629.40M, current mem=2700.92M)
%# Begin launch_innovus (07/05 23:33:09, mem=2869.76M)
Info    : Beta feature. [LIC-2]
        : Beta feature 'do_not_encrypt_genus2invs.top.tcl' request.
        : Final production licensing of this beta feature has not been determined and is subject to change. Usage and support of this beta feature are subject to prior agreement with Cadence. In addition, Cadence assumes you understand the feature limitations and expected results. Contact your Cadence representative if you have any questions.
Launching batch session (07/05/2026 23:33:10)...

Cadence Innovus(TM) Implementation System.
Copyright 2025 Cadence Design Systems, Inc. All rights reserved worldwide.

Version:	v25.12-s079_1, built Tue Nov 18 12:56:37 PST 2025
Options:	-init /home/hujinzhao/pro/genus_bs2/genus2invs__3335645_f32480c4-0ec2-48a1-97fe-9f9858c12d7efa_top/genus2invs.top.tcl -nowin -log ./genus2invs__3335645_f32480c4-0ec2-48a1-97fe-9f9858c12d7efa_top/innovus.log -cmd ./genus2invs__3335645_f32480c4-0ec2-48a1-97fe-9f9858c12d7efa_top/innovus.cmd -overwrite -execute set_db source_verbose false -stylus -x 0001A72991... 
Date:		Sun Jul  5 23:33:12 2026
Host:		sh02lo01 (x86_64 w/Linux 4.18.0-477.10.1.el8_8.x86_64) (18cores*36cpus*Intel(R) Xeon(R) Gold 6140 CPU @ 2.30GHz 25344KB)
OS:		Red Hat Enterprise Linux 8.8 (Ootpa)

License:
		[23:33:12.060273] Configured Lic search path (25.01-s002): 5280@sh02lo01

		Running innovus (-x) with FE_GPS capability.
		Extra license Encounter_NG100
		Extra license Genus_Synthesis
		Extra license Genus_Physical_Opt
		Extra license Innovus_2nm_GAA_Opt
		8 CPU jobs allowed with the current license(s). Use set_multi_cpu_usage to set your required CPU count.


Create and set the environment variable TMPDIR to /tmp/genus_temp_3335645_f32480c4-0ec2-48a1-97fe-9f9858c12d7e_sh02lo01_hujinzhao_nStijs/innovus_temp_3337842_9ec8502a-ae0e-4fa4-8854-ca80d88053e1_sh02lo01_hujinzhao_BslFJX.

The soft stacksize limit is either up to the hard limit or larger than 0.2% of RAM. No change is needed.
Info: Process UID = 3337842 / 9ec8502a-ae0e-4fa4-8854-ca80d88053e1 / jv1g679Kjo

**INFO:  MMMC transition support version v31-84 

#@ Processing -execute option
@innovus 1> set_db source_verbose false
#@ Processing -files option
@innovus 2> source /home/hujinzhao/pro/genus_bs2/genus2invs__3335645_f32480c4-0ec2-48a1-97fe-9f9858c12d7efa_top/genus2invs.top.tcl
Checking Innovus major version against Genus expectations ...
%# Design Import Start (07/05 23:33:42, mem=1930.01M)
#@ Begin verbose source ./genus2invs__3335645_f32480c4-0ec2-48a1-97fe-9f9858c12d7efa_top/genus2invs.invs_setup.tcl (pre)
@file 1: ################################################################################
@file 2: #
@file 3: # Innovus setup file
@file 4: # Created by Genus(TM) Synthesis Solution 25.12-s067_1
@file 5: #   on 07/05/2026 23:33:03
@file 6: #
@file 7: ################################################################################
@file 8: #
@file 9: # Genus(TM) Synthesis Solution setup file
@file 10: # This file can only be run in Innovus Common UI mode.
@file 11: #
@file 12: ################################################################################
@file 13:
@file 14:
@file 15: # Version Check
@file 16: ###########################################################
@file 17:
@file 18: namespace eval ::genus_innovus_version_check { 
        set minimum_version 25
        set maximum_version 26
        regexp {\d\d} [get_db program_version] this_version
        puts "Checking Innovus major version against Genus expectations ..."
        if { $this_version < $minimum_version || $this_version > $maximum_version } {
          error "**ERROR: this operation requires Innovus major version to be between '$minimum_version' and '$maximum_version'."
        }
      }
Checking Innovus major version against Genus expectations ...
@file 27:
@file 28: set _t0 [clock seconds]
@file 29: puts [format  {%%%s Begin Genus to Innovus Setup (%s)} \# [clock format $_t0 -format {%m/%d %H:%M:%S}]]
%# Begin Genus to Innovus Setup (07/05 23:33:42)
@@file 30: set_db read_physical_allow_multiple_port_pin_without_must_join true
@@file 31: set_db must_join_all_ports true
@@file 32: set_db timing_cap_unit 1pf
@@file 33: set_db timing_time_unit 1ns
@@file 34: eval_legacy {setMultiCpuUsage -localCpu 8}
@file 35:
@file 36:
@file 37: # Design Import
@file 38: ################################################################################
@file 39: source -quiet /apps/DDI251/25.12.000/GENUS251/tools.lnx86/lib/cdn/rc/edi/innovus_procs_common_ui.tcl
@file 40: ## Set read_taf debug value from Genus
@file 41: pqos_eval {variable rcp::read_taf_num_debug}
@file 42: pqos_eval {set rcp::read_taf_num_debug 10}
@file 43: ## Preload Innovus Mode attributes file
@file 44: pqos_eval {rcp::read_taf ./genus2invs__3335645_f32480c4-0ec2-48a1-97fe-9f9858c12d7efa_top/genus2invs.mode_attributes.taf.gz}
%# Begin ::rcp::silent_eval (07/05 23:33:42, mem=1930.75M)
%# End ::rcp::silent_eval (07/05 23:33:42, total cpu=16:00:00, real=16:00:00, peak res=1933.61M, current mem=1930.84M)
(genus2invs.mode_attributes.taf.gz): Summary count of attributes that could be applied
could_apply(design_bottom_routing_layer)       = 1
could_apply(extract_rc_assume_metal_fill)      = 1
could_apply(timing_report_enable_novus_header) = 1

[genus2invs.mode_attributes.taf.gz]: applied 3 attributes with 0 problems.
@file 45: ## Reading FlowKit settings file
@file 46: source ./genus2invs__3335645_f32480c4-0ec2-48a1-97fe-9f9858c12d7efa_top/genus2invs.flowkit_settings.tcl
@file 47:
@file 48: source ./genus2invs__3335645_f32480c4-0ec2-48a1-97fe-9f9858c12d7efa_top/genus2invs.invs_init.tcl
Starting library reading in 'Multi-threaded flow' (with '8' threads)
Reading default_emulate_libset_max timing library /home/share/pdk/ciel/sky130/versions/e8294524e5f67c533c5d0c3afa0bcc5b2a5fa066/sky130A/libs.ref/sky130_fd_sc_hs/lib/sky130_fd_sc_hs__tt_025C_1v80.lib.
**ERROR: (TECHLIB-1175):	Template name 'ccsn_dc' used in group 'dc_current' on line 832 is not defined in the library. To fix this issue, define the missing template in the library. (File /home/share/pdk/ciel/sky130/versions/e8294524e5f67c533c5d0c3afa0bcc5b2a5fa066/sky130A/libs.ref/sky130_fd_sc_hs/lib/sky130_fd_sc_hs__tt_025C_1v80.lib)
**ERROR: (TECHLIB-1256):	The dc_current group 'ccsn_dc' is being ignored due to errors in this group. This group will be excluded for any further library checks. Refer to the previous messages issued for dc_current group 'ccsn_dc' to find the details of the issues in this group. (File /home/share/pdk/ciel/sky130/versions/e8294524e5f67c533c5d0c3afa0bcc5b2a5fa066/sky130A/libs.ref/sky130_fd_sc_hs/lib/sky130_fd_sc_hs__tt_025C_1v80.lib, Line 832)
**ERROR: (TECHLIB-1175):	Template name 'ccsn_ovrf' used in group 'vector' on line 884 is not defined in the library. To fix this issue, define the missing template in the library. (File /home/share/pdk/ciel/sky130/versions/e8294524e5f67c533c5d0c3afa0bcc5b2a5fa066/sky130A/libs.ref/sky130_fd_sc_hs/lib/sky130_fd_sc_hs__tt_025C_1v80.lib)
**ERROR: (TECHLIB-1256):	The vector group 'ccsn_ovrf' is being ignored due to errors in this group. This group will be excluded for any further library checks. Refer to the previous messages issued for vector group 'ccsn_ovrf' to find the details of the issues in this group. (File /home/share/pdk/ciel/sky130/versions/e8294524e5f67c533c5d0c3afa0bcc5b2a5fa066/sky130A/libs.ref/sky130_fd_sc_hs/lib/sky130_fd_sc_hs__tt_025C_1v80.lib, Line 884)
**ERROR: (TECHLIB-1175):	Template name 'ccsn_ovrf' used in group 'vector' on line 890 is not defined in the library. To fix this issue, define the missing template in the library. (File /home/share/pdk/ciel/sky130/versions/e8294524e5f67c533c5d0c3afa0bcc5b2a5fa066/sky130A/libs.ref/sky130_fd_sc_hs/lib/sky130_fd_sc_hs__tt_025C_1v80.lib)
**ERROR: (TECHLIB-1256):	The vector group 'ccsn_ovrf' is being ignored due to errors in this group. This group will be excluded for any further library checks. Refer to the previous messages issued for vector group 'ccsn_ovrf' to find the details of the issues in this group. (File /home/share/pdk/ciel/sky130/versions/e8294524e5f67c533c5d0c3afa0bcc5b2a5fa066/sky130A/libs.ref/sky130_fd_sc_hs/lib/sky130_fd_sc_hs__tt_025C_1v80.lib, Line 890)
**ERROR: (TECHLIB-1175):	Template name 'ccsn_ovrf' used in group 'vector' on line 870 is not defined in the library. To fix this issue, define the missing template in the library. (File /home/share/pdk/ciel/sky130/versions/e8294524e5f67c533c5d0c3afa0bcc5b2a5fa066/sky130A/libs.ref/sky130_fd_sc_hs/lib/sky130_fd_sc_hs__tt_025C_1v80.lib)
**ERROR: (TECHLIB-1256):	The vector group 'ccsn_ovrf' is being ignored due to errors in this group. This group will be excluded for any further library checks. Refer to the previous messages issued for vector group 'ccsn_ovrf' to find the details of the issues in this group. (File /home/share/pdk/ciel/sky130/versions/e8294524e5f67c533c5d0c3afa0bcc5b2a5fa066/sky130A/libs.ref/sky130_fd_sc_hs/lib/sky130_fd_sc_hs__tt_025C_1v80.lib, Line 870)
**ERROR: (TECHLIB-1175):	Template name 'ccsn_ovrf' used in group 'vector' on line 876 is not defined in the library. To fix this issue, define the missing template in the library. (File /home/share/pdk/ciel/sky130/versions/e8294524e5f67c533c5d0c3afa0bcc5b2a5fa066/sky130A/libs.ref/sky130_fd_sc_hs/lib/sky130_fd_sc_hs__tt_025C_1v80.lib)
**ERROR: (TECHLIB-1256):	The vector group 'ccsn_ovrf' is being ignored due to errors in this group. This group will be excluded for any further library checks. Refer to the previous messages issued for vector group 'ccsn_ovrf' to find the details of the issues in this group. (File /home/share/pdk/ciel/sky130/versions/e8294524e5f67c533c5d0c3afa0bcc5b2a5fa066/sky130A/libs.ref/sky130_fd_sc_hs/lib/sky130_fd_sc_hs__tt_025C_1v80.lib, Line 876)
**ERROR: (TECHLIB-1175):	Template name 'ccsn_pnlh' used in group 'vector' on line 949 is not defined in the library. To fix this issue, define the missing template in the library. (File /home/share/pdk/ciel/sky130/versions/e8294524e5f67c533c5d0c3afa0bcc5b2a5fa066/sky130A/libs.ref/sky130_fd_sc_hs/lib/sky130_fd_sc_hs__tt_025C_1v80.lib)
**ERROR: (TECHLIB-1256):	The vector group 'ccsn_pnlh' is being ignored due to errors in this group. This group will be excluded for any further library checks. Refer to the previous messages issued for vector group 'ccsn_pnlh' to find the details of the issues in this group. (File /home/share/pdk/ciel/sky130/versions/e8294524e5f67c533c5d0c3afa0bcc5b2a5fa066/sky130A/libs.ref/sky130_fd_sc_hs/lib/sky130_fd_sc_hs__tt_025C_1v80.lib, Line 949)
**ERROR: (TECHLIB-1175):	Template name 'ccsn_pnlh' used in group 'vector' on line 956 is not defined in the library. To fix this issue, define the missing template in the library. (File /home/share/pdk/ciel/sky130/versions/e8294524e5f67c533c5d0c3afa0bcc5b2a5fa066/sky130A/libs.ref/sky130_fd_sc_hs/lib/sky130_fd_sc_hs__tt_025C_1v80.lib)
**ERROR: (TECHLIB-1256):	The vector group 'ccsn_pnlh' is being ignored due to errors in this group. This group will be excluded for any further library checks. Refer to the previous messages issued for vector group 'ccsn_pnlh' to find the details of the issues in this group. (File /home/share/pdk/ciel/sky130/versions/e8294524e5f67c533c5d0c3afa0bcc5b2a5fa066/sky130A/libs.ref/sky130_fd_sc_hs/lib/sky130_fd_sc_hs__tt_025C_1v80.lib, Line 956)
**ERROR: (TECHLIB-1175):	Template name 'ccsn_pnlh' used in group 'vector' on line 963 is not defined in the library. To fix this issue, define the missing template in the library. (File /home/share/pdk/ciel/sky130/versions/e8294524e5f67c533c5d0c3afa0bcc5b2a5fa066/sky130A/libs.ref/sky130_fd_sc_hs/lib/sky130_fd_sc_hs__tt_025C_1v80.lib)
**ERROR: (TECHLIB-1256):	The vector group 'ccsn_pnlh' is being ignored due to errors in this group. This group will be excluded for any further library checks. Refer to the previous messages issued for vector group 'ccsn_pnlh' to find the details of the issues in this group. (File /home/share/pdk/ciel/sky130/versions/e8294524e5f67c533c5d0c3afa0bcc5b2a5fa066/sky130A/libs.ref/sky130_fd_sc_hs/lib/sky130_fd_sc_hs__tt_025C_1v80.lib, Line 963)
**ERROR: (TECHLIB-1175):	Template name 'ccsn_dc' used in group 'dc_current' on line 6106 is not defined in the library. To fix this issue, define the missing template in the library. (File /home/share/pdk/ciel/sky130/versions/e8294524e5f67c533c5d0c3afa0bcc5b2a5fa066/sky130A/libs.ref/sky130_fd_sc_hs/lib/sky130_fd_sc_hs__tt_025C_1v80.lib)
**ERROR: (TECHLIB-1256):	The dc_current group 'ccsn_dc' is being ignored due to errors in this group. This group will be excluded for any further library checks. Refer to the previous messages issued for dc_current group 'ccsn_dc' to find the details of the issues in this group. (File /home/share/pdk/ciel/sky130/versions/e8294524e5f67c533c5d0c3afa0bcc5b2a5fa066/sky130A/libs.ref/sky130_fd_sc_hs/lib/sky130_fd_sc_hs__tt_025C_1v80.lib, Line 6106)
**ERROR: (TECHLIB-1175):	Template name 'ccsn_ovrf' used in group 'vector' on line 6158 is not defined in the library. To fix this issue, define the missing template in the library. (File /home/share/pdk/ciel/sky130/versions/e8294524e5f67c533c5d0c3afa0bcc5b2a5fa066/sky130A/libs.ref/sky130_fd_sc_hs/lib/sky130_fd_sc_hs__tt_025C_1v80.lib)
**ERROR: (TECHLIB-1256):	The vector group 'ccsn_ovrf' is being ignored due to errors in this group. This group will be excluded for any further library checks. Refer to the previous messages issued for vector group 'ccsn_ovrf' to find the details of the issues in this group. (File /home/share/pdk/ciel/sky130/versions/e8294524e5f67c533c5d0c3afa0bcc5b2a5fa066/sky130A/libs.ref/sky130_fd_sc_hs/lib/sky130_fd_sc_hs__tt_025C_1v80.lib, Line 6158)
**ERROR: (TECHLIB-1175):	Template name 'ccsn_ovrf' used in group 'vector' on line 6164 is not defined in the library. To fix this issue, define the missing template in the library. (File /home/share/pdk/ciel/sky130/versions/e8294524e5f67c533c5d0c3afa0bcc5b2a5fa066/sky130A/libs.ref/sky130_fd_sc_hs/lib/sky130_fd_sc_hs__tt_025C_1v80.lib)
**ERROR: (TECHLIB-1256):	The vector group 'ccsn_ovrf' is being ignored due to errors in this group. This group will be excluded for any further library checks. Refer to the previous messages issued for vector group 'ccsn_ovrf' to find the details of the issues in this group. (File /home/share/pdk/ciel/sky130/versions/e8294524e5f67c533c5d0c3afa0bcc5b2a5fa066/sky130A/libs.ref/sky130_fd_sc_hs/lib/sky130_fd_sc_hs__tt_025C_1v80.lib, Line 6164)
**ERROR: (TECHLIB-1175):	Template name 'ccsn_ovrf' used in group 'vector' on line 6144 is not defined in the library. To fix this issue, define the missing template in the library. (File /home/share/pdk/ciel/sky130/versions/e8294524e5f67c533c5d0c3afa0bcc5b2a5fa066/sky130A/libs.ref/sky130_fd_sc_hs/lib/sky130_fd_sc_hs__tt_025C_1v80.lib)
**ERROR: (TECHLIB-1256):	The vector group 'ccsn_ovrf' is being ignored due to errors in this group. This group will be excluded for any further library checks. Refer to the previous messages issued for vector group 'ccsn_ovrf' to find the details of the issues in this group. (File /home/share/pdk/ciel/sky130/versions/e8294524e5f67c533c5d0c3afa0bcc5b2a5fa066/sky130A/libs.ref/sky130_fd_sc_hs/lib/sky130_fd_sc_hs__tt_025C_1v80.lib, Line 6144)
**ERROR: (TECHLIB-1175):	Template name 'ccsn_ovrf' used in group 'vector' on line 6150 is not defined in the library. To fix this issue, define the missing template in the library. (File /home/share/pdk/ciel/sky130/versions/e8294524e5f67c533c5d0c3afa0bcc5b2a5fa066/sky130A/libs.ref/sky130_fd_sc_hs/lib/sky130_fd_sc_hs__tt_025C_1v80.lib)
**ERROR: (TECHLIB-1256):	The vector group 'ccsn_ovrf' is being ignored due to errors in this group. This group will be excluded for any further library checks. Refer to the previous messages issued for vector group 'ccsn_ovrf' to find the details of the issues in this group. (File /home/share/pdk/ciel/sky130/versions/e8294524e5f67c533c5d0c3afa0bcc5b2a5fa066/sky130A/libs.ref/sky130_fd_sc_hs/lib/sky130_fd_sc_hs__tt_025C_1v80.lib, Line 6150)
**ERROR: (TECHLIB-1175):	Template name 'ccsn_pnlh' used in group 'vector' on line 6223 is not defined in the library. To fix this issue, define the missing template in the library. (File /home/share/pdk/ciel/sky130/versions/e8294524e5f67c533c5d0c3afa0bcc5b2a5fa066/sky130A/libs.ref/sky130_fd_sc_hs/lib/sky130_fd_sc_hs__tt_025C_1v80.lib)
**ERROR: (TECHLIB-1256):	The vector group 'ccsn_pnlh' is being ignored due to errors in this group. This group will be excluded for any further library checks. Refer to the previous messages issued for vector group 'ccsn_pnlh' to find the details of the issues in this group. (File /home/share/pdk/ciel/sky130/versions/e8294524e5f67c533c5d0c3afa0bcc5b2a5fa066/sky130A/libs.ref/sky130_fd_sc_hs/lib/sky130_fd_sc_hs__tt_025C_1v80.lib, Line 6223)
**ERROR: (TECHLIB-1175):	Template name 'ccsn_pnlh' used in group 'vector' on line 6230 is not defined in the library. To fix this issue, define the missing template in the library. (File /home/share/pdk/ciel/sky130/versions/e8294524e5f67c533c5d0c3afa0bcc5b2a5fa066/sky130A/libs.ref/sky130_fd_sc_hs/lib/sky130_fd_sc_hs__tt_025C_1v80.lib)
**ERROR: (TECHLIB-1256):	The vector group 'ccsn_pnlh' is being ignored due to errors in this group. This group will be excluded for any further library checks. Refer to the previous messages issued for vector group 'ccsn_pnlh' to find the details of the issues in this group. (File /home/share/pdk/ciel/sky130/versions/e8294524e5f67c533c5d0c3afa0bcc5b2a5fa066/sky130A/libs.ref/sky130_fd_sc_hs/lib/sky130_fd_sc_hs__tt_025C_1v80.lib, Line 6230)
**ERROR: (TECHLIB-1175):	Template name 'ccsn_pnlh' used in group 'vector' on line 6237 is not defined in the library. To fix this issue, define the missing template in the library. (File /home/share/pdk/ciel/sky130/versions/e8294524e5f67c533c5d0c3afa0bcc5b2a5fa066/sky130A/libs.ref/sky130_fd_sc_hs/lib/sky130_fd_sc_hs__tt_025C_1v80.lib)
**ERROR: (TECHLIB-1256):	The vector group 'ccsn_pnlh' is being ignored due to errors in this group. This group will be excluded for any further library checks. Refer to the previous messages issued for vector group 'ccsn_pnlh' to find the details of the issues in this group. (File /home/share/pdk/ciel/sky130/versions/e8294524e5f67c533c5d0c3afa0bcc5b2a5fa066/sky130A/libs.ref/sky130_fd_sc_hs/lib/sky130_fd_sc_hs__tt_025C_1v80.lib, Line 6237)
**ERROR: (TECHLIB-1175):	Template name 'ccsn_pnlh' used in group 'vector' on line 6244 is not defined in the library. To fix this issue, define the missing template in the library. (File /home/share/pdk/ciel/sky130/versions/e8294524e5f67c533c5d0c3afa0bcc5b2a5fa066/sky130A/libs.ref/sky130_fd_sc_hs/lib/sky130_fd_sc_hs__tt_025C_1v80.lib)
**ERROR: (TECHLIB-1256):	The vector group 'ccsn_pnlh' is being ignored due to errors in this group. This group will be excluded for any further library checks. Refer to the previous messages issued for vector group 'ccsn_pnlh' to find the details of the issues in this group. (File /home/share/pdk/ciel/sky130/versions/e8294524e5f67c533c5d0c3afa0bcc5b2a5fa066/sky130A/libs.ref/sky130_fd_sc_hs/lib/sky130_fd_sc_hs__tt_025C_1v80.lib, Line 6244)
**ERROR: (TECHLIB-1175):	Template name 'ccsn_pnlh' used in group 'vector' on line 6251 is not defined in the library. To fix this issue, define the missing template in the library. (File /home/share/pdk/ciel/sky130/versions/e8294524e5f67c533c5d0c3afa0bcc5b2a5fa066/sky130A/libs.ref/sky130_fd_sc_hs/lib/sky130_fd_sc_hs__tt_025C_1v80.lib)
**ERROR: (TECHLIB-1256):	The vector group 'ccsn_pnlh' is being ignored due to errors in this group. This group will be excluded for any further library checks. Refer to the previous messages issued for vector group 'ccsn_pnlh' to find the details of the issues in this group. (File /home/share/pdk/ciel/sky130/versions/e8294524e5f67c533c5d0c3afa0bcc5b2a5fa066/sky130A/libs.ref/sky130_fd_sc_hs/lib/sky130_fd_sc_hs__tt_025C_1v80.lib, Line 6251)
**ERROR: (TECHLIB-1175):	Template name 'ccsn_pnlh' used in group 'vector' on line 6258 is not defined in the library. To fix this issue, define the missing template in the library. (File /home/share/pdk/ciel/sky130/versions/e8294524e5f67c533c5d0c3afa0bcc5b2a5fa066/sky130A/libs.ref/sky130_fd_sc_hs/lib/sky130_fd_sc_hs__tt_025C_1v80.lib)
**ERROR: (TECHLIB-1256):	The vector group 'ccsn_pnlh' is being ignored due to errors in this group. This group will be excluded for any further library checks. Refer to the previous messages issued for vector group 'ccsn_pnlh' to find the details of the issues in this group. (File /home/share/pdk/ciel/sky130/versions/e8294524e5f67c533c5d0c3afa0bcc5b2a5fa066/sky130A/libs.ref/sky130_fd_sc_hs/lib/sky130_fd_sc_hs__tt_025C_1v80.lib, Line 6258)
Message <TECHLIB-1175> has exceeded the message display limit of '20'. Use 'set_message -no_limit -id list_of_msgIDs' to reset the message limit.
**ERROR: (TECHLIB-1256):	The vector group 'ccsn_pnlh' is being ignored due to errors in this group. This group will be excluded for any further library checks. Refer to the previous messages issued for vector group 'ccsn_pnlh' to find the details of the issues in this group. (File /home/share/pdk/ciel/sky130/versions/e8294524e5f67c533c5d0c3afa0bcc5b2a5fa066/sky130A/libs.ref/sky130_fd_sc_hs/lib/sky130_fd_sc_hs__tt_025C_1v80.lib, Line 6265)
Message <TECHLIB-1256> has exceeded the message display limit of '20'. Use 'set_message -no_limit -id list_of_msgIDs' to reset the message limit.
**ERROR: (TECHLIB-1173):	The 'dc_current' attribute has not been defined for group 'ccsn_first_stage' on line 6105. This may lead to undesirable analysis results. To fix this issue, define the missing attribute in library. (File /home/share/pdk/ciel/sky130/versions/e8294524e5f67c533c5d0c3afa0bcc5b2a5fa066/sky130A/libs.ref/sky130_fd_sc_hs/lib/sky130_fd_sc_hs__tt_025C_1v80.lib)
**ERROR: (TECHLIB-1175):	Template name 'ccsn_pnlh' used in group 'vector' on line 970 is not defined in the library. To fix this issue, define the missing template in the library. (File /home/share/pdk/ciel/sky130/versions/e8294524e5f67c533c5d0c3afa0bcc5b2a5fa066/sky130A/libs.ref/sky130_fd_sc_hs/lib/sky130_fd_sc_hs__tt_025C_1v80.lib)
**ERROR: (TECHLIB-1173):	The 'dc_current' attribute has not been defined for group 'ccsn_first_stage' on line 831. This may lead to undesirable analysis results. To fix this issue, define the missing attribute in library. (File /home/share/pdk/ciel/sky130/versions/e8294524e5f67c533c5d0c3afa0bcc5b2a5fa066/sky130A/libs.ref/sky130_fd_sc_hs/lib/sky130_fd_sc_hs__tt_025C_1v80.lib)
**ERROR: (TECHLIB-1173):	The 'dc_current' attribute has not been defined for group 'ccsn_last_stage' on line 1001. This may lead to undesirable analysis results. To fix this issue, define the missing attribute in library. (File /home/share/pdk/ciel/sky130/versions/e8294524e5f67c533c5d0c3afa0bcc5b2a5fa066/sky130A/libs.ref/sky130_fd_sc_hs/lib/sky130_fd_sc_hs__tt_025C_1v80.lib)
**ERROR: (TECHLIB-1173):	The 'dc_current' attribute has not been defined for group 'ccsn_first_stage' on line 1267. This may lead to undesirable analysis results. To fix this issue, define the missing attribute in library. (File /home/share/pdk/ciel/sky130/versions/e8294524e5f67c533c5d0c3afa0bcc5b2a5fa066/sky130A/libs.ref/sky130_fd_sc_hs/lib/sky130_fd_sc_hs__tt_025C_1v80.lib)
**ERROR: (TECHLIB-1173):	The 'dc_current' attribute has not been defined for group 'ccsn_last_stage' on line 1437. This may lead to undesirable analysis results. To fix this issue, define the missing attribute in library. (File /home/share/pdk/ciel/sky130/versions/e8294524e5f67c533c5d0c3afa0bcc5b2a5fa066/sky130A/libs.ref/sky130_fd_sc_hs/lib/sky130_fd_sc_hs__tt_025C_1v80.lib)
**ERROR: (TECHLIB-1173):	The 'dc_current' attribute has not been defined for group 'ccsn_first_stage' on line 1703. This may lead to undesirable analysis results. To fix this issue, define the missing attribute in library. (File /home/share/pdk/ciel/sky130/versions/e8294524e5f67c533c5d0c3afa0bcc5b2a5fa066/sky130A/libs.ref/sky130_fd_sc_hs/lib/sky130_fd_sc_hs__tt_025C_1v80.lib)
**ERROR: (TECHLIB-1173):	The 'dc_current' attribute has not been defined for group 'ccsn_last_stage' on line 1874. This may lead to undesirable analysis results. To fix this issue, define the missing attribute in library. (File /home/share/pdk/ciel/sky130/versions/e8294524e5f67c533c5d0c3afa0bcc5b2a5fa066/sky130A/libs.ref/sky130_fd_sc_hs/lib/sky130_fd_sc_hs__tt_025C_1v80.lib)
**ERROR: (TECHLIB-1173):	The 'dc_current' attribute has not been defined for group 'ccsn_first_stage' on line 2143. This may lead to undesirable analysis results. To fix this issue, define the missing attribute in library. (File /home/share/pdk/ciel/sky130/versions/e8294524e5f67c533c5d0c3afa0bcc5b2a5fa066/sky130A/libs.ref/sky130_fd_sc_hs/lib/sky130_fd_sc_hs__tt_025C_1v80.lib)
**ERROR: (TECHLIB-1173):	The 'dc_current' attribute has not been defined for group 'ccsn_last_stage' on line 2314. This may lead to undesirable analysis results. To fix this issue, define the missing attribute in library. (File /home/share/pdk/ciel/sky130/versions/e8294524e5f67c533c5d0c3afa0bcc5b2a5fa066/sky130A/libs.ref/sky130_fd_sc_hs/lib/sky130_fd_sc_hs__tt_025C_1v80.lib)
**ERROR: (TECHLIB-1173):	The 'dc_current' attribute has not been defined for group 'ccsn_first_stage' on line 2583. This may lead to undesirable analysis results. To fix this issue, define the missing attribute in library. (File /home/share/pdk/ciel/sky130/versions/e8294524e5f67c533c5d0c3afa0bcc5b2a5fa066/sky130A/libs.ref/sky130_fd_sc_hs/lib/sky130_fd_sc_hs__tt_025C_1v80.lib)
**ERROR: (TECHLIB-1173):	The 'dc_current' attribute has not been defined for group 'ccsn_last_stage' on line 2754. This may lead to undesirable analysis results. To fix this issue, define the missing attribute in library. (File /home/share/pdk/ciel/sky130/versions/e8294524e5f67c533c5d0c3afa0bcc5b2a5fa066/sky130A/libs.ref/sky130_fd_sc_hs/lib/sky130_fd_sc_hs__tt_025C_1v80.lib)
**ERROR: (TECHLIB-1173):	The 'dc_current' attribute has not been defined for group 'ccsn_first_stage' on line 3023. This may lead to undesirable analysis results. To fix this issue, define the missing attribute in library. (File /home/share/pdk/ciel/sky130/versions/e8294524e5f67c533c5d0c3afa0bcc5b2a5fa066/sky130A/libs.ref/sky130_fd_sc_hs/lib/sky130_fd_sc_hs__tt_025C_1v80.lib)
**ERROR: (TECHLIB-1173):	The 'dc_current' attribute has not been defined for group 'ccsn_last_stage' on line 3194. This may lead to undesirable analysis results. To fix this issue, define the missing attribute in library. (File /home/share/pdk/ciel/sky130/versions/e8294524e5f67c533c5d0c3afa0bcc5b2a5fa066/sky130A/libs.ref/sky130_fd_sc_hs/lib/sky130_fd_sc_hs__tt_025C_1v80.lib)
**ERROR: (TECHLIB-1173):	The 'dc_current' attribute has not been defined for group 'ccsn_first_stage' on line 3463. This may lead to undesirable analysis results. To fix this issue, define the missing attribute in library. (File /home/share/pdk/ciel/sky130/versions/e8294524e5f67c533c5d0c3afa0bcc5b2a5fa066/sky130A/libs.ref/sky130_fd_sc_hs/lib/sky130_fd_sc_hs__tt_025C_1v80.lib)
**ERROR: (TECHLIB-1173):	The 'dc_current' attribute has not been defined for group 'ccsn_last_stage' on line 3634. This may lead to undesirable analysis results. To fix this issue, define the missing attribute in library. (File /home/share/pdk/ciel/sky130/versions/e8294524e5f67c533c5d0c3afa0bcc5b2a5fa066/sky130A/libs.ref/sky130_fd_sc_hs/lib/sky130_fd_sc_hs__tt_025C_1v80.lib)
**ERROR: (TECHLIB-1173):	The 'dc_current' attribute has not been defined for group 'ccsn_first_stage' on line 3903. This may lead to undesirable analysis results. To fix this issue, define the missing attribute in library. (File /home/share/pdk/ciel/sky130/versions/e8294524e5f67c533c5d0c3afa0bcc5b2a5fa066/sky130A/libs.ref/sky130_fd_sc_hs/lib/sky130_fd_sc_hs__tt_025C_1v80.lib)
**ERROR: (TECHLIB-1173):	The 'dc_current' attribute has not been defined for group 'ccsn_last_stage' on line 4074. This may lead to undesirable analysis results. To fix this issue, define the missing attribute in library. (File /home/share/pdk/ciel/sky130/versions/e8294524e5f67c533c5d0c3afa0bcc5b2a5fa066/sky130A/libs.ref/sky130_fd_sc_hs/lib/sky130_fd_sc_hs__tt_025C_1v80.lib)
**ERROR: (TECHLIB-1173):	The 'dc_current' attribute has not been defined for group 'ccsn_first_stage' on line 4343. This may lead to undesirable analysis results. To fix this issue, define the missing attribute in library. (File /home/share/pdk/ciel/sky130/versions/e8294524e5f67c533c5d0c3afa0bcc5b2a5fa066/sky130A/libs.ref/sky130_fd_sc_hs/lib/sky130_fd_sc_hs__tt_025C_1v80.lib)
**ERROR: (TECHLIB-1173):	The 'dc_current' attribute has not been defined for group 'ccsn_last_stage' on line 4514. This may lead to undesirable analysis results. To fix this issue, define the missing attribute in library. (File /home/share/pdk/ciel/sky130/versions/e8294524e5f67c533c5d0c3afa0bcc5b2a5fa066/sky130A/libs.ref/sky130_fd_sc_hs/lib/sky130_fd_sc_hs__tt_025C_1v80.lib)
Message <TECHLIB-1173> has exceeded the message display limit of '20'. Use 'set_message -no_limit -id list_of_msgIDs' to reset the message limit.
**ERROR: (TECHLIB-1173):	The 'dc_current' attribute has not been defined for group 'ccsn_last_stage' on line 6275. This may lead to undesirable analysis results. To fix this issue, define the missing attribute in library. (File /home/share/pdk/ciel/sky130/versions/e8294524e5f67c533c5d0c3afa0bcc5b2a5fa066/sky130A/libs.ref/sky130_fd_sc_hs/lib/sky130_fd_sc_hs__tt_025C_1v80.lib)
**WARN: (TECHLIB-302):	No function defined for cell 'sky130_fd_sc_hs__decap_8'. The cell will only be used for analysis. (File /home/share/pdk/ciel/sky130/versions/e8294524e5f67c533c5d0c3afa0bcc5b2a5fa066/sky130A/libs.ref/sky130_fd_sc_hs/lib/sky130_fd_sc_hs__tt_025C_1v80.lib)
**WARN: (TECHLIB-302):	No function defined for cell 'sky130_fd_sc_hs__decap_4'. The cell will only be used for analysis. (File /home/share/pdk/ciel/sky130/versions/e8294524e5f67c533c5d0c3afa0bcc5b2a5fa066/sky130A/libs.ref/sky130_fd_sc_hs/lib/sky130_fd_sc_hs__tt_025C_1v80.lib)
Read 376 cells in library sky130_fd_sc_hs__tt_025C_1v80.
Reading default_emulate_libset_max timing library /home/hujinzhao/pro/genus_bs2/workspace/LIBS/sky130_sram_0kbytes_1rw1r_64x32_8_TT_1p8V_25C.lib.
Read 1 cells in library sky130_sram_0kbytes_1rw1r_64x32_8_TT_1p8V_25C_lib.
Reading default_emulate_libset_max timing library /home/hujinzhao/pro/genus_bs2/workspace/LIBS/sky130_sram_0kbytes_1rw1r_64x64_8_TT_1p8V_25C.lib.
Read 1 cells in library sky130_sram_0kbytes_1rw1r_64x64_8_TT_1p8V_25C_lib.
Reading default_emulate_libset_max timing library /home/hujinzhao/pro/genus_bs2/workspace/LIBS/sky130_sram_0kbytes_1rw1r_128x16_16_TT_1p8V_25C.lib.
Read 1 cells in library sky130_sram_0kbytes_1rw1r_128x16_16_TT_1p8V_25C_lib.
Reading default_emulate_libset_max timing library /home/hujinzhao/pro/genus_bs2/genus2invs__3335645_f32480c4-0ec2-48a1-97fe-9f9858c12d7efa_top/genus2invs.gen.lib.
**WARN: (TECHLIB-9018):	Nominal Condition 'nom_process' is not defined in timing library. Assuming default value '1.000000'. Setting this attribute is recommended as it can impact timing and SI results. (File /home/hujinzhao/pro/genus_bs2/genus2invs__3335645_f32480c4-0ec2-48a1-97fe-9f9858c12d7efa_top/genus2invs.gen.lib)
**WARN: (TECHLIB-9018):	Nominal Condition 'nom_voltage' is not defined in timing library. Assuming default value '1.800000'. Setting this attribute is recommended as it can impact timing and SI results. (File /home/hujinzhao/pro/genus_bs2/genus2invs__3335645_f32480c4-0ec2-48a1-97fe-9f9858c12d7efa_top/genus2invs.gen.lib)
**WARN: (TECHLIB-9018):	Nominal Condition 'nom_temperature' is not defined in timing library. Assuming default value '25.000000'. Setting this attribute is recommended as it can impact timing and SI results. (File /home/hujinzhao/pro/genus_bs2/genus2invs__3335645_f32480c4-0ec2-48a1-97fe-9f9858c12d7efa_top/genus2invs.gen.lib)
**WARN: (TECHLIB-9108):	 'input_threshold_pct_rise' not specified in the library, using .lib default of '50%'. (File /home/hujinzhao/pro/genus_bs2/genus2invs__3335645_f32480c4-0ec2-48a1-97fe-9f9858c12d7efa_top/genus2invs.gen.lib, Line 1)
**WARN: (TECHLIB-9108):	 'input_threshold_pct_fall' not specified in the library, using .lib default of '50%'. (File /home/hujinzhao/pro/genus_bs2/genus2invs__3335645_f32480c4-0ec2-48a1-97fe-9f9858c12d7efa_top/genus2invs.gen.lib, Line 1)
**WARN: (TECHLIB-9108):	 'output_threshold_pct_rise' not specified in the library, using .lib default of '50%'. (File /home/hujinzhao/pro/genus_bs2/genus2invs__3335645_f32480c4-0ec2-48a1-97fe-9f9858c12d7efa_top/genus2invs.gen.lib, Line 1)
**WARN: (TECHLIB-9108):	 'output_threshold_pct_fall' not specified in the library, using .lib default of '50%'. (File /home/hujinzhao/pro/genus_bs2/genus2invs__3335645_f32480c4-0ec2-48a1-97fe-9f9858c12d7efa_top/genus2invs.gen.lib, Line 1)
**WARN: (TECHLIB-9108):	 'slew_lower_threshold_pct_rise' not specified in the library, using .lib default of '20%'. (File /home/hujinzhao/pro/genus_bs2/genus2invs__3335645_f32480c4-0ec2-48a1-97fe-9f9858c12d7efa_top/genus2invs.gen.lib, Line 1)
**WARN: (TECHLIB-9108):	 'slew_lower_threshold_pct_fall' not specified in the library, using .lib default of '20%'. (File /home/hujinzhao/pro/genus_bs2/genus2invs__3335645_f32480c4-0ec2-48a1-97fe-9f9858c12d7efa_top/genus2invs.gen.lib, Line 1)
**WARN: (TECHLIB-9108):	 'slew_upper_threshold_pct_rise' not specified in the library, using .lib default of '80%'. (File /home/hujinzhao/pro/genus_bs2/genus2invs__3335645_f32480c4-0ec2-48a1-97fe-9f9858c12d7efa_top/genus2invs.gen.lib, Line 1)
**WARN: (TECHLIB-9108):	 'slew_upper_threshold_pct_fall' not specified in the library, using .lib default of '80%'. (File /home/hujinzhao/pro/genus_bs2/genus2invs__3335645_f32480c4-0ec2-48a1-97fe-9f9858c12d7efa_top/genus2invs.gen.lib, Line 1)
Read 40 cells in library abstract_techlib.
Library reading multithread flow ended.

Loading LEF file /home/hujinzhao/pro/genus_bs2/workspace/LEFS/sky130_fd_sc_hs__nom.tlef ...

Loading LEF file /home/hujinzhao/pro/genus_bs2/workspace/LEFS/sky130_fd_sc_hs.lef ...
WARNING (LEFPARS-2008): NOWIREEXTENSIONATPIN statement is obsolete in version 5.6 or later.
The NOWIREEXTENSIONATPIN statement will be ignored. See file /home/hujinzhao/pro/genus_bs2/workspace/LEFS/sky130_fd_sc_hs.lef at line 2.
**WARN: (IMPLF-108):	There is no overlap layer defined in any LEF file
so you are unable to create rectilinear partition in a hierarchical flow.
Set DBUPerIGU to M1 pitch 480.

Loading LEF file /home/hujinzhao/pro/genus_bs2/workspace/LEFS/sky130_sram_0kbytes_1rw1r_64x32_8.lef ...
**WARN: (IMPLF-246):	The 'UNITS' attribute is only allowed to be set in the first LEF file (technology LEF). The attribute was found in this LEF file, and will be ignored.

Loading LEF file /home/hujinzhao/pro/genus_bs2/workspace/LEFS/sky130_sram_0kbytes_1rw1r_128x16_16.lef ...
**WARN: (IMPLF-246):	The 'UNITS' attribute is only allowed to be set in the first LEF file (technology LEF). The attribute was found in this LEF file, and will be ignored.

Loading LEF file /home/hujinzhao/pro/genus_bs2/workspace/LEFS/sky130_sram_0kbytes_1rw1r_64x64_8.lef ...
**WARN: (IMPLF-246):	The 'UNITS' attribute is only allowed to be set in the first LEF file (technology LEF). The attribute was found in this LEF file, and will be ignored.

Loading LEF file ./genus2invs__3335645_f32480c4-0ec2-48a1-97fe-9f9858c12d7efa_top/genus2invs.gen.lef ...
WARNING (LEFPARS-2001): No VERSION statement found, using the default value 5.8. See file ./genus2invs__3335645_f32480c4-0ec2-48a1-97fe-9f9858c12d7efa_top/genus2invs.gen.lef at line 5399.
**WARN: (IMPLF-200):	Pin 'clk' in macro 'flop_srd' has no ANTENNAGATEAREA value defined. The library data is incomplete and some process antenna rules will not be checked correctly.
Type 'man IMPLF-200' for more detail.
**WARN: (IMPLF-200):	Pin 'd' in macro 'flop_srd' has no ANTENNAGATEAREA value defined. The library data is incomplete and some process antenna rules will not be checked correctly.
Type 'man IMPLF-200' for more detail.
**WARN: (IMPLF-200):	Pin 'srd' in macro 'flop_srd' has no ANTENNAGATEAREA value defined. The library data is incomplete and some process antenna rules will not be checked correctly.
Type 'man IMPLF-200' for more detail.
**WARN: (IMPLF-201):	Pin 'q' in macro 'flop_srd' has no ANTENNADIFFAREA value defined. The library data is incomplete and some process antenna rules will not be checked correctly.
Type 'man IMPLF-201' for more detail.
**WARN: (IMPLF-201):	Pin 'z' in macro 'CDN_mux128' has no ANTENNADIFFAREA value defined. The library data is incomplete and some process antenna rules will not be checked correctly.
Type 'man IMPLF-201' for more detail.
**WARN: (IMPLF-200):	Pin 'sel0' in macro 'CDN_mux128' has no ANTENNAGATEAREA value defined. The library data is incomplete and some process antenna rules will not be checked correctly.
Type 'man IMPLF-200' for more detail.
**WARN: (IMPLF-200):	Pin 'data0' in macro 'CDN_mux128' has no ANTENNAGATEAREA value defined. The library data is incomplete and some process antenna rules will not be checked correctly.
Type 'man IMPLF-200' for more detail.
**WARN: (IMPLF-200):	Pin 'sel1' in macro 'CDN_mux128' has no ANTENNAGATEAREA value defined. The library data is incomplete and some process antenna rules will not be checked correctly.
Type 'man IMPLF-200' for more detail.
**WARN: (IMPLF-200):	Pin 'data1' in macro 'CDN_mux128' has no ANTENNAGATEAREA value defined. The library data is incomplete and some process antenna rules will not be checked correctly.
Type 'man IMPLF-200' for more detail.
**WARN: (IMPLF-200):	Pin 'sel2' in macro 'CDN_mux128' has no ANTENNAGATEAREA value defined. The library data is incomplete and some process antenna rules will not be checked correctly.
Type 'man IMPLF-200' for more detail.
**WARN: (IMPLF-200):	Pin 'data2' in macro 'CDN_mux128' has no ANTENNAGATEAREA value defined. The library data is incomplete and some process antenna rules will not be checked correctly.
Type 'man IMPLF-200' for more detail.
**WARN: (IMPLF-200):	Pin 'sel3' in macro 'CDN_mux128' has no ANTENNAGATEAREA value defined. The library data is incomplete and some process antenna rules will not be checked correctly.
Type 'man IMPLF-200' for more detail.
**WARN: (IMPLF-200):	Pin 'data3' in macro 'CDN_mux128' has no ANTENNAGATEAREA value defined. The library data is incomplete and some process antenna rules will not be checked correctly.
Type 'man IMPLF-200' for more detail.
**WARN: (IMPLF-200):	Pin 'sel4' in macro 'CDN_mux128' has no ANTENNAGATEAREA value defined. The library data is incomplete and some process antenna rules will not be checked correctly.
Type 'man IMPLF-200' for more detail.
**WARN: (IMPLF-200):	Pin 'data4' in macro 'CDN_mux128' has no ANTENNAGATEAREA value defined. The library data is incomplete and some process antenna rules will not be checked correctly.
Type 'man IMPLF-200' for more detail.
**WARN: (IMPLF-200):	Pin 'sel5' in macro 'CDN_mux128' has no ANTENNAGATEAREA value defined. The library data is incomplete and some process antenna rules will not be checked correctly.
Type 'man IMPLF-200' for more detail.
**WARN: (IMPLF-200):	Pin 'data5' in macro 'CDN_mux128' has no ANTENNAGATEAREA value defined. The library data is incomplete and some process antenna rules will not be checked correctly.
Type 'man IMPLF-200' for more detail.
**WARN: (IMPLF-200):	Pin 'sel6' in macro 'CDN_mux128' has no ANTENNAGATEAREA value defined. The library data is incomplete and some process antenna rules will not be checked correctly.
Type 'man IMPLF-200' for more detail.
**WARN: (IMPLF-200):	Pin 'data6' in macro 'CDN_mux128' has no ANTENNAGATEAREA value defined. The library data is incomplete and some process antenna rules will not be checked correctly.
Type 'man IMPLF-200' for more detail.
**WARN: (IMPLF-200):	Pin 'sel7' in macro 'CDN_mux128' has no ANTENNAGATEAREA value defined. The library data is incomplete and some process antenna rules will not be checked correctly.
Type 'man IMPLF-200' for more detail.
**WARN: (IMPLF-200):	Pin 'data7' in macro 'CDN_mux128' has no ANTENNAGATEAREA value defined. The library data is incomplete and some process antenna rules will not be checked correctly.
Type 'man IMPLF-200' for more detail.
**WARN: (IMPLF-200):	Pin 'sel8' in macro 'CDN_mux128' has no ANTENNAGATEAREA value defined. The library data is incomplete and some process antenna rules will not be checked correctly.
Type 'man IMPLF-200' for more detail.
**WARN: (EMS-27):	Message (IMPLF-200) has exceeded the current message display limit of 20.
To increase the message display limit, refer to the product command reference manual.
**WARN: (IMPLF-201):	Pin 'z' in macro 'CDN_mux8' has no ANTENNADIFFAREA value defined. The library data is incomplete and some process antenna rules will not be checked correctly.
Type 'man IMPLF-201' for more detail.
**WARN: (IMPLF-201):	Pin 'q' in macro 'flop' has no ANTENNADIFFAREA value defined. The library data is incomplete and some process antenna rules will not be checked correctly.
Type 'man IMPLF-201' for more detail.
**WARN: (IMPLF-201):	Pin 'q' in macro 'flop_srl_srd' has no ANTENNADIFFAREA value defined. The library data is incomplete and some process antenna rules will not be checked correctly.
Type 'man IMPLF-201' for more detail.
**WARN: (IMPLF-201):	Pin 'z' in macro 'CDN_bmux4' has no ANTENNADIFFAREA value defined. The library data is incomplete and some process antenna rules will not be checked correctly.
Type 'man IMPLF-201' for more detail.
**WARN: (IMPLF-201):	Pin 'z' in macro 'CDN_bmux3' has no ANTENNADIFFAREA value defined. The library data is incomplete and some process antenna rules will not be checked correctly.
Type 'man IMPLF-201' for more detail.
**WARN: (IMPLF-201):	Pin 'z' in macro 'nor4' has no ANTENNADIFFAREA value defined. The library data is incomplete and some process antenna rules will not be checked correctly.
Type 'man IMPLF-201' for more detail.
**WARN: (IMPLF-201):	Pin 'z' in macro 'and3' has no ANTENNADIFFAREA value defined. The library data is incomplete and some process antenna rules will not be checked correctly.
Type 'man IMPLF-201' for more detail.
**WARN: (IMPLF-201):	Pin 'z' in macro 'CDN_bmux16' has no ANTENNADIFFAREA value defined. The library data is incomplete and some process antenna rules will not be checked correctly.
Type 'man IMPLF-201' for more detail.
**WARN: (IMPLF-201):	Pin 'z' in macro 'or3' has no ANTENNADIFFAREA value defined. The library data is incomplete and some process antenna rules will not be checked correctly.
Type 'man IMPLF-201' for more detail.
**WARN: (IMPLF-201):	Pin 'z' in macro 'CDN_mux4' has no ANTENNADIFFAREA value defined. The library data is incomplete and some process antenna rules will not be checked correctly.
Type 'man IMPLF-201' for more detail.
**WARN: (IMPLF-201):	Pin 'z' in macro 'CDN_mux7' has no ANTENNADIFFAREA value defined. The library data is incomplete and some process antenna rules will not be checked correctly.
Type 'man IMPLF-201' for more detail.
**WARN: (IMPLF-201):	Pin 'z' in macro 'CDN_mux5' has no ANTENNADIFFAREA value defined. The library data is incomplete and some process antenna rules will not be checked correctly.
Type 'man IMPLF-201' for more detail.
**WARN: (IMPLF-201):	Pin 'z' in macro 'CDN_mux13' has no ANTENNADIFFAREA value defined. The library data is incomplete and some process antenna rules will not be checked correctly.
Type 'man IMPLF-201' for more detail.
**WARN: (IMPLF-201):	Pin 'z' in macro 'or4' has no ANTENNADIFFAREA value defined. The library data is incomplete and some process antenna rules will not be checked correctly.
Type 'man IMPLF-201' for more detail.
**WARN: (IMPLF-201):	Pin 'q' in macro 'flop_srl_srdH' has no ANTENNADIFFAREA value defined. The library data is incomplete and some process antenna rules will not be checked correctly.
Type 'man IMPLF-201' for more detail.
**WARN: (IMPLF-201):	Pin 'z' in macro 'CDN_mux6' has no ANTENNADIFFAREA value defined. The library data is incomplete and some process antenna rules will not be checked correctly.
Type 'man IMPLF-201' for more detail.
**WARN: (IMPLF-201):	Pin 'z' in macro 'and4' has no ANTENNADIFFAREA value defined. The library data is incomplete and some process antenna rules will not be checked correctly.
Type 'man IMPLF-201' for more detail.
**WARN: (IMPLF-201):	Pin 'z' in macro 'nor3' has no ANTENNADIFFAREA value defined. The library data is incomplete and some process antenna rules will not be checked correctly.
Type 'man IMPLF-201' for more detail.
**WARN: (EMS-27):	Message (IMPLF-201) has exceeded the current message display limit of 20.
To increase the message display limit, refer to the product command reference manual.

##  Check design process and node:  
##  Both design process and tech node are not set.

#% Begin Load netlist data ... (date=07/05 23:33:44, mem=1967.6M)
*** Begin netlist parsing (mem=1967.6M) ***
Created 419 new cells from 5 timing libraries.
Reading netlist ...
Backslashed names will retain backslash and a trailing blank character.
Reading verilog netlist './genus2invs__3335645_f32480c4-0ec2-48a1-97fe-9f9858c12d7efa_top/genus2invs.v.gz'

*** Memory Usage v#3 (Current mem = 2034.488M, initial mem = 970.465M) ***
*** End netlist parsing (cpu=0:00:00.6, real=0:00:01.0, mem=2034.5M) ***
#% End Load netlist data ... (date=07/05 23:33:45, total cpu=0:00:00.6, real=0:00:01.0, peak res=2034.4M, current mem=2034.4M)
Top level cell is fa_top.
Hooked 419 DB cells to tlib cells.
Starting recursive module instantiation check.
No recursion found.
Building hierarchical netlist for Cell fa_top ...
***** UseNewTieNetMode *****.
**WARN: (IMPECO-560):	The netlist is not unique, because the module 'add_unsigned' is instantiated multiple times. Make the netlist unique by running 'set_db init_design_uniquify true' before loading the design to avoid the problem.
Type 'man IMPECO-560' for more detail.
*** Netlist is NOT unique.
** info: there are 666 modules.
** info: there are 362964 stdCell insts.
** info: there are 362964 stdCell insts with at least one signal pin.
** info: there are 37 macros.
** info: there are 124 multi-height stdCell insts (2 stdCells)

*** Memory Usage v#3 (Current mem = 2229.109M, initial mem = 970.465M) ***
**WARN: (IMPFP-3961):	The techSite 'unitdbl' has no related standard cells in the LEF/OA library. The calculations for this site type cannot be made unless standard cell models of this type exist in the LEF/OA library. Ignore this warning if the SITE is not used by the library. Alternatively, remove the SITE definition for the LEF/OA library to avoid this message.
Type 'man IMPFP-3961' for more detail.
**WARN: (IMPFP-3961):	The techSite 'unit' has no related standard cells in the LEF/OA library. The calculations for this site type cannot be made unless standard cell models of this type exist in the LEF/OA library. Ignore this warning if the SITE is not used by the library. Alternatively, remove the SITE definition for the LEF/OA library to avoid this message.
Type 'man IMPFP-3961' for more detail.
**WARN: (IMPFP-3961):	The techSite 'unitdbl' has no related standard cells in the LEF/OA library. The calculations for this site type cannot be made unless standard cell models of this type exist in the LEF/OA library. Ignore this warning if the SITE is not used by the library. Alternatively, remove the SITE definition for the LEF/OA library to avoid this message.
Type 'man IMPFP-3961' for more detail.
**WARN: (IMPFP-3961):	The techSite 'unit' has no related standard cells in the LEF/OA library. The calculations for this site type cannot be made unless standard cell models of this type exist in the LEF/OA library. Ignore this warning if the SITE is not used by the library. Alternatively, remove the SITE definition for the LEF/OA library to avoid this message.
Type 'man IMPFP-3961' for more detail.
Horizontal Layer M2 offset = 185 (derived)
Vertical Layer M1 offset = 240 (derived)
Start create_tracks
Generated pitch 3.66 in met5 is different from 3.33 defined in technology file in preferred direction.
Generated pitch 0.72 in met4 is different from 0.96 defined in technology file in preferred direction.
Generated pitch 0.61 in met3 is different from 0.74 defined in technology file in preferred direction.
Extraction setup Started for TopCell fa_top 
Initializing multi-corner RC extraction with 1 active RC Corners ...
Captable file(s) not specified in multi-corner setup. PreRoute extraction will use technology file. For post_route extraction, default value for effort level would be 'medium' and effort level 'low' would not be allowed.
Generating auto layer map file.
Importing multi-corner technology file(s) for preRoute extraction...
/home/share/pdk/sky130A/libs.tech/cadence/qrcTechFile
Generating auto layer map file.
Completed (cpu: 0:00:01.4 real: 0:00:01.0)
Set Shrink Factor to 1.00000
Summary of Active RC-Corners : 
 
 Analysis View: default_emulate_view
    RC-Corner Name        : default_emulate_rc_corner
    RC-Corner Index       : 0
    RC-Corner Temperature : 25 Celsius
    RC-Corner Cap Table   : ''
    RC-Corner PreRoute Res Factor         : 1
    RC-Corner PreRoute Cap Factor         : 1
    RC-Corner PostRoute Res Factor        : 1 {1 1 1}
    RC-Corner PostRoute Cap Factor        : 1 {1 1 1}
    RC-Corner PostRoute XCap Factor       : 1 {1 1 1}
    RC-Corner PreRoute Clock Res Factor   : 1	[Derived from postRoute_res (effortLevel low)]
    RC-Corner PreRoute Clock Cap Factor   : 1	[Derived from postRoute_cap (effortLevel low)]
    RC-Corner PostRoute Clock Cap Factor  : 1 {1 1 1} 
    RC-Corner PostRoute Clock Res Factor  : 1 {1 1 1} 
    RC-Corner PostRoute Clock coupling capacitance Factor : 1 {1 1 1} 
    RC-Corner Technology file: '/home/share/pdk/sky130A/libs.tech/cadence/qrcTechFile'
Updating RC Grid density data for preRoute extraction ...
Initializing multi-corner resistance tables ...
Default value for post_route extraction mode's extract_rc_effort_level (extract_rc_effort_level option of set_db) changed to 'medium'.
*Info: initialize multi-corner CTS.
Total number of combinational cells: 325
Total number of sequential cells: 77
Total number of tristate cells: 12
Total number of level shifter cells: 0
Total number of power gating cells: 0
Total number of isolation cells: 0
Total number of power switch cells: 0
Total number of pulse generator cells: 0
Total number of always on buffers: 0
Total number of retention cells: 0
Total number of physical cells: 2
List of usable buffers: sky130_fd_sc_hs__clkbuf_2 sky130_fd_sc_hs__clkbuf_1 sky130_fd_sc_hs__buf_1 sky130_fd_sc_hs__buf_2 sky130_fd_sc_hs__clkbuf_4 sky130_fd_sc_hs__buf_4 sky130_fd_sc_hs__dlymetal6s2s_1 sky130_fd_sc_hs__clkbuf_8 sky130_fd_sc_hs__buf_8 sky130_fd_sc_hs__clkbuf_16 sky130_fd_sc_hs__buf_16
Total number of usable buffers: 11
List of unusable buffers:
Total number of unusable buffers: 0
List of usable inverters: sky130_fd_sc_hs__inv_2 sky130_fd_sc_hs__inv_1 sky130_fd_sc_hs__clkinv_1 sky130_fd_sc_hs__clkinv_2 sky130_fd_sc_hs__inv_4 sky130_fd_sc_hs__clkdlyinv3sd3_1 sky130_fd_sc_hs__clkdlyinv3sd2_1 sky130_fd_sc_hs__clkdlyinv3sd1_1 sky130_fd_sc_hs__clkinv_4 sky130_fd_sc_hs__inv_8 sky130_fd_sc_hs__clkdlyinv5sd3_1 sky130_fd_sc_hs__clkdlyinv5sd2_1 sky130_fd_sc_hs__clkdlyinv5sd1_1 sky130_fd_sc_hs__clkinv_8 sky130_fd_sc_hs__bufinv_8 sky130_fd_sc_hs__inv_16 sky130_fd_sc_hs__clkinv_16 sky130_fd_sc_hs__bufinv_16 not1
Total number of usable inverters: 19
List of unusable inverters:
Total number of unusable inverters: 0
List of identified usable delay cells: sky130_fd_sc_hs__dlygate4sd3_1 sky130_fd_sc_hs__dlygate4sd2_1 sky130_fd_sc_hs__dlygate4sd1_1 sky130_fd_sc_hs__dlymetal6s6s_1 sky130_fd_sc_hs__dlymetal6s4s_1 sky130_fd_sc_hs__bufbuf_8 sky130_fd_sc_hs__bufbuf_16
Total number of identified usable delay cells: 7
List of identified unusable delay cells:
Total number of identified unusable delay cells: 0
Multithreaded Timing Analysis is initialized with 8 threads

Reading timing constraints file './genus2invs__3335645_f32480c4-0ec2-48a1-97fe-9f9858c12d7efa_top/genus2invs.default_emulate_constraint_mode.sdc' ...
Current (total cpu=0:00:43.8, real=0:00:37.0, peak res=2926.6M, current mem=2926.6M)
fa_top
INFO (CTE): Constraints read successfully.
Ending "Constraint file reading stats" (total cpu=0:00:00.2, real=0:00:01.0, peak res=2943.8M, current mem=2943.8M)
Current (total cpu=0:00:44.0, real=0:00:38.0, peak res=2943.8M, current mem=2943.8M)
@file 49:
@file 50: # Reading metrics file
@file 51: ################################################################################
@@file 52: read_metric -id current ./genus2invs__3335645_f32480c4-0ec2-48a1-97fe-9f9858c12d7efa_top/genus2invs.metrics.json
@file 53:
@file 54: ## Reading common preserve file for dont_touch and dont_use preserve settings
@file 55: source -quiet ./genus2invs__3335645_f32480c4-0ec2-48a1-97fe-9f9858c12d7efa_top/genus2invs.preserve.tcl
@file 56:
@file 57: ## Reading Innovus Mode attributes file
@file 58: pqos_eval {rcp::read_taf ./genus2invs__3335645_f32480c4-0ec2-48a1-97fe-9f9858c12d7efa_top/genus2invs.mode_attributes.taf.gz}
%# Begin ::rcp::silent_eval (07/05 23:33:50, mem=2962.67M)
%# End ::rcp::silent_eval (07/05 23:33:50, total cpu=16:00:00, real=16:00:00, peak res=2964.67M, current mem=2962.75M)
(genus2invs.mode_attributes.taf.gz): Summary count of attributes that could be applied
could_apply(design_bottom_routing_layer)       = 1
could_apply(extract_rc_assume_metal_fill)      = 1
could_apply(timing_report_enable_novus_header) = 1

[genus2invs.mode_attributes.taf.gz]: applied 3 attributes with 0 problems.
@file 59:
@file 60:
@file 61: # Mode Setup
@file 62: ################################################################################
@file 63: source ./genus2invs__3335645_f32480c4-0ec2-48a1-97fe-9f9858c12d7efa_top/genus2invs.mode
@file 64:
@file 65:
@file 66: # MSV Setup
@file 67: ################################################################################
@file 68:
@file 69: # Reading NDR file
@file 70: source ./genus2invs__3335645_f32480c4-0ec2-48a1-97fe-9f9858c12d7efa_top/genus2invs.ndr.tcl
@file 71:
@file 72: # Reading Safety file
@file 73: pqos_eval { rcp::read_taf ./genus2invs__3335645_f32480c4-0ec2-48a1-97fe-9f9858c12d7efa_top/genus2invs.safety.taf.gz}
[genus2invs.safety.taf.gz]: empty.
@file 74:
@file 75: # Reading Instance Attributes file
@file 76: pqos_eval { rcp::read_taf ./genus2invs__3335645_f32480c4-0ec2-48a1-97fe-9f9858c12d7efa_top/genus2invs.inst_attributes.taf.gz}
[genus2invs.inst_attributes.taf.gz]: empty.
@file 77:
@file 78: # Reading subdesign attributes file
@file 79: pqos_eval { rcp::read_taf ./genus2invs__3335645_f32480c4-0ec2-48a1-97fe-9f9858c12d7efa_top/genus2invs.subdesign_attributes.taf.gz}
%# Begin ::rcp::silent_eval (07/05 23:33:50, mem=2968.51M)
%# End ::rcp::silent_eval (07/05 23:33:50, total cpu=16:00:00, real=16:00:00, peak res=2968.68M, current mem=2968.68M)
(genus2invs.subdesign_attributes.taf.gz): Summary count of attributes that could be applied
could_apply(comp_builder_info)        = 193
could_apply(gb_gdef_type)             = 204
could_apply(super_thread_speed_grade) = 193

[genus2invs.subdesign_attributes.taf.gz]: applied 590 attributes with 0 problems.
@file 80:
@file 81: # Reading minimum routing layer data file
@file 82: ################################################################################
@file 83: pqos_eval {rcp::load_min_layer_file ./genus2invs__3335645_f32480c4-0ec2-48a1-97fe-9f9858c12d7efa_top/genus2invs.min_layer {li1 met1 met2 met3 met4 met5} {1 2 3 4 5 6}}
%# Begin rcp::load_min_layer_file (07/05 23:33:50, mem=2968.70M)
Read 0 nets
%# End rcp::load_min_layer_file (07/05 23:33:50, total cpu=16:00:00, real=16:00:00, peak res=2968.89M, current mem=2968.70M)
@@file 84: eval_legacy {set edi_pe::pegConsiderMacroLayersUnblocked 1}
@@file 85: eval_legacy {set edi_pe::pegPreRouteWireWidthBasedDensityCalModel 1}
Updating RC Grid density data for preRoute extraction ...
Initializing multi-corner resistance tables ...
@file 86:
@file 87: set _t1 [clock seconds]
@file 88: puts [format  {%%%s End Genus to Innovus Setup (%s, real=%s)} \# [clock format $_t1 -format {%m/%d %H:%M:%S}] [clock format [expr {28800 + $_t1 - $_t0}] -format {%H:%M:%S}]]
%# End Genus to Innovus Setup (07/05 23:33:50, real=16:00:08)
@file 89:
#@ End verbose source ./genus2invs__3335645_f32480c4-0ec2-48a1-97fe-9f9858c12d7efa_top/genus2invs.invs_setup.tcl
UM:   flow.cputime  flow.realtime  timing.setup.tns  timing.setup.wns  snapshot
UM:*                                                                   genus2invs_setup
%# Design Import Complete (07/05 23:33:50, mem=2968.96M)
%# Begin ::rcp::predict_floorplan_control (07/05 23:33:50, mem=2970.28M)
Configuring predict_floorplan control settings
%# End ::rcp::predict_floorplan_control (07/05 23:33:50, total cpu=16:00:00, real=16:00:00, peak res=2970.28M, current mem=2970.28M)
**WARN: (IMPTCM-77):	Option "-fixPlacedMacros" for command setPlanDesignMode is obsolete and will be removed in a future release. The obsolete option still works in this release but to avoid this warning and to ensure compatibility with future releases, remove the obsolete option from your script.
**WARN: (IMPDBTCL-321):	The attribute 'plan_design_fix_placed_macros' still works but will be obsolete in a future major release. You should remove it from your script before the next major release to avoid errors.
**WARN: (IMPAFP-9024):	This command is hidden and will be obsolete in the next major release. For module placement, use proto_design instead. For macro placement, use place_design -concurrent_macros to place both standard cells and macros together.
**WARN: (IMPAFP-9024):	This command is hidden and will be obsolete in the next major release. For module placement, use proto_design instead. For macro placement, use place_design -concurrent_macros to place both standard cells and macros together.
**WARN: (IMPAFP-9024):	This command is hidden and will be obsolete in the next major release. For module placement, use proto_design instead. For macro placement, use place_design -concurrent_macros to place both standard cells and macros together.
**WARN: (IMPTCM-77):	Option "-honorOrientation" for command getPlanDesignMode is obsolete and will be removed in a future release. The obsolete option still works in this release but to avoid this warning and to ensure compatibility with future releases, remove the obsolete option from your script.
**WARN: (IMPAFP-9024):	This command is hidden and will be obsolete in the next major release. For module placement, use proto_design instead. For macro placement, use place_design -concurrent_macros to place both standard cells and macros together.
**WARN: (IMPTCM-77):	Option "-savePlacement" for command getPlanDesignMode is obsolete and will be removed in a future release. The obsolete option still works in this release but to avoid this warning and to ensure compatibility with future releases, remove the obsolete option from your script.
**WARN: (IMPAFP-9024):	This command is hidden and will be obsolete in the next major release. For module placement, use proto_design instead. For macro placement, use place_design -concurrent_macros to place both standard cells and macros together.
**WARN: (IMPTCM-77):	Option "-moduleAware" for command getPlanDesignMode is obsolete and will be removed in a future release. The obsolete option still works in this release but to avoid this warning and to ensure compatibility with future releases, remove the obsolete option from your script.
 *** Starting placeMacroHigh flow *** 
***** New seed flow = 1. *****  
Auto Seed: u_core/u_dot
Auto Seed: u_core/u_update
Auto Macro Seed: u_core/u_update/u_acc_sram
Auto Macro Seed: u_core/u_update/u_v_sram
Auto Macro Seed: u_core/u_update
Auto Macro Seed: u_core/u_dot/u_k_sram
Auto Macro Seed: u_core/u_dot/u_q_sram
Ignore PD Guides: numIgnoredGuide = 0 
INFO: #ExclusiveGroups=0
INFO: There are no Exclusive Groups.
Extracting standard cell pins and blockage ...... 
Pin and blockage extraction finished
Extracting macro/IO cell pins and blockage ...... 
Pin and blockage extraction finished
*** Starting "NanoPlace(TM) placement v#12 (mem=2975.4M)" ...
Estimated loop count for BSM: 44319
*** Build Buffered Sizing Timing Model
(cpu=0:00:01.3 mem=2993.0M) ***
*** Build Virtual Sizing Timing Model
(cpu=0:00:01.5 mem=3007.3M) ***
No user-set net weight.
Net fanout histogram:
2		: 238873 (65.2%) nets
3		: 60003 (16.4%) nets
4     -	14	: 64200 (17.5%) nets
15    -	39	: 2214 (0.6%) nets
40    -	79	: 545 (0.1%) nets
80    -	159	: 348 (0.1%) nets
160   -	319	: 24 (0.0%) nets
320   -	639	: 2 (0.0%) nets
640   -	1279	: 17 (0.0%) nets
1280  -	2559	: 1 (0.0%) nets
2560  -	5119	: 1 (0.0%) nets
5120+		: 1 (0.0%) nets
#std cell=362964 (0 fixed + 362964 movable) #buf cell=0 #inv cell=54496 #block=37 (37 floating + 0 preplaced)
#ioInst=0 #net=366229 #term=1101989 #term/net=3.01, #fixedIo=0, #floatIo=0, #fixedPin=0, #floatPin=821
stdCell: 362840 single + 32 double + 92 multi
Total standard cell length = 900.2328 (mm), area = 3.0780 (mm^2)
Average module density = 0.695.
Density for the design = 0.695.
       = (stdcell_area 1925657 sites (3077970 um^2) + block_area 2790017 sites (4459563 um^2)) / alloc_area 6785529 sites (10845990 um^2).
Pin Density = 0.1624.
            = total # of pins 1101989 / total area 6785529.
Fence Initialization: numPrefixFence = 0,  numAutoFence = 0, numPrefixGuide = 0  numAutoGuide = 0 numNoCon = 0 
Enabling multi-CPU acceleration with 8 CPU(s) for placement
=== lastAutoLevel = 11 
[spp] 0
Iteration  1: Total net bbox = 2.831e+06 (1.03e+06 1.80e+06)
              Est.  stn bbox = 2.964e+06 (1.08e+06 1.88e+06)
              cpu = 0:00:05.9 real = 0:00:03.0 mem = 3618.0M
User specified -module_cluster_mode =  0 

Iteration  2: Total net bbox = 2.832e+06 (1.03e+06 1.80e+06)
              Est.  stn bbox = 2.966e+06 (1.08e+06 1.88e+06)
              cpu = 0:00:00.4 real = 0:00:00.0 mem = 3742.7M
Iteration  3: Total net bbox = 3.844e+06 (1.59e+06 2.26e+06)
              Est.  stn bbox = 4.131e+06 (1.71e+06 2.42e+06)
              cpu = 0:00:01.5 real = 0:00:01.0 mem = 4309.5M


Iteration  4: Total net bbox = 8.513e+06 (2.40e+06 6.12e+06)
              Est.  stn bbox = 9.980e+06 (2.87e+06 7.11e+06)
              cpu = 0:01:00 real = 0:00:17.0 mem = 4309.4M


Iteration  5: Total net bbox = 1.007e+07 (4.96e+06 5.11e+06)
              Est.  stn bbox = 1.165e+07 (5.74e+06 5.91e+06)
              cpu = 0:00:54.6 real = 0:00:12.0 mem = 4317.0M


Iteration  6: Total net bbox = 1.192e+07 (6.06e+06 5.87e+06)
              Est.  stn bbox = 1.355e+07 (6.87e+06 6.68e+06)
              cpu = 0:03:09 real = 0:01:22 mem = 3984.8M
Iteration  7: Total net bbox = 1.384e+07 (7.67e+06 6.17e+06)
              Est.  stn bbox = 1.624e+07 (8.96e+06 7.28e+06)
              cpu = 0:02:09 real = 0:00:39.0 mem = 4795.8M
Iteration  8: Total net bbox = 1.384e+07 (7.67e+06 6.17e+06)
              Est.  stn bbox = 1.624e+07 (8.96e+06 7.28e+06)
              cpu = 0:00:55.6 real = 0:00:38.0 mem = 3750.9M
Iteration  9: Total net bbox = 1.314e+07 (7.34e+06 5.80e+06)
              Est.  stn bbox = 1.567e+07 (8.70e+06 6.97e+06)
              cpu = 0:02:14 real = 0:00:35.0 mem = 4547.6M
 RelinkConst: Total constraint = 2, Relinked 2 constraints . 
User specified -fenceSpacing =  -1.0000 
User specified fence spacing: -1.0000 um
===== HInst FP constraint u_core/u_update HInst utilization 1.000001, conUtil 0.737752 
===== HInst FP constraint u_core/u_dot HInst utilization 1.000001, conUtil 0.737752 
*** The nonConstraint instance area ratio is 0.694926 
*** The prefixed-fenceArea/coreBoxArea is 0.000000, The auto-ConstraintArea/coreBoxArea is 0.821895 
*** Total utilization of core box is 1.516821 
Start Auto fence creation, hasNoConInst = 1  .

================== Start Auto-Fence Creation ==================
User define fence spacing: -1.0000 um
Number of Movable Guide      : 0
Number of Movable Region     : 0
Number of Movable Fence      : 0
Number of Movable Soft Guide : 0
Total Movable Objects        : 0 (non-group: 0, group: 0)
Total Prefixed Objects       : 0
Total Partition Cut Objects  : 0



Number of Nested Objects    : 0
Number of Non-Nested Objects: 0
Number of Nested Sets       : 0
Number of Master&Clone Pairs: 0

Fence Spacing: 2.0000 um
Snap Spacing: X(0.4800 um), Y(3.3300 um)
Fence2Core Spaceing: 0.0000 um

==== Design Information ====
Core site: (0, 0) - (3293445, 3293370)
Design Whitespace: 100.00%
Maximum Logical Level: 0
Has Non-constraint Instance: 1
Allow Disjoint Whitespace: 0

==To Place Non-Nested Objects==
Targets: 
Number of Total Targets: 0

================== Finished Auto-Fence Creation ===============
*** Done Auto-Fence Creation, (cpu = 0:00:00.0, mem = 4547.8M, mem_delta = 0.2M) ***
End Auto fence creation 1.
New Seed Flow: add u_core/u_dot as hinst seed
New Seed Flow: add u_core/u_dot/u_q_sram as hinst seed
New Seed Flow: add u_core/u_dot/u_k_sram as hinst seed
New Seed Flow: add u_core/u_update as hinst seed
New Seed Flow: add u_core/u_update/u_v_sram as hinst seed
New Seed Flow: add u_core/u_update/u_acc_sram as hinst seed
MacroPlacer: Options: -pathConnWeight 1.000000 -bp 6 
MacroPlacer: Reading Data for Block Placer
MacroPlacer: total number of seeds contain macros: 5
MacroPlacer: total number of seeds:                6
MacroPlacer: total number of macros:               37
MacroPlacer: total number of clusters:             7
MacroPlacer: total number of std::ios:                  847
MacroPlacer: total number of nets:                 6355
MacroPlacer: total number of keepouts:             0
MacroPlacer: total number of fences:               0
MacroPlacer: total number of fixed macros:         0
MacroPlacer:           5878 2-pins nets
MacroPlacer:              0 3-pins nets
MacroPlacer:             32 4-pins nets
MacroPlacer:            410 5-pins nets
MacroPlacer: Merging nets.
MacroPlacer: total number of merged nets: 118
-maxRouteLayer is specified which turned on auto macro spacing estimation.
Macro spacing is determined by auto spacing estimation, ..., see documentation for details.
MacroPlacer: Finished data reading for Block Placer
... in Multi-Level Module Mode...
Start generating contour.
Completed data preparation.

================== Start to Place This Module ===============

==== Design Information ====
Core site: (0, 0) - (3293445, 3293370)
Num of Blocks 37 (M: 37, F: 0, O: 0)
 Generating virtual wall for each modules
...
Calling Macro Packer
...
	 Packing whole design.

== Macro Placement Stage 0 (7)==

---Succeed on placing blocks!
*** Done Macro Placing, (cpu = 0:00:00.0, mem = 4564.3M, mem_delta = 0.3M) ***
Num of placed blocks:   37 / 37
Num of unplaced blocks: 0

================== Done Placing This Module ===============
Placing Macro with -bp mode 6.
*** Done refineMacro, (cpu = 0:00:01.2, mem = 4564.3M, mem_delta = 16.6M) ***
$$$$ RefineAll 37  macros
Iteration 10: Total net bbox = 2.796e+07 (1.49e+07 1.31e+07)
              Est.  stn bbox = 3.055e+07 (1.63e+07 1.43e+07)
              cpu = 0:08:31 real = 0:03:18 mem = 4564.3M
*** cost = 2.796e+07 (1.49e+07 1.31e+07) (cpu for global=0:08:31) real=495351:37:14***
Placement multithread real runtime: 495351:37:14 with 8 threads.
Solver runtime cpu: 0:06:03 real: 0:01:30
Core Placement runtime cpu: 0:06:34 real: 0:01:54
*** Free Virtual Timing Model ...(mem=4565.0M)
      flow.cputime  flow.realtime  timing.setup.tns  timing.setup.wns  snapshot
UM:*                                                                   final
      flow.cputime  flow.realtime  timing.setup.tns  timing.setup.wns  snapshot
UM:*                                                                   global_place
*** Finishing placeMacroHigh flow ***
***** runMacroHigh mode(initial) =   0 
checkFence: found no fence violation.
Checking routing tracks.....
Checking other grids.....
Checking FINFET Grid is on Manufacture Grid.....
Checking core/die box is on Grid.....
**WARN: (IMPFP-7235):	DIE's corner: (3293.4450000000 , 3293.3700000000) is NOT on PlacementGrid,  Please use command get_db to check current Grid settings, use command set_db to change which grid to snap to. And use command get_db floorplan_*_grid to get grids' offset and pitch. Command create_floorplan can be used to fix this issue.
**WARN: (IMPFP-7237):	CORE's corner: (3293.4450000000 , 3293.3700000000) is NOT on PlacementGrid,  Please use command get_db to check current Grid settings, use command set_db to change which grid to snap to. And use command get_db floorplan_*_grid to get grids' offset and pitch. Command create_floorplan can be used to fix this issue.
Checking snap rule ......
Checking Row is on grid......
Checking AreaIO row.....
Checking row out of die ...
Checking row across power domain ...
Checking routing blockage.....
Checking placement blockage.....
placeBlkGrid grid_type = 1 
Checking components.....
**WARN: (IMPFP-10013):	Halo should be created around block u_core/u_dot/u_q_sram/g_bank[0].u_bank/u_mem and snapping rules are not checked since it's width is not multiple of default tech site's width.
**WARN: (IMPFP-10013):	Halo should be created around block u_core/u_dot/u_q_sram/g_bank[0].u_bank/u_mem and snapping rules are not checked since it's height is not multiple of default tech site's height.
**WARN: (IMPFP-10013):	Halo should be created around block u_core/u_dot/u_q_sram/g_bank[1].u_bank/u_mem and snapping rules are not checked since it's width is not multiple of default tech site's width.
**WARN: (IMPFP-10013):	Halo should be created around block u_core/u_dot/u_q_sram/g_bank[1].u_bank/u_mem and snapping rules are not checked since it's height is not multiple of default tech site's height.
**WARN: (IMPFP-10013):	Halo should be created around block u_core/u_dot/u_q_sram/g_bank[2].u_bank/u_mem and snapping rules are not checked since it's width is not multiple of default tech site's width.
**WARN: (IMPFP-10013):	Halo should be created around block u_core/u_dot/u_q_sram/g_bank[2].u_bank/u_mem and snapping rules are not checked since it's height is not multiple of default tech site's height.
**WARN: (IMPFP-10013):	Halo should be created around block u_core/u_dot/u_q_sram/g_bank[3].u_bank/u_mem and snapping rules are not checked since it's width is not multiple of default tech site's width.
**WARN: (IMPFP-10013):	Halo should be created around block u_core/u_dot/u_q_sram/g_bank[3].u_bank/u_mem and snapping rules are not checked since it's height is not multiple of default tech site's height.
**WARN: (IMPFP-10013):	Halo should be created around block u_core/u_dot/u_q_sram/g_bank[4].u_bank/u_mem and snapping rules are not checked since it's width is not multiple of default tech site's width.
**WARN: (IMPFP-10013):	Halo should be created around block u_core/u_dot/u_q_sram/g_bank[4].u_bank/u_mem and snapping rules are not checked since it's height is not multiple of default tech site's height.
**WARN: (IMPFP-10013):	Halo should be created around block u_core/u_dot/u_q_sram/g_bank[5].u_bank/u_mem and snapping rules are not checked since it's width is not multiple of default tech site's width.
**WARN: (IMPFP-10013):	Halo should be created around block u_core/u_dot/u_q_sram/g_bank[5].u_bank/u_mem and snapping rules are not checked since it's height is not multiple of default tech site's height.
**WARN: (IMPFP-10013):	Halo should be created around block u_core/u_dot/u_q_sram/g_bank[6].u_bank/u_mem and snapping rules are not checked since it's width is not multiple of default tech site's width.
**WARN: (IMPFP-10013):	Halo should be created around block u_core/u_dot/u_q_sram/g_bank[6].u_bank/u_mem and snapping rules are not checked since it's height is not multiple of default tech site's height.
**WARN: (IMPFP-10013):	Halo should be created around block u_core/u_dot/u_q_sram/g_bank[7].u_bank/u_mem and snapping rules are not checked since it's width is not multiple of default tech site's width.
**WARN: (IMPFP-10013):	Halo should be created around block u_core/u_dot/u_q_sram/g_bank[7].u_bank/u_mem and snapping rules are not checked since it's height is not multiple of default tech site's height.
**WARN: (IMPFP-10013):	Halo should be created around block u_core/u_dot/u_k_sram/g_bank[0].u_bank/u_mem and snapping rules are not checked since it's width is not multiple of default tech site's width.
**WARN: (IMPFP-10013):	Halo should be created around block u_core/u_dot/u_k_sram/g_bank[0].u_bank/u_mem and snapping rules are not checked since it's height is not multiple of default tech site's height.
**WARN: (IMPFP-10013):	Halo should be created around block u_core/u_dot/u_k_sram/g_bank[1].u_bank/u_mem and snapping rules are not checked since it's width is not multiple of default tech site's width.
**WARN: (IMPFP-10013):	Halo should be created around block u_core/u_dot/u_k_sram/g_bank[1].u_bank/u_mem and snapping rules are not checked since it's height is not multiple of default tech site's height.
**WARN: (EMS-27):	Message (IMPFP-10013) has exceeded the current message display limit of 20.
To increase the message display limit, refer to the product command reference manual.
Checking IO Pads out of die...
Checking constraints (guide/region/fence).....

Checking Preroutes.....
No. of regular pre-routes not on tracks : 0 

Reporting Utilizations.....

Core utilization  = 69.421500
Effective Utilizations
Average macro density = 0.000.
Average module density = 0.485.
Pure std cell Density 0.484845
 Density for the design = 0.485.
       = stdcell_area 1925657 sites (3077970 um^2) / alloc_area 3971695 sites (6348357 um^2).
Pin Density = 0.1627.
            = total # of pins 1104071 / total area 6785529.

*** Summary of all messages that are not suppressed in this session:
Severity  ID               Count  Summary                                  
WARNING   IMPFP-7237           1  CORE's corner: %s is NOT on %s,  Please ...
WARNING   IMPFP-7235           1  DIE's corner: %s is NOT on %s,  Please u...
WARNING   IMPFP-10013         74  Halo should be created around block %s a...
WARNING   IMPAFP-9024          3  This command is hidden and will be obsol...
WARNING   IMPTCM-77            3  Option "%s" for command %s is obsolete a...
*** Message Summary: 82 warning(s), 0 error(s)

Starting IO pin assignment...
The design is not placed. Using create_floorplan based method for pin assignment.
**WARN: (IMPPTN-1754):	89.96% of possible pin-positions on layer [3] on the top side of partition [fa_top] from (1873.20, 3293.37) to (2408.40, 3293.37) are blocked due to an instance [u_core/u_dot/u_q_sram/g_bank[3].u_bank/u_mem] at [5.68] microns from partition boundary. This may affect the quality of pin assignment. Use set_db assign_pins_restricted_boundary_macro_distance and set_db assign_pins_blocked_boundary_macro_distance with smaller distance to remove influence of this modes in pin assignment.
**WARN: (IMPPTN-1754):	89.92% of possible pin-positions on layer [5] on the top side of partition [fa_top] from (1872.96, 3293.37) to (2407.92, 3293.37) are blocked due to an instance [u_core/u_dot/u_q_sram/g_bank[3].u_bank/u_mem] at [5.68] microns from partition boundary. This may affect the quality of pin assignment. Use set_db assign_pins_restricted_boundary_macro_distance and set_db assign_pins_blocked_boundary_macro_distance with smaller distance to remove influence of this modes in pin assignment.
**WARN: (IMPPTN-1754):	89.96% of possible pin-positions on layer [3] on the top side of partition [fa_top] from (2583.60, 3293.37) to (3118.32, 3293.37) are blocked due to an instance [u_core/u_dot/u_q_sram/g_bank[7].u_bank/u_mem] at [5.68] microns from partition boundary. This may affect the quality of pin assignment. Use set_db assign_pins_restricted_boundary_macro_distance and set_db assign_pins_blocked_boundary_macro_distance with smaller distance to remove influence of this modes in pin assignment.
**WARN: (IMPPTN-1754):	89.92% of possible pin-positions on layer [5] on the top side of partition [fa_top] from (2583.60, 3293.37) to (3118.56, 3293.37) are blocked due to an instance [u_core/u_dot/u_q_sram/g_bank[7].u_bank/u_mem] at [5.68] microns from partition boundary. This may affect the quality of pin assignment. Use set_db assign_pins_restricted_boundary_macro_distance and set_db assign_pins_blocked_boundary_macro_distance with smaller distance to remove influence of this modes in pin assignment.
**WARN: (IMPPTN-1754):	100.00% of possible pin-positions on layer [2] on the left side of partition [fa_top] from (0.00, 2594.26) to (0.00, 2814.03) are blocked due to an instance [u_core/u_dot/u_k_sram/g_bank[0].u_bank/u_mem] at [0.24] microns from partition boundary. This may affect the quality of pin assignment. Use set_db assign_pins_restricted_boundary_macro_distance and set_db assign_pins_blocked_boundary_macro_distance with smaller distance to remove influence of this modes in pin assignment.
**WARN: (IMPPTN-1754):	100.00% of possible pin-positions on layer [2] on the left side of partition [fa_top] from (0.00, 2831.05) to (0.00, 3050.84) are blocked due to an instance [u_core/u_dot/u_k_sram/g_bank[1].u_bank/u_mem] at [0.24] microns from partition boundary. This may affect the quality of pin assignment. Use set_db assign_pins_restricted_boundary_macro_distance and set_db assign_pins_blocked_boundary_macro_distance with smaller distance to remove influence of this modes in pin assignment.
**WARN: (IMPPTN-1754):	100.00% of possible pin-positions on layer [2] on the left side of partition [fa_top] from (0.00, 3067.86) to (0.00, 3287.64) are blocked due to an instance [u_core/u_dot/u_k_sram/g_bank[2].u_bank/u_mem] at [0.24] microns from partition boundary. This may affect the quality of pin assignment. Use set_db assign_pins_restricted_boundary_macro_distance and set_db assign_pins_blocked_boundary_macro_distance with smaller distance to remove influence of this modes in pin assignment.
**WARN: (IMPPTN-1754):	89.96% of possible pin-positions on layer [3] on the top side of partition [fa_top] from (0.24, 3293.37) to (535.44, 3293.37) are blocked due to an instance [u_core/u_dot/u_k_sram/g_bank[2].u_bank/u_mem] at [5.68] microns from partition boundary. This may affect the quality of pin assignment. Use set_db assign_pins_restricted_boundary_macro_distance and set_db assign_pins_blocked_boundary_macro_distance with smaller distance to remove influence of this modes in pin assignment.
**WARN: (IMPPTN-1754):	89.91% of possible pin-positions on layer [5] on the top side of partition [fa_top] from (0.96, 3293.37) to (535.20, 3293.37) are blocked due to an instance [u_core/u_dot/u_k_sram/g_bank[2].u_bank/u_mem] at [5.68] microns from partition boundary. This may affect the quality of pin assignment. Use set_db assign_pins_restricted_boundary_macro_distance and set_db assign_pins_blocked_boundary_macro_distance with smaller distance to remove influence of this modes in pin assignment.
**WARN: (IMPPTN-1754):	89.96% of possible pin-positions on layer [3] on the top side of partition [fa_top] from (773.52, 3293.37) to (1308.24, 3293.37) are blocked due to an instance [u_core/u_dot/u_k_sram/g_bank[6].u_bank/u_mem] at [5.68] microns from partition boundary. This may affect the quality of pin assignment. Use set_db assign_pins_restricted_boundary_macro_distance and set_db assign_pins_blocked_boundary_macro_distance with smaller distance to remove influence of this modes in pin assignment.
**WARN: (IMPPTN-1754):	89.92% of possible pin-positions on layer [5] on the top side of partition [fa_top] from (773.52, 3293.37) to (1308.48, 3293.37) are blocked due to an instance [u_core/u_dot/u_k_sram/g_bank[6].u_bank/u_mem] at [5.68] microns from partition boundary. This may affect the quality of pin assignment. Use set_db assign_pins_restricted_boundary_macro_distance and set_db assign_pins_blocked_boundary_macro_distance with smaller distance to remove influence of this modes in pin assignment.
**WARN: (IMPPTN-1754):	89.92% of possible pin-positions on layer [2] on the right side of partition [fa_top] from (3293.45, 11.29) to (3293.45, 231.06) are blocked due to an instance [u_core/u_update/u_v_sram/g_bank[0].u_bank_p0/u_mem] at [1.04] microns from partition boundary. This may affect the quality of pin assignment. Use set_db assign_pins_restricted_boundary_macro_distance and set_db assign_pins_blocked_boundary_macro_distance with smaller distance to remove influence of this modes in pin assignment.
**WARN: (IMPPTN-1754):	89.92% of possible pin-positions on layer [2] on the right side of partition [fa_top] from (3293.45, 248.09) to (3293.45, 467.87) are blocked due to an instance [u_core/u_update/u_v_sram/g_bank[0].u_bank_p1/u_mem] at [1.04] microns from partition boundary. This may affect the quality of pin assignment. Use set_db assign_pins_restricted_boundary_macro_distance and set_db assign_pins_blocked_boundary_macro_distance with smaller distance to remove influence of this modes in pin assignment.
**WARN: (IMPPTN-1754):	89.92% of possible pin-positions on layer [2] on the right side of partition [fa_top] from (3293.45, 484.88) to (3293.45, 704.66) are blocked due to an instance [u_core/u_update/u_v_sram/g_bank[1].u_bank_p0/u_mem] at [1.04] microns from partition boundary. This may affect the quality of pin assignment. Use set_db assign_pins_restricted_boundary_macro_distance and set_db assign_pins_blocked_boundary_macro_distance with smaller distance to remove influence of this modes in pin assignment.
**WARN: (IMPPTN-1754):	89.93% of possible pin-positions on layer [2] on the right side of partition [fa_top] from (3293.45, 721.32) to (3293.45, 941.47) are blocked due to an instance [u_core/u_update/u_v_sram/g_bank[1].u_bank_p1/u_mem] at [1.04] microns from partition boundary. This may affect the quality of pin assignment. Use set_db assign_pins_restricted_boundary_macro_distance and set_db assign_pins_blocked_boundary_macro_distance with smaller distance to remove influence of this modes in pin assignment.
**WARN: (IMPPTN-1754):	89.92% of possible pin-positions on layer [2] on the right side of partition [fa_top] from (3293.45, 958.12) to (3293.45, 1177.89) are blocked due to an instance [u_core/u_update/u_v_sram/g_bank[2].u_bank_p0/u_mem] at [1.04] microns from partition boundary. This may affect the quality of pin assignment. Use set_db assign_pins_restricted_boundary_macro_distance and set_db assign_pins_blocked_boundary_macro_distance with smaller distance to remove influence of this modes in pin assignment.
**WARN: (IMPPTN-1754):	89.92% of possible pin-positions on layer [2] on the right side of partition [fa_top] from (3293.45, 1194.91) to (3293.45, 1414.69) are blocked due to an instance [u_core/u_update/u_v_sram/g_bank[2].u_bank_p1/u_mem] at [1.04] microns from partition boundary. This may affect the quality of pin assignment. Use set_db assign_pins_restricted_boundary_macro_distance and set_db assign_pins_blocked_boundary_macro_distance with smaller distance to remove influence of this modes in pin assignment.
**WARN: (IMPPTN-1754):	89.92% of possible pin-positions on layer [2] on the right side of partition [fa_top] from (3293.45, 1431.71) to (3293.45, 1651.50) are blocked due to an instance [u_core/u_update/u_v_sram/g_bank[3].u_bank_p0/u_mem] at [1.04] microns from partition boundary. This may affect the quality of pin assignment. Use set_db assign_pins_restricted_boundary_macro_distance and set_db assign_pins_blocked_boundary_macro_distance with smaller distance to remove influence of this modes in pin assignment.
**WARN: (IMPPTN-1754):	89.92% of possible pin-positions on layer [2] on the right side of partition [fa_top] from (3293.45, 1668.52) to (3293.45, 1888.30) are blocked due to an instance [u_core/u_update/u_v_sram/g_bank[3].u_bank_p1/u_mem] at [1.04] microns from partition boundary. This may affect the quality of pin assignment. Use set_db assign_pins_restricted_boundary_macro_distance and set_db assign_pins_blocked_boundary_macro_distance with smaller distance to remove influence of this modes in pin assignment.
**WARN: (IMPPTN-1754):	89.98% of possible pin-positions on layer [2] on the left side of partition [fa_top] from (0.00, 0.18) to (0.00, 535.21) are blocked due to an instance [u_core/u_update/u_acc_sram/g_bank[0].u_bank/u_mem] at [5.68] microns from partition boundary. This may affect the quality of pin assignment. Use set_db assign_pins_restricted_boundary_macro_distance and set_db assign_pins_blocked_boundary_macro_distance with smaller distance to remove influence of this modes in pin assignment.
**WARN: (EMS-27):	Message (IMPPTN-1754) has exceeded the current message display limit of 20.
To increase the message display limit, refer to the product command reference manual.
Completed IO pin assignment.
There are 0 path_groups defined before optimization.
save_interface_files ...
%# Begin ::rcp_cui::save_interface_files (07/05 23:37:20, mem=3551.39M)
Writing Reduced outputs for Spatial High Effort
Info: Syncronize Metrics ...
UM: Running design category ...
      flow.cputime  flow.realtime  timing.setup.tns  timing.setup.wns  snapshot
UM:          11.02             11                                      invs2genus
rcp_cui::save_interface_file:  flow == 'fplan'
rcp_cui::save_interface_file:  fe_view_list == 'default_emulate_view'
rcp_cui::save_interface_file:  wnm_flow == '0'
rcp_cui::save_interface_file:  shep_write_congestion == '0'
rcp_cui::save_interface_file:  x2def_mode == '0'
rcp_cui::save_interface_file:  iprefix == 'genus2invs'
rcp_cui::save_interface_file:  idir == './genus2invs__3335645_f32480c4-0ec2-48a1-97fe-9f9858c12d7efa_top'
rcp_cui::save_interface_file:  design == 'design:fa_top'
rcp_cui::save_interface_file:  congestion_include_blockage == '0'
rcp_cui::save_interface_file:  chk_fp == '0'
rcp_cui::save_interface_file:  shep_save_only_db == '0'
rcp_cui::save_interface_file:  fe_colorized == '1'
rcp_cui::save_interface_file:  ndr_only == '1'
rcp_cui::save_interface_file:  innovus_constraint_interface == 'mmmc2'
rcp_cui::save_interface_file:  tim_mode == ''
rcp_cui::save_interface_file:  do_fp == '1'
rcp_cui::save_interface_file:  des_str == 'fa_top'
rcp_cui::save_interface_file:  spatial == '1'
rcp_cui::save_interface_file:  congestion_3d == '0'
rcp_cui::save_interface_file:  cts_effort == ''
rcp_cui::save_interface_file:  fe_use_um == '1'
rcp_cui::save_interface_file:  odir == './genus2invs__3335645_f32480c4-0ec2-48a1-97fe-9f9858c12d7efa_top'
rcp_cui::save_interface_file:  2d_compression == '0'
rcp_cui::save_interface_file:  do_fe_pd == '0'
rcp_cui::save_interface_file:  fp_mode == '1'
rcp_cui::save_interface_file:  incr_plc == '0'
rcp_cui::save_interface_file:  eco_mode == '0'
rcp_cui::save_interface_file:  cts_clk == ''
rcp_cui::save_interface_file:  oprefix == 'invs2genus'
rcp_cui::save_interface_file:  no_mmmc == '0'
rcp_cui::save_interface_file:  genus_constraint_interface == 'smsc'
rcp_cui::save_interface_file:  no_update == '0'
rcp_cui::save_interface_file:  do_sdp == '0'
rcp_cui::save_interface_file:  invs_ld_pd == '1'
rcp_cui::save_interface_file:  no_msv == '1'
rcp_cui::save_interface_file:  no_spef == '0'
rcp_cui::save_interface_file:  place_effort == ''
rcp_cui::save_interface_file:  tdrc_valid == '0'
rcp_cui::save_interface_file:  save_fe_db == '0'
rcp_cui::save_interface_file:  ispatial == '0'
rcp_cui::save_interface_file:  opt_effort == 'none'
rcp_cui::save_interface_file:  fe_consistency_check == '0'
rcp_cui::save_interface_file:  no_scan == '1'
rcp_cui::save_interface_file:  mem_mode == '0'
rcp_cui::save_interface_file:  del_corner == ''
rcp_cui::save_interface_file:  write_pin_properties == '0'
rcp_cui::save_interface_file:  qos_mode == '0'
rcp_cui::save_interface_file:  hdl_name_flow == '0'
rcp_cui::save_interface_file:  fe_wnm_file == ''
rcp_cui::save_interface_file:  fe_mcmd == './genus2invs__3335645_f32480c4-0ec2-48a1-97fe-9f9858c12d7efa_top/invs2genus.cmdWarn'
rcp_cui::save_interface_file:  fe_pwr == ''
rcp_cui::save_interface_file:  fe_1801 == ''
rcp_cui::save_interface_file:  fe_flag == './genus2invs__3335645_f32480c4-0ec2-48a1-97fe-9f9858c12d7efa_top/.invs2genus.encDone'
rcp_cui::save_interface_file:  fe_xdata == './genus2invs__3335645_f32480c4-0ec2-48a1-97fe-9f9858c12d7efa_top/invs2genus.xdata'
rcp_cui::save_interface_file:  fe_fcmd == './genus2invs__3335645_f32480c4-0ec2-48a1-97fe-9f9858c12d7efa_top/invs2genus.cmdFail'
rcp_cui::save_interface_file:  fe_sdef == './genus2invs__3335645_f32480c4-0ec2-48a1-97fe-9f9858c12d7efa_top/invs2genus.scan.def'
rcp_cui::save_interface_file:  fe_load_stat == './genus2invs__3335645_f32480c4-0ec2-48a1-97fe-9f9858c12d7efa_top/invs2genus_load.stat'
rcp_cui::save_interface_file:  fe_def_lnk == './genus2invs__3335645_f32480c4-0ec2-48a1-97fe-9f9858c12d7efa_top/invs2genus.def.gz'
rcp_cui::save_interface_file:  fe_ndr == './genus2invs__3335645_f32480c4-0ec2-48a1-97fe-9f9858c12d7efa_top/invs2genus.ndr.tcl'
rcp_cui::save_interface_file:  fe_pd == ''
rcp_cui::save_interface_file:  fe_globals == './genus2invs__3335645_f32480c4-0ec2-48a1-97fe-9f9858c12d7efa_top/invs2genus.globals'
rcp_cui::save_interface_file:  fe_tcf == ''
rcp_cui::save_interface_file:  fe_rc == './genus2invs__3335645_f32480c4-0ec2-48a1-97fe-9f9858c12d7efa_top/invs2genus_final.avgRC'
rcp_cui::save_interface_file:  fe_load_rpt == './genus2invs__3335645_f32480c4-0ec2-48a1-97fe-9f9858c12d7efa_top/invs2genus_load'
rcp_cui::save_interface_file:  fe_db == './genus2invs__3335645_f32480c4-0ec2-48a1-97fe-9f9858c12d7efa_top/invs2genus_db'
rcp_cui::save_interface_file:  fe_subdesign_taf == './genus2invs__3335645_f32480c4-0ec2-48a1-97fe-9f9858c12d7efa_top/invs2genus.subdesign_attributes.taf.gz'
rcp_cui::save_interface_file:  fe_rpt == './genus2invs__3335645_f32480c4-0ec2-48a1-97fe-9f9858c12d7efa_top/invs2genus_final'
rcp_cui::save_interface_file:  fe_metrics == './genus2invs__3335645_f32480c4-0ec2-48a1-97fe-9f9858c12d7efa_top/invs2genus.metrics.json'
rcp_cui::save_interface_file:  fe_sdp == ''
rcp_cui::save_interface_file:  fe_def == './genus2invs__3335645_f32480c4-0ec2-48a1-97fe-9f9858c12d7efa_top/invs2genus.def.gz'
rcp_cui::save_interface_file:  fe_vflag == './genus2invs__3335645_f32480c4-0ec2-48a1-97fe-9f9858c12d7efa_top/.invs2genus.encVerFail'
rcp_cui::save_interface_file:  fe_inst_taf == './genus2invs__3335645_f32480c4-0ec2-48a1-97fe-9f9858c12d7efa_top/invs2genus.inst_attributes.taf.gz'
rcp_cui::save_interface_file:  fe_con == './genus2invs__3335645_f32480c4-0ec2-48a1-97fe-9f9858c12d7efa_top/invs2genus.sdc'
rcp_cui::save_interface_file:  fe_cpf == ''
rcp_cui::save_interface_file:  fe_mmmc == './genus2invs__3335645_f32480c4-0ec2-48a1-97fe-9f9858c12d7efa_top/invs2genus.mmmc.tcl'
rcp_cui::save_interface_file:  fe_gridinfo == './genus2invs__3335645_f32480c4-0ec2-48a1-97fe-9f9858c12d7efa_top/invs2genus.gridinfo'
rcp_cui::save_interface_file:  fe_log == './genus2invs__3335645_f32480c4-0ec2-48a1-97fe-9f9858c12d7efa_top/innovus'
rcp_cui::save_interface_file:  fe_cts == './genus2invs__3335645_f32480c4-0ec2-48a1-97fe-9f9858c12d7efa_top/invs2genus.ctstch'
rcp_cui::save_interface_file:  fe_nl == './genus2invs__3335645_f32480c4-0ec2-48a1-97fe-9f9858c12d7efa_top/invs2genus.v.gz'
rcp_cui::save_interface_file:  fe_reportwire == './genus2invs__3335645_f32480c4-0ec2-48a1-97fe-9f9858c12d7efa_top/invs2genus.reportwire.txt'
rcp_cui::save_interface_file:  fe_svr == './genus2invs__3335645_f32480c4-0ec2-48a1-97fe-9f9858c12d7efa_top/invs2genus.svr.tcl'
rcp_cui::save_interface_file:  fe_lec == './genus2invs__3335645_f32480c4-0ec2-48a1-97fe-9f9858c12d7efa_top/invs2genus.lec.taf.gz'
rcp_cui::save_interface_file:  fe_stat == './genus2invs__3335645_f32480c4-0ec2-48a1-97fe-9f9858c12d7efa_top/invs2genus_final.stat'
rcp_cui::save_interface_file:  fe_basename == './genus2invs__3335645_f32480c4-0ec2-48a1-97fe-9f9858c12d7efa_top/invs2genus'
rcp_cui::save_interface_file:  fe_lflag == './genus2invs__3335645_f32480c4-0ec2-48a1-97fe-9f9858c12d7efa_top/.invs2genus.encLicFail'
rcp_cui::save_interface_file:  fe_spef == ''
rcp_cui::save_interface_file:  fe_dotg == './genus2invs__3335645_f32480c4-0ec2-48a1-97fe-9f9858c12d7efa_top/invs2genus.g.gz'
rcp_cui::save_interface_file:  fe_ndr_taf == './genus2invs__3335645_f32480c4-0ec2-48a1-97fe-9f9858c12d7efa_top/invs2genus.ndr.taf.gz'
rcp_cui::save_interface_file:  fe_final_db == ''
rcp_cui::save_interface_file:  fe_route_cmap == ''
rcp_cui::save_interface_file:  fe_aae == './genus2invs__3335645_f32480c4-0ec2-48a1-97fe-9f9858c12d7efa_top/invs2genus.aae_globals.tcl'
STATS: Capture
Writing DEF file './genus2invs__3335645_f32480c4-0ec2-48a1-97fe-9f9858c12d7efa_top/invs2genus.def.gz', current time is Sun Jul  5 23:37:27 2026 ...
unitPerMicron=1000, dbgMicronPerDBU=0.001000, unitPerDBU=1.000000
DEF file './genus2invs__3335645_f32480c4-0ec2-48a1-97fe-9f9858c12d7efa_top/invs2genus.def.gz' is written, current time is Sun Jul  5 23:37:27 2026 ...
      flow.cputime  flow.realtime  timing.setup.tns  timing.setup.wns  snapshot
UM:*                                                                   write_def
Resetting transient modes.
%# Begin ::rcp::wait_for_children (07/05 23:37:27, mem=3585.89M)
Starting parallel execution of queued child processes.
%# End ::rcp::wait_for_children (07/05 23:37:27, total cpu=16:00:00, real=16:00:00, peak res=4804.25M, current mem=3585.89M)

Writing out Metrics file - ./genus2invs__3335645_f32480c4-0ec2-48a1-97fe-9f9858c12d7efa_top/invs2genus.metrics.json
      flow.cputime  flow.realtime  timing.setup.tns  timing.setup.wns  snapshot
UM:*                                                                   invs2genus_export
%# Begin rcp::final_db (07/05 23:37:28, mem=3587.61M)
%# End rcp::final_db (07/05 23:37:28, total cpu=16:00:00, real=16:00:00, peak res=4804.25M, current mem=3587.61M)
%# End ::rcp_cui::save_interface_files (07/05 23:37:28, total cpu=16:00:07, real=16:00:08, peak res=4804.25M, current mem=3587.61M)
Writing extraction data from Innovus to ./genus2invs__3335645_f32480c4-0ec2-48a1-97fe-9f9858c12d7efa_top/invs2genus.xdata
{99,99}
*** Message Summary: 1606 warning(s), 198020 error(s)


*** Memory Usage v#3 (Current mem = 3588.562M, initial mem = 970.465M) ***
--- Ending "Innovus" (totcpu=0:09:36, real=0:04:16, mem=3588.6M) ---


Finished batch session (command execution time: real mm:ss 04:21).
%# End launch_innovus (07/05 23:37:31, total cpu=16:00:01, real=16:04:22, peak res=5677.50M, current mem=2869.76M)
Updating database...
%# Begin phys_update_database (07/05 23:37:31, mem=2869.76M)
%# Begin preload_script (07/05 23:37:32, mem=2869.76M)
%# End preload_script (07/05 23:37:32, total cpu=16:00:00, real=16:00:00, peak res=5677.50M, current mem=2869.76M)
      flow.cputime  flow.realtime  timing.setup.tns  timing.setup.wns  snapshot
UM:*                                                                   preload_script
%# Begin read_metric (07/05 23:37:32, mem=2869.76M)
%# End read_metric (07/05 23:37:32, total cpu=16:00:00, real=16:00:00, peak res=5677.50M, current mem=2869.76M)
      flow.cputime  flow.realtime  timing.setup.tns  timing.setup.wns  snapshot
UM:*                                                                   read_metric
  Resetting attribute of root '/': 'init_state' = uninitialized
Warning : This attribute will be obsolete in a next major release. [TUI-32]
        : attribute: 'enc_statistics', object type: 'design'
Warning : This attribute will be obsolete in a next major release. [TUI-32]
        : attribute: 'enc_version', object type: 'design'
%# Begin read_sdc (07/05 23:37:32, mem=2869.76M)
%# End read_sdc (07/05 23:37:32, total cpu=16:00:00, real=16:00:00, peak res=5677.50M, current mem=2869.76M)
      flow.cputime  flow.realtime  timing.setup.tns  timing.setup.wns  snapshot
UM:*                                                                   read_sdc
%# Begin read_def (07/05 23:37:32, mem=2869.76M)

Reading and processing DEF file './genus2invs__3335645_f32480c4-0ec2-48a1-97fe-9f9858c12d7efa_top/invs2genus.def.gz'...
Warning : Enabling message severity downgrade. [TUI-82]
        : Enabling message severity downgrade can result in unexpected tool behavior.
Parsing DEF file...


Done parsing DEF file (wall time: 3s, CPU time: 2290ms).
Processing DEF file...

Creating gcells from DEF (count: 169442)
  Summary report for DEF file './genus2invs__3335645_f32480c4-0ec2-48a1-97fe-9f9858c12d7efa_top/invs2genus.def.gz'

    Components
    ----------
        Cover:  0
        Fixed: 37
   Soft Fixed:  0
     Physical:  0
         Bump:  0
       Placed:  0
     Unplaced:  0
        TOTAL: 37 (37 are class macro)
   
          Pins
          ----
        Cover:   0
        Fixed: 847
     Physical:   0
       Placed:   0
     Unplaced:   0
        TOTAL: 847
   
          Nets
          ----
         Read: 0
      Skipped: 0
        TOTAL: 0
   
   SpecialNets
   -----------
         Read: 0
      Skipped: 0
        TOTAL: 0
   
       Fences: 0
       Guides: 0
      Regions: 0

Done processing DEF file (wall time: 0s, CPU time: 197ms).
   
  ========================
  Physical Message Summary
  ========================
   
  37 / 0  I  PHYS-181  Full preserve set on instance.
   
Info : Initializing 2-D Early Global router engine...
Info : Installing 2-D Early Global router...
Info : Early Global router engine is using 8 threads.
Info : 2-D Early Global router initialization complete.
Info : 2-D Early Global router installation complete.
Info : Installing 3-D Early Global router...
Info : 3-D Early Global router installation complete.
Warning : Enabling message severity downgrade. [TUI-82]
        : Enabling message severity downgrade can result in unexpected tool behavior.
Done reading and processing DEF file './genus2invs__3335645_f32480c4-0ec2-48a1-97fe-9f9858c12d7efa_top/invs2genus.def.gz' (wall time: 5s, CPU time: 4204ms).

%# End read_def (07/05 23:37:37, total cpu=16:00:04, real=16:00:05, peak res=5677.50M, current mem=3514.34M)
      flow.cputime  flow.realtime  timing.setup.tns  timing.setup.wns  snapshot
UM:*                                                                   read_def
%# End phys_update_database (07/05 23:37:37, total cpu=16:00:05, real=16:00:06, peak res=5677.50M, current mem=3514.34M)
      flow.cputime  flow.realtime  timing.setup.tns  timing.setup.wns  snapshot
UM:*                                                                   phys_update_database




Finished floorplan prediction (command execution time mm:ss (real) = 06:52).

INFO: predict_floorplan succeeded.
INFO: Running physical-aware synthesis stages.

=============================================================================
  Generated by: Cadence Genus(TM) Synthesis Solution 25.12-s067_1
  Generated on: Jul  5 2026 23:37:46
  Module:       fa_top
=============================================================================

=========================
  check_floorplan SUMMARY
=========================
--------------------------------------------------------------------------------------------------------------
        Floorplan Object  |  Status  | #Violations |   #Total    |    ID     |  Violation Reason 
--------------------------------------------------------------------------------------------------------------
Core/Die Box              |   PASS   |          0  |          1  |           |                                                             
ROW Definitions           |   PASS   |          0  |          1  |           |                                                             
ROW Site References       |   PASS   |          0  |        989  |           |                                                             
Primary Port Placement    |   PASS   |          0  |        847  |           |                                                             
Hard Macro Placement      |   PASS   |          0  |         37  |           |                                                             
Macro Pin Outside Die     |   PASS   |          0  |       8145  |           |                                                             
Sites With No Rows        |   PASS   |          0  |          1  |           |                                                             
--------------------------------------------------------------------------------------------------------------

There is no error or warning detected for the floorplan.

Done checking floorplan - Elapsed time 0s, CPU time: 0.05s

Checking routing resources.

Done checking routing resources.
stamp 'PBS_Generic-Start' being created for table 'pbs_debug'

  Total Time (Wall) |  Stage Time (Wall)  |   % (Wall)   |    Date - Time     |  Memory   | Stage
--------------------+---------------------+--------------+--------------------+-----------+----------------------
 00:03:37(00:08:08) |  00:00:00(00:00:00) |   0.0(  0.0) |   23:37:48 (Jul05) |   2.38 GB | PBS_Generic-Start
--------------------+---------------------+--------------+--------------------+-----------+----------------------
Number of threads: 8 * 2   (id: pbs_debug, time_info v1.57)
Info: (*N*) indicates data that was populated from previously saved time_info database
Info: CPU time includes time of parent + longest thread
Info    : Undriven module input port. [ELABUTL-131]
        : Assuming a logic '0' value for undriven bits of port 'wr_valid' of instance 'u_stream' of module 'axi_stream_data_adapter'.
        : The 'hdl_unconnected_value' attribute controls treatment of undriven input port.
Info    : Undriven module input port. [ELABUTL-131]
        : Assuming a logic '0' value for undriven bits of port 'wr_data' of instance 'u_stream' of module 'axi_stream_data_adapter'.
Info    : Undriven module input port. [ELABUTL-131]
        : Assuming a logic '0' value for undriven bits of port 'wr_strb' of instance 'u_stream' of module 'axi_stream_data_adapter'.
Info    : Undriven module input port. [ELABUTL-131]
        : Assuming a logic '0' value for undriven bits of port 'wr_last' of instance 'u_stream' of module 'axi_stream_data_adapter'.
Info    : Deleting instances not driving any primary outputs. [GLO-34]
        : Deleting 479 sequential instances.
        : Optimizations such as constant propagation or redundancy removal could change the connections so a hierarchical instance does not drive any primary outputs anymore. To see the list of deleted hierarchical instances, set the 'information_level' attribute to 2 or above. If the message is truncated set the message attribute 'truncate' to false to see the complete list. To prevent this optimization, set the 'delete_unloaded_insts' root/subdesign attribute to 'false' or 'preserve' instance attribute to 'true'.
Info    : Deleting instances not driving any primary outputs. [GLO-34]
        : Deleting 26 hierarchical instances.

Stage: pre_early_cg
-----------------------------------------------
| Transform | Accepts | Rejects | Runtime (s) | 
-----------------------------------------------
-----------------------------------------------
Mapping ChipWare ICG instances in fa_top
Found 0 unmapped ChipWare ICG instances
Mapped 0 of 0 ChipWare ICG instances
##Generic Timing Info: typical gate delay  133.9 ps   std_slew:   16.0 ps   std_load:  4.8 fF  for library domain _default_
Starting mux data reorder optimization [v1.0] (stage: pre_to_gen_setup, startdef: fa_top, recur: true)
Completed mux data reorder optimization (accepts: 0, rejects: 0, runtime: 0.008s)

Stage: pre_to_gen_setup
-----------------------------------------------------
| Transform       | Accepts | Rejects | Runtime (s) | 
-----------------------------------------------------
| hlo_mux_reorder |       0 |       0 |        0.01 | 
-----------------------------------------------------
Running DP early constant propagation (netlist fa_top)...
Running DP early redundancy removal
Completed DP early redundancy removal on fa_top (runtime = 1.0s)
Multi-threaded constant propagation [4|0] ...
Info    : Replacing the synchronous part of an always feeding back flip-flop with a logic constant. [GLO-45]
        : The instance is 'u_page/cmd_bytes_reg[15]'. The constant is '0'.
        : To prevent this optimization, set 'optimize_constant_feedback_seqs' root attribute to 'false'. The instance attribute 'optimize_constant_feedback_seq' controls this optimization. 
Info    : Replacing the synchronous part of an always feeding back flip-flop with a logic constant. [GLO-45]
        : The instance is 'u_page/cmd_bytes_reg[14]'. The constant is '0'.
Info    : Replacing the synchronous part of an always feeding back flip-flop with a logic constant. [GLO-45]
        : The instance is 'u_page/cmd_bytes_reg[13]'. The constant is '0'.
Info    : Replacing the synchronous part of an always feeding back flip-flop with a logic constant. [GLO-45]
        : The instance is 'u_page/cmd_bytes_reg[12]'. The constant is '0'.
Info    : Replacing the synchronous part of an always feeding back flip-flop with a logic constant. [GLO-45]
        : The instance is 'u_page/cmd_bytes_reg[11]'. The constant is '0'.
Info    : Replacing the synchronous part of an always feeding back flip-flop with a logic constant. [GLO-45]
        : The instance is 'u_page/cmd_bytes_reg[10]'. The constant is '1'.
Info    : Replacing the synchronous part of an always feeding back flip-flop with a logic constant. [GLO-45]
        : The instance is 'u_page/cmd_bytes_reg[9]'. The constant is '0'.
Info    : Replacing the synchronous part of an always feeding back flip-flop with a logic constant. [GLO-45]
        : The instance is 'u_page/cmd_bytes_reg[8]'. The constant is '0'.
Info    : Replacing the synchronous part of an always feeding back flip-flop with a logic constant. [GLO-45]
        : The instance is 'u_page/cmd_bytes_reg[7]'. The constant is '0'.
Info    : Replacing the synchronous part of an always feeding back flip-flop with a logic constant. [GLO-45]
        : The instance is 'u_page/cmd_bytes_reg[6]'. The constant is '0'.
Info    : Replacing the synchronous part of an always feeding back flip-flop with a logic constant. [GLO-45]
        : The instance is 'u_page/cmd_bytes_reg[5]'. The constant is '0'.
Info    : Replacing the synchronous part of an always feeding back flip-flop with a logic constant. [GLO-45]
        : The instance is 'u_page/cmd_bytes_reg[4]'. The constant is '0'.
Info    : Replacing a flip-flop with a logic constant 0. [GLO-12]
        : The instance is 'u_page/cmd_bytes_reg[4]'.
        : To prevent this optimization, set the 'optimize_constant_0_flops' root attribute to 'false' or 'optimize_constant_0_seq' instance attribute to 'false'. You can also see the complete list of deleted sequential with command "report sequential -deleted" (on Reason "constant0").
Info    : Replacing a flip-flop with a logic constant 0. [GLO-12]
        : The instance is 'u_page/cmd_bytes_reg[5]'.
Info    : Replacing a flip-flop with a logic constant 0. [GLO-12]
        : The instance is 'u_page/cmd_bytes_reg[6]'.
Info    : Replacing a flip-flop with a logic constant 0. [GLO-12]
        : The instance is 'u_page/cmd_bytes_reg[7]'.
Info    : Replacing a flip-flop with a logic constant 0. [GLO-12]
        : The instance is 'u_page/cmd_bytes_reg[8]'.
Info    : Replacing a flip-flop with a logic constant 0. [GLO-12]
        : The instance is 'u_page/cmd_bytes_reg[9]'.
Info    : Replacing a flip-flop with a logic constant 1. [GLO-13]
        : The instance is 'u_page/cmd_bytes_reg[10]'.
        : To prevent this optimization, set the 'optimize_constant_1_flops' root attribute to 'false' or 'optimize_constant_1_seq' instance attribute to 'false'.
Info    : Replacing a flip-flop with a logic constant 0. [GLO-12]
        : The instance is 'u_page/cmd_bytes_reg[11]'.
Info    : Replacing a flip-flop with a logic constant 0. [GLO-12]
        : The instance is 'u_page/cmd_bytes_reg[12]'.
Info    : Replacing a flip-flop with a logic constant 0. [GLO-12]
        : The instance is 'u_page/cmd_bytes_reg[13]'.
Info    : Replacing a flip-flop with a logic constant 0. [GLO-12]
        : The instance is 'u_page/cmd_bytes_reg[14]'.
Info    : Replacing a flip-flop with a logic constant 0. [GLO-12]
        : The instance is 'u_page/cmd_bytes_reg[15]'.
Info    : Replacing the synchronous part of an always feeding back flip-flop with a logic constant. [GLO-45]
        : The instance is 'u_stream/m_axis_tlast_reg'. The constant is '0'.
Info    : Replacing the synchronous part of an always feeding back flip-flop with a logic constant. [GLO-45]
        : The instance is 'u_stream/m_axis_tkeep_reg[15]'. The constant is '0'.
Info    : Replacing the synchronous part of an always feeding back flip-flop with a logic constant. [GLO-45]
        : The instance is 'u_stream/m_axis_tkeep_reg[14]'. The constant is '0'.
Info    : Replacing the synchronous part of an always feeding back flip-flop with a logic constant. [GLO-45]
        : The instance is 'u_stream/m_axis_tkeep_reg[13]'. The constant is '0'.
Info    : Replacing the synchronous part of an always feeding back flip-flop with a logic constant. [GLO-45]
        : The instance is 'u_stream/m_axis_tkeep_reg[12]'. The constant is '0'.
Info    : Replacing the synchronous part of an always feeding back flip-flop with a logic constant. [GLO-45]
        : The instance is 'u_stream/m_axis_tkeep_reg[11]'. The constant is '0'.
Info    : Replacing the synchronous part of an always feeding back flip-flop with a logic constant. [GLO-45]
        : The instance is 'u_stream/m_axis_tkeep_reg[10]'. The constant is '0'.
Info    : Replacing the synchronous part of an always feeding back flip-flop with a logic constant. [GLO-45]
        : The instance is 'u_stream/m_axis_tkeep_reg[9]'. The constant is '0'.
Warning : Maximum message print count reached. [MESG-11]
        : Maximum print count of '20' reached for message 'GLO-45'.
Info    : Replacing a flip-flop with a logic constant 0. [GLO-12]
        : The instance is 'u_stream/m_axis_tvalid_reg'.
Info    : Replacing a flip-flop with a logic constant 0. [GLO-12]
        : The instance is 'u_stream/m_axis_tdata_reg[0]'.
Info    : Replacing a flip-flop with a logic constant 0. [GLO-12]
        : The instance is 'u_stream/m_axis_tdata_reg[1]'.
Info    : Replacing a flip-flop with a logic constant 0. [GLO-12]
        : The instance is 'u_stream/m_axis_tdata_reg[2]'.
Info    : Replacing a flip-flop with a logic constant 0. [GLO-12]
        : The instance is 'u_stream/m_axis_tdata_reg[3]'.
Info    : Replacing a flip-flop with a logic constant 0. [GLO-12]
        : The instance is 'u_stream/m_axis_tdata_reg[4]'.
Info    : Replacing a flip-flop with a logic constant 0. [GLO-12]
        : The instance is 'u_stream/m_axis_tdata_reg[5]'.
Info    : Replacing a flip-flop with a logic constant 0. [GLO-12]
        : The instance is 'u_stream/m_axis_tdata_reg[6]'.
Info    : Replacing a flip-flop with a logic constant 0. [GLO-12]
        : The instance is 'u_stream/m_axis_tdata_reg[7]'.
Info    : Replacing a flip-flop with a logic constant 0. [GLO-12]
        : The instance is 'u_stream/m_axis_tdata_reg[8]'.
Info    : Replacing a flip-flop with a logic constant 0. [GLO-12]
        : The instance is 'u_stream/m_axis_tdata_reg[9]'.
Info    : Replacing a flip-flop with a logic constant 0. [GLO-12]
        : The instance is 'u_stream/m_axis_tdata_reg[10]'.
Info    : Replacing a flip-flop with a logic constant 0. [GLO-12]
        : The instance is 'u_stream/m_axis_tdata_reg[11]'.
Info    : Replacing a flip-flop with a logic constant 0. [GLO-12]
        : The instance is 'u_stream/m_axis_tdata_reg[12]'.
Info    : Replacing a flip-flop with a logic constant 0. [GLO-12]
        : The instance is 'u_stream/m_axis_tdata_reg[13]'.
Info    : Replacing a flip-flop with a logic constant 0. [GLO-12]
        : The instance is 'u_stream/m_axis_tdata_reg[14]'.
Info    : Replacing a flip-flop with a logic constant 0. [GLO-12]
        : The instance is 'u_stream/m_axis_tdata_reg[15]'.
Info    : Replacing a flip-flop with a logic constant 0. [GLO-12]
        : The instance is 'u_stream/m_axis_tdata_reg[16]'.
Info    : Replacing a flip-flop with a logic constant 0. [GLO-12]
        : The instance is 'u_stream/m_axis_tdata_reg[17]'.
Info    : Replacing a flip-flop with a logic constant 0. [GLO-12]
        : The instance is 'u_stream/m_axis_tdata_reg[18]'.
Info    : Replacing a flip-flop with a logic constant 0. [GLO-12]
        : The instance is 'u_stream/m_axis_tdata_reg[19]'.
Info    : Replacing a flip-flop with a logic constant 0. [GLO-12]
        : The instance is 'u_stream/m_axis_tdata_reg[20]'.
Info    : Replacing a flip-flop with a logic constant 0. [GLO-12]
        : The instance is 'u_stream/m_axis_tdata_reg[21]'.
Info    : Replacing a flip-flop with a logic constant 0. [GLO-12]
        : The instance is 'u_stream/m_axis_tdata_reg[22]'.
Info    : Replacing a flip-flop with a logic constant 0. [GLO-12]
        : The instance is 'u_stream/m_axis_tdata_reg[23]'.
Info    : Replacing a flip-flop with a logic constant 0. [GLO-12]
        : The instance is 'u_stream/m_axis_tdata_reg[24]'.
Info    : Replacing a flip-flop with a logic constant 0. [GLO-12]
        : The instance is 'u_stream/m_axis_tdata_reg[25]'.
Info    : Replacing a flip-flop with a logic constant 0. [GLO-12]
        : The instance is 'u_stream/m_axis_tdata_reg[26]'.
Info    : Replacing a flip-flop with a logic constant 0. [GLO-12]
        : The instance is 'u_stream/m_axis_tdata_reg[27]'.
Info    : Replacing a flip-flop with a logic constant 0. [GLO-12]
        : The instance is 'u_stream/m_axis_tdata_reg[28]'.
Info    : Replacing a flip-flop with a logic constant 0. [GLO-12]
        : The instance is 'u_stream/m_axis_tdata_reg[29]'.
Info    : Replacing a flip-flop with a logic constant 0. [GLO-12]
        : The instance is 'u_stream/m_axis_tdata_reg[30]'.
Info    : Replacing a flip-flop with a logic constant 0. [GLO-12]
        : The instance is 'u_stream/m_axis_tdata_reg[31]'.
Info    : Replacing a flip-flop with a logic constant 0. [GLO-12]
        : The instance is 'u_stream/m_axis_tdata_reg[32]'.
Info    : Replacing a flip-flop with a logic constant 0. [GLO-12]
        : The instance is 'u_stream/m_axis_tdata_reg[33]'.
Info    : Replacing a flip-flop with a logic constant 0. [GLO-12]
        : The instance is 'u_stream/m_axis_tdata_reg[34]'.
Info    : Replacing a flip-flop with a logic constant 0. [GLO-12]
        : The instance is 'u_stream/m_axis_tdata_reg[35]'.
Info    : Replacing a flip-flop with a logic constant 0. [GLO-12]
        : The instance is 'u_stream/m_axis_tdata_reg[36]'.
Info    : Replacing a flip-flop with a logic constant 0. [GLO-12]
        : The instance is 'u_stream/m_axis_tdata_reg[37]'.
Info    : Replacing a flip-flop with a logic constant 0. [GLO-12]
        : The instance is 'u_stream/m_axis_tdata_reg[38]'.
Info    : Replacing a flip-flop with a logic constant 0. [GLO-12]
        : The instance is 'u_stream/m_axis_tdata_reg[39]'.
Info    : Replacing a flip-flop with a logic constant 0. [GLO-12]
        : The instance is 'u_stream/m_axis_tdata_reg[40]'.
Info    : Replacing a flip-flop with a logic constant 0. [GLO-12]
        : The instance is 'u_stream/m_axis_tdata_reg[41]'.
Info    : Replacing a flip-flop with a logic constant 0. [GLO-12]
        : The instance is 'u_stream/m_axis_tdata_reg[42]'.
Info    : Replacing a flip-flop with a logic constant 0. [GLO-12]
        : The instance is 'u_stream/m_axis_tdata_reg[43]'.
Info    : Replacing a flip-flop with a logic constant 0. [GLO-12]
        : The instance is 'u_stream/m_axis_tdata_reg[44]'.
Info    : Replacing a flip-flop with a logic constant 0. [GLO-12]
        : The instance is 'u_stream/m_axis_tdata_reg[45]'.
Info    : Replacing a flip-flop with a logic constant 0. [GLO-12]
        : The instance is 'u_stream/m_axis_tdata_reg[46]'.
Info    : Replacing a flip-flop with a logic constant 0. [GLO-12]
        : The instance is 'u_stream/m_axis_tdata_reg[47]'.
Info    : Replacing a flip-flop with a logic constant 0. [GLO-12]
        : The instance is 'u_stream/m_axis_tdata_reg[48]'.
Info    : Replacing a flip-flop with a logic constant 0. [GLO-12]
        : The instance is 'u_stream/m_axis_tdata_reg[49]'.
Info    : Replacing a flip-flop with a logic constant 0. [GLO-12]
        : The instance is 'u_stream/m_axis_tdata_reg[50]'.
Info    : Replacing a flip-flop with a logic constant 0. [GLO-12]
        : The instance is 'u_stream/m_axis_tdata_reg[51]'.
Info    : Replacing a flip-flop with a logic constant 0. [GLO-12]
        : The instance is 'u_stream/m_axis_tdata_reg[52]'.
Info    : Replacing a flip-flop with a logic constant 0. [GLO-12]
        : The instance is 'u_stream/m_axis_tdata_reg[53]'.
Info    : Replacing a flip-flop with a logic constant 0. [GLO-12]
        : The instance is 'u_stream/m_axis_tdata_reg[54]'.
Info    : Replacing a flip-flop with a logic constant 0. [GLO-12]
        : The instance is 'u_stream/m_axis_tdata_reg[55]'.
Info    : Replacing a flip-flop with a logic constant 0. [GLO-12]
        : The instance is 'u_stream/m_axis_tdata_reg[56]'.
Info    : Replacing a flip-flop with a logic constant 0. [GLO-12]
        : The instance is 'u_stream/m_axis_tdata_reg[57]'.
Info    : Replacing a flip-flop with a logic constant 0. [GLO-12]
        : The instance is 'u_stream/m_axis_tdata_reg[58]'.
Info    : Replacing a flip-flop with a logic constant 0. [GLO-12]
        : The instance is 'u_stream/m_axis_tdata_reg[59]'.
Info    : Replacing a flip-flop with a logic constant 0. [GLO-12]
        : The instance is 'u_stream/m_axis_tdata_reg[60]'.
Info    : Replacing a flip-flop with a logic constant 0. [GLO-12]
        : The instance is 'u_stream/m_axis_tdata_reg[61]'.
Info    : Replacing a flip-flop with a logic constant 0. [GLO-12]
        : The instance is 'u_stream/m_axis_tdata_reg[62]'.
Info    : Replacing a flip-flop with a logic constant 0. [GLO-12]
        : The instance is 'u_stream/m_axis_tdata_reg[63]'.
Info    : Replacing a flip-flop with a logic constant 0. [GLO-12]
        : The instance is 'u_stream/m_axis_tdata_reg[64]'.
Info    : Replacing a flip-flop with a logic constant 0. [GLO-12]
        : The instance is 'u_stream/m_axis_tdata_reg[65]'.
Info    : Replacing a flip-flop with a logic constant 0. [GLO-12]
        : The instance is 'u_stream/m_axis_tdata_reg[66]'.
Info    : Replacing a flip-flop with a logic constant 0. [GLO-12]
        : The instance is 'u_stream/m_axis_tdata_reg[67]'.
Info    : Replacing a flip-flop with a logic constant 0. [GLO-12]
        : The instance is 'u_stream/m_axis_tdata_reg[68]'.
Info    : Replacing a flip-flop with a logic constant 0. [GLO-12]
        : The instance is 'u_stream/m_axis_tdata_reg[69]'.
Info    : Replacing a flip-flop with a logic constant 0. [GLO-12]
        : The instance is 'u_stream/m_axis_tdata_reg[70]'.
Info    : Replacing a flip-flop with a logic constant 0. [GLO-12]
        : The instance is 'u_stream/m_axis_tdata_reg[71]'.
Info    : Replacing a flip-flop with a logic constant 0. [GLO-12]
        : The instance is 'u_stream/m_axis_tdata_reg[72]'.
Info    : Replacing a flip-flop with a logic constant 0. [GLO-12]
        : The instance is 'u_stream/m_axis_tdata_reg[73]'.
Info    : Replacing a flip-flop with a logic constant 0. [GLO-12]
        : The instance is 'u_stream/m_axis_tdata_reg[74]'.
Info    : Replacing a flip-flop with a logic constant 0. [GLO-12]
        : The instance is 'u_stream/m_axis_tdata_reg[75]'.
Info    : Replacing a flip-flop with a logic constant 0. [GLO-12]
        : The instance is 'u_stream/m_axis_tdata_reg[76]'.
Info    : Replacing a flip-flop with a logic constant 0. [GLO-12]
        : The instance is 'u_stream/m_axis_tdata_reg[77]'.
Info    : Replacing a flip-flop with a logic constant 0. [GLO-12]
        : The instance is 'u_stream/m_axis_tdata_reg[78]'.
Info    : Replacing a flip-flop with a logic constant 0. [GLO-12]
        : The instance is 'u_stream/m_axis_tdata_reg[79]'.
Info    : Replacing a flip-flop with a logic constant 0. [GLO-12]
        : The instance is 'u_stream/m_axis_tdata_reg[80]'.
Info    : Replacing a flip-flop with a logic constant 0. [GLO-12]
        : The instance is 'u_stream/m_axis_tdata_reg[81]'.
Info    : Replacing a flip-flop with a logic constant 0. [GLO-12]
        : The instance is 'u_stream/m_axis_tdata_reg[82]'.
Info    : Replacing a flip-flop with a logic constant 0. [GLO-12]
        : The instance is 'u_stream/m_axis_tdata_reg[83]'.
Info    : Replacing a flip-flop with a logic constant 0. [GLO-12]
        : The instance is 'u_stream/m_axis_tdata_reg[84]'.
Info    : Replacing a flip-flop with a logic constant 0. [GLO-12]
        : The instance is 'u_stream/m_axis_tdata_reg[85]'.
Info    : Replacing a flip-flop with a logic constant 0. [GLO-12]
        : The instance is 'u_stream/m_axis_tdata_reg[86]'.
Info    : Replacing a flip-flop with a logic constant 0. [GLO-12]
        : The instance is 'u_stream/m_axis_tdata_reg[87]'.
Info    : Replacing a flip-flop with a logic constant 0. [GLO-12]
        : The instance is 'u_stream/m_axis_tdata_reg[88]'.
Info    : Replacing a flip-flop with a logic constant 0. [GLO-12]
        : The instance is 'u_stream/m_axis_tdata_reg[89]'.
Info    : Replacing a flip-flop with a logic constant 0. [GLO-12]
        : The instance is 'u_stream/m_axis_tdata_reg[90]'.
Info    : Replacing a flip-flop with a logic constant 0. [GLO-12]
        : The instance is 'u_stream/m_axis_tdata_reg[91]'.
Info    : Replacing a flip-flop with a logic constant 0. [GLO-12]
        : The instance is 'u_stream/m_axis_tdata_reg[92]'.
Info    : Replacing a flip-flop with a logic constant 0. [GLO-12]
        : The instance is 'u_stream/m_axis_tdata_reg[93]'.
Info    : Replacing a flip-flop with a logic constant 0. [GLO-12]
        : The instance is 'u_stream/m_axis_tdata_reg[94]'.
Info    : Replacing a flip-flop with a logic constant 0. [GLO-12]
        : The instance is 'u_stream/m_axis_tdata_reg[95]'.
Info    : Replacing a flip-flop with a logic constant 0. [GLO-12]
        : The instance is 'u_stream/m_axis_tdata_reg[96]'.
Info    : Replacing a flip-flop with a logic constant 0. [GLO-12]
        : The instance is 'u_stream/m_axis_tdata_reg[97]'.
Info    : Replacing a flip-flop with a logic constant 0. [GLO-12]
        : The instance is 'u_stream/m_axis_tdata_reg[98]'.
Info    : Replacing a flip-flop with a logic constant 0. [GLO-12]
        : The instance is 'u_stream/m_axis_tdata_reg[99]'.
Info    : Replacing a flip-flop with a logic constant 0. [GLO-12]
        : The instance is 'u_stream/m_axis_tdata_reg[100]'.
Info    : Replacing a flip-flop with a logic constant 0. [GLO-12]
        : The instance is 'u_stream/m_axis_tdata_reg[101]'.
Info    : Replacing a flip-flop with a logic constant 0. [GLO-12]
        : The instance is 'u_stream/m_axis_tdata_reg[102]'.
Info    : Replacing a flip-flop with a logic constant 0. [GLO-12]
        : The instance is 'u_stream/m_axis_tdata_reg[103]'.
Info    : Replacing a flip-flop with a logic constant 0. [GLO-12]
        : The instance is 'u_stream/m_axis_tdata_reg[104]'.
Info    : Replacing a flip-flop with a logic constant 0. [GLO-12]
        : The instance is 'u_stream/m_axis_tdata_reg[105]'.
Info    : Replacing a flip-flop with a logic constant 0. [GLO-12]
        : The instance is 'u_stream/m_axis_tdata_reg[106]'.
Info    : Replacing a flip-flop with a logic constant 0. [GLO-12]
        : The instance is 'u_stream/m_axis_tdata_reg[107]'.
Info    : Replacing a flip-flop with a logic constant 0. [GLO-12]
        : The instance is 'u_stream/m_axis_tdata_reg[108]'.
Info    : Replacing a flip-flop with a logic constant 0. [GLO-12]
        : The instance is 'u_stream/m_axis_tdata_reg[109]'.
Info    : Replacing a flip-flop with a logic constant 0. [GLO-12]
        : The instance is 'u_stream/m_axis_tdata_reg[110]'.
Info    : Replacing a flip-flop with a logic constant 0. [GLO-12]
        : The instance is 'u_stream/m_axis_tdata_reg[111]'.
Info    : Replacing a flip-flop with a logic constant 0. [GLO-12]
        : The instance is 'u_stream/m_axis_tdata_reg[112]'.
Info    : Replacing a flip-flop with a logic constant 0. [GLO-12]
        : The instance is 'u_stream/m_axis_tdata_reg[113]'.
Info    : Replacing a flip-flop with a logic constant 0. [GLO-12]
        : The instance is 'u_stream/m_axis_tdata_reg[114]'.
Info    : Replacing a flip-flop with a logic constant 0. [GLO-12]
        : The instance is 'u_stream/m_axis_tdata_reg[115]'.
Info    : Replacing a flip-flop with a logic constant 0. [GLO-12]
        : The instance is 'u_stream/m_axis_tdata_reg[116]'.
Info    : Replacing a flip-flop with a logic constant 0. [GLO-12]
        : The instance is 'u_stream/m_axis_tdata_reg[117]'.
Info    : Replacing a flip-flop with a logic constant 0. [GLO-12]
        : The instance is 'u_stream/m_axis_tdata_reg[118]'.
Info    : Replacing a flip-flop with a logic constant 0. [GLO-12]
        : The instance is 'u_stream/m_axis_tdata_reg[119]'.
Info    : Replacing a flip-flop with a logic constant 0. [GLO-12]
        : The instance is 'u_stream/m_axis_tdata_reg[120]'.
Info    : Replacing a flip-flop with a logic constant 0. [GLO-12]
        : The instance is 'u_stream/m_axis_tdata_reg[121]'.
Info    : Replacing a flip-flop with a logic constant 0. [GLO-12]
        : The instance is 'u_stream/m_axis_tdata_reg[122]'.
Info    : Replacing a flip-flop with a logic constant 0. [GLO-12]
        : The instance is 'u_stream/m_axis_tdata_reg[123]'.
Info    : Replacing a flip-flop with a logic constant 0. [GLO-12]
        : The instance is 'u_stream/m_axis_tdata_reg[124]'.
Info    : Replacing a flip-flop with a logic constant 0. [GLO-12]
        : The instance is 'u_stream/m_axis_tdata_reg[125]'.
Info    : Replacing a flip-flop with a logic constant 0. [GLO-12]
        : The instance is 'u_stream/m_axis_tdata_reg[126]'.
Info    : Replacing a flip-flop with a logic constant 0. [GLO-12]
        : The instance is 'u_stream/m_axis_tdata_reg[127]'.
Info    : Replacing a flip-flop with a logic constant 0. [GLO-12]
        : The instance is 'u_stream/m_axis_tkeep_reg[0]'.
Info    : Replacing a flip-flop with a logic constant 0. [GLO-12]
        : The instance is 'u_stream/m_axis_tkeep_reg[1]'.
Info    : Replacing a flip-flop with a logic constant 0. [GLO-12]
        : The instance is 'u_stream/m_axis_tkeep_reg[2]'.
Info    : Replacing a flip-flop with a logic constant 0. [GLO-12]
        : The instance is 'u_stream/m_axis_tkeep_reg[3]'.
Info    : Replacing a flip-flop with a logic constant 0. [GLO-12]
        : The instance is 'u_stream/m_axis_tkeep_reg[4]'.
Info    : Replacing a flip-flop with a logic constant 0. [GLO-12]
        : The instance is 'u_stream/m_axis_tkeep_reg[5]'.
Info    : Replacing a flip-flop with a logic constant 0. [GLO-12]
        : The instance is 'u_stream/m_axis_tkeep_reg[6]'.
Info    : Replacing a flip-flop with a logic constant 0. [GLO-12]
        : The instance is 'u_stream/m_axis_tkeep_reg[7]'.
Info    : Replacing a flip-flop with a logic constant 0. [GLO-12]
        : The instance is 'u_stream/m_axis_tkeep_reg[8]'.
Info    : Replacing a flip-flop with a logic constant 0. [GLO-12]
        : The instance is 'u_stream/m_axis_tkeep_reg[9]'.
Info    : Replacing a flip-flop with a logic constant 0. [GLO-12]
        : The instance is 'u_stream/m_axis_tkeep_reg[10]'.
Info    : Replacing a flip-flop with a logic constant 0. [GLO-12]
        : The instance is 'u_stream/m_axis_tkeep_reg[11]'.
Info    : Replacing a flip-flop with a logic constant 0. [GLO-12]
        : The instance is 'u_stream/m_axis_tkeep_reg[12]'.
Info    : Replacing a flip-flop with a logic constant 0. [GLO-12]
        : The instance is 'u_stream/m_axis_tkeep_reg[13]'.
Info    : Replacing a flip-flop with a logic constant 0. [GLO-12]
        : The instance is 'u_stream/m_axis_tkeep_reg[14]'.
Info    : Replacing a flip-flop with a logic constant 0. [GLO-12]
        : The instance is 'u_stream/m_axis_tkeep_reg[15]'.
Info    : Replacing a flip-flop with a logic constant 0. [GLO-12]
        : The instance is 'u_stream/m_axis_tlast_reg'.
Info    : Replacing a flip-flop with a logic constant 0. [GLO-12]
        : The instance is 'u_stream/done_error_reg'.
Info    : Replacing a flip-flop with a logic constant 1. [GLO-13]
        : The instance is 'u_q_adapter/q_rw_wmask_reg[0]'.
Info    : Replacing a flip-flop with a logic constant 1. [GLO-13]
        : The instance is 'u_q_adapter/q_rw_wmask_reg[1]'.
Info    : Replacing a flip-flop with a logic constant 1. [GLO-13]
        : The instance is 'u_q_adapter/q_rw_wmask_reg[2]'.
Info    : Replacing a flip-flop with a logic constant 1. [GLO-13]
        : The instance is 'u_q_adapter/q_rw_wmask_reg[3]'.
Info    : Replacing a flip-flop with a logic constant 1. [GLO-13]
        : The instance is 'u_q_adapter/q_rw_wmask_reg[4]'.
Info    : Replacing a flip-flop with a logic constant 1. [GLO-13]
        : The instance is 'u_q_adapter/q_rw_wmask_reg[5]'.
Info    : Replacing a flip-flop with a logic constant 1. [GLO-13]
        : The instance is 'u_q_adapter/q_rw_wmask_reg[6]'.
Info    : Replacing a flip-flop with a logic constant 1. [GLO-13]
        : The instance is 'u_q_adapter/q_rw_wmask_reg[7]'.
Info    : Replacing a flip-flop with a logic constant 1. [GLO-13]
        : The instance is 'u_q_adapter/q_rw_wmask_reg[8]'.
Info    : Replacing a flip-flop with a logic constant 1. [GLO-13]
        : The instance is 'u_q_adapter/q_rw_wmask_reg[9]'.
Info    : Replacing a flip-flop with a logic constant 1. [GLO-13]
        : The instance is 'u_q_adapter/q_rw_wmask_reg[10]'.
Info    : Replacing a flip-flop with a logic constant 1. [GLO-13]
        : The instance is 'u_q_adapter/q_rw_wmask_reg[11]'.
Info    : Replacing a flip-flop with a logic constant 1. [GLO-13]
        : The instance is 'u_q_adapter/q_rw_wmask_reg[12]'.
Info    : Replacing a flip-flop with a logic constant 1. [GLO-13]
        : The instance is 'u_q_adapter/q_rw_wmask_reg[13]'.
Info    : Replacing a flip-flop with a logic constant 1. [GLO-13]
        : The instance is 'u_q_adapter/q_rw_wmask_reg[14]'.
Info    : Replacing a flip-flop with a logic constant 1. [GLO-13]
        : The instance is 'u_q_adapter/q_rw_wmask_reg[15]'.
Info    : Replacing a flip-flop with a logic constant 0. [GLO-12]
        : The instance is 'u_core/u_score_exp/u_exp_rom/bank1_data_s0_reg[14]'.
Info    : Replacing a flip-flop with a logic constant 0. [GLO-12]
        : The instance is 'u_core/u_score_exp/u_exp_rom/bank1_data_s0_reg[15]'.
Info    : Replacing a flip-flop with a logic constant 0. [GLO-12]
        : The instance is 'u_core/u_score_exp/u_exp_rom/bank2_data_s0_reg[13]'.
Info    : Replacing a flip-flop with a logic constant 0. [GLO-12]
        : The instance is 'u_core/u_score_exp/u_exp_rom/bank2_data_s0_reg[14]'.
Info    : Replacing a flip-flop with a logic constant 0. [GLO-12]
        : The instance is 'u_core/u_score_exp/u_exp_rom/bank2_data_s0_reg[15]'.
Info    : Replacing a flip-flop with a logic constant 0. [GLO-12]
        : The instance is 'u_core/u_score_exp/u_exp_rom/bank3_data_s0_reg[11]'.
Info    : Replacing a flip-flop with a logic constant 0. [GLO-12]
        : The instance is 'u_core/u_score_exp/u_exp_rom/bank3_data_s0_reg[12]'.
Info    : Replacing a flip-flop with a logic constant 0. [GLO-12]
        : The instance is 'u_core/u_score_exp/u_exp_rom/bank3_data_s0_reg[13]'.
Info    : Replacing a flip-flop with a logic constant 0. [GLO-12]
        : The instance is 'u_core/u_score_exp/u_exp_rom/bank3_data_s0_reg[14]'.
Info    : Replacing a flip-flop with a logic constant 0. [GLO-12]
        : The instance is 'u_core/u_score_exp/u_exp_rom/bank3_data_s0_reg[15]'.
Info    : Replacing a flip-flop with a logic constant 0. [GLO-12]
        : The instance is 'u_core/u_score_exp/u_exp_rom/bank4_data_s0_reg[10]'.
Info    : Replacing a flip-flop with a logic constant 0. [GLO-12]
        : The instance is 'u_core/u_score_exp/u_exp_rom/bank4_data_s0_reg[11]'.
Info    : Replacing a flip-flop with a logic constant 0. [GLO-12]
        : The instance is 'u_core/u_score_exp/u_exp_rom/bank4_data_s0_reg[12]'.
Info    : Replacing a flip-flop with a logic constant 0. [GLO-12]
        : The instance is 'u_core/u_score_exp/u_exp_rom/bank4_data_s0_reg[13]'.
Info    : Replacing a flip-flop with a logic constant 0. [GLO-12]
        : The instance is 'u_core/u_score_exp/u_exp_rom/bank4_data_s0_reg[14]'.
Info    : Replacing a flip-flop with a logic constant 0. [GLO-12]
        : The instance is 'u_core/u_score_exp/u_exp_rom/bank4_data_s0_reg[15]'.
Info    : Replacing a flip-flop with a logic constant 0. [GLO-12]
        : The instance is 'u_core/u_score_exp/u_exp_rom/bank5_data_s0_reg[8]'.
Info    : Replacing a flip-flop with a logic constant 0. [GLO-12]
        : The instance is 'u_core/u_score_exp/u_exp_rom/bank5_data_s0_reg[9]'.
Info    : Replacing a flip-flop with a logic constant 0. [GLO-12]
        : The instance is 'u_core/u_score_exp/u_exp_rom/bank5_data_s0_reg[10]'.
Info    : Replacing a flip-flop with a logic constant 0. [GLO-12]
        : The instance is 'u_core/u_score_exp/u_exp_rom/bank5_data_s0_reg[11]'.
Info    : Replacing a flip-flop with a logic constant 0. [GLO-12]
        : The instance is 'u_core/u_score_exp/u_exp_rom/bank5_data_s0_reg[12]'.
Info    : Replacing a flip-flop with a logic constant 0. [GLO-12]
        : The instance is 'u_core/u_score_exp/u_exp_rom/bank5_data_s0_reg[13]'.
Info    : Replacing a flip-flop with a logic constant 0. [GLO-12]
        : The instance is 'u_core/u_score_exp/u_exp_rom/bank5_data_s0_reg[14]'.
Info    : Replacing a flip-flop with a logic constant 0. [GLO-12]
        : The instance is 'u_core/u_score_exp/u_exp_rom/bank5_data_s0_reg[15]'.
Info    : Replacing a flip-flop with a logic constant 0. [GLO-12]
        : The instance is 'u_core/u_score_exp/u_exp_rom/bank6_data_s0_reg[7]'.
Info    : Replacing a flip-flop with a logic constant 0. [GLO-12]
        : The instance is 'u_core/u_score_exp/u_exp_rom/bank6_data_s0_reg[8]'.
Info    : Replacing a flip-flop with a logic constant 0. [GLO-12]
        : The instance is 'u_core/u_score_exp/u_exp_rom/bank6_data_s0_reg[9]'.
Info    : Replacing a flip-flop with a logic constant 0. [GLO-12]
        : The instance is 'u_core/u_score_exp/u_exp_rom/bank6_data_s0_reg[10]'.
Info    : Replacing a flip-flop with a logic constant 0. [GLO-12]
        : The instance is 'u_core/u_score_exp/u_exp_rom/bank6_data_s0_reg[11]'.
Info    : Replacing a flip-flop with a logic constant 0. [GLO-12]
        : The instance is 'u_core/u_score_exp/u_exp_rom/bank6_data_s0_reg[12]'.
Info    : Replacing a flip-flop with a logic constant 0. [GLO-12]
        : The instance is 'u_core/u_score_exp/u_exp_rom/bank6_data_s0_reg[13]'.
Info    : Replacing a flip-flop with a logic constant 0. [GLO-12]
        : The instance is 'u_core/u_score_exp/u_exp_rom/bank6_data_s0_reg[14]'.
Info    : Replacing a flip-flop with a logic constant 0. [GLO-12]
        : The instance is 'u_core/u_score_exp/u_exp_rom/bank6_data_s0_reg[15]'.
Info    : Replacing a flip-flop with a logic constant 0. [GLO-12]
        : The instance is 'u_core/u_score_exp/u_exp_rom/bank7_data_s0_reg[5]'.
Info    : Replacing a flip-flop with a logic constant 0. [GLO-12]
        : The instance is 'u_core/u_score_exp/u_exp_rom/bank7_data_s0_reg[6]'.
Info    : Replacing a flip-flop with a logic constant 0. [GLO-12]
        : The instance is 'u_core/u_score_exp/u_exp_rom/bank7_data_s0_reg[7]'.
Info    : Replacing a flip-flop with a logic constant 0. [GLO-12]
        : The instance is 'u_core/u_score_exp/u_exp_rom/bank7_data_s0_reg[8]'.
Info    : Replacing a flip-flop with a logic constant 0. [GLO-12]
        : The instance is 'u_core/u_score_exp/u_exp_rom/bank7_data_s0_reg[9]'.
Info    : Replacing a flip-flop with a logic constant 0. [GLO-12]
        : The instance is 'u_core/u_score_exp/u_exp_rom/bank7_data_s0_reg[10]'.
Info    : Replacing a flip-flop with a logic constant 0. [GLO-12]
        : The instance is 'u_core/u_score_exp/u_exp_rom/bank7_data_s0_reg[11]'.
Info    : Replacing a flip-flop with a logic constant 0. [GLO-12]
        : The instance is 'u_core/u_score_exp/u_exp_rom/bank7_data_s0_reg[12]'.
Info    : Replacing a flip-flop with a logic constant 0. [GLO-12]
        : The instance is 'u_core/u_score_exp/u_exp_rom/bank7_data_s0_reg[13]'.
Info    : Replacing a flip-flop with a logic constant 0. [GLO-12]
        : The instance is 'u_core/u_score_exp/u_exp_rom/bank7_data_s0_reg[14]'.
Info    : Replacing a flip-flop with a logic constant 0. [GLO-12]
        : The instance is 'u_core/u_score_exp/u_exp_rom/bank7_data_s0_reg[15]'.
Info    : Replacing a flip-flop with a logic constant 0. [GLO-12]
        : The instance is 'u_core/u_score_exp/u_exp_rom/bank8_data_s0_reg[4]'.
Info    : Replacing a flip-flop with a logic constant 0. [GLO-12]
        : The instance is 'u_core/u_score_exp/u_exp_rom/bank8_data_s0_reg[5]'.
Info    : Replacing a flip-flop with a logic constant 0. [GLO-12]
        : The instance is 'u_core/u_score_exp/u_exp_rom/bank8_data_s0_reg[6]'.
Info    : Replacing a flip-flop with a logic constant 0. [GLO-12]
        : The instance is 'u_core/u_score_exp/u_exp_rom/bank8_data_s0_reg[7]'.
Info    : Replacing a flip-flop with a logic constant 0. [GLO-12]
        : The instance is 'u_core/u_score_exp/u_exp_rom/bank8_data_s0_reg[8]'.
Info    : Replacing a flip-flop with a logic constant 0. [GLO-12]
        : The instance is 'u_core/u_score_exp/u_exp_rom/bank8_data_s0_reg[9]'.
Info    : Replacing a flip-flop with a logic constant 0. [GLO-12]
        : The instance is 'u_core/u_score_exp/u_exp_rom/bank8_data_s0_reg[10]'.
Info    : Replacing a flip-flop with a logic constant 0. [GLO-12]
        : The instance is 'u_core/u_score_exp/u_exp_rom/bank8_data_s0_reg[11]'.
Info    : Replacing a flip-flop with a logic constant 0. [GLO-12]
        : The instance is 'u_core/u_score_exp/u_exp_rom/bank8_data_s0_reg[12]'.
Info    : Replacing a flip-flop with a logic constant 0. [GLO-12]
        : The instance is 'u_core/u_score_exp/u_exp_rom/bank8_data_s0_reg[13]'.
Info    : Replacing a flip-flop with a logic constant 0. [GLO-12]
        : The instance is 'u_core/u_score_exp/u_exp_rom/bank8_data_s0_reg[14]'.
Info    : Replacing a flip-flop with a logic constant 0. [GLO-12]
        : The instance is 'u_core/u_score_exp/u_exp_rom/bank8_data_s0_reg[15]'.
Info    : Replacing a flip-flop with a logic constant 0. [GLO-12]
        : The instance is 'u_core/u_score_exp/u_exp_rom/bank9_data_s0_reg[3]'.
Info    : Replacing a flip-flop with a logic constant 0. [GLO-12]
        : The instance is 'u_core/u_score_exp/u_exp_rom/bank9_data_s0_reg[4]'.
Info    : Replacing a flip-flop with a logic constant 0. [GLO-12]
        : The instance is 'u_core/u_score_exp/u_exp_rom/bank9_data_s0_reg[5]'.
Info    : Replacing a flip-flop with a logic constant 0. [GLO-12]
        : The instance is 'u_core/u_score_exp/u_exp_rom/bank9_data_s0_reg[6]'.
Info    : Replacing a flip-flop with a logic constant 0. [GLO-12]
        : The instance is 'u_core/u_score_exp/u_exp_rom/bank9_data_s0_reg[7]'.
Info    : Replacing a flip-flop with a logic constant 0. [GLO-12]
        : The instance is 'u_core/u_score_exp/u_exp_rom/bank9_data_s0_reg[8]'.
Info    : Replacing a flip-flop with a logic constant 0. [GLO-12]
        : The instance is 'u_core/u_score_exp/u_exp_rom/bank9_data_s0_reg[9]'.
Info    : Replacing a flip-flop with a logic constant 0. [GLO-12]
        : The instance is 'u_core/u_score_exp/u_exp_rom/bank9_data_s0_reg[10]'.
Info    : Replacing a flip-flop with a logic constant 0. [GLO-12]
        : The instance is 'u_core/u_score_exp/u_exp_rom/bank9_data_s0_reg[11]'.
Info    : Replacing a flip-flop with a logic constant 0. [GLO-12]
        : The instance is 'u_core/u_score_exp/u_exp_rom/bank9_data_s0_reg[12]'.
Info    : Replacing a flip-flop with a logic constant 0. [GLO-12]
        : The instance is 'u_core/u_score_exp/u_exp_rom/bank9_data_s0_reg[13]'.
Info    : Replacing a flip-flop with a logic constant 0. [GLO-12]
        : The instance is 'u_core/u_score_exp/u_exp_rom/bank9_data_s0_reg[14]'.
Info    : Replacing a flip-flop with a logic constant 0. [GLO-12]
        : The instance is 'u_core/u_score_exp/u_exp_rom/bank9_data_s0_reg[15]'.
Info    : Replacing a flip-flop with a logic constant 0. [GLO-12]
        : The instance is 'u_core/u_score_exp/u_exp_rom/bank10_data_s0_reg[1]'.
Info    : Replacing a flip-flop with a logic constant 0. [GLO-12]
        : The instance is 'u_core/u_score_exp/u_exp_rom/bank10_data_s0_reg[2]'.
Info    : Replacing a flip-flop with a logic constant 0. [GLO-12]
        : The instance is 'u_core/u_score_exp/u_exp_rom/bank10_data_s0_reg[3]'.
Info    : Replacing a flip-flop with a logic constant 0. [GLO-12]
        : The instance is 'u_core/u_score_exp/u_exp_rom/bank10_data_s0_reg[4]'.
Info    : Replacing a flip-flop with a logic constant 0. [GLO-12]
        : The instance is 'u_core/u_score_exp/u_exp_rom/bank10_data_s0_reg[5]'.
Info    : Replacing a flip-flop with a logic constant 0. [GLO-12]
        : The instance is 'u_core/u_score_exp/u_exp_rom/bank10_data_s0_reg[6]'.
Info    : Replacing a flip-flop with a logic constant 0. [GLO-12]
        : The instance is 'u_core/u_score_exp/u_exp_rom/bank10_data_s0_reg[7]'.
Info    : Replacing a flip-flop with a logic constant 0. [GLO-12]
        : The instance is 'u_core/u_score_exp/u_exp_rom/bank10_data_s0_reg[8]'.
Info    : Replacing a flip-flop with a logic constant 0. [GLO-12]
        : The instance is 'u_core/u_score_exp/u_exp_rom/bank10_data_s0_reg[9]'.
Info    : Replacing a flip-flop with a logic constant 0. [GLO-12]
        : The instance is 'u_core/u_score_exp/u_exp_rom/bank10_data_s0_reg[10]'.
Info    : Replacing a flip-flop with a logic constant 0. [GLO-12]
        : The instance is 'u_core/u_score_exp/u_exp_rom/bank10_data_s0_reg[11]'.
Info    : Replacing a flip-flop with a logic constant 0. [GLO-12]
        : The instance is 'u_core/u_score_exp/u_exp_rom/bank10_data_s0_reg[12]'.
Info    : Replacing a flip-flop with a logic constant 0. [GLO-12]
        : The instance is 'u_core/u_score_exp/u_exp_rom/bank10_data_s0_reg[13]'.
Info    : Replacing a flip-flop with a logic constant 0. [GLO-12]
        : The instance is 'u_core/u_score_exp/u_exp_rom/bank10_data_s0_reg[14]'.
Info    : Replacing a flip-flop with a logic constant 0. [GLO-12]
        : The instance is 'u_core/u_score_exp/u_exp_rom/bank10_data_s0_reg[15]'.
Info    : Replacing a flip-flop with a logic constant 0. [GLO-12]
        : The instance is 'u_core/u_score_exp/u_exp_rom/bank11_data_s0_reg[1]'.
Info    : Replacing a flip-flop with a logic constant 0. [GLO-12]
        : The instance is 'u_core/u_score_exp/u_exp_rom/bank11_data_s0_reg[2]'.
Info    : Replacing a flip-flop with a logic constant 0. [GLO-12]
        : The instance is 'u_core/u_score_exp/u_exp_rom/bank11_data_s0_reg[3]'.
Info    : Replacing a flip-flop with a logic constant 0. [GLO-12]
        : The instance is 'u_core/u_score_exp/u_exp_rom/bank11_data_s0_reg[4]'.
Info    : Replacing a flip-flop with a logic constant 0. [GLO-12]
        : The instance is 'u_core/u_score_exp/u_exp_rom/bank11_data_s0_reg[5]'.
Info    : Replacing a flip-flop with a logic constant 0. [GLO-12]
        : The instance is 'u_core/u_score_exp/u_exp_rom/bank11_data_s0_reg[6]'.
Info    : Replacing a flip-flop with a logic constant 0. [GLO-12]
        : The instance is 'u_core/u_score_exp/u_exp_rom/bank11_data_s0_reg[7]'.
Info    : Replacing a flip-flop with a logic constant 0. [GLO-12]
        : The instance is 'u_core/u_score_exp/u_exp_rom/bank11_data_s0_reg[8]'.
Info    : Replacing a flip-flop with a logic constant 0. [GLO-12]
        : The instance is 'u_core/u_score_exp/u_exp_rom/bank11_data_s0_reg[9]'.
Info    : Replacing a flip-flop with a logic constant 0. [GLO-12]
        : The instance is 'u_core/u_score_exp/u_exp_rom/bank11_data_s0_reg[10]'.
Info    : Replacing a flip-flop with a logic constant 0. [GLO-12]
        : The instance is 'u_core/u_score_exp/u_exp_rom/bank11_data_s0_reg[11]'.
Info    : Replacing a flip-flop with a logic constant 0. [GLO-12]
        : The instance is 'u_core/u_score_exp/u_exp_rom/bank11_data_s0_reg[12]'.
Info    : Replacing a flip-flop with a logic constant 0. [GLO-12]
        : The instance is 'u_core/u_score_exp/u_exp_rom/bank11_data_s0_reg[13]'.
Info    : Replacing a flip-flop with a logic constant 0. [GLO-12]
        : The instance is 'u_core/u_score_exp/u_exp_rom/bank11_data_s0_reg[14]'.
Info    : Replacing a flip-flop with a logic constant 0. [GLO-12]
        : The instance is 'u_core/u_score_exp/u_exp_rom/bank11_data_s0_reg[15]'.
Info    : Replacing a flip-flop with a logic constant 0. [GLO-12]
        : The instance is 'u_core/u_score_exp/u_exp_rom/bank12_data_s0_reg[0]'.
Info    : Replacing a flip-flop with a logic constant 0. [GLO-12]
        : The instance is 'u_core/u_score_exp/u_exp_rom/bank12_data_s0_reg[1]'.
Info    : Replacing a flip-flop with a logic constant 0. [GLO-12]
        : The instance is 'u_core/u_score_exp/u_exp_rom/bank12_data_s0_reg[2]'.
Info    : Replacing a flip-flop with a logic constant 0. [GLO-12]
        : The instance is 'u_core/u_score_exp/u_exp_rom/bank12_data_s0_reg[3]'.
Info    : Replacing a flip-flop with a logic constant 0. [GLO-12]
        : The instance is 'u_core/u_score_exp/u_exp_rom/bank12_data_s0_reg[4]'.
Info    : Replacing a flip-flop with a logic constant 0. [GLO-12]
        : The instance is 'u_core/u_score_exp/u_exp_rom/bank12_data_s0_reg[5]'.
Info    : Replacing a flip-flop with a logic constant 0. [GLO-12]
        : The instance is 'u_core/u_score_exp/u_exp_rom/bank12_data_s0_reg[6]'.
Info    : Replacing a flip-flop with a logic constant 0. [GLO-12]
        : The instance is 'u_core/u_score_exp/u_exp_rom/bank12_data_s0_reg[7]'.
Info    : Replacing a flip-flop with a logic constant 0. [GLO-12]
        : The instance is 'u_core/u_score_exp/u_exp_rom/bank12_data_s0_reg[8]'.
Info    : Replacing a flip-flop with a logic constant 0. [GLO-12]
        : The instance is 'u_core/u_score_exp/u_exp_rom/bank12_data_s0_reg[9]'.
Info    : Replacing a flip-flop with a logic constant 0. [GLO-12]
        : The instance is 'u_core/u_score_exp/u_exp_rom/bank12_data_s0_reg[10]'.
Info    : Replacing a flip-flop with a logic constant 0. [GLO-12]
        : The instance is 'u_core/u_score_exp/u_exp_rom/bank12_data_s0_reg[11]'.
Info    : Replacing a flip-flop with a logic constant 0. [GLO-12]
        : The instance is 'u_core/u_score_exp/u_exp_rom/bank12_data_s0_reg[12]'.
Info    : Replacing a flip-flop with a logic constant 0. [GLO-12]
        : The instance is 'u_core/u_score_exp/u_exp_rom/bank12_data_s0_reg[13]'.
Info    : Replacing a flip-flop with a logic constant 0. [GLO-12]
        : The instance is 'u_core/u_score_exp/u_exp_rom/bank12_data_s0_reg[14]'.
Info    : Replacing a flip-flop with a logic constant 0. [GLO-12]
        : The instance is 'u_core/u_score_exp/u_exp_rom/bank12_data_s0_reg[15]'.
Info    : Replacing a flip-flop with a logic constant 0. [GLO-12]
        : The instance is 'u_core/u_score_exp/u_exp_rom/bank13_data_s0_reg[0]'.
Info    : Replacing a flip-flop with a logic constant 0. [GLO-12]
        : The instance is 'u_core/u_score_exp/u_exp_rom/bank13_data_s0_reg[1]'.
Info    : Replacing a flip-flop with a logic constant 0. [GLO-12]
        : The instance is 'u_core/u_score_exp/u_exp_rom/bank13_data_s0_reg[2]'.
Info    : Replacing a flip-flop with a logic constant 0. [GLO-12]
        : The instance is 'u_core/u_score_exp/u_exp_rom/bank13_data_s0_reg[3]'.
Info    : Replacing a flip-flop with a logic constant 0. [GLO-12]
        : The instance is 'u_core/u_score_exp/u_exp_rom/bank13_data_s0_reg[4]'.
Info    : Replacing a flip-flop with a logic constant 0. [GLO-12]
        : The instance is 'u_core/u_score_exp/u_exp_rom/bank13_data_s0_reg[5]'.
Info    : Replacing a flip-flop with a logic constant 0. [GLO-12]
        : The instance is 'u_core/u_score_exp/u_exp_rom/bank13_data_s0_reg[6]'.
Info    : Replacing a flip-flop with a logic constant 0. [GLO-12]
        : The instance is 'u_core/u_score_exp/u_exp_rom/bank13_data_s0_reg[7]'.
Info    : Replacing a flip-flop with a logic constant 0. [GLO-12]
        : The instance is 'u_core/u_score_exp/u_exp_rom/bank13_data_s0_reg[8]'.
Info    : Replacing a flip-flop with a logic constant 0. [GLO-12]
        : The instance is 'u_core/u_score_exp/u_exp_rom/bank13_data_s0_reg[9]'.
Info    : Replacing a flip-flop with a logic constant 0. [GLO-12]
        : The instance is 'u_core/u_score_exp/u_exp_rom/bank13_data_s0_reg[10]'.
Info    : Replacing a flip-flop with a logic constant 0. [GLO-12]
        : The instance is 'u_core/u_score_exp/u_exp_rom/bank13_data_s0_reg[11]'.
Info    : Replacing a flip-flop with a logic constant 0. [GLO-12]
        : The instance is 'u_core/u_score_exp/u_exp_rom/bank13_data_s0_reg[12]'.
Info    : Replacing a flip-flop with a logic constant 0. [GLO-12]
        : The instance is 'u_core/u_score_exp/u_exp_rom/bank13_data_s0_reg[13]'.
Info    : Replacing a flip-flop with a logic constant 0. [GLO-12]
        : The instance is 'u_core/u_score_exp/u_exp_rom/bank13_data_s0_reg[14]'.
Info    : Replacing a flip-flop with a logic constant 0. [GLO-12]
        : The instance is 'u_core/u_score_exp/u_exp_rom/bank13_data_s0_reg[15]'.
Info    : Replacing a flip-flop with a logic constant 0. [GLO-12]
        : The instance is 'u_core/u_score_exp/u_exp_rom/bank14_data_s0_reg[0]'.
Info    : Replacing a flip-flop with a logic constant 0. [GLO-12]
        : The instance is 'u_core/u_score_exp/u_exp_rom/bank14_data_s0_reg[1]'.
Info    : Replacing a flip-flop with a logic constant 0. [GLO-12]
        : The instance is 'u_core/u_score_exp/u_exp_rom/bank14_data_s0_reg[2]'.
Info    : Replacing a flip-flop with a logic constant 0. [GLO-12]
        : The instance is 'u_core/u_score_exp/u_exp_rom/bank14_data_s0_reg[3]'.
Info    : Replacing a flip-flop with a logic constant 0. [GLO-12]
        : The instance is 'u_core/u_score_exp/u_exp_rom/bank14_data_s0_reg[4]'.
Info    : Replacing a flip-flop with a logic constant 0. [GLO-12]
        : The instance is 'u_core/u_score_exp/u_exp_rom/bank14_data_s0_reg[5]'.
Info    : Replacing a flip-flop with a logic constant 0. [GLO-12]
        : The instance is 'u_core/u_score_exp/u_exp_rom/bank14_data_s0_reg[6]'.
Info    : Replacing a flip-flop with a logic constant 0. [GLO-12]
        : The instance is 'u_core/u_score_exp/u_exp_rom/bank14_data_s0_reg[7]'.
Info    : Replacing a flip-flop with a logic constant 0. [GLO-12]
        : The instance is 'u_core/u_score_exp/u_exp_rom/bank14_data_s0_reg[8]'.
Info    : Replacing a flip-flop with a logic constant 0. [GLO-12]
        : The instance is 'u_core/u_score_exp/u_exp_rom/bank14_data_s0_reg[9]'.
Info    : Replacing a flip-flop with a logic constant 0. [GLO-12]
        : The instance is 'u_core/u_score_exp/u_exp_rom/bank14_data_s0_reg[10]'.
Info    : Replacing a flip-flop with a logic constant 0. [GLO-12]
        : The instance is 'u_core/u_score_exp/u_exp_rom/bank14_data_s0_reg[11]'.
Info    : Replacing a flip-flop with a logic constant 0. [GLO-12]
        : The instance is 'u_core/u_score_exp/u_exp_rom/bank14_data_s0_reg[12]'.
Info    : Replacing a flip-flop with a logic constant 0. [GLO-12]
        : The instance is 'u_core/u_score_exp/u_exp_rom/bank14_data_s0_reg[13]'.
Info    : Replacing a flip-flop with a logic constant 0. [GLO-12]
        : The instance is 'u_core/u_score_exp/u_exp_rom/bank14_data_s0_reg[14]'.
Info    : Replacing a flip-flop with a logic constant 0. [GLO-12]
        : The instance is 'u_core/u_score_exp/u_exp_rom/bank14_data_s0_reg[15]'.
Info    : Replacing a flip-flop with a logic constant 0. [GLO-12]
        : The instance is 'u_core/u_score_exp/u_exp_rom/bank15_data_s0_reg[0]'.
Info    : Replacing a flip-flop with a logic constant 0. [GLO-12]
        : The instance is 'u_core/u_score_exp/u_exp_rom/bank15_data_s0_reg[1]'.
Info    : Replacing a flip-flop with a logic constant 0. [GLO-12]
        : The instance is 'u_core/u_score_exp/u_exp_rom/bank15_data_s0_reg[2]'.
Info    : Replacing a flip-flop with a logic constant 0. [GLO-12]
        : The instance is 'u_core/u_score_exp/u_exp_rom/bank15_data_s0_reg[3]'.
Info    : Replacing a flip-flop with a logic constant 0. [GLO-12]
        : The instance is 'u_core/u_score_exp/u_exp_rom/bank15_data_s0_reg[4]'.
Info    : Replacing a flip-flop with a logic constant 0. [GLO-12]
        : The instance is 'u_core/u_score_exp/u_exp_rom/bank15_data_s0_reg[5]'.
Info    : Replacing a flip-flop with a logic constant 0. [GLO-12]
        : The instance is 'u_core/u_score_exp/u_exp_rom/bank15_data_s0_reg[6]'.
Info    : Replacing a flip-flop with a logic constant 0. [GLO-12]
        : The instance is 'u_core/u_score_exp/u_exp_rom/bank15_data_s0_reg[7]'.
Info    : Replacing a flip-flop with a logic constant 0. [GLO-12]
        : The instance is 'u_core/u_score_exp/u_exp_rom/bank15_data_s0_reg[8]'.
Info    : Replacing a flip-flop with a logic constant 0. [GLO-12]
        : The instance is 'u_core/u_score_exp/u_exp_rom/bank15_data_s0_reg[9]'.
Info    : Replacing a flip-flop with a logic constant 0. [GLO-12]
        : The instance is 'u_core/u_score_exp/u_exp_rom/bank15_data_s0_reg[10]'.
Info    : Replacing a flip-flop with a logic constant 0. [GLO-12]
        : The instance is 'u_core/u_score_exp/u_exp_rom/bank15_data_s0_reg[11]'.
Info    : Replacing a flip-flop with a logic constant 0. [GLO-12]
        : The instance is 'u_core/u_score_exp/u_exp_rom/bank15_data_s0_reg[12]'.
Info    : Replacing a flip-flop with a logic constant 0. [GLO-12]
        : The instance is 'u_core/u_score_exp/u_exp_rom/bank15_data_s0_reg[13]'.
Info    : Replacing a flip-flop with a logic constant 0. [GLO-12]
        : The instance is 'u_core/u_score_exp/u_exp_rom/bank15_data_s0_reg[14]'.
Info    : Replacing a flip-flop with a logic constant 0. [GLO-12]
        : The instance is 'u_core/u_score_exp/u_exp_rom/bank15_data_s0_reg[15]'.
Info    : Replacing a flip-flop with a logic constant 0. [GLO-12]
        : The instance is 'u_finalize/u_recip/dividend_reg_reg[0]'.
Info    : Replacing a flip-flop with a logic constant 0. [GLO-12]
        : The instance is 'u_core/u_update/meta_wr_addr_reg[3]'.
Info    : Replacing a flip-flop with a logic constant 0. [GLO-12]
        : The instance is 'u_core/u_update/meta_wr_data_reg[80]'.
Info    : Replacing a flip-flop with a logic constant 0. [GLO-12]
        : The instance is 'u_core/u_update/meta_wr_data_reg[81]'.
Info    : Replacing a flip-flop with a logic constant 0. [GLO-12]
        : The instance is 'u_core/u_update/meta_wr_data_reg[82]'.
Info    : Replacing a flip-flop with a logic constant 0. [GLO-12]
        : The instance is 'u_core/u_update/meta_wr_data_reg[83]'.
Info    : Replacing a flip-flop with a logic constant 0. [GLO-12]
        : The instance is 'u_core/u_update/meta_wr_data_reg[84]'.
Info    : Replacing a flip-flop with a logic constant 0. [GLO-12]
        : The instance is 'u_core/u_update/meta_wr_data_reg[85]'.
Info    : Replacing a flip-flop with a logic constant 0. [GLO-12]
        : The instance is 'u_core/u_update/meta_wr_data_reg[86]'.
Info    : Replacing a flip-flop with a logic constant 0. [GLO-12]
        : The instance is 'u_core/u_update/meta_wr_data_reg[87]'.
Info    : Replacing a flip-flop with a logic constant 0. [GLO-12]
        : The instance is 'u_core/u_update/meta_wr_data_reg[88]'.
Info    : Replacing a flip-flop with a logic constant 0. [GLO-12]
        : The instance is 'u_core/u_update/meta_wr_data_reg[89]'.
Info    : Replacing a flip-flop with a logic constant 0. [GLO-12]
        : The instance is 'u_core/u_update/meta_wr_data_reg[90]'.
Info    : Replacing a flip-flop with a logic constant 0. [GLO-12]
        : The instance is 'u_core/u_update/meta_wr_data_reg[91]'.
Info    : Replacing a flip-flop with a logic constant 0. [GLO-12]
        : The instance is 'u_core/u_update/meta_wr_data_reg[92]'.
Info    : Replacing a flip-flop with a logic constant 0. [GLO-12]
        : The instance is 'u_core/u_update/meta_wr_data_reg[93]'.
Info    : Replacing a flip-flop with a logic constant 0. [GLO-12]
        : The instance is 'u_core/u_update/meta_wr_data_reg[94]'.
Info    : Replacing a flip-flop with a logic constant 0. [GLO-12]
        : The instance is 'u_core/u_update/meta_wr_data_reg[95]'.
Info    : Replacing a flip-flop with a logic constant 0. [GLO-12]
        : The instance is 'u_core/u_update/meta_wr_data_reg[96]'.
Info    : Replacing a flip-flop with a logic constant 0. [GLO-12]
        : The instance is 'u_core/u_update/meta_wr_data_reg[97]'.
Info    : Replacing a flip-flop with a logic constant 0. [GLO-12]
        : The instance is 'u_core/u_update/meta_wr_data_reg[98]'.
Info    : Replacing a flip-flop with a logic constant 0. [GLO-12]
        : The instance is 'u_core/u_update/meta_wr_data_reg[99]'.
Info    : Replacing a flip-flop with a logic constant 0. [GLO-12]
        : The instance is 'u_core/u_update/meta_wr_data_reg[100]'.
Info    : Replacing a flip-flop with a logic constant 0. [GLO-12]
        : The instance is 'u_core/u_update/meta_wr_data_reg[101]'.
Info    : Replacing a flip-flop with a logic constant 0. [GLO-12]
        : The instance is 'u_core/u_update/meta_wr_data_reg[102]'.
Info    : Replacing a flip-flop with a logic constant 0. [GLO-12]
        : The instance is 'u_core/u_update/meta_wr_data_reg[103]'.
Info    : Replacing a flip-flop with a logic constant 0. [GLO-12]
        : The instance is 'u_core/u_update/meta_wr_data_reg[104]'.
Info    : Replacing a flip-flop with a logic constant 0. [GLO-12]
        : The instance is 'u_core/u_update/meta_wr_data_reg[105]'.
Info    : Replacing a flip-flop with a logic constant 0. [GLO-12]
        : The instance is 'u_core/u_update/meta_wr_data_reg[106]'.
Info    : Replacing a flip-flop with a logic constant 0. [GLO-12]
        : The instance is 'u_core/u_update/meta_wr_data_reg[107]'.
Info    : Replacing a flip-flop with a logic constant 0. [GLO-12]
        : The instance is 'u_core/u_update/meta_wr_data_reg[108]'.
Info    : Replacing a flip-flop with a logic constant 0. [GLO-12]
        : The instance is 'u_core/u_update/meta_wr_data_reg[109]'.
Info    : Replacing a flip-flop with a logic constant 0. [GLO-12]
        : The instance is 'u_core/u_update/meta_wr_data_reg[110]'.
Info    : Replacing a flip-flop with a logic constant 0. [GLO-12]
        : The instance is 'u_core/u_update/meta_wr_data_reg[111]'.
Info    : Replacing a flip-flop with a logic constant 0. [GLO-12]
        : The instance is 'u_core/u_update/meta_wr_data_reg[112]'.
Info    : Replacing a flip-flop with a logic constant 0. [GLO-12]
        : The instance is 'u_core/u_update/meta_wr_data_reg[113]'.
Info    : Replacing a flip-flop with a logic constant 0. [GLO-12]
        : The instance is 'u_core/u_update/meta_wr_data_reg[114]'.
Info    : Replacing a flip-flop with a logic constant 0. [GLO-12]
        : The instance is 'u_core/u_update/meta_wr_data_reg[115]'.
Info    : Replacing a flip-flop with a logic constant 0. [GLO-12]
        : The instance is 'u_core/u_update/meta_wr_data_reg[116]'.
Info    : Replacing a flip-flop with a logic constant 0. [GLO-12]
        : The instance is 'u_core/u_update/meta_wr_data_reg[117]'.
Info    : Replacing a flip-flop with a logic constant 0. [GLO-12]
        : The instance is 'u_core/u_update/meta_wr_data_reg[118]'.
Info    : Replacing a flip-flop with a logic constant 0. [GLO-12]
        : The instance is 'u_core/u_update/meta_wr_data_reg[119]'.
Info    : Replacing a flip-flop with a logic constant 0. [GLO-12]
        : The instance is 'u_core/u_update/meta_wr_data_reg[120]'.
Info    : Replacing a flip-flop with a logic constant 0. [GLO-12]
        : The instance is 'u_core/u_update/meta_wr_data_reg[121]'.
Info    : Replacing a flip-flop with a logic constant 0. [GLO-12]
        : The instance is 'u_core/u_update/meta_wr_data_reg[122]'.
Info    : Replacing a flip-flop with a logic constant 0. [GLO-12]
        : The instance is 'u_core/u_update/meta_wr_data_reg[123]'.
Info    : Replacing a flip-flop with a logic constant 0. [GLO-12]
        : The instance is 'u_core/u_update/meta_wr_data_reg[124]'.
Info    : Replacing a flip-flop with a logic constant 0. [GLO-12]
        : The instance is 'u_core/u_update/meta_wr_data_reg[125]'.
Info    : Replacing a flip-flop with a logic constant 0. [GLO-12]
        : The instance is 'u_core/u_update/meta_wr_data_reg[126]'.
Info    : Replacing a flip-flop with a logic constant 0. [GLO-12]
        : The instance is 'u_core/u_update/meta_wr_data_reg[127]'.
Info    : Replacing a flip-flop with a logic constant 0. [GLO-12]
        : The instance is 'u_regs/s_bresp_reg[0]'.
Info    : Replacing a flip-flop with a logic constant 0. [GLO-12]
        : The instance is 'u_regs/s_bresp_reg[1]'.
Info    : Replacing a flip-flop with a logic constant 0. [GLO-12]
        : The instance is 'u_regs/s_rresp_reg[0]'.
Info    : Replacing a flip-flop with a logic constant 0. [GLO-12]
        : The instance is 'u_regs/s_rresp_reg[1]'.
Info    : Replacing a flip-flop with a logic constant 0. [GLO-12]
        : The instance is 'u_perf/update_quarter_count_reg[0]'.
Info    : Replacing a flip-flop with a logic constant 0. [GLO-12]
        : The instance is 'u_perf/update_quarter_count_reg[1]'.
Info    : Replacing a flip-flop with a logic constant 0. [GLO-12]
        : The instance is 'u_perf/update_quarter_count_reg[2]'.
Info    : Replacing a flip-flop with a logic constant 0. [GLO-12]
        : The instance is 'u_perf/update_quarter_count_reg[3]'.
Info    : Replacing a flip-flop with a logic constant 0. [GLO-12]
        : The instance is 'u_perf/update_quarter_count_reg[4]'.
Info    : Replacing a flip-flop with a logic constant 0. [GLO-12]
        : The instance is 'u_perf/update_quarter_count_reg[5]'.
Info    : Replacing a flip-flop with a logic constant 0. [GLO-12]
        : The instance is 'u_perf/update_quarter_count_reg[6]'.
Info    : Replacing a flip-flop with a logic constant 0. [GLO-12]
        : The instance is 'u_perf/update_quarter_count_reg[7]'.
Info    : Replacing a flip-flop with a logic constant 0. [GLO-12]
        : The instance is 'u_perf/update_quarter_count_reg[8]'.
Info    : Replacing a flip-flop with a logic constant 0. [GLO-12]
        : The instance is 'u_perf/update_quarter_count_reg[9]'.
Info    : Replacing a flip-flop with a logic constant 0. [GLO-12]
        : The instance is 'u_perf/update_quarter_count_reg[10]'.
Info    : Replacing a flip-flop with a logic constant 0. [GLO-12]
        : The instance is 'u_perf/update_quarter_count_reg[11]'.
Info    : Replacing a flip-flop with a logic constant 0. [GLO-12]
        : The instance is 'u_perf/update_quarter_count_reg[12]'.
Info    : Replacing a flip-flop with a logic constant 0. [GLO-12]
        : The instance is 'u_perf/update_quarter_count_reg[13]'.
Info    : Replacing a flip-flop with a logic constant 0. [GLO-12]
        : The instance is 'u_perf/update_quarter_count_reg[14]'.
Info    : Replacing a flip-flop with a logic constant 0. [GLO-12]
        : The instance is 'u_perf/update_quarter_count_reg[15]'.
Info    : Replacing a flip-flop with a logic constant 0. [GLO-12]
        : The instance is 'u_perf/update_quarter_count_reg[16]'.
Info    : Replacing a flip-flop with a logic constant 0. [GLO-12]
        : The instance is 'u_perf/update_quarter_count_reg[17]'.
Info    : Replacing a flip-flop with a logic constant 0. [GLO-12]
        : The instance is 'u_perf/update_quarter_count_reg[18]'.
Info    : Replacing a flip-flop with a logic constant 0. [GLO-12]
        : The instance is 'u_perf/update_quarter_count_reg[19]'.
Info    : Replacing a flip-flop with a logic constant 0. [GLO-12]
        : The instance is 'u_perf/update_quarter_count_reg[20]'.
Info    : Replacing a flip-flop with a logic constant 0. [GLO-12]
        : The instance is 'u_perf/update_quarter_count_reg[21]'.
Info    : Replacing a flip-flop with a logic constant 0. [GLO-12]
        : The instance is 'u_perf/update_quarter_count_reg[22]'.
Info    : Replacing a flip-flop with a logic constant 0. [GLO-12]
        : The instance is 'u_perf/update_quarter_count_reg[23]'.
Info    : Replacing a flip-flop with a logic constant 0. [GLO-12]
        : The instance is 'u_perf/update_quarter_count_reg[24]'.
Info    : Replacing a flip-flop with a logic constant 0. [GLO-12]
        : The instance is 'u_perf/update_quarter_count_reg[25]'.
Info    : Replacing a flip-flop with a logic constant 0. [GLO-12]
        : The instance is 'u_perf/update_quarter_count_reg[26]'.
Info    : Replacing a flip-flop with a logic constant 0. [GLO-12]
        : The instance is 'u_perf/update_quarter_count_reg[27]'.
Info    : Replacing a flip-flop with a logic constant 0. [GLO-12]
        : The instance is 'u_perf/update_quarter_count_reg[28]'.
Info    : Replacing a flip-flop with a logic constant 0. [GLO-12]
        : The instance is 'u_perf/update_quarter_count_reg[29]'.
Info    : Replacing a flip-flop with a logic constant 0. [GLO-12]
        : The instance is 'u_perf/update_quarter_count_reg[30]'.
Info    : Replacing a flip-flop with a logic constant 0. [GLO-12]
        : The instance is 'u_perf/update_quarter_count_reg[31]'.
Info    : Replacing a flip-flop with a logic constant 0. [GLO-12]
        : The instance is 'u_perf/update_quarter_count_reg[32]'.
Info    : Replacing a flip-flop with a logic constant 0. [GLO-12]
        : The instance is 'u_perf/update_quarter_count_reg[33]'.
Info    : Replacing a flip-flop with a logic constant 0. [GLO-12]
        : The instance is 'u_perf/update_quarter_count_reg[34]'.
Info    : Replacing a flip-flop with a logic constant 0. [GLO-12]
        : The instance is 'u_perf/update_quarter_count_reg[35]'.
Info    : Replacing a flip-flop with a logic constant 0. [GLO-12]
        : The instance is 'u_perf/update_quarter_count_reg[36]'.
Info    : Replacing a flip-flop with a logic constant 0. [GLO-12]
        : The instance is 'u_perf/update_quarter_count_reg[37]'.
Info    : Replacing a flip-flop with a logic constant 0. [GLO-12]
        : The instance is 'u_perf/update_quarter_count_reg[38]'.
Info    : Replacing a flip-flop with a logic constant 0. [GLO-12]
        : The instance is 'u_perf/update_quarter_count_reg[39]'.
Info    : Replacing a flip-flop with a logic constant 0. [GLO-12]
        : The instance is 'u_perf/update_quarter_count_reg[40]'.
Info    : Replacing a flip-flop with a logic constant 0. [GLO-12]
        : The instance is 'u_perf/update_quarter_count_reg[41]'.
Info    : Replacing a flip-flop with a logic constant 0. [GLO-12]
        : The instance is 'u_perf/update_quarter_count_reg[42]'.
Info    : Replacing a flip-flop with a logic constant 0. [GLO-12]
        : The instance is 'u_perf/update_quarter_count_reg[43]'.
Info    : Replacing a flip-flop with a logic constant 0. [GLO-12]
        : The instance is 'u_perf/update_quarter_count_reg[44]'.
Info    : Replacing a flip-flop with a logic constant 0. [GLO-12]
        : The instance is 'u_perf/update_quarter_count_reg[45]'.
Info    : Replacing a flip-flop with a logic constant 0. [GLO-12]
        : The instance is 'u_perf/update_quarter_count_reg[46]'.
Info    : Replacing a flip-flop with a logic constant 0. [GLO-12]
        : The instance is 'u_perf/update_quarter_count_reg[47]'.
Info    : Replacing a flip-flop with a logic constant 0. [GLO-12]
        : The instance is 'u_perf/update_quarter_count_reg[48]'.
Info    : Replacing a flip-flop with a logic constant 0. [GLO-12]
        : The instance is 'u_perf/update_quarter_count_reg[49]'.
Info    : Replacing a flip-flop with a logic constant 0. [GLO-12]
        : The instance is 'u_perf/update_quarter_count_reg[50]'.
Info    : Replacing a flip-flop with a logic constant 0. [GLO-12]
        : The instance is 'u_perf/update_quarter_count_reg[51]'.
Info    : Replacing a flip-flop with a logic constant 0. [GLO-12]
        : The instance is 'u_perf/update_quarter_count_reg[52]'.
Info    : Replacing a flip-flop with a logic constant 0. [GLO-12]
        : The instance is 'u_perf/update_quarter_count_reg[53]'.
Info    : Replacing a flip-flop with a logic constant 0. [GLO-12]
        : The instance is 'u_perf/update_quarter_count_reg[54]'.
Info    : Replacing a flip-flop with a logic constant 0. [GLO-12]
        : The instance is 'u_perf/update_quarter_count_reg[55]'.
Info    : Replacing a flip-flop with a logic constant 0. [GLO-12]
        : The instance is 'u_perf/update_quarter_count_reg[56]'.
Info    : Replacing a flip-flop with a logic constant 0. [GLO-12]
        : The instance is 'u_perf/update_quarter_count_reg[57]'.
Info    : Replacing a flip-flop with a logic constant 0. [GLO-12]
        : The instance is 'u_perf/update_quarter_count_reg[58]'.
Info    : Replacing a flip-flop with a logic constant 0. [GLO-12]
        : The instance is 'u_perf/update_quarter_count_reg[59]'.
Info    : Replacing a flip-flop with a logic constant 0. [GLO-12]
        : The instance is 'u_perf/update_quarter_count_reg[60]'.
Info    : Replacing a flip-flop with a logic constant 0. [GLO-12]
        : The instance is 'u_perf/update_quarter_count_reg[61]'.
Info    : Replacing a flip-flop with a logic constant 0. [GLO-12]
        : The instance is 'u_perf/update_quarter_count_reg[62]'.
Info    : Replacing a flip-flop with a logic constant 0. [GLO-12]
        : The instance is 'u_perf/update_quarter_count_reg[63]'.
Info    : Replacing a flip-flop with a logic constant 0. [GLO-12]
        : The instance is 'u_finalize/u_recip/dividend_reg_reg[1]'.
Info    : Replacing a flip-flop with a logic constant 0. [GLO-12]
        : The instance is 'u_finalize/u_recip/dividend_reg_reg[2]'.
Info    : Replacing a flip-flop with a logic constant 0. [GLO-12]
        : The instance is 'u_finalize/u_recip/dividend_reg_reg[3]'.
Info    : Replacing a flip-flop with a logic constant 0. [GLO-12]
        : The instance is 'u_finalize/u_recip/dividend_reg_reg[4]'.
Info    : Replacing a flip-flop with a logic constant 0. [GLO-12]
        : The instance is 'u_finalize/u_recip/dividend_reg_reg[5]'.
Info    : Replacing a flip-flop with a logic constant 0. [GLO-12]
        : The instance is 'u_finalize/u_recip/dividend_reg_reg[6]'.
Info    : Replacing a flip-flop with a logic constant 0. [GLO-12]
        : The instance is 'u_finalize/u_recip/dividend_reg_reg[7]'.
Info    : Replacing a flip-flop with a logic constant 0. [GLO-12]
        : The instance is 'u_finalize/u_recip/dividend_reg_reg[8]'.
Info    : Replacing a flip-flop with a logic constant 0. [GLO-12]
        : The instance is 'u_finalize/u_recip/dividend_reg_reg[9]'.
Info    : Replacing a flip-flop with a logic constant 0. [GLO-12]
        : The instance is 'u_finalize/u_recip/dividend_reg_reg[10]'.
Info    : Replacing a flip-flop with a logic constant 0. [GLO-12]
        : The instance is 'u_finalize/u_recip/dividend_reg_reg[11]'.
Info    : Replacing a flip-flop with a logic constant 0. [GLO-12]
        : The instance is 'u_finalize/u_recip/dividend_reg_reg[12]'.
Info    : Replacing a flip-flop with a logic constant 0. [GLO-12]
        : The instance is 'u_finalize/u_recip/dividend_reg_reg[13]'.
Info    : Replacing a flip-flop with a logic constant 0. [GLO-12]
        : The instance is 'u_finalize/u_recip/dividend_reg_reg[14]'.
Info    : Replacing a flip-flop with a logic constant 0. [GLO-12]
        : The instance is 'u_finalize/u_recip/dividend_reg_reg[15]'.
Info    : Replacing a flip-flop with a logic constant 0. [GLO-12]
        : The instance is 'u_finalize/u_recip/dividend_reg_reg[16]'.
Info    : Replacing a flip-flop with a logic constant 0. [GLO-12]
        : The instance is 'u_finalize/u_recip/dividend_reg_reg[17]'.
Info    : Replacing a flip-flop with a logic constant 0. [GLO-12]
        : The instance is 'u_finalize/u_recip/dividend_reg_reg[18]'.
Info    : Replacing a flip-flop with a logic constant 0. [GLO-12]
        : The instance is 'u_finalize/u_recip/dividend_reg_reg[19]'.
Info    : Replacing a flip-flop with a logic constant 0. [GLO-12]
        : The instance is 'u_finalize/u_recip/dividend_reg_reg[20]'.
Info    : Replacing a flip-flop with a logic constant 0. [GLO-12]
        : The instance is 'u_finalize/u_recip/dividend_reg_reg[21]'.
Info    : Replacing a flip-flop with a logic constant 0. [GLO-12]
        : The instance is 'u_finalize/u_recip/dividend_reg_reg[22]'.
Info    : Replacing a flip-flop with a logic constant 0. [GLO-12]
        : The instance is 'u_finalize/u_recip/dividend_reg_reg[23]'.
Info    : Replacing a flip-flop with a logic constant 0. [GLO-12]
        : The instance is 'u_finalize/u_recip/dividend_reg_reg[24]'.
Info    : Replacing a flip-flop with a logic constant 0. [GLO-12]
        : The instance is 'u_finalize/u_recip/dividend_reg_reg[25]'.
Info    : Replacing a flip-flop with a logic constant 0. [GLO-12]
        : The instance is 'u_finalize/u_recip/dividend_reg_reg[26]'.
Info    : Replacing a flip-flop with a logic constant 0. [GLO-12]
        : The instance is 'u_finalize/u_recip/dividend_reg_reg[27]'.
Info    : Replacing a flip-flop with a logic constant 0. [GLO-12]
        : The instance is 'u_finalize/u_recip/dividend_reg_reg[28]'.
Info    : Replacing a flip-flop with a logic constant 0. [GLO-12]
        : The instance is 'u_finalize/u_recip/dividend_reg_reg[29]'.
Info    : Replacing a flip-flop with a logic constant 0. [GLO-12]
        : The instance is 'u_finalize/u_recip/dividend_reg_reg[30]'.
Info    : Replacing a flip-flop with a logic constant 0. [GLO-12]
        : The instance is 'u_finalize/u_recip/dividend_reg_reg[31]'.
Info    : Replacing a flip-flop with a logic constant 0. [GLO-12]
        : The instance is 'u_finalize/u_recip/dividend_reg_reg[32]'.
Info    : Replacing a flip-flop with a logic constant 0. [GLO-12]
        : The instance is 'u_finalize/u_recip/dividend_reg_reg[33]'.
Info    : Replacing a flip-flop with a logic constant 0. [GLO-12]
        : The instance is 'u_finalize/u_recip/dividend_reg_reg[34]'.
Info    : Replacing a flip-flop with a logic constant 0. [GLO-12]
        : The instance is 'u_finalize/u_recip/dividend_reg_reg[35]'.
Info    : Replacing a flip-flop with a logic constant 0. [GLO-12]
        : The instance is 'u_finalize/u_recip/dividend_reg_reg[36]'.
Info    : Replacing a flip-flop with a logic constant 0. [GLO-12]
        : The instance is 'u_finalize/u_recip/dividend_reg_reg[37]'.
Info    : Replacing a flip-flop with a logic constant 0. [GLO-12]
        : The instance is 'u_finalize/u_recip/dividend_reg_reg[38]'.
Info    : Replacing a flip-flop with a logic constant 0. [GLO-12]
        : The instance is 'u_finalize/u_recip/dividend_reg_reg[39]'.
Info    : Replacing a flip-flop with a logic constant 0. [GLO-12]
        : The instance is 'u_finalize/u_recip/dividend_reg_reg[40]'.
Info    : Replacing a flip-flop with a logic constant 0. [GLO-12]
        : The instance is 'u_finalize/u_recip/dividend_reg_reg[41]'.
Info    : Replacing a flip-flop with a logic constant 0. [GLO-12]
        : The instance is 'u_finalize/u_recip/dividend_reg_reg[42]'.
Info    : Replacing a flip-flop with a logic constant 0. [GLO-12]
        : The instance is 'u_finalize/u_recip/dividend_reg_reg[43]'.
Info    : Replacing a flip-flop with a logic constant 0. [GLO-12]
        : The instance is 'u_finalize/u_recip/dividend_reg_reg[44]'.
Info    : Replacing a flip-flop with a logic constant 0. [GLO-12]
        : The instance is 'u_finalize/u_recip/dividend_reg_reg[45]'.
Info    : Replacing a flip-flop with a logic constant 0. [GLO-12]
        : The instance is 'u_finalize/u_recip/dividend_reg_reg[46]'.
Info    : Replacing a flip-flop with a logic constant 0. [GLO-12]
        : The instance is 'u_finalize/u_recip/dividend_reg_reg[47]'.
Info    : Replacing a flip-flop with a logic constant 0. [GLO-12]
        : The instance is 'u_finalize/u_recip/dividend_reg_reg[48]'.
Info    : Replacing a flip-flop with a logic constant 0. [GLO-12]
        : The instance is 'u_finalize/u_recip/dividend_reg_reg[49]'.
Info    : Replacing a flip-flop with a logic constant 0. [GLO-12]
        : The instance is 'u_finalize/u_recip/dividend_reg_reg[50]'.
Info    : Replacing a flip-flop with a logic constant 0. [GLO-12]
        : The instance is 'u_finalize/u_recip/dividend_reg_reg[51]'.
Info    : Replacing a flip-flop with a logic constant 0. [GLO-12]
        : The instance is 'u_finalize/u_recip/dividend_reg_reg[52]'.
Info    : Replacing a flip-flop with a logic constant 0. [GLO-12]
        : The instance is 'u_finalize/u_recip/dividend_reg_reg[53]'.
Info    : Replacing a flip-flop with a logic constant 0. [GLO-12]
        : The instance is 'u_finalize/u_recip/dividend_reg_reg[54]'.
Info    : Replacing a flip-flop with a logic constant 0. [GLO-12]
        : The instance is 'u_finalize/u_recip/dividend_reg_reg[55]'.
Info    : Replacing a flip-flop with a logic constant 0. [GLO-12]
        : The instance is 'u_finalize/u_recip/dividend_reg_reg[56]'.
Info    : Replacing a flip-flop with a logic constant 0. [GLO-12]
        : The instance is 'u_finalize/u_recip/dividend_reg_reg[57]'.
Info    : Replacing a flip-flop with a logic constant 0. [GLO-12]
        : The instance is 'u_finalize/u_recip/dividend_reg_reg[58]'.
Info    : Replacing a flip-flop with a logic constant 0. [GLO-12]
        : The instance is 'u_finalize/u_recip/dividend_reg_reg[59]'.
Info    : Replacing a flip-flop with a logic constant 0. [GLO-12]
        : The instance is 'u_core/u_update/u_acc_sram/g_bank[0].u_bank/rw_rvalid_d1_reg'.
Info    : Replacing a flip-flop with a logic constant 0. [GLO-12]
        : The instance is 'u_core/u_update/u_acc_sram/g_bank[1].u_bank/rw_rvalid_d1_reg'.
Info    : Replacing a flip-flop with a logic constant 0. [GLO-12]
        : The instance is 'u_core/u_update/u_acc_sram/g_bank[2].u_bank/rw_rvalid_d1_reg'.
Info    : Replacing a flip-flop with a logic constant 0. [GLO-12]
        : The instance is 'u_core/u_update/u_acc_sram/g_bank[3].u_bank/rw_rvalid_d1_reg'.
Info    : Replacing a flip-flop with a logic constant 0. [GLO-12]
        : The instance is 'u_core/u_update/u_acc_sram/g_bank[4].u_bank/rw_rvalid_d1_reg'.
Info    : Replacing a flip-flop with a logic constant 0. [GLO-12]
        : The instance is 'u_core/u_update/u_acc_sram/g_bank[5].u_bank/rw_rvalid_d1_reg'.
Info    : Replacing a flip-flop with a logic constant 0. [GLO-12]
        : The instance is 'u_core/u_update/u_acc_sram/g_bank[6].u_bank/rw_rvalid_d1_reg'.
Info    : Replacing a flip-flop with a logic constant 0. [GLO-12]
        : The instance is 'u_core/u_update/u_acc_sram/g_bank[7].u_bank/rw_rvalid_d1_reg'.
Info    : Replacing a flip-flop with a logic constant 0. [GLO-12]
        : The instance is 'u_core/u_update/u_acc_sram/g_bank[8].u_bank/rw_rvalid_d1_reg'.
Info    : Replacing a flip-flop with a logic constant 0. [GLO-12]
        : The instance is 'u_core/u_update/u_acc_sram/g_bank[9].u_bank/rw_rvalid_d1_reg'.
Info    : Replacing a flip-flop with a logic constant 0. [GLO-12]
        : The instance is 'u_core/u_update/u_acc_sram/g_bank[10].u_bank/rw_rvalid_d1_reg'.
Info    : Replacing a flip-flop with a logic constant 0. [GLO-12]
        : The instance is 'u_core/u_update/u_acc_sram/g_bank[11].u_bank/rw_rvalid_d1_reg'.
Info    : Replacing a flip-flop with a logic constant 0. [GLO-12]
        : The instance is 'u_core/u_update/u_acc_sram/g_bank[0].u_bank/rw_rvalid_reg'.
Info    : Replacing a flip-flop with a logic constant 0. [GLO-12]
        : The instance is 'u_core/u_update/u_acc_sram/g_bank[1].u_bank/rw_rvalid_reg'.
Info    : Replacing a flip-flop with a logic constant 0. [GLO-12]
        : The instance is 'u_core/u_update/u_acc_sram/g_bank[2].u_bank/rw_rvalid_reg'.
Info    : Replacing a flip-flop with a logic constant 0. [GLO-12]
        : The instance is 'u_core/u_update/u_acc_sram/g_bank[3].u_bank/rw_rvalid_reg'.
Info    : Replacing a flip-flop with a logic constant 0. [GLO-12]
        : The instance is 'u_core/u_update/u_acc_sram/g_bank[4].u_bank/rw_rvalid_reg'.
Info    : Replacing a flip-flop with a logic constant 0. [GLO-12]
        : The instance is 'u_core/u_update/u_acc_sram/g_bank[5].u_bank/rw_rvalid_reg'.
Info    : Replacing a flip-flop with a logic constant 0. [GLO-12]
        : The instance is 'u_core/u_update/u_acc_sram/g_bank[6].u_bank/rw_rvalid_reg'.
Info    : Replacing a flip-flop with a logic constant 0. [GLO-12]
        : The instance is 'u_core/u_update/u_acc_sram/g_bank[7].u_bank/rw_rvalid_reg'.
Info    : Replacing a flip-flop with a logic constant 0. [GLO-12]
        : The instance is 'u_core/u_update/u_acc_sram/g_bank[8].u_bank/rw_rvalid_reg'.
Info    : Replacing a flip-flop with a logic constant 0. [GLO-12]
        : The instance is 'u_core/u_update/u_acc_sram/g_bank[9].u_bank/rw_rvalid_reg'.
Info    : Replacing a flip-flop with a logic constant 0. [GLO-12]
        : The instance is 'u_core/u_update/u_acc_sram/g_bank[10].u_bank/rw_rvalid_reg'.
Info    : Replacing a flip-flop with a logic constant 0. [GLO-12]
        : The instance is 'u_core/u_update/u_acc_sram/g_bank[11].u_bank/rw_rvalid_reg'.
Info    : Replacing a flip-flop with a logic constant 0. [GLO-12]
        : The instance is 'u_core/u_dot/u_k_sram/rw_read_d1_reg'.
Info    : Replacing a flip-flop with a logic constant 0. [GLO-12]
        : The instance is 'u_core/u_dot/u_k_sram/rw_read_d2_reg'.
Info    : Replacing a flip-flop with a logic constant 0. [GLO-12]
        : The instance is 'u_core/u_dot/u_k_sram/g_bank[0].u_bank/rw_rvalid_d1_reg'.
Info    : Replacing a flip-flop with a logic constant 0. [GLO-12]
        : The instance is 'u_core/u_dot/u_k_sram/g_bank[1].u_bank/rw_rvalid_d1_reg'.
Info    : Replacing a flip-flop with a logic constant 0. [GLO-12]
        : The instance is 'u_core/u_dot/u_k_sram/g_bank[2].u_bank/rw_rvalid_d1_reg'.
Info    : Replacing a flip-flop with a logic constant 0. [GLO-12]
        : The instance is 'u_core/u_dot/u_k_sram/g_bank[3].u_bank/rw_rvalid_d1_reg'.
Info    : Replacing a flip-flop with a logic constant 0. [GLO-12]
        : The instance is 'u_core/u_dot/u_k_sram/g_bank[4].u_bank/rw_rvalid_d1_reg'.
Info    : Replacing a flip-flop with a logic constant 0. [GLO-12]
        : The instance is 'u_core/u_dot/u_k_sram/g_bank[5].u_bank/rw_rvalid_d1_reg'.
Info    : Replacing a flip-flop with a logic constant 0. [GLO-12]
        : The instance is 'u_core/u_dot/u_k_sram/g_bank[6].u_bank/rw_rvalid_d1_reg'.
Info    : Replacing a flip-flop with a logic constant 0. [GLO-12]
        : The instance is 'u_core/u_dot/u_k_sram/g_bank[7].u_bank/rw_rvalid_d1_reg'.
Info    : Replacing a flip-flop with a logic constant 0. [GLO-12]
        : The instance is 'u_core/u_dot/u_k_sram/g_bank[0].u_bank/rw_rvalid_reg'.
Info    : Replacing a flip-flop with a logic constant 0. [GLO-12]
        : The instance is 'u_core/u_dot/u_k_sram/g_bank[1].u_bank/rw_rvalid_reg'.
Info    : Replacing a flip-flop with a logic constant 0. [GLO-12]
        : The instance is 'u_core/u_dot/u_k_sram/g_bank[2].u_bank/rw_rvalid_reg'.
Info    : Replacing a flip-flop with a logic constant 0. [GLO-12]
        : The instance is 'u_core/u_dot/u_k_sram/g_bank[3].u_bank/rw_rvalid_reg'.
Info    : Replacing a flip-flop with a logic constant 0. [GLO-12]
        : The instance is 'u_core/u_dot/u_k_sram/g_bank[4].u_bank/rw_rvalid_reg'.
Info    : Replacing a flip-flop with a logic constant 0. [GLO-12]
        : The instance is 'u_core/u_dot/u_k_sram/g_bank[5].u_bank/rw_rvalid_reg'.
Info    : Replacing a flip-flop with a logic constant 0. [GLO-12]
        : The instance is 'u_core/u_dot/u_k_sram/g_bank[6].u_bank/rw_rvalid_reg'.
Info    : Replacing a flip-flop with a logic constant 0. [GLO-12]
        : The instance is 'u_core/u_dot/u_k_sram/g_bank[7].u_bank/rw_rvalid_reg'.
Info    : Replacing a flip-flop with a logic constant 0. [GLO-12]
        : The instance is 'u_finalize/pack_slot_reg_reg[2]'.
Info    : Replacing a flip-flop with a logic constant 0. [GLO-12]
        : The instance is 'u_dma/u_read/burst_beats_reg_reg[7]'.
...done running DP early constant propagation (60 seconds CPU time, 56 seconds wall time, netlist fa_top).
Info    : Deleting instances not driving any primary outputs. [GLO-34]
        : Deleting 1843 sequential instances.
Info    : Deleting instances not driving any primary outputs. [GLO-34]
        : Deleting 17 hierarchical instances.
Current PLE settings:

Aspect ratio        : 1.000
Shrink factor       : 1.000
Scale of res/length : 1.000
Scale of cap/length : 1.000
Net derating factor : 1.000
Thermal factor      : 1.000
Via Resistance      : 6.862 ohm (from qrc_tech_file)
Site size           : 3.810 um (from lef [tech+cell])

                                   Capacitance  
  Layer                             / Length         Data source:
Name        Direction Utilization  (pF/micron)       qrc_tech_file
------------------------------------------------
li1             V         0.00        0.000204  
met1            H         1.00        0.000303  
met2            V         1.00        0.000295  
met3            H         1.00        0.000342  
met4            V         1.00        0.000322  
met5            H         1.00        0.000304  

                                    Resistance   
  Layer                              / Length         Data source:
Name        Direction Utilization  (ohm/micron)       qrc_tech_file
-------------------------------------------------
li1             V         0.00        68.241675  
met1            H         1.00         1.217961  
met2            V         1.00         1.218041  
met3            H         1.00         0.167980  
met4            V         1.00         0.167980  
met5            H         1.00         0.018544  

                                        Area     
  Layer                               / Length        Data source:
Name        Direction Utilization     (micron)        lef_library
-------------------------------------------------
li1             V         0.00         0.170000  
met1            H         1.00         0.140000  
met2            V         1.00         0.140000  
met3            H         1.00         0.300000  
met4            V         1.00         0.300000  
met5            H         1.00         1.600000  

Info    : Synthesizing. [SYNTH-1]
        : Synthesizing 'fa_top' to generic gates using 'medium' effort.
Warning : This attribute will be obsolete in a next major release. [TUI-32]
        : attribute: 'pam_cone_opt_global_buffering', object type: 'root'
Warning : This attribute will be obsolete in a next major release. [TUI-32]
        : attribute: 'pam_cone_opt_skip_annotation', object type: 'root'
Warning : This attribute will be obsolete in a next major release. [TUI-32]
        : attribute: 'pam_cone_opt_zero_pa', object type: 'root'
Running Synthesis Turbo Flow Version 4.
Info    : Enabling Partition Based Synthesis. [PBS-1]
        : Starting distributed generic optimization.
Processing pre-genopt PAS flow...
Info    : Attempting to launch a super-threading server. [ST-120]
        : Attempting to Launch server 1 of 16.
        : The tool is entering super-threading mode and is launching a CPU server process.  This is enabled by the root attribute 'super_thread_servers' or 'auto_super_thread'.
Info    : Connection established with super-threading server. [ST-110]
        : The server '8_1_0' is forked process '3341894' on machine 'sh02lo01'.
        : The tool is entering super-threading mode and has established a connection with a CPU server process.  This is enabled by the root attributes 'super_thread_servers' or 'auto_super_thread'.
Info    : Attempting to launch a super-threading server. [ST-120]
        : Attempting to Launch server 2 of 16.
Info    : Connection established with super-threading server. [ST-110]
        : The server 'localhost_1_1' is forked process '3341922' on this host.
Info    : Connection established with super-threading server. [ST-110]
        : The server 'localhost_1_2' is forked process '3341940' on this host.
Info    : Connection established with super-threading server. [ST-110]
        : The server 'localhost_1_3' is forked process '3341942' on this host.
Info    : Connection established with super-threading server. [ST-110]
        : The server 'localhost_1_4' is forked process '3341952' on this host.
Info    : Connection established with super-threading server. [ST-110]
        : The server 'localhost_1_5' is forked process '3341954' on this host.
Info    : Connection established with super-threading server. [ST-110]
        : The server 'localhost_1_6' is forked process '3341956' on this host.
Info    : Connection established with super-threading server. [ST-110]
        : The server 'localhost_1_7' is forked process '3341958' on this host.
Checking out license: Genus_CPU_Opt
[23:39:05.167138] Periodic Lic check successful
[23:39:05.691464] Feature usage summary:
[23:39:05.691465] Genus_Synthesis  
[23:39:05.691475] Genus_CPU_Opt  
[23:39:05.691475] Genus_Physical_Opt  
License checkout complete (0 seconds elapsed).
Info    : Connection established with super-threading server. [ST-110]
        : The server 'localhost_1_8' is forked process '3341960' on this host.
Info    : Connection established with super-threading server. [ST-110]
        : The server '8_1_9' is forked process '3341962' on machine 'sh02lo01'.
Info    : Connection established with super-threading server. [ST-110]
        : The server '8_1_10' is forked process '3341964' on machine 'sh02lo01'.
Info    : Connection established with super-threading server. [ST-110]
        : The server '8_1_11' is forked process '3341966' on machine 'sh02lo01'.
Info    : Connection established with super-threading server. [ST-110]
        : The server '8_1_12' is forked process '3341968' on machine 'sh02lo01'.
Info    : Connection established with super-threading server. [ST-110]
        : The server '8_1_13' is forked process '3341971' on machine 'sh02lo01'.
Info    : Connection established with super-threading server. [ST-110]
        : The server '8_1_14' is forked process '3341973' on machine 'sh02lo01'.
Info    : Connection established with super-threading server. [ST-110]
        : The server '8_1_15' is forked process '3341975' on machine 'sh02lo01'.
Start partitioning.  Summary: MEM {curr: 3.6G, peak: 3.7G, phys curr: 2.5G, phys peak: 5.5G}
Start partitioning design fa_top for generic optimization.
Total generic instances for partitioning: 359937
	Generic partition 0: size 61141
	Generic partition 1: size 82486
	Generic partition 2: size 216310
Done partitioning.  Summary: RT {elapsed: 0s, ST: 1s}, MEM {curr: 3.6G, peak: 3.7G, phys curr: 2.5G, phys peak: 5.5G}
Start creating partition netlists.  Summary: MEM {curr: 3.6G, peak: 3.7G, phys curr: 2.5G, phys peak: 5.5G}
Done creating partition netlists.  Summary: RT {elapsed: 7s, ST: 6s}, MEM {curr: 3.6G, peak: 3.7G, phys curr: 3.2G, phys peak: 5.5G}
Start budgeting timing for partitions.  Summary: MEM {curr: 3.6G, peak: 3.7G, phys curr: 3.2G, phys peak: 5.5G}
Done budgeting timing for partitions.  Summary: RT {elapsed: 23s, ST: 24s}, MEM {curr: 4.0G, peak: 4.0G, phys curr: 3.8G, phys peak: 5.5G}
Start deriving partition netlists.  Summary: MEM {curr: 4.0G, peak: 4.0G, phys curr: 3.8G, phys peak: 5.5G}
The inst 'pbs_genopt_0' is selected as pbs candidate. The instance cnt is: '61141'.
The inst 'pbs_genopt_1' is selected as pbs candidate. The instance cnt is: '82486'.
The inst 'pbs_genopt_2' is selected as pbs candidate. The instance cnt is: '216310'.
Done deriving partition netlists.  Summary: RT {elapsed: 20s, ST: 20s}, MEM {curr: 4.1G, peak: 4.1G, phys curr: 3.8G, phys peak: 5.5G}
Wait for super-thread servers to finish loading libraries.
Start super thread servers forking.  Summary: MEM {curr: 4.0G, peak: 4.1G, phys curr: 3.8G, phys peak: 5.5G}
Done super thread servers forking.  Summary: RT {elapsed: 0s, ST: 0s}, MEM {curr: 4.0G, peak: 4.1G, phys curr: 3.8G, phys peak: 5.5G}
        Distributing super-thread jobs: {pbs_genopt_2 ./.pbs_sh02lo01_3335645/pbs_genopt_2.etf} {pbs_genopt_1 ./.pbs_sh02lo01_3335645/pbs_genopt_1.etf} {pbs_genopt_0 ./.pbs_sh02lo01_3335645/pbs_genopt_0.etf}
          Sending 'pbs_genopt_2 ./.pbs_sh02lo01_3335645/pbs_genopt_2.etf' to server 'localhost_1_7'...
            Sent 'pbs_genopt_2 ./.pbs_sh02lo01_3335645/pbs_genopt_2.etf' to server 'localhost_1_7'.
          Sending 'pbs_genopt_1 ./.pbs_sh02lo01_3335645/pbs_genopt_1.etf' to server 'localhost_1_1'...
            Sent 'pbs_genopt_1 ./.pbs_sh02lo01_3335645/pbs_genopt_1.etf' to server 'localhost_1_1'.
          Sending 'pbs_genopt_0 ./.pbs_sh02lo01_3335645/pbs_genopt_0.etf' to server 'localhost_1_5'...
            Sent 'pbs_genopt_0 ./.pbs_sh02lo01_3335645/pbs_genopt_0.etf' to server 'localhost_1_5'.
          Received 'pbs_genopt_1 ./.pbs_sh02lo01_3335645/pbs_genopt_1.etf' from server 'localhost_1_1'. (368574 ms elapsed)
          Received 'pbs_genopt_0 ./.pbs_sh02lo01_3335645/pbs_genopt_0.etf' from server 'localhost_1_5'. (682151 ms elapsed)
       Partition:  pbs_genopt_0 - PBS_Generic_Opt-Distributed_Read_DB - Elapsed_Time 1.00, CPU_Time 1.00
       Partition:  pbs_genopt_0 - PBS_Generic_Opt-Distributed_Generic - Elapsed_Time 641.00, CPU_Time 622.30
       Partition:  pbs_genopt_0 - PBS_Generic_Opt-Distributed_Prop_Const - Elapsed_Time 31.00, CPU_Time 30.00
       Partition:  pbs_genopt_0 - PBS_Generic_Opt-Distributed_Gobble - Elapsed_Time 0.00, CPU_Time 0.00
       Partition:  pbs_genopt_0 - PBS_Generic_Opt-Distributed_Report - Elapsed_Time 0.00, CPU_Time 0.00
       Start - Partition: pbs_genopt_0 Slack: -711.0 TNS: 33617.8 Cell-Count: 61141 Cell-Area: 959773 
Init-Memory: 2745.14
       Done  - Partition: pbs_genopt_0 Slack: 279.9 TNS: 0.0 Cell-Count: 42899 Cell-Area: 793327 
Peak-Memory: 3284.88 Elapsed: 673
       Partition:  pbs_genopt_0 - PBS_Generic_Opt-Distributed_Write_DB - Elapsed_Time 8.00, CPU_Time 7.81
       pbs_genopt_0 - PBS_Generic_Opt-Assembly - Elapsed_Time 3, CPU_Time 4.0
       Partition:  pbs_genopt_0 - Runtime taken by the partition - Elapsed_Time 681.00, CPU_Time 661.11
       Partition:  pbs_genopt_1 - PBS_Generic_Opt-Distributed_Read_DB - Elapsed_Time 1.00, CPU_Time 0.00
       Partition:  pbs_genopt_1 - PBS_Generic_Opt-Distributed_Generic - Elapsed_Time 351.00, CPU_Time 331.42
       Partition:  pbs_genopt_1 - PBS_Generic_Opt-Distributed_Prop_Const - Elapsed_Time 4.00, CPU_Time 4.00
       Partition:  pbs_genopt_1 - PBS_Generic_Opt-Distributed_Gobble - Elapsed_Time 0.00, CPU_Time 0.00
       Partition:  pbs_genopt_1 - PBS_Generic_Opt-Distributed_Report - Elapsed_Time 0.00, CPU_Time 0.00
       Start - Partition: pbs_genopt_1 Slack: 397.6 TNS: 0.0 Cell-Count: 82486 Cell-Area: 3039771 
Init-Memory: 2745.14
       Done  - Partition: pbs_genopt_1 Slack: -474.8 TNS: 18846.8 Cell-Count: 76527 Cell-Area: 2855537 
Peak-Memory: 3649.14 Elapsed: 357
       Partition:  pbs_genopt_1 - PBS_Generic_Opt-Distributed_Write_DB - Elapsed_Time 11.00, CPU_Time 10.96
       pbs_genopt_1 - PBS_Generic_Opt-Assembly - Elapsed_Time 5, CPU_Time 4.0
       Partition:  pbs_genopt_1 - Runtime taken by the partition - Elapsed_Time 367.00, CPU_Time 346.38
          Received 'pbs_genopt_2 ./.pbs_sh02lo01_3335645/pbs_genopt_2.etf' from server 'localhost_1_7'. (1212905 ms elapsed)
       Partition:  pbs_genopt_2 - PBS_Generic_Opt-Distributed_Read_DB - Elapsed_Time 2.00, CPU_Time 2.00
       Partition:  pbs_genopt_2 - PBS_Generic_Opt-Distributed_Generic - Elapsed_Time 1174.00, CPU_Time 1138.86
       Partition:  pbs_genopt_2 - PBS_Generic_Opt-Distributed_Prop_Const - Elapsed_Time 16.00, CPU_Time 15.00
       Partition:  pbs_genopt_2 - PBS_Generic_Opt-Distributed_Gobble - Elapsed_Time 1.00, CPU_Time 1.00
       Partition:  pbs_genopt_2 - PBS_Generic_Opt-Distributed_Report - Elapsed_Time 0.00, CPU_Time 0.00
       Start - Partition: pbs_genopt_2 Slack: -1604.3 TNS: 1652236.8 Cell-Count: 216310 Cell-Area: 5014036 
Init-Memory: 2751.14
       Done  - Partition: pbs_genopt_2 Slack: 177.7 TNS: 0.0 Cell-Count: 144223 Cell-Area: 4313257 
Peak-Memory: 4854.92 Elapsed: 1193
       Partition:  pbs_genopt_2 - PBS_Generic_Opt-Distributed_Write_DB - Elapsed_Time 17.00, CPU_Time 16.00
       pbs_genopt_2 - PBS_Generic_Opt-Assembly - Elapsed_Time 10, CPU_Time 9.0
       Partition:  pbs_genopt_2 - Runtime taken by the partition - Elapsed_Time 1210.00, CPU_Time 1173.86
Assembled design in-time
Background Table : HLO::pre_to_gen_setup 
--------------------------------------------------------------------
| Transform       | Accepts | Rejects | Runtime (s) | Netlist ID   | 
--------------------------------------------------------------------
| hlo_mux_reorder |       0 |       0 |        0.38 | pbs_genopt_2 | 
| hlo_mux_reorder |       0 |       0 |        0.18 | pbs_genopt_1 | 
| hlo_mux_reorder |       0 |       0 |        0.25 | pbs_genopt_0 | 
--------------------------------------------------------------------
 
Background Table : HLO::post_to_gen_setup 
--------------------------------------------------------------------
| Transform       | Accepts | Rejects | Runtime (s) | Netlist ID   | 
--------------------------------------------------------------------
| hlo_mux_reorder |       0 |       0 |        0.01 | pbs_genopt_2 | 
| hlo_mux_reorder |       0 |       0 |        0.00 | pbs_genopt_1 | 
| hlo_mux_reorder |       0 |       0 |        0.00 | pbs_genopt_0 | 
--------------------------------------------------------------------
 
Background Table : UME::pre_hlo_rtlopt 
--------------------------------------------------------------
| Trick     | Accepts | Rejects | Runtime (s) | Netlist ID   | 
--------------------------------------------------------------
| ume_share |       0 |       0 |        0.01 | pbs_genopt_2 | 
| ume_sweep |       0 |       0 |        0.01 |              |
| ume_ssm   |       0 |       0 |        0.01 |              |
| ume_share |       0 |       0 |        0.00 | pbs_genopt_1 | 
| ume_sweep |       0 |       0 |        0.00 |              |
| ume_ssm   |       0 |       0 |        0.00 |              |
| ume_share |       0 |       0 |        0.01 | pbs_genopt_0 | 
| ume_sweep |       0 |       0 |        0.01 |              |
| ume_ssm   |       0 |       0 |        0.00 |              |
--------------------------------------------------------------
 
Background Table : HLO::pre_rtlopt 
--------------------------------------------------------------------------------
| Transform                   | Accepts | Rejects | Runtime (s) | Netlist ID   | 
--------------------------------------------------------------------------------
| hlo_cleanup                 |       0 |       0 |        0.01 | pbs_genopt_2 | 
| hlo_clip                    |       0 |       0 |        0.01 |              |
| hlo_clip_mux_input          |       0 |       0 |        0.01 |              |
| hlo_redundancy_removal_word |       0 |       0 |       46.14 |              |
| hlo_datapath_recast         |       0 |       0 |        0.01 |              |
| hlo_optimize_datapath       |       0 |       0 |        0.01 |              |
| hlo_mux_consolidation       |       0 |       0 |        0.01 |              |
| hlo_mux_cascade_opt         |       0 |       0 |        0.01 |              |
| hlo_reduce_operator_chain   |       0 |       0 |        0.01 |              |
| hlo_identity_transform      |       0 |       0 |        0.01 |              |
| hlo_restructure             |       0 |       0 |        0.04 |              |
| hlo_reconv_opt              |       0 |       0 |        0.01 |              |
| hlo_inequality_transform    |       0 |       0 |        0.53 |              |
| hlo_constant_mux_opt        |       0 |       0 |        0.01 |              |
| hlo_mux_consolidation       |       0 |       0 |        0.01 |              |
| hlo_mux_cascade_opt         |       0 |       0 |        0.01 |              |
| hlo_chop_mux                |       0 |       0 |        0.01 |              |
| hlo_mux_decode              |       0 |       0 |        0.01 |              |
| hlo_decode_mux_sandwich     |       0 |       0 |        0.01 |              |
| hlo_infer_macro             |       0 |       0 |        0.52 |              |
| hlo_recase_casebox          |       0 |       0 |        0.32 |              |
| hlo_timing_reorder          |       0 |       0 |        4.38 |              |
| hlo_cleanup                 |       0 |       0 |        0.00 | pbs_genopt_1 | 
| hlo_clip                    |       0 |       0 |        0.00 |              |
| hlo_clip_mux_input          |       0 |       0 |        0.00 |              |
| hlo_redundancy_removal_word |       0 |       0 |       10.98 |              |
| hlo_datapath_recast         |       0 |       0 |        0.00 |              |
| hlo_optimize_datapath       |       0 |       0 |        0.00 |              |
| hlo_mux_consolidation       |       0 |       0 |        0.00 |              |
| hlo_mux_cascade_opt         |       0 |       0 |        0.00 |              |
| hlo_reduce_operator_chain   |       0 |       0 |        0.00 |              |
| hlo_identity_transform      |       0 |       0 |        0.01 |              |
| hlo_restructure             |       0 |       0 |        0.02 |              |
| hlo_reconv_opt              |       0 |       0 |        0.00 |              |
| hlo_inequality_transform    |       0 |       0 |        0.20 |              |
| hlo_constant_mux_opt        |       0 |       0 |        0.00 |              |
| hlo_mux_consolidation       |       0 |       0 |        0.01 |              |
| hlo_mux_cascade_opt         |       0 |       0 |        0.00 |              |
| hlo_chop_mux                |       0 |       0 |        0.00 |              |
| hlo_mux_decode              |       0 |       0 |        0.00 |              |
| hlo_decode_mux_sandwich     |       0 |       0 |        0.00 |              |
| hlo_infer_macro             |       0 |       6 |        0.20 |              |
| hlo_recase_casebox          |       0 |       0 |        0.17 |              |
| hlo_timing_reorder          |       0 |       0 |        2.02 |              |
| hlo_cleanup                 |       0 |       0 |        0.00 | pbs_genopt_0 | 
| hlo_clip                    |       0 |       0 |        0.00 |              |
| hlo_clip_mux_input          |       2 |       0 |        0.01 |              |
| hlo_redundancy_removal_word |       5 |       0 |        8.74 |              |
| hlo_datapath_recast         |       0 |       0 |        0.00 |              |
| hlo_optimize_datapath       |       0 |       0 |        0.00 |              |
| hlo_mux_consolidation       |       0 |       0 |        0.01 |              |
| hlo_mux_cascade_opt         |       0 |       0 |        0.00 |              |
| hlo_reduce_operator_chain   |       0 |       0 |        0.00 |              |
| hlo_identity_transform      |       0 |       3 |        0.01 |              |
| hlo_restructure             |       0 |       0 |        0.03 |              |
| hlo_reconv_opt              |       0 |       0 |        0.00 |              |
| hlo_inequality_transform    |       0 |       0 |        0.17 |              |
| hlo_constant_mux_opt        |       0 |       0 |        0.00 |              |
| hlo_mux_consolidation       |       0 |       0 |        0.01 |              |
| hlo_mux_cascade_opt         |       0 |       0 |        0.00 |              |
| hlo_chop_mux                |       0 |       0 |        0.00 |              |
| hlo_mux_decode              |       0 |       0 |        0.00 |              |
| hlo_decode_mux_sandwich     |       0 |       0 |        0.00 |              |
| hlo_infer_macro             |       1 |     119 |        0.16 |              |
| hlo_recase_casebox          |       0 |       0 |        0.16 |              |
| hlo_timing_reorder          |       0 |       0 |        1.91 |              |
--------------------------------------------------------------------------------
 
Background Table : UME::post_hlo_rtlopt 
-------------------------------------------------------------------------
| Trick                | Accepts | Rejects | Runtime (s) | Netlist ID   | 
-------------------------------------------------------------------------
| ume_runtime          |       1 |       0 |        0.01 | pbs_genopt_2 | 
| ume_sweep_aggressive |       0 |       0 |        0.01 |              |
| ume_runtime          |       1 |       0 |        0.01 |              |
| ume_sweep_aggressive |       0 |       0 |        0.01 |              |
| ume_runtime          |       0 |       0 |        0.00 | pbs_genopt_1 | 
| ume_sweep_aggressive |       0 |       0 |        0.00 |              |
| ume_runtime          |       0 |       0 |        0.00 | pbs_genopt_0 | 
| ume_sweep_aggressive |       0 |       0 |        0.01 |              |
-------------------------------------------------------------------------
 
Background Table : HLO::post_rtlopt 
-------------------------------------------------------------------------------
| Transform                  | Accepts | Rejects | Runtime (s) | Netlist ID   | 
-------------------------------------------------------------------------------
| hlo_timing_reorder         |       0 |       0 |        2.96 | pbs_genopt_2 | 
| hlo_mux_reorder            |       0 |       0 |        0.00 |              |
| hlo_logic_reduction        |       0 |       0 |        0.00 |              |
| hlo_redundancy_removal_bit |       0 |       0 |       19.92 |              |
| hlo_timing_reorder         |       0 |       0 |        1.61 | pbs_genopt_1 | 
| hlo_mux_reorder            |       0 |       0 |        0.00 |              |
| hlo_logic_reduction        |       0 |       0 |        0.00 |              |
| hlo_redundancy_removal_bit |       0 |       0 |       10.24 |              |
| hlo_timing_reorder         |       0 |       0 |        1.39 | pbs_genopt_0 | 
| hlo_mux_reorder            |       0 |       0 |        0.00 |              |
| hlo_logic_reduction        |       0 |       0 |        0.00 |              |
| hlo_redundancy_removal_bit |       4 |       0 |        5.79 |              |
-------------------------------------------------------------------------------
 
Background Table : HLO::post_muxopt 
-----------------------------------------------------------------------
| Transform          | Accepts | Rejects | Runtime (s) | Netlist ID   | 
-----------------------------------------------------------------------
| hlo_timing_reorder |       0 |       0 |        2.68 | pbs_genopt_2 | 
| hlo_speculation    |       0 |       0 |        3.36 |              |
| hlo_timing_reorder |       0 |       0 |        1.50 | pbs_genopt_1 | 
| hlo_speculation    |       0 |       0 |        1.85 |              |
| hlo_timing_reorder |       0 |       0 |        1.27 | pbs_genopt_0 | 
| hlo_speculation    |       0 |       0 |        1.52 |              |
-----------------------------------------------------------------------
 

+-----------+----------+-----+----------------------+---------------------------+
|   Host    | Machine  | CPU | Physical Memory (MB) | Peak Physical Memory (MB) |
+-----------+----------+-----+----------------------+---------------------------+
|     8     | sh02lo01 |  8  |        858.8         |           858.8           |
| localhost | sh02lo01 |  8  |        6450.7        |          8346.6           |
+-----------+----------+-----+----------------------+---------------------------+

+---------------+----------------------+---------------------------+
|    Server     | Physical Memory (MB) | Peak Physical Memory (MB) |
+---------------+----------------------+---------------------------+
| localhost_1_1 |    3669.3 [1] [3]    |        [1] [2] [3]        |
|    8_1_10     |      107.3 [4]       |          [4] [2]          |
|    8_1_13     |      107.3 [4]       |          [4] [2]          |
|     8_1_9     |      107.3 [4]       |          [4] [2]          |
|    8_1_15     |      107.3 [4]       |          [4] [2]          |
|    8_1_12     |      107.3 [4]       |          [4] [2]          |
|    8_1_14     |      107.3 [4]       |          [4] [2]          |
|     8_1_0     |    858.8 [1] [3]     |        [1] [2] [3]        |
| localhost_1_2 |      131.7 [5]       |          [5] [2]          |
| localhost_1_3 |      131.7 [5]       |          [5] [2]          |
| localhost_1_8 |      131.8 [5]       |          [5] [2]          |
| localhost_1_4 |      131.7 [5]       |          [5] [2]          |
| localhost_1_7 |      1090.6 [5]      |          [5] [2]          |
| localhost_1_6 |      131.7 [5]       |          [5] [2]          |
| localhost_1_5 |      1081.2 [5]      |          [5] [2]          |
|    8_1_11     |      107.3 [4]       |          [4] [2]          |
+---------------+----------------------+---------------------------+
[1] Memory is included in main process.
[2] Peak physical memory is not available for forked background servers.
[3] Memory of child processes is included.
[4] Memory is included in parent 8_1_0.
[5] Memory is included in parent localhost_1_1.

Info : Deleting 2-D Early Global router data...
Info : 2-D Early Global router data deletion complete.
Info : Initializing 2-D Early Global router engine...
Info : Installing 2-D Early Global router...
Info : Early Global router engine is using 8 threads.
Info : 2-D Early Global router initialization complete.
Info : 2-D Early Global router installation complete.
Info : Installing 3-D Early Global router...
Info : 3-D Early Global router installation complete.
	178	 u_core/CDN_PAS_CONNECTED_MUXi
	129	 u_core/u_dot/u_q_sram/CDN_PAS_CONNECTED_MUXi
	735	 u_sched/CDN_PAS_CONNECTED_MUXi
	680	 u_core/u_update/CDN_PAS_CONNECTED_MUXi
	768	 u_core/u_update/CDN_PAS_CONNECTED_MUXi50753
	768	 u_core/u_update/CDN_PAS_CONNECTED_MUXi50754
	163	 u_core/u_update/CDN_PAS_CONNECTED_MUXi50756
	567	 u_core/u_update/CDN_PAS_CONNECTED_MUXi50757
	769	 u_core/u_update/CDN_PAS_CONNECTED_MUXi50758
	497	 u_core/u_fifo/CDN_PAS_CONNECTED_MUXi
	1437	 CDN_PAS_CONNECTED_MUXi1277
Ungrouping: u_core/u_dot/u_q_sram/CDN_PAS_CONNECTED_MUXi count=903 ratio=1.0
Ungrouping: u_core/u_dot/CDN_PAS_CONNECTED_MUXi count=114 ratio=1.0
Ungrouping: u_core/u_fifo/CDN_PAS_CONNECTED_MUXi count=1491 ratio=1.0
Ungrouping: u_core/u_score_exp_u_exp_rom/CDN_PAS_CONNECTED_MUXi count=196 ratio=1.0
Ungrouping: u_core/u_update/CDN_PAS_CONNECTED_MUXi count=2136 ratio=1.0
Ungrouping: u_core/u_update/CDN_PAS_CONNECTED_MUXi50753 count=2304 ratio=1.0
Ungrouping: u_core/u_update/CDN_PAS_CONNECTED_MUXi50754 count=2304 ratio=1.0
Ungrouping: u_core/u_update/CDN_PAS_CONNECTED_MUXi50755 count=51 ratio=1.0
Ungrouping: u_core/u_update/CDN_PAS_CONNECTED_MUXi50756 count=489 ratio=1.0
Ungrouping: u_core/u_update/CDN_PAS_CONNECTED_MUXi50757 count=1701 ratio=1.0
Ungrouping: u_core/u_update/CDN_PAS_CONNECTED_MUXi50758 count=2307 ratio=1.0
Ungrouping: u_core/u_update/CDN_PAS_CONNECTED_MUXi50759 count=153 ratio=1.0
Ungrouping: u_core/u_update/CDN_PAS_CONNECTED_MUXi50760 count=153 ratio=1.0
Ungrouping: u_core/u_update/CDN_PAS_CONNECTED_MUXi50761 count=153 ratio=1.0
Ungrouping: u_core/u_update/CDN_PAS_CONNECTED_MUXi50762 count=153 ratio=1.0
Ungrouping: u_core/u_update/CDN_PAS_CONNECTED_MUXi50763 count=153 ratio=1.0
Ungrouping: u_core/u_update/CDN_PAS_CONNECTED_MUXi50764 count=153 ratio=1.0
Ungrouping: u_core/u_update/CDN_PAS_CONNECTED_MUXi50765 count=153 ratio=1.0
Ungrouping: u_core/u_update/CDN_PAS_CONNECTED_MUXi50766 count=153 ratio=1.0
Ungrouping: u_core/u_update/CDN_PAS_CONNECTED_MUXi50767 count=153 ratio=1.0
Ungrouping: u_core/u_update/CDN_PAS_CONNECTED_MUXi50768 count=153 ratio=1.0
Ungrouping: u_core/u_update/CDN_PAS_CONNECTED_MUXi50769 count=153 ratio=1.0
Ungrouping: u_core/u_update/CDN_PAS_CONNECTED_MUXi50770 count=153 ratio=1.0
Ungrouping: u_core/u_update/CDN_PAS_CONNECTED_MUXi50771 count=153 ratio=1.0
Ungrouping: u_core/u_update/CDN_PAS_CONNECTED_MUXi50772 count=153 ratio=1.0
Ungrouping: u_core/u_update/CDN_PAS_CONNECTED_MUXi50773 count=153 ratio=1.0
Ungrouping: u_core/u_update/CDN_PAS_CONNECTED_MUXi50774 count=153 ratio=1.0
Ungrouping: u_core/CDN_PAS_CONNECTED_MUXi count=824 ratio=1.0
Ungrouping: u_core/CDN_PAS_CONNECTED_MUXi1453 count=843 ratio=1.0
Ungrouping: u_core/CDN_PAS_CONNECTED_MUXi1454 count=164 ratio=1.0
Ungrouping: u_core/CDN_PAS_CONNECTED_MUXi1455 count=240 ratio=1.0
Ungrouping: u_dma_u_read/CDN_PAS_CONNECTED_MUXi count=599 ratio=1.0
Ungrouping: u_dma_u_write/CDN_PAS_CONNECTED_MUXi count=598 ratio=1.0
Ungrouping: u_finalize/u_recip/CDN_PAS_CONNECTED_MUXi count=539 ratio=1.0
Ungrouping: u_finalize/u_recip/CDN_PAS_CONNECTED_MUXi3557 count=757 ratio=1.0
Ungrouping: u_finalize/CDN_PAS_CONNECTED_MUXi count=45 ratio=1.0
Ungrouping: u_finalize/CDN_PAS_CONNECTED_MUXi12305 count=1707 ratio=1.0
Ungrouping: u_finalize/CDN_PAS_CONNECTED_MUXi12306 count=690 ratio=1.0
Ungrouping: u_finalize/CDN_PAS_CONNECTED_MUXi12307 count=98 ratio=1.0
Ungrouping: u_sched/CDN_PAS_CONNECTED_MUXi count=4795 ratio=1.0
Ungrouping: u_sched/CDN_PAS_CONNECTED_MUXi16850 count=65 ratio=1.0
Ungrouping: u_sched/CDN_PAS_CONNECTED_MUXi16851 count=76 ratio=1.0
Ungrouping: CDN_PAS_CONNECTED_MUXi count=35 ratio=1.0
Ungrouping: CDN_PAS_CONNECTED_MUXi1277 count=12995 ratio=1.0
Ungrouping: CDN_PAS_CONNECTED_MUXi1278 count=51 ratio=1.0
Processing post-genopt PAS flow...
PBS_Generic-Post_Genopt - Elapsed_Time 1352, CPU_Time 1298.591037
stamp 'PBS_Generic-Post_Genopt' being created for table 'pbs_debug'

  Total Time (Wall) |  Stage Time (Wall)  |   % (Wall)   |    Date - Time     |  Memory   | Stage
--------------------+---------------------+--------------+--------------------+-----------+----------------------
 00:03:37(00:08:08) |  00:00:00(00:00:00) |   0.0(  0.0) |   23:37:48 (Jul05) |   2.38 GB | PBS_Generic-Start
--------------------+---------------------+--------------+--------------------+-----------+----------------------
 00:26:19(00:31:47) |  00:22:41(00:23:39) | 100.0(100.0) |    0:01:27 (Jul06) |   3.76 GB | PBS_Generic-Post_Genopt
--------------------+---------------------+--------------+--------------------+-----------+----------------------
Number of threads: 8 * 2   (id: pbs_debug, time_info v1.57)
Info: (*N*) indicates data that was populated from previously saved time_info database
Info: CPU time includes time of parent + longest thread
Info    : Attempting to launch a super-threading server. [ST-120]
        : Attempting to Launch server 1 of 16.
Info    : Connection established with super-threading server. [ST-110]
        : The server '8_2_0' is forked process '3370158' on machine 'sh02lo01'.
Info    : Attempting to launch a super-threading server. [ST-120]
        : Attempting to Launch server 2 of 16.
Info    : Connection established with super-threading server. [ST-110]
        : The server 'localhost_2_1' is forked process '3370162' on this host.
Info    : Connection established with super-threading server. [ST-110]
        : The server '8_2_2' is forked process '3370266' on machine 'sh02lo01'.
Info    : Connection established with super-threading server. [ST-110]
        : The server '8_2_3' is forked process '3370268' on machine 'sh02lo01'.
Warning : Maximum message print count reached. [MESG-11]
        : Maximum print count of '20' reached for message 'ST-110'.
Start partitioning.  Summary: MEM {curr: 4.8G, peak: 4.8G, phys curr: 3.7G, phys peak: 8.2G}
Start partitioning design fa_top for generic optimization.
Total generic instances for partitioning: 277620
	Generic partition 0: size 46512
	Generic partition 1: size 81325
	Generic partition 2: size 149783
Done partitioning.  Summary: RT {elapsed: 1s, ST: 0s}, MEM {curr: 4.8G, peak: 4.8G, phys curr: 3.7G, phys peak: 8.2G}
Start creating partition netlists.  Summary: MEM {curr: 4.8G, peak: 4.8G, phys curr: 3.7G, phys peak: 8.2G}
Done creating partition netlists.  Summary: RT {elapsed: 9s, ST: 9s}, MEM {curr: 4.8G, peak: 4.8G, phys curr: 4.3G, phys peak: 8.2G}
Start budgeting timing for partitions.  Summary: MEM {curr: 4.8G, peak: 4.8G, phys curr: 4.3G, phys peak: 8.2G}
Done budgeting timing for partitions.  Summary: RT {elapsed: 17s, ST: 19s}, MEM {curr: 3.8G, peak: 4.8G, phys curr: 3.4G, phys peak: 8.2G}
Start deriving partition netlists.  Summary: MEM {curr: 3.8G, peak: 4.8G, phys curr: 3.4G, phys peak: 8.2G}
The inst 'pbs_fcopt_0' is selected as pbs candidate. The instance cnt is: '46512'.
The inst 'pbs_fcopt_1' is selected as pbs candidate. The instance cnt is: '81325'.
The inst 'pbs_fcopt_2' is selected as pbs candidate. The instance cnt is: '149783'.
Done deriving partition netlists.  Summary: RT {elapsed: 14s, ST: 13s}, MEM {curr: 3.8G, peak: 4.8G, phys curr: 3.5G, phys peak: 8.2G}
Wait for super-thread servers to finish loading libraries.
Start super thread servers forking.  Summary: MEM {curr: 3.7G, peak: 4.8G, phys curr: 3.5G, phys peak: 8.2G}
Done super thread servers forking.  Summary: RT {elapsed: 0s, ST: 0s}, MEM {curr: 3.7G, peak: 4.8G, phys curr: 3.5G, phys peak: 8.2G}
        Distributing super-thread jobs: {pbs_fcopt_2 ./.pbs_sh02lo01_3335645/pbs_fcopt_2.etf} {pbs_fcopt_1 ./.pbs_sh02lo01_3335645/pbs_fcopt_1.etf} {pbs_fcopt_0 ./.pbs_sh02lo01_3335645/pbs_fcopt_0.etf}
          Sending 'pbs_fcopt_2 ./.pbs_sh02lo01_3335645/pbs_fcopt_2.etf' to server 'localhost_2_9'...
            Sent 'pbs_fcopt_2 ./.pbs_sh02lo01_3335645/pbs_fcopt_2.etf' to server 'localhost_2_9'.
          Sending 'pbs_fcopt_1 ./.pbs_sh02lo01_3335645/pbs_fcopt_1.etf' to server '8_2_6'...
            Sent 'pbs_fcopt_1 ./.pbs_sh02lo01_3335645/pbs_fcopt_1.etf' to server '8_2_6'.
          Sending 'pbs_fcopt_0 ./.pbs_sh02lo01_3335645/pbs_fcopt_0.etf' to server 'localhost_2_13'...
            Sent 'pbs_fcopt_0 ./.pbs_sh02lo01_3335645/pbs_fcopt_0.etf' to server 'localhost_2_13'.
          Received 'pbs_fcopt_1 ./.pbs_sh02lo01_3335645/pbs_fcopt_1.etf' from server '8_2_6'. (635304 ms elapsed)
          Received 'pbs_fcopt_0 ./.pbs_sh02lo01_3335645/pbs_fcopt_0.etf' from server 'localhost_2_13'. (800860 ms elapsed)
       Partition:  pbs_fcopt_0 - PBS_Generic_Opt-Distributed_Read_DB - Elapsed_Time 1.00, CPU_Time 1.00
       Partition:  pbs_fcopt_0 - PBS_Generic_Opt-Distributed_Generic - Elapsed_Time 6.00, CPU_Time 5.85
       Partition:  pbs_fcopt_0 - PBS_Generic_Opt-First_Cond - Elapsed_Time 767.00, CPU_Time -500.75
       Partition:  pbs_fcopt_0 - PBS_Generic_Opt-Distributed_Prop_Const - Elapsed_Time 19.00, CPU_Time 17.00
       Partition:  pbs_fcopt_0 - PBS_Generic_Opt-Distributed_Gobble - Elapsed_Time 0.00, CPU_Time 0.00
       Partition:  pbs_fcopt_0 - PBS_Generic_Opt-Distributed_Report - Elapsed_Time 0.00, CPU_Time 0.00
       Start - Partition: pbs_fcopt_0 Slack: 215.7 TNS: 0.0 Cell-Count: 46512 Cell-Area: 859475 
Init-Memory: 2903.40
       Done  - Partition: pbs_fcopt_0 Slack: -132.2 TNS: 2307.0 Cell-Count: 34329 Cell-Area: 708958 
Peak-Memory: 3187.72 Elapsed: 793
       Partition:  pbs_fcopt_0 - PBS_Generic_Opt-Distributed_Write_DB - Elapsed_Time 7.00, CPU_Time 7.00
       pbs_fcopt_0 - PBS_Generic_Opt-Assembly - Elapsed_Time 3, CPU_Time 2.0
       Partition:  pbs_fcopt_0 - Runtime taken by the partition - Elapsed_Time 800.00, CPU_Time -469.90
       Partition:  pbs_fcopt_1 - PBS_Generic_Opt-Distributed_Read_DB - Elapsed_Time 1.00, CPU_Time 1.00
       Partition:  pbs_fcopt_1 - PBS_Generic_Opt-Distributed_Generic - Elapsed_Time 8.00, CPU_Time 6.99
       Partition:  pbs_fcopt_1 - PBS_Generic_Opt-First_Cond - Elapsed_Time 608.00, CPU_Time -630.75
       Partition:  pbs_fcopt_1 - PBS_Generic_Opt-Distributed_Prop_Const - Elapsed_Time 8.00, CPU_Time 7.00
       Partition:  pbs_fcopt_1 - PBS_Generic_Opt-Distributed_Gobble - Elapsed_Time 1.00, CPU_Time 1.00
       Partition:  pbs_fcopt_1 - PBS_Generic_Opt-Distributed_Report - Elapsed_Time 0.00, CPU_Time 0.00
       Start - Partition: pbs_fcopt_1 Slack: -474.8 TNS: 18851.8 Cell-Count: 81325 Cell-Area: 2941110 
Init-Memory: 2903.40
       Done  - Partition: pbs_fcopt_1 Slack: -502.2 TNS: 7074.7 Cell-Count: 47435 Cell-Area: 2680714 
Peak-Memory: 3054.90 Elapsed: 626
       Partition:  pbs_fcopt_1 - PBS_Generic_Opt-Distributed_Write_DB - Elapsed_Time 8.00, CPU_Time 8.00
       pbs_fcopt_1 - PBS_Generic_Opt-Assembly - Elapsed_Time 3, CPU_Time 3.0
       Partition:  pbs_fcopt_1 - Runtime taken by the partition - Elapsed_Time 634.00, CPU_Time -606.76
          Received 'pbs_fcopt_2 ./.pbs_sh02lo01_3335645/pbs_fcopt_2.etf' from server 'localhost_2_9'. (857909 ms elapsed)
       Partition:  pbs_fcopt_2 - PBS_Generic_Opt-Distributed_Read_DB - Elapsed_Time 2.00, CPU_Time 1.00
       Partition:  pbs_fcopt_2 - PBS_Generic_Opt-Distributed_Generic - Elapsed_Time 11.00, CPU_Time 12.00
       Partition:  pbs_fcopt_2 - PBS_Generic_Opt-First_Cond - Elapsed_Time 814.00, CPU_Time -413.53
       Partition:  pbs_fcopt_2 - PBS_Generic_Opt-Distributed_Prop_Const - Elapsed_Time 15.00, CPU_Time 14.00
       Partition:  pbs_fcopt_2 - PBS_Generic_Opt-Distributed_Gobble - Elapsed_Time 1.00, CPU_Time 1.00
       Partition:  pbs_fcopt_2 - PBS_Generic_Opt-Distributed_Report - Elapsed_Time 0.00, CPU_Time 0.00
       Start - Partition: pbs_fcopt_2 Slack: 162.9 TNS: 0.0 Cell-Count: 149783 Cell-Area: 4393479 
Init-Memory: 2903.40
       Done  - Partition: pbs_fcopt_2 Slack: -41.6 TNS: 1248.0 Cell-Count: 83319 Cell-Area: 3902547 
Peak-Memory: 3221.87 Elapsed: 843
       Partition:  pbs_fcopt_2 - PBS_Generic_Opt-Distributed_Write_DB - Elapsed_Time 13.00, CPU_Time 13.00
       pbs_fcopt_2 - PBS_Generic_Opt-Assembly - Elapsed_Time 6, CPU_Time 6.0
       Partition:  pbs_fcopt_2 - Runtime taken by the partition - Elapsed_Time 856.00, CPU_Time -372.54
Assembled design in-time

+-----------+----------+-----+----------------------+---------------------------+
|   Host    | Machine  | CPU | Physical Memory (MB) | Peak Physical Memory (MB) |
+-----------+----------+-----+----------------------+---------------------------+
|     8     | sh02lo01 |  8  |        1215.6        |          1215.6           |
| localhost | sh02lo01 |  8  |        4765.4        |          8346.6           |
+-----------+----------+-----+----------------------+---------------------------+

+----------------+----------------------+---------------------------+
|     Server     | Physical Memory (MB) | Peak Physical Memory (MB) |
+----------------+----------------------+---------------------------+
|     8_2_0      |    1215.6 [1] [3]    |        [1] [2] [3]        |
|     8_2_2      |      111.3 [4]       |          [4] [2]          |
| localhost_2_10 |      116.4 [5]       |          [5] [2]          |
| localhost_2_1  |    1675.2 [1] [3]    |        [1] [2] [3]        |
| localhost_2_15 |      116.3 [5]       |          [5] [2]          |
| localhost_2_12 |      116.3 [5]       |          [5] [2]          |
|     8_2_7      |      111.2 [4]       |          [4] [2]          |
|     8_2_3      |      111.3 [4]       |          [4] [2]          |
| localhost_2_9  |      573.3 [5]       |          [5] [2]          |
|     8_2_8      |      111.2 [4]       |          [4] [2]          |
|     8_2_5      |      111.2 [4]       |          [4] [2]          |
|     8_2_4      |      111.2 [4]       |          [4] [2]          |
| localhost_2_14 |      116.3 [5]       |          [5] [2]          |
| localhost_2_11 |      116.3 [5]       |          [5] [2]          |
|     8_2_6      |      437.1 [4]       |          [4] [2]          |
| localhost_2_13 |      404.2 [5]       |          [5] [2]          |
+----------------+----------------------+---------------------------+
[1] Memory is included in main process.
[2] Peak physical memory is not available for forked background servers.
[3] Memory of child processes is included.
[4] Memory is included in parent 8_2_0.
[5] Memory is included in parent localhost_2_1.

Info : Deleting 2-D Early Global router data...
Info : 2-D Early Global router data deletion complete.
Info : Initializing 2-D Early Global router engine...
Info : Installing 2-D Early Global router...
Info : Early Global router engine is using 8 threads.
Info : 2-D Early Global router initialization complete.
Info : 2-D Early Global router installation complete.
Info : Installing 3-D Early Global router...
Info : 3-D Early Global router installation complete.
Advanced structuring report (syn_gen):
------------------------------------------------------------------------------------------------------------------------------------------------------------------------------
|                                                                            | Graph                | Opt. Graph           | Result           |                              | 
|----------------------------------------------------------------------------+----------------------+----------------------+------------------+------------------------------|
| Name                                                               | Tag   | #nodes | #and | #lvl | #nodes | #and | #lvl | Acc | Time       | Netlist ID                   | 
------------------------------------------------------------------------------------------------------------------------------------------------------------------------------
| cb_part_7739                                                       | FCOPT |  41116 | 7804 |  105 |  41022 | 7710 |    7 | N   |      35.99 | cb_part_7739                 | 
| cb_part_661                                                        | FCOPT |  36098 | 2589 |  100 |  35989 | 2480 |   18 | Y   |      18.33 | cb_part_661                  | 
| cb_part_2157                                                       | FCOPT |  37900 | 1882 |  101 |  37570 | 1552 |   14 | Y   |      66.18 | cb_part_2157                 | 
| cb_oseq                                                            | FCOPT |  12247 |  959 |  101 |  12126 |  838 |   11 | Y   |       8.59 | cb_oseq                      | 
| score_exp_banked_rom                                               | FCOPT |   3796 | 2460 |   89 |   3325 | 1989 |   13 | Y   |     205.70 | score_exp_banked_rom         | 
| cb_oseq_2164                                                       | FCOPT |   8997 |  591 |   92 |   8833 |  427 |   12 | Y   |       7.14 | cb_oseq_2164                 | 
| cb_oseq_2148                                                       | FCOPT |   1469 |  963 |   87 |   1346 |  840 |   12 | Y   |      13.45 | cb_oseq_2148                 | 
| sub_unsigned_13195                                                 | FCOPT |    876 |  705 |   42 |    864 |  693 |   42 | N   |       1.78 | sub_unsigned_13195           | 
| add_unsigned_393                                                   | FCOPT |    823 |  662 |   41 |    823 |  662 |   41 | N   |       1.12 | add_unsigned_393             | 
| cb_oseq_2150                                                       | FCOPT |   3216 |  243 |   97 |   3203 |  230 |   10 | Y   |       1.94 | cb_oseq_2150                 | 
| add_signed_775                                                     | FCOPT |    642 |  529 |   42 |    641 |  528 |   42 | N   |       1.00 | add_signed_775               | 
------------------------------------------------------------------------------------------------------------------------------------------------------------------------------
Number of LFLHs filtered from table: 54
Runtime accepts/rejects/total =   323.91 /    53.34 /   377.25
Accepts/rejects/total = 11 / 54 / 65
Sum of reduced nodes/levels = 1415 / 718
PBS_Generic_Opt-Post - Elapsed_Time 2319, CPU_Time 2199.2961689999997
stamp 'PBS_Generic_Opt-Post' being created for table 'pbs_debug'

  Total Time (Wall) |  Stage Time (Wall)  |   % (Wall)   |    Date - Time     |  Memory   | Stage
--------------------+---------------------+--------------+--------------------+-----------+----------------------
 00:03:37(00:08:08) |  00:00:00(00:00:00) |   0.0(  0.0) |   23:37:48 (Jul05) |   2.38 GB | PBS_Generic-Start
--------------------+---------------------+--------------+--------------------+-----------+----------------------
 00:26:19(00:31:47) |  00:22:41(00:23:39) |  60.2( 59.5) |    0:01:27 (Jul06) |   3.76 GB | PBS_Generic-Post_Genopt
--------------------+---------------------+--------------+--------------------+-----------+----------------------
 00:41:20(00:47:54) |  00:15:00(00:16:07) |  39.8( 40.5) |    0:17:33 (Jul06) |   2.60 GB | PBS_Generic_Opt-Post
--------------------+---------------------+--------------+--------------------+-----------+----------------------
Number of threads: 8 * 2   (id: pbs_debug, time_info v1.57)
Info: (*N*) indicates data that was populated from previously saved time_info database
Info: CPU time includes time of parent + longest thread
PBS_Generic-Postgen HBO Optimizations - Elapsed_Time 6, CPU_Time 5.0
stamp 'PBS_Generic-Postgen HBO Optimizations' being created for table 'pbs_debug'

  Total Time (Wall) |  Stage Time (Wall)  |   % (Wall)   |    Date - Time     |  Memory   | Stage
--------------------+---------------------+--------------+--------------------+-----------+----------------------
 00:03:37(00:08:08) |  00:00:00(00:00:00) |   0.0(  0.0) |   23:37:48 (Jul05) |   2.38 GB | PBS_Generic-Start
--------------------+---------------------+--------------+--------------------+-----------+----------------------
 00:26:19(00:31:47) |  00:22:41(00:23:39) |  60.1( 59.3) |    0:01:27 (Jul06) |   3.76 GB | PBS_Generic-Post_Genopt
--------------------+---------------------+--------------+--------------------+-----------+----------------------
 00:41:20(00:47:54) |  00:15:00(00:16:07) |  39.7( 40.4) |    0:17:33 (Jul06) |   2.60 GB | PBS_Generic_Opt-Post
--------------------+---------------------+--------------+--------------------+-----------+----------------------
 00:41:25(00:48:00) |  00:00:05(00:00:06) |   0.2(  0.3) |    0:17:39 (Jul06) |   2.35 GB | PBS_Generic-Postgen HBO Optimizations
--------------------+---------------------+--------------+--------------------+-----------+----------------------
Number of threads: 8 * 2   (id: pbs_debug, time_info v1.57)
Info: (*N*) indicates data that was populated from previously saved time_info database
Info: CPU time includes time of parent + longest thread
Starting post syn_generic ultra-effort Boolean optimization
Redundancy removal succeeded.
Done post syn_generic ultra-effort Boolean optimization (11.00 cpu seconds) (10.00 elapsed cpu seconds)
Skipping gbf_eliminate ...
NP info: starts enhanced cluster placement for def 'fa_top' in netlist 'fa_top'
NP info: ple wire load mode: cluster
NP info:  configuring NP to use 8 threads
Info : Deleting 2-D Early Global router data...
Info : 2-D Early Global router data deletion complete.
Info : Initializing 2-D Early Global router engine...
Info : Installing 2-D Early Global router...
Info : Early Global router engine is using 8 threads.
Info : 2-D Early Global router initialization complete.
Info : 2-D Early Global router installation complete.
Info : Installing 3-D Early Global router...
Info : 3-D Early Global router installation complete.
NP info: #insts: 0
NP info: instances: 165083  util: 16.3%
NP info: #iterations: 11
NP info: iteration #1 overlap: 0.343  net_length: 7.7340e+06
NP info: iteration #2 overlap: 0.335  net_length: 7.8862e+06
NP info: iteration #3 overlap: 0.331  net_length: 8.0150e+06
NP info: iteration #4 overlap: 0.318  net_length: 8.3516e+06
NP info: iteration #5 overlap: 0.281  net_length: 9.7201e+06
Info : Deleting 2-D Early Global router data...
Info : Early 2-D Global router data deletion complete.
NP info: using new CDP
Info : Deleting 2-D Early Global router data...
Info : Early 2-D Global router data deletion complete.
NP info: using new CDP
NP info: iteration #6 overlap: 0.266  net_length: 9.9155e+06
Info : Deleting 2-D Early Global router data...
Info : Early 2-D Global router data deletion complete.
NP info: using new CDP
Info : Deleting 2-D Early Global router data...
Info : Early 2-D Global router data deletion complete.
NP info: using new CDP
NP info: iteration #7 overlap: 0.218  net_length: 1.0246e+07
Info : Deleting 2-D Early Global router data...
Info : Early 2-D Global router data deletion complete.
NP info: using new CDP
Info : Deleting 2-D Early Global router data...
Info : Early 2-D Global router data deletion complete.
NP info: using new CDP
NP info: iteration #8 overlap: 0.179  net_length: 1.0396e+07
Info : Deleting 2-D Early Global router data...
Info : Early 2-D Global router data deletion complete.
NP info: using new CDP
Info : Deleting 2-D Early Global router data...
Info : Early 2-D Global router data deletion complete.
NP info: using new CDP
NP info: iteration #9 overlap: 0.161  net_length: 1.0427e+07
NP info: iteration #10 overlap: 0.060  net_length: 1.0674e+07
NP info: iteration #11 overlap: 0.004  net_length: 1.0780e+07
NP info: record placement result to RC db.
Info : Deleting 2-D Early Global router data...
Info : 2-D Early Global router data deletion complete.
Info : Initializing 2-D Early Global router engine...
Info : Installing 2-D Early Global router...
Info : Early Global router engine is using 8 threads.
Info : 2-D Early Global router initialization complete.
Info : 2-D Early Global router installation complete.
NP info: plc_global runtime  elapsed: 360 seconds (6.0 minutes), CPU: 1267 seconds (21.1 minutes)
NP info: ends cluster placement for def 'fa_top' in netlist 'fa_top'

Info : Deleting 2-D Early Global router data...
Info : 2-D Early Global router data deletion complete.
Info : Initializing 2-D Early Global router engine...
Info : Installing 2-D Early Global router...
Info : Early Global router engine is using 8 threads.
Info : 2-D Early Global router initialization complete.
Info : 2-D Early Global router installation complete.
============================================================
  Generated by:           Genus(TM) Synthesis Solution 25.12-s067_1
  Generated on:           Jul 06 2026  12:23:57 am
  Module:                 fa_top
  Technology libraries:   sky130_fd_sc_hs__tt_025C_1v80 1.0000000000
                          sky130_sram_0kbytes_1rw1r_64x32_8_TT_1p8V_25C_lib 
                          sky130_sram_0kbytes_1rw1r_64x64_8_TT_1p8V_25C_lib 
                          sky130_sram_0kbytes_1rw1r_128x16_16_TT_1p8V_25C_lib 
                          physical_cells 
  Operating conditions:   typ 
  Interconnect mode:      global
  Area mode:              physical library
============================================================

Aspect ratio        : 1.000
Shrink factor       : 1.000
Scale of res/length : 1.000
Scale of cap/length : 1.000
Net derating factor : 1.000
Thermal factor      : 1.000
Via Resistance      : 6.862 ohm (from qrc_tech_file)
Site size           : 3.810 um (from lef [tech+cell])

                                   Capacitance  
  Layer                             / Length         Data source:
Name        Direction Utilization  (pF/micron)       qrc_tech_file
------------------------------------------------
li1             V         0.00        0.000204  
met1            H         1.00        0.000303  
met2            V         1.00        0.000295  
met3            H         1.00        0.000342  
met4            V         1.00        0.000322  
met5            H         1.00        0.000304  

                                    Resistance   
  Layer                              / Length         Data source:
Name        Direction Utilization  (ohm/micron)       qrc_tech_file
-------------------------------------------------
li1             V         0.00        68.241675  
met1            H         1.00         1.217961  
met2            V         1.00         1.218041  
met3            H         1.00         0.167980  
met4            V         1.00         0.167980  
met5            H         1.00         0.018544  

                                        Area     
  Layer                               / Length        Data source:
Name        Direction Utilization     (micron)        lef_library
-------------------------------------------------
li1             V         0.00         0.170000  
met1            H         1.00         0.140000  
met2            V         1.00         0.140000  
met3            H         1.00         0.300000  
met4            V         1.00         0.300000  
met5            H         1.00         1.600000  

Design already placed...
Updating congestion map...
  Calculating total tracks...
  Calculating obstructed tracks...
  Calculating overflow...

 ======= Starting initializing CRLP Router ===========================

 ======= Finished running CRLP routing, Time taken: 3 seconds =========
  Calculating congestion data...
Done updating congestion map (time: 4s).

 ======= Starting intialization of extraction kit =========
There is no ndr for this design!
dbgNanoPerDBU = 1.000000
INFO (IMPEXT-7048): Generating auto layer map file.

INFO (IMPEXT-6188): Importing multi-corner technology file(s) for preRoute extraction...

INFO (IMPEXT-5003): /home/share/pdk/sky130A/libs.tech/cadence/qrcTechFile

INFO (IMPEXT-7048): Generating auto layer map file.

INFO (IMPEXT-6209): Completed (cpu: 1517816.000000 real: 1517816.000000)


 ======= Finished intialization of extraction kit, Time taken: 1 seconds=========
Updating congestion map...
  Calculating total tracks...
  Calculating obstructed tracks...
  Calculating overflow...

 ======= Starting initializing CRLP Router ===========================

 ======= Finished running CRLP routing, Time taken: 3 seconds =========
  Calculating congestion data...

 ======= Starting running extraction on design ===============================
  Calculating gcell capacitance using probabilistic extraction...
No NDR for EEKit
There is no ndr for this design!

 ======= Finished running extraction on design, Time taken: 0 seconds =========
Done updating congestion map (time: 3s).

 ======= Starting creating route type bins =========

 ======= Finished creating route type bins, Time taken: 0 seconds =========


Resistance and Capacitance data generated.

Generating data to compare PLE estimates with placement based R and C..
Total sampled nets = 154737
Data generated.

Generating correlation factors for PLE..
Done.

Completed PLE correlation.

PBS_Generic_Opt-Physical - Elapsed_Time 437, CPU_Time 1324.356314
stamp 'PBS_Generic_Opt-Physical' being created for table 'pbs_debug'

  Total Time (Wall) |  Stage Time (Wall)  |   % (Wall)   |    Date - Time     |  Memory   | Stage
--------------------+---------------------+--------------+--------------------+-----------+----------------------
 00:03:37(00:08:08) |  00:00:00(00:00:00) |   0.0(  0.0) |   23:37:48 (Jul05) |   2.38 GB | PBS_Generic-Start
--------------------+---------------------+--------------+--------------------+-----------+----------------------
 00:26:19(00:31:47) |  00:22:41(00:23:39) |  37.9( 50.2) |    0:01:27 (Jul06) |   3.76 GB | PBS_Generic-Post_Genopt
--------------------+---------------------+--------------+--------------------+-----------+----------------------
 00:41:20(00:47:54) |  00:15:00(00:16:07) |  25.1( 34.2) |    0:17:33 (Jul06) |   2.60 GB | PBS_Generic_Opt-Post
--------------------+---------------------+--------------+--------------------+-----------+----------------------
 00:41:25(00:48:00) |  00:00:05(00:00:06) |   0.1(  0.2) |    0:17:39 (Jul06) |   2.35 GB | PBS_Generic-Postgen HBO Optimizations
--------------------+---------------------+--------------+--------------------+-----------+----------------------
 01:03:29(00:55:17) |  00:22:04(00:07:17) |  36.9( 15.4) |    0:24:56 (Jul06) |   2.33 GB | PBS_Generic_Opt-Physical
--------------------+---------------------+--------------+--------------------+-----------+----------------------
Number of threads: 8 * 2   (id: pbs_debug, time_info v1.57)
Info: (*N*) indicates data that was populated from previously saved time_info database
Info: CPU time includes time of parent + longest thread
Updating congestion map...
  Calculating total tracks...
  Calculating obstructed tracks...
  Calculating overflow...

 ======= Starting initializing HUM Router ============================

 ======= Skipped registering nets to HUM router  ===
Info : Deleting 2-D Early Global router data...
Info : Early 2-D Global router data deletion complete.

 ======= Finished running HUM routing, Time taken: 3 seconds =========
  Calculating congestion data...
Done updating congestion map (time: 4s).

 ======= Starting intialization of extraction kit =========

 ======= Finished intialization of extraction kit, Time taken: 0 seconds=========
Updating congestion map...
  Calculating total tracks...
  Calculating obstructed tracks...
  Calculating overflow...

 ======= Starting initializing HUM Router ============================
Info : Installing 3-D Early Global router...
Info : Initializing 3-D Early Global router engine...
Info : Selected via 'L1M1_PR_R' for layer 1 (li1).
Info : Selected via 'M1M2_PR_R' for layer 2 (met1).
Info : Selected via 'M2M3_PR_R' for layer 3 (met2).
Info : Selected via 'M3M4_PR_R' for layer 4 (met3).
Info : Selected via 'M4M5_PR' for layer 5 (met4).
Info : 3-D Early Global router initialization complete.
Info : 3-D Early Global router installation complete.
Info : Deleting 3-D Early Global router data...
Info : 3-D Early Global router data deletion complete.
(I)      supplyScaleFactorH = 1.00 supplyScaleFactorV = 1.00 
[NR-eGR] min layer id=1 idx=0 z=1
[NR-eGR] max layer id=6 idx=5 z=36
[NR-eGR] [ 0]          z=--- id=--- idx=--- F             B:--- R:---
[NR-eGR] [ 1]      li1 z=  1 id=  1 idx=  0 F V      Wire B:--- R:---
[NR-eGR] [ 2]      li1 z= 32 id=  1 idx=  0 F         Cut B:--- R:---
[NR-eGR] [ 3]     met1 z=  2 id=  2 idx=  1 F H      Wire B:--- R:---
[NR-eGR] [ 4]     met1 z= 33 id=  2 idx=  1 F         Cut B:--- R:---
[NR-eGR] [ 5]     met2 z=  3 id=  3 idx=  2 F V      Wire B:--- R:---
[NR-eGR] [ 6]     met2 z= 34 id=  3 idx=  2 F         Cut B:--- R:---
[NR-eGR] [ 7]     met3 z=  4 id=  4 idx=  3 F H      Wire B:--- R:---
[NR-eGR] [ 8]     met3 z= 35 id=  4 idx=  3 F         Cut B:--- R:---
[NR-eGR] [ 9]     met4 z=  5 id=  5 idx=  4 F V      Wire B:--- R:---
[NR-eGR] [10]     met4 z= 36 id=  5 idx=  4 F         Cut B:--- R:---
[NR-eGR] [11]     met5 z=  6 id=  6 idx=  5 F H      Wire B:--- R:---
[NR-eGR] #wire layers = 6
[NR-eGR] #cut layers = 5
[NR-eGR] Pitch for layer 1 is 480 spacing 170 width 170 
[NR-eGR] Pitch for layer 2 is 370 spacing 140 width 140 
[NR-eGR] Pitch for layer 3 is 480 spacing 140 width 140 
[NR-eGR] Pitch for layer 4 is 740 spacing 300 width 300 
[NR-eGR] Pitch for layer 5 is 960 spacing 300 width 300 
[NR-eGR] Pitch for layer 6 is 3330 spacing 1600 width 1600 
[NR-eGR] build grid graph
[NR-eGR] Number of track sets: 5 
[NR-eGR] Layer6  start=3845  num=899  pitch=3660  ruleId=0
[NR-eGR] Layer5  start=960  num=4573  pitch=720  ruleId=0
[NR-eGR] Layer4  start=795  num=5398  pitch=610  ruleId=0
[NR-eGR] Layer3  start=240  num=6861  pitch=480  ruleId=0
[NR-eGR] Layer2  start=185  num=8901  pitch=370  ruleId=0
[NR-eGR] Track table information for default rule: 
[NR-eGR] li1 has no routable track
[NR-eGR] met1 has single uniform track structure
[NR-eGR] met2 has single uniform track structure
[NR-eGR] met3 has single uniform track structure
[NR-eGR] met4 has single uniform track structure
[NR-eGR] met5 has single uniform track structure
[NR-eGR] Read NDR Rules.. (0)
[NR-eGR] original grid = 990 x 989
[NR-eGR] merged grid = 990 x 989
[NR-eGR] Read blockage information..
[NR-eGR] Total routing blockages: 22283 (PGWire: 0, PGVia: 0 InstBlk: 15362)
[NR-eGR] Read numBlocks=22283  readInBlocks=22283
[NR-eGR] Read testcase time = 0.013 seconds

(I)      Loading nets...
(I)      Read net information.. (168759)
(I)      Read Num Blocks=22283  Num Prerouted Wires=0  Num CS=0
(I)      Layer 1 (H) : #blockages 74 : #preroutes 0
(I)      Layer 2 (V) : #blockages 74 : #preroutes 0
(I)      Layer 3 (H) : #blockages 2063 : #preroutes 0
(I)      Layer 4 (V) : #blockages 20072 : #preroutes 0
(I)      Layer 5 (H) : #blockages 0 : #preroutes 0
(I)      -- via cost per layer --
(I)      Layer  1  Cost 200.00
(I)      Layer  2  Cost 200.00
(I)      Layer  3  Cost 300.00
(I)      Layer  4  Cost 200.00
(I)      Layer  5  Cost 200.00
(I)      ---------------------Grid Graph Info--------------------
(I)      Routing area        : (0, 0) - (3293445, 3293370)
(I)      Core area           : (0, 0) - (3293445, 3293370)
(I)      Site width          :   480  (dbu)
(I)      Row height          :    -1  (dbu)
(I)      GCell row height    :  3330  (dbu)
(I)      GCell width         :  3330  (dbu)
(I)      GCell height        :  3330  (dbu)
(I)      Grid                :   990   989     6
(I)      Layer numbers       :     1     2     3     4     5     6
(I)      Layer name         :   li1  met1  met2  met3  met4  met5
(I)      Vertical capacity   :     0     0  3330     0  3330     0
(I)      Horizontal capacity :     0  3330     0  3330     0  3330
(I)      Default wire width  :   170   140   140   300   300  1600
(I)      Default wire space  :   170   140   140   300   300  1600
(I)      Default wire pitch  :   340   280   280   600   600  3200
(I)      Default pitch size  :   340   370   480   610   720  3660
(I)      First track coord   : -2147483648   185   240   795   960  3845
(I)      Num tracks per GCell:  9.79  9.00  6.94  5.46  4.62  0.91
(I)      Total num of tracks :     0  8901  6861  5398  4573   899
(I)      --------------------------------------------------------

[NR-eGR] == Routing rule table ==
[NR-eGR]  ID  Name  #Nets 
(I)      ========= Via demand for each layer =========
(I)      +-------+-----+------+-------+-------+------+
(I)      | Layer |  Up | Down | Cross | Stack | DCut |
(I)      +-------+-----+------+-------+-------+------+
(I)      |     1 |   0 |    0 |     0 |    67 |   67 |
(I)      |     2 |   0 |    0 |     0 |    71 |   71 |
(I)      |     3 |   0 |    0 |     0 |    74 |   74 |
(I)      |     4 | 134 |  134 |   134 |   222 |  222 |
(I)      |     5 | 134 |    0 |   134 |   475 |  475 |
(I)      |     6 |   0 |    0 |     0 |    67 |    0 |
(I)      +-------+-----+------+-------+-------+------+
(I)      =============== Blocked Tracks ===============
(I)      +-------+---------+----------+---------------+
(I)      | Layer | #Tracks | #Blocked | Blocked Ratio |
(I)      +-------+---------+----------+---------------+
(I)      |     1 |       0 |        0 |         0.00% |
(I)      |     2 | 8811990 |  3683088 |        41.80% |
(I)      |     3 | 6785529 |  2816933 |        41.51% |
(I)      |     4 | 5344020 |  2246123 |        42.03% |
(I)      |     5 | 4522697 |  1891646 |        41.83% |
(I)      |     6 |  890010 |        0 |         0.00% |
(I)      +-------+---------+----------+---------------+
(I)      Routing...
(I)      Reset routing kernel
(I)      Started Global Routing ( Curr Mem: 2842.59 MB )
(I)      totalPins=604316  totalGlobalPin=599364 (99.18%)
(I)      Group[0] : Priority=0 NumNets 168759 (100.0000 %) in layers[botLay=1][topLay=5]
(I)      Group[0]'s net ratio is 100.0000% merging threshold is 0.0833%
(I)      ================= Net Group Info =================
(I)      +----+----------------+--------------+-----------+
(I)      | ID | Number of Nets | Bottom Layer | Top Layer |
(I)      +----+----------------+--------------+-----------+
(I)      |  1 |         168759 |      met1(2) |   met5(6) |
(I)      +----+----------------+--------------+-----------+
(I)      Number of Two-pin nets      : 76880 (45.56%)
(I)      Number of Multi-pin nets    : 90980 (53.91%)
(I)      Number of Local nets        : 899 (0.53%)
(I)      Number of Straight segments : 222139 (51.48%) length 817375
(I)      Number of Bended segments   : 209365 (48.52%) length 2957057
(I)      Number of Path segments     : 99275 (23.01%) length 856316
(I)      Number of Pathless segments : 332229 (76.99%) length 2918116
(I)      Number of Routed segments   : 0 (0.00%)
(I)      Number of Unrouted segments : 431504 (100.00%)
(I)      total 2D Cap : 15801856 = (9176418 H, 6625438 V)
(I)      total 2D Demand : 4718 = (4718 H, 0 V)
(I)      init route region map
(I)      #blocked regions = 450
(I)      #non-blocked regions = 1
(I)      #connected regions = 1
(I)      init safety region map
(I)      #blocked regions = 450
(I)      #non-blocked regions = 1
(I)      #connected regions = 1
(I)      Adjusted 0 GCells for pin access
(I)      num of fully blocked pins = 2
(I)      num of partially blocked pins = 804
(I)      numIndependentArea=1  numUnroutableSegs=0  unRoutableLength=0
(I)      Visit GCell upper bound 3055283
(I)      Visit GCell max upper bound 30552830
(I)      Ratio : 10.00
[NR-eGR] Layer group 1: route 168759 net(s) in layer range [2, 6]
(I)      
(I)      ============  Phase 1a Route ============
(I)      Round 0 : Overflow: 546422 / 546422 Length: 3678837 #Routed Segments: 431504 / 431504
(I)      Pattern Routing Avoiding Blockages : #blocked segments: 1014
(I)      Usage: 3744797 = (2227649 H, 1517148 V) = (24.28% H, 22.90% V) = (7.418e+06um H, 5.052e+06um V)
(I)      
(I)      ============  Phase 1b Route ============
(I)      Round 0 : Overflow: 451087 / 451087 Length: 3746050 #Routed Segments: 11412 / 431504
(I)      Usage: 3746050 = (2228896 H, 1517154 V) = (24.29% H, 22.90% V) = (7.422e+06um H, 5.052e+06um V)
(I)      Overflow of layer group 1: 15.06% H + 5.60% V. EstWL: 1.247435e+07um
(I)      Congestion metric : 23.48%H 8.80%V, 32.28%HV
(I)      Congestion threshold : each 60.00, sum 90.00
(I)      
(I)      ============  Phase 1c Route ============
(I)      Level2 Grid: 198 x 198
(I)      Round 0 : Overflow: 352681 / 352681 Length: 3774799 #Routed Segments: 6869 / 431504 #Visited GCells: 10634306
(I)      Round 0 : Overflow: 361525 / 361525 Length: 3943934 #Routed Segments: 649 / 431504 #Visited GCells: 30701928
(I)      Usage: 3943934 = (2397975 H, 1545959 V) = (26.13% H, 23.33% V) = (7.985e+06um H, 5.148e+06um V)
(I)      
(I)      ============  Phase 1d Route ============
(I)      Round 0 : Overflow: 361525 / 361525 Length: 3943934 #Routed Segments: 0 / 431504 #Visited GCells: 30701928
(I)        #maze   : 0
(I)        #mono   : 0
(I)        #snake  : 0
(I)        #escape : 0
(I)        #hum    : 0
(I)        #noRoute: 0
(I)        #guided : 0
(I)      Usage: 3943934 = (2397975 H, 1545959 V) = (26.13% H, 23.33% V) = (7.985e+06um H, 5.148e+06um V)
(I)      
(I)      ============  Phase 1e Route ============
(I)      Legalize blockage violation : Overflow: 361525 / 361525 Length: 3943934 #Routed Segments: 0 / 431504 #No Blk-Free Solutions:0
(I)      Usage: 3943934 = (2397975 H, 1545959 V) = (26.13% H, 23.33% V) = (7.985e+06um H, 5.148e+06um V)
[NR-eGR] Early Global Route overflow of layer group 1: 18.89% H + 4.68% V. EstWL: 1.313330e+07um
(I)      
(I)      ============  Phase 1l Route ============
(I)      LA result: Total OF : 667317  #vias : 1256114  wirelength : 3913909
(I)                  capacity    demand   overflow    blocked   non-blocked   
(I)      Layer  2:    5163793   1379121     32591     3575610     5227479    (40.62%) 
(I)      Layer  3:    3981159   1054448     60455     2759009     4026698    (40.66%) 
(I)      Layer  4:    3114416    832440     33638     2182635     3156944    (40.88%) 
(I)      Layer  5:    2637172    529003     43588     1858723     2665082    (41.09%) 
(I)      Layer  6:     889111    462966    232188       80985      808945    ( 9.10%) 
(I)      Total:      15785651   4257978    402460    10456959    15885147    (39.70%) 
(I)      
[NR-eGR] Congestion Analysis By layer: (blocked Gcells are excluded) 
[NR-eGR]                        OverCon           OverCon           OverCon           OverCon            
[NR-eGR]                         #Gcell            #Gcell            #Gcell            #Gcell     %Gcell
[NR-eGR]        Layer            (1-14)           (15-29)           (30-44)           (45-59)    OverCon
[NR-eGR] -------------------------------------------------------------------------------------------------
[NR-eGR]     li1 ( 1)         0( 0.00%)         0( 0.00%)         0( 0.00%)         0( 0.00%)   ( 0.00%) 
[NR-eGR]    met1 ( 2)      7425( 1.28%)       247( 0.04%)         0( 0.00%)         0( 0.00%)   ( 1.32%) 
[NR-eGR]    met2 ( 3)     10268( 1.77%)       585( 0.10%)       167( 0.03%)       181( 0.03%)   ( 1.93%) 
[NR-eGR]    met3 ( 4)     10094( 1.75%)       269( 0.05%)         2( 0.00%)         0( 0.00%)   ( 1.79%) 
[NR-eGR]    met4 ( 5)     10094( 1.75%)       396( 0.07%)         7( 0.00%)         0( 0.00%)   ( 1.82%) 
[NR-eGR]    met5 ( 6)    132893(14.95%)       187( 0.02%)         0( 0.00%)         0( 0.00%)   (14.97%) 
[NR-eGR] -------------------------------------------------------------------------------------------------
[NR-eGR]        Total    170774( 5.33%)      1684( 0.05%)       176( 0.01%)       181( 0.01%)   ( 5.39%) 
[NR-eGR] 
(I)      total 2D Cap : 15802660 = (9176574 H, 6626086 V)
(I)      total 2D Demand : 4382212 = (2782552 H, 1599660 V)
(I)      init route region map
(I)      #blocked regions = 447
(I)      #non-blocked regions = 1
(I)      #connected regions = 1
(I)      init safety region map
(I)      #blocked regions = 447
(I)      #non-blocked regions = 1
(I)      #connected regions = 1
(I)      eGR overflow3D: 18.99% H + 5.10% V

(I)      Finished Global Routing ( CPU: 16.55 sec, Real: 16.28 sec, Curr Mem: 2985.07 MB )
(I)      total 2D Cap : 15809733 = (9180290 H, 6629443 V)
[NR-eGR] Overflow after Early Global Route 14.00% H + 1.92% V
(I)      Overflow after Early Global Route (TR) 18.73% H + 4.81% V
(I)      ============= Track Assignment ============
(I)      Started Track Assignment (8T) ( Curr Mem: 2985.07 MB )
(I)      Initialize Track Assignment ( max pin layer : 6 )
(I)      Run Multi-thread track assignment
(I)      Finished Track Assignment (8T) ( CPU: 2.74 sec, Real: 2.76 sec, Curr Mem: 3119.55 MB )
[NR-eGR]               Length (um)     Vias 
[NR-eGR] -----------------------------------
[NR-eGR]  li1   (1V)             0   597855 
[NR-eGR]  met1  (2H)       4173940   995721 
[NR-eGR]  met2  (3V)       3535998    49417 
[NR-eGR]  met3  (4H)       2461242    43442 
[NR-eGR]  met4  (5V)       1693308    13511 
[NR-eGR]  met5  (6H)       1547205        0 
[NR-eGR] -----------------------------------
[NR-eGR]        Total     13411692  1699946 
[NR-eGR] --------------------------------------------------------------------------
[NR-eGR] Total half perimeter of net bounding box: 10810531um
[NR-eGR] Total length: 13411692um, number of vias: 1699946
[NR-eGR] --------------------------------------------------------------------------
(I)      Total Global+Local length : 1.341169e+07 um  (hor: 8.128229e+06 um, ver: 5.283463e+06 um)
(I)      Total length: 1.341169e+07um, LocalNet: 1.341169e+07um, number of vias: 1699946
(I)      Total non-overlap #vias : 1699946 
[NR-eGR] Total routed clock nets wire length: 0um, number of vias: 0
[NR-eGR] --------------------------------------------------------------------------
(I)      Finished routing.
(I)      Export 2D congestion map
(I)      total 2D Cap : 15809733 = (9180290 H, 6629443 V)
(I)      total 2D Cap : 15809733 = (9180290 H, 6629443 V)
(I)      Reading 989 rows and 112 nodes from Genus
(I)      core bounding box {0.000 0.000 3293.445 3293.370}
(I)      Constructing bin map
(I)      Initialize bin information with width=13320 height=13320
(I)      Done constructing bin map
(I)      HotspotReport setting:
(I)      includeBlockage = 0
(I)      use3D = 0
(I)      numHotspotReported = 5
(I)      readInstanceInfoFromBinMap with size 248 x 248
(I)      Done readCongestionInfo from bin map, deleting bin map
[NR-eGR] Hotspot level 0: numRow 248, numCol 248, interleaved? 0
[NR-eGR] numGroup 0, maxGroupArea 0.00, totGroupArea: 0.00 
[NR-eGR] Hotspot level 1: numRow 248, numCol 248, interleaved? 1
[NR-eGR] numGroup 0, maxGroupArea 0.00, totGroupArea: 0.00 
[NR-eGR] Hotspot level 2: numRow 124, numCol 124, interleaved? 1
[NR-eGR] numGroup 0, maxGroupArea 0.00, totGroupArea: 0.00 
[NR-eGR] Hotspot level 3: numRow 62, numCol 62, interleaved? 1
[NR-eGR] numGroup 0, maxGroupArea 0.00, totGroupArea: 0.00 
[NR-eGR] +------------+---------------+---------------+
[NR-eGR] |            |   max hotspot | total hotspot |
[NR-eGR] +------------+---------------+---------------+
[NR-eGR] | normalized |          0.00 |          0.00 |
[NR-eGR] +------------+---------------+---------------+
[NR-eGR] HUM HotSpot Analysis: normalized max congestion hotspot area = 0.00, normalized total congestion hotspot area = 0.00 (area is in unit of 4 std-cell row bins)
(I)      max/total 0.00/0.00, big hotspot (>10) total 0.00


hRoutingOverflowTR: 18.7316%
vRoutingOverflowTR: 4.80642%
hRoutingOverflowGR: 14.0005%
vRoutingOverflowGR: 1.92283%
Info : Deleting 2-D Early Global router data...
Info : Early 2-D Global router data deletion complete.
Info : Installing 3-D Early Global router...
Info : 3-D Early Global router installation complete.

 ======= Finished running HUM routing, Time taken: 24 seconds =========
  Calculating congestion data...

 ======= Starting running extraction on design ===============================
  Calculating gcell capacitance using probabilistic extraction...
No NDR for EEKit
There is no ndr for this design!

 ======= Finished running extraction on design, Time taken: 1 seconds =========
Done updating congestion map (time: 26s).

 ======= Starting creating route type bins =========

 ======= Finished creating route type bins, Time taken: 0 seconds =========
Warning : This attribute will be obsolete in a next major release. [TUI-32]
        : attribute: 'phys_pam_pas_reset_list', object type: 'design'
==================================
Stage : PBS_Generic_Opt-PAM_PAS 
==================================
  =================
   Message Summary
  =================
----------------------------------------------------------------------------------------------------------------------------------------------------------------------------------------------------------------------------------------
|    Id     |  Sev  |Count|                                                                                                Message Text                                                                                                |
----------------------------------------------------------------------------------------------------------------------------------------------------------------------------------------------------------------------------------------
|CDFG-250   |Info   |   62|Processing multi-dimensional arrays.                                                                                                                                                                        |
|CDFG-372   |Info   |   74|Bitwidth mismatch in assignment.                                                                                                                                                                            |
|           |       |     |Review and make sure the mismatch is intentional. Genus can possibly issue bitwidth mismatch warning for explicit assignments present in RTL as-well-as for implicit assignments inferred by the tool. For  |
|           |       |     | example, in case of enum declaration without value, the tool will implicitly assign value to the enum variables. It also issues the warning for any bitwidth mismatch that appears in this implicit        |
|           |       |     | assignment.                                                                                                                                                                                                |
|CDFG-373   |Info   |    1|Sign mismatch in assignment.                                                                                                                                                                                |
|CDFG-472   |Warning|   19|Unreachable statements for case item.                                                                                                                                                                       |
|CDFG-500   |Info   |    6|Unused module input port.                                                                                                                                                                                   |
|           |       |     |(In port definition within the module, the input port is not used in any assignment statements or conditional expressions for decision statements.                                                          |
|CDFG-508   |Warning|    3|Removing unused register.                                                                                                                                                                                   |
|           |       |     |Genus removes the flip-flop or latch inferred for an unused signal or variable. To preserve the flip-flop or latch, set the hdl_preserve_unused_registers attribute to true or use a pragma in the RTL.     |
|CDFG-567   |Info   |   56|Instantiating Subdesign.                                                                                                                                                                                    |
|CDFG-738   |Info   |  122|Common subexpression eliminated.                                                                                                                                                                            |
|CDFG-739   |Info   |  122|Common subexpression kept.                                                                                                                                                                                  |
|CDFG-769   |Info   |   13|Identified sum-of-products logic to be optimized during syn_generic.                                                                                                                                        |
|CDFG-771   |Info   |    3|Replaced logic with a constant value.                                                                                                                                                                       |
|CDFG-893   |Info   |    8|Optimized the MUX created for array read / write or variable shifter.                                                                                                                                       |
|CDFG-911   |Info   |    9|Ignored bit merge logic with shifter implementation.                                                                                                                                                        |
|CDFG2G-622 |Warning|    1|Signal or variable has multiple drivers.                                                                                                                                                                    |
|           |       |     |This may cause simulation mismatches between the original and synthesized designs.                                                                                                                          |
|CWD-19     |Info   |  300|An implementation was inferred.                                                                                                                                                                             |
|ELAB-1     |Info   |    1|Elaborating Design.                                                                                                                                                                                         |
|ELAB-2     |Info   |   28|Elaborating Subdesign.                                                                                                                                                                                      |
|ELAB-3     |Info   |    1|Done Elaborating Design.                                                                                                                                                                                    |
|ELABUTL-125|Warning|    4|Undriven signal detected.                                                                                                                                                                                   |
|           |       |     |The undriven signal handling can be controlled by setting the attribute 'hdl_unconnected_value' before syn_generic command.                                                                                 |
|ELABUTL-127|Warning|    4|Undriven module input port.                                                                                                                                                                                 |
|           |       |     |Run check_design to check 'Undriven Port(s)/Pin(s)                                                                                                                                                          |
|           |       |     | ' section for all undriven module input ports. It is better to double confirm with designer if these undriven ports are expected. During syn_gen the undriven ports are controlled by attribute            |
|           |       |     | 'hdl_unconnected_value', the default value is 0.                                                                                                                                                           |
|ELABUTL-131|Info   |    4|Undriven module input port.                                                                                                                                                                                 |
|           |       |     |The 'hdl_unconnected_value' attribute controls treatment of undriven input port.                                                                                                                            |
|ELABUTL-132|Info   |   11|Unused instance port.                                                                                                                                                                                       |
|           |       |     |Please check the reported scenario of unconnected instance port to ensure that it matches the design intent.                                                                                                |
|GLO-12     |Info   |  542|Replacing a flip-flop with a logic constant 0.                                                                                                                                                              |
|           |       |     |To prevent this optimization, set the 'optimize_constant_0_flops' root attribute to 'false' or 'optimize_constant_0_seq' instance attribute to 'false'. You can also see the complete list of deleted       |
|           |       |     | sequential with command 'report sequential -deleted' (on Reason 'constant0').                                                                                                                              |
|GLO-13     |Info   |   17|Replacing a flip-flop with a logic constant 1.                                                                                                                                                              |
|           |       |     |To prevent this optimization, set the 'optimize_constant_1_flops' root attribute to 'false' or 'optimize_constant_1_seq' instance attribute to 'false'.                                                     |
|GLO-34     |Info   |    4|Deleting instances not driving any primary outputs.                                                                                                                                                         |
|           |       |     |Optimizations such as constant propagation or redundancy removal could change the connections so a hierarchical instance does not drive any primary outputs anymore. To see the list of deleted hierarchical|
|           |       |     | instances, set the 'information_level' attribute to 2 or above. If the message is truncated set the message attribute 'truncate' to false to see the complete list. To prevent this optimization, set the  |
|           |       |     | 'delete_unloaded_insts' root/subdesign attribute to 'false' or 'preserve' instance attribute to 'true'.                                                                                                    |
|GLO-40     |Info   |   39|Combinational hierarchical blocks with identical inputs have been merged.                                                                                                                                   |
|           |       |     |This optimization usually reduces design area. To prevent merging of combinational hierarchical blocks, set the 'merge_combinational_hier_instances' root attribute to 'false' or the                       |
|           |       |     | 'merge_combinational_hier_instance' instance attribute to 'false'.                                                                                                                                         |
|GLO-45     |Info   |  421|Replacing the synchronous part of an always feeding back flip-flop with a logic constant.                                                                                                                   |
|           |       |     |To prevent this optimization, set 'optimize_constant_feedback_seqs' root attribute to 'false'. The instance attribute 'optimize_constant_feedback_seq' controls this optimization.                          |
|GLO-46     |Info   |    1|Combinational hierarchical instances are merged.                                                                                                                                                            |
|GLO-62     |Info   |  607|On tool_generated instance/module 'strict_no' is set.                                                                                                                                                       |
|           |       |     |This shall only be used for special purposes like formal verification.                                                                                                                                      |
|INVS-8     |Info   |    1|Innovus executable found.                                                                                                                                                                                   |
|           |       |     |The specified Innovus executable will be used for the Innovus batch jobs.                                                                                                                                   |
|INVS-18    |Info   |    1|The following executable version was used for the Innovus session.                                                                                                                                          |
|           |       |     |The specified Innovus version was used for the Innovus batch job.                                                                                                                                           |
|LBR-9      |Warning|    4|Library cell has no output pins defined.                                                                                                                                                                    |
|           |       |     |Add the missing output pin(s)                                                                                                                                                                               |
|           |       |     | , then reload the library. Else the library cell will be marked as timing model i.e. unusable. Timing_model means that the cell does not have any defined function. If there is no output pin, Genus will  |
|           |       |     | mark library cell as unusable i.e. the attribute 'usable' will be marked to 'false' on the libcell. Therefore, the cell is not used for mapping and it will not be picked up from the library for          |
|           |       |     | synthesis. If you query the attribute 'unusable_reason' on the libcell; result will be: 'Library cell has no output pins.'Note: The message LBR-9 is only for the logical pins and not for the power_ground|
|           |       |     | pins. Genus will depend upon the output function defined in the pin group (output pin) of the cell, to use it for mapping. The pg_pin will not have any function defined.                                  |
|LBR-40     |Info   |    7|An unsupported construct was detected in this library.                                                                                                                                                      |
|           |       |     |Check to see if this construct is really needed for synthesis. Many liberty constructs are not actually required.                                                                                           |
|LBR-41     |Info   |  512|An output library pin lacks a function attribute.                                                                                                                                                           |
|           |       |     |If the remainder of this library cell's semantic checks are successful, it will be considered as a timing-model (because one of its outputs does not have a valid function.                                 |
|LBR-81     |Warning|  108|Non-monotonic wireload model found.                                                                                                                                                                         |
|           |       |     |Non-monotonic wireload models can cause problems during synthesis and/or mapping.  Raising some of the points in the curve to give it a monotonic shape.                                                    |
|LBR-162    |Info   |   72|Both 'pos_unate' and 'neg_unate' timing_sense arcs have been processed.                                                                                                                                     |
|           |       |     |Setting the 'timing_sense' to non_unate.                                                                                                                                                                    |
|LBR-412    |Info   |    4|Created nominal operating condition.                                                                                                                                                                        |
|           |       |     |The nominal operating condition is represented, either by the nominal PVT values specified in the library source (via nom_process,nom_voltage and nom_temperature respectively)                             |
|           |       |     | , or by the default PVT values (1.0,1.0,1.0).                                                                                                                                                              |
|LBR-516    |Info   |    3|Missing library level attribute.                                                                                                                                                                            |
|LBR-517    |Error  |96732|Could not find the look-up table definition.                                                                                                                                                                |
|           |       |     |Add the look-up table definition, then reload the library.                                                                                                                                                  |
|LBR-709    |Warning|96732|Ignoring the timing group.                                                                                                                                                                                  |
|           |       |     |Fix the library cell error and then reload the library.                                                                                                                                                     |
|LIC-2      |Info   |    1|Beta feature.                                                                                                                                                                                               |
|           |       |     |Final production licensing of this beta feature has not been determined and is subject to change. Usage and support of this beta feature are subject to prior agreement with Cadence. In addition, Cadence  |
|           |       |     | assumes you understand the feature limitations and expected results. Contact your Cadence representative if you have any questions.                                                                        |
|PBS-1      |Info   |    1|Enabling Partition Based Synthesis.                                                                                                                                                                         |
|PHYS-12    |Warning|    3|The variant range of wire parameters is too large. An example of wire parameters are, a WIDTH for layer, PITCH for layer, MINSPACING for layers, etc.                                                       |
|           |       |     |Check the consistency of the parameters, and see if you can ignore this message or you're using different LEF file with wrong parameters.                                                                   |
|PHYS-13    |Warning|    1|The value of the wire parameter is too big.                                                                                                                                                                 |
|           |       |     |Check the consistency of the specified wire parameter.                                                                                                                                                      |
|PHYS-58    |Warning|    2|Option ignored.                                                                                                                                                                                             |
|           |       |     |The specified option will be treated as indicated above.                                                                                                                                                    |
|PHYS-90    |Info   |   13|Generating design database.                                                                                                                                                                                 |
|           |       |     |The database contains all the files required to restore the design in the specified application.                                                                                                            |
|PHYS-128   |Warning|  752|Library cell pin 'use' attribute is inconsistent between lib and LEF.                                                                                                                                       |
|           |       |     |Overriding lib value with LEF value. To use .lib as golden do: '::legacy::set_attribute use_power_ground_pin_from_lef false'.                                                                               |
|PHYS-129   |Info   |   25|Via with no resistance will have a value of '0.0' assigned for resistance value.                                                                                                                            |
|           |       |     |If this is the expected behavior, this message can be ignored.                                                                                                                                              |
|PHYS-181   |Info   |   37|Full preserve set on instance.                                                                                                                                                                              |
|           |       |     |This message has a default max print count of '10', which can be changed by setting the 'max_print' attribute.                                                                                              |
|PHYS-279   |Warning|   14|Physical cell not defined in library.                                                                                                                                                                       |
|           |       |     |Ensure that the proper library files are available and have been imported.                                                                                                                                  |
|PHYS-1011  |Warning|    1|Attribute design_process_node is not set for this design.                                                                                                                                                   |
|           |       |     |When attribute design_process_node is not set to an appropriate integer value >=1 and <=250, then Innovus will assume its own default value for the design process node. See the Innovus setDesignMode      |
|           |       |     | -process <> command for more information about what this setting does.                                                                                                                                     |
|SDC-208    |Warning|    1|Could not find requested search value.                                                                                                                                                                      |
|           |       |     |Use get_* commands to find the objects along with a wild card entry in the name of the object to check if the object is existing with different naming style.                                               |
|ST-110     |Info   |   32|Connection established with super-threading server.                                                                                                                                                         |
|           |       |     |The tool is entering super-threading mode and has established a connection with a CPU server process.  This is enabled by the root attributes 'super_thread_servers' or 'auto_super_thread'.                |
|ST-112     |Info   |   32|A super-threading server has been shut down normally.                                                                                                                                                       |
|           |       |     |A super-threaded optimization is complete and a CPU server was successfully shut down.                                                                                                                      |
|ST-120     |Info   |    4|Attempting to launch a super-threading server.                                                                                                                                                              |
|           |       |     |The tool is entering super-threading mode and is launching a CPU server process.  This is enabled by the root attribute 'super_thread_servers' or 'auto_super_thread'.                                      |
|ST-128     |Info   |    4|Super thread servers are launched successfully.                                                                                                                                                             |
|SYNTH-1    |Info   |    1|Synthesizing.                                                                                                                                                                                               |
|TUI-32     |Warning|    7|This attribute will be obsolete in a next major release.                                                                                                                                                    |
|TUI-82     |Warning|    2|Enabling message severity downgrade.                                                                                                                                                                        |
|TUI-204    |Error  |    2|An invalid option was specified.                                                                                                                                                                            |
|           |       |     |Run 'command_name -help' to check all valid options. To correct the option and rerun the command.                                                                                                           |
|TUI-280    |Info   |    1|An additional product license has been checked out.                                                                                                                                                         |
|VLOGPT-692 |Warning|   26|Usage of non-static tasks or functions might result in simulation-synthesis mismatch.                                                                                                                       |
|           |       |     |Use the 'automatic' keyword for declaring functions and tasks.                                                                                                                                              |
----------------------------------------------------------------------------------------------------------------------------------------------------------------------------------------------------------------------------------------
PBS_Generic_Opt-PAM_PAS - Elapsed_Time 37, CPU_Time 36.0
stamp 'PBS_Generic_Opt-PAM_PAS' being created for table 'pbs_debug'

  Total Time (Wall) |  Stage Time (Wall)  |   % (Wall)   |    Date - Time     |  Memory   | Stage
--------------------+---------------------+--------------+--------------------+-----------+----------------------
 00:03:37(00:08:08) |  00:00:00(00:00:00) |   0.0(  0.0) |   23:37:48 (Jul05) |   2.38 GB | PBS_Generic-Start
--------------------+---------------------+--------------+--------------------+-----------+----------------------
 00:26:19(00:31:47) |  00:22:41(00:23:39) |  37.5( 49.5) |    0:01:27 (Jul06) |   3.76 GB | PBS_Generic-Post_Genopt
--------------------+---------------------+--------------+--------------------+-----------+----------------------
 00:41:20(00:47:54) |  00:15:00(00:16:07) |  24.8( 33.7) |    0:17:33 (Jul06) |   2.60 GB | PBS_Generic_Opt-Post
--------------------+---------------------+--------------+--------------------+-----------+----------------------
 00:41:25(00:48:00) |  00:00:05(00:00:06) |   0.1(  0.2) |    0:17:39 (Jul06) |   2.35 GB | PBS_Generic-Postgen HBO Optimizations
--------------------+---------------------+--------------+--------------------+-----------+----------------------
 01:03:29(00:55:17) |  00:22:04(00:07:17) |  36.5( 15.2) |    0:24:56 (Jul06) |   2.33 GB | PBS_Generic_Opt-Physical
--------------------+---------------------+--------------+--------------------+-----------+----------------------
 01:04:05(00:55:54) |  00:00:36(00:00:37) |   1.0(  1.3) |    0:25:33 (Jul06) |   2.86 GB | PBS_Generic_Opt-PAM_PAS
--------------------+---------------------+--------------+--------------------+-----------+----------------------
Number of threads: 8 * 2   (id: pbs_debug, time_info v1.57)
Info: (*N*) indicates data that was populated from previously saved time_info database
Info: CPU time includes time of parent + longest thread
Info    : Done synthesizing. [SYNTH-2]
        : Done synthesizing 'fa_top' to generic gates.
Warning : Non-monotonic wireload model found. [LBR-81]
        : 'Length' table in wireload model 'Huge' is non-monotonic.
Warning : Non-monotonic wireload model found. [LBR-81]
        : 'Length' table in wireload model 'Huge' is non-monotonic.
Warning : Non-monotonic wireload model found. [LBR-81]
        : 'Length' table in wireload model 'Huge' is non-monotonic.
Warning : Non-monotonic wireload model found. [LBR-81]
        : 'Length' table in wireload model 'Large' is non-monotonic.
Warning : Non-monotonic wireload model found. [LBR-81]
        : 'Length' table in wireload model 'Large' is non-monotonic.
Warning : Non-monotonic wireload model found. [LBR-81]
        : 'Length' table in wireload model 'Large' is non-monotonic.
Warning : Non-monotonic wireload model found. [LBR-81]
        : 'Length' table in wireload model 'Medium' is non-monotonic.
Warning : Non-monotonic wireload model found. [LBR-81]
        : 'Length' table in wireload model 'Medium' is non-monotonic.
Warning : Non-monotonic wireload model found. [LBR-81]
        : 'Length' table in wireload model 'Medium' is non-monotonic.
Warning : Non-monotonic wireload model found. [LBR-81]
        : 'Length' table in wireload model 'Small' is non-monotonic.
Warning : Non-monotonic wireload model found. [LBR-81]
        : 'Length' table in wireload model 'Small' is non-monotonic.
Warning : Non-monotonic wireload model found. [LBR-81]
        : 'Length' table in wireload model 'Small' is non-monotonic.
Info : Deleting 2-D Early Global router data...
Info : 2-D Early Global router data deletion complete.
Info : Initializing 2-D Early Global router engine...
Info : Installing 2-D Early Global router...
Info : Early Global router engine is using 8 threads.
Info : 2-D Early Global router initialization complete.
Info : 2-D Early Global router installation complete.
##>===== Cadence Confidential (Generic-Physical) =====
##>ST Summary (3 partitions in total):
##>----------------------------------------------
##>PARTITION                2         0         1
##>----------------------------------------------
##>PRE_WNS              -1604      -711       397
##>PRE_TNS            1652236     33617         0
##>PRE_CNT             216310     61141     82486
##>PRE_PORT_CNT           406      1540       614
##>PRE_AREA           5014036    959773   3039771
##>PRE_LEAK_PWR         19253      8055      8644
##>PRE_EX_DEL_CNT         407      1541       615
##>----------------------------------------------
##>POST_WNS               177       279      -474
##>POST_TNS                 0         0     18846
##>POST_CNT            144223     42899     76527
##>POST_PORT_CNT          406      1540       614
##>POST_AREA          4313257    793327   2855537
##>POST_LEAK_PWR        13072      5978      7711
##>POST_EX_DEL_CNT        407      1541       615
##>----------------------------------------------
##>R:Read DB                2         1         1
##>R:Mux Opto              15        32         6
##>R:Generic             1158       608       344
##>R:Retime                 0         0         0
##>R:Clk Gate               0         0         0
##>R:Const Prop            16        31         4
##>R:Gobble                 1         0         0
##>R:Set Targets            0         0         0
##>R:Write DB              17         8        11
##>R:Misc                   0         0         0
##>Total Elapsed         1210       681       367
##>==============================================
##>===== Cadence Confidential (Generic-Physical) =====
##>ST Summary (3 partitions in total):
##>----------------------------------------------
##>PARTITION                2         0         1
##>----------------------------------------------
##>PRE_WNS                162       215      -474
##>PRE_TNS                  0         0     18851
##>PRE_CNT             149783     46512     81325
##>PRE_PORT_CNT           406      1512       603
##>PRE_AREA           4393479    859475   2941110
##>PRE_LEAK_PWR         13724      6337      8205
##>PRE_EX_DEL_CNT         407      1513       604
##>----------------------------------------------
##>POST_WNS               -41      -132      -502
##>POST_TNS              1248      2307      7074
##>POST_CNT             83319     34329     47435
##>POST_PORT_CNT          406      1512       603
##>POST_AREA          3902547    708958   2680714
##>POST_LEAK_PWR         5595      3706      3873
##>POST_EX_DEL_CNT        407      1513       604
##>----------------------------------------------
##>F:Read DB                2         1         1
##>F:Mux Opto               0         0         0
##>F:Generic               11         6         8
##>F:Retime                 0         0         0
##>F:Clk Gate               0         0         0
##>F:Const Prop            15        19         8
##>F:Gobble                 1         0         1
##>F:Set Targets          814       767       608
##>F:Write DB              13         7         8
##>F:Misc                   0         0         0
##>Total Elapsed          856       800       634
##>==============================================
##>Main Thread Summary:
##>----------------------------------------------------------------------------------------
##>STEP                           Elapsed       WNS       TNS     Insts      Area    Memory
##>----------------------------------------------------------------------------------------
##>G:Initial                           65         -         -    359937   9013580      2555
##>G:Early Clock Gating                 0         -         -         -         -         -
##>G:Setup                              3         -         -         -         -      4951
##>G:Launch ST                         13         -         -         -         -      4951
##>G:Design Partition                   1         -         -         -         -      4951
##>G:Create Partition Netlists         16         -         -         -         -      4951
##>G:Init Power                         0         -         -         -         -      4951
##>G:Budgeting                         24         -         -         -         -      4951
##>G:Derenv-DB                         34         -         -         -         -      4951
##>G:Debug Outputs                      0         -         -         -         -         -
##>G:ST loading                         0         -         -         -         -      4951
##>G:Distributed                     2071         -         -         -         -      4951
##>G:Timer                             16         -         -         -         -      4951
##>G:Assembly                          16         -         -         -         -      4951
##>G:DFT                                3         -         -         -         -      4951
##>G:Const Prop                         6         -         -    165083   7292221      2352
##>G:Placement                        437         -         -    165083   7292183      2330
##>G:Physical Opt                      37         -         -    165083   7292183      2860
##>G:PostGen Opt                       24      -502     10629    165083   7292221      2582
##>G:Early Clock Gating Cleanup         0         -         -         -         -         -
##>G:Misc                             112
##>----------------------------------------------------------------------------------------
##>Total Elapsed                     2878
##>========================================================================================
      flow.cputime  flow.realtime  timing.setup.tns  timing.setup.wns  snapshot
UM:*                                                                   syn_gen_physical
#----------------------------------------------------------------------------------------
# Root attributes for category: opt
#----------------------------------------------------------------------------------------
# Feature                           | Attribute                    | Value            
#----------------------------------------------------------------------------------------
# Avoid tied inputs                 | avoid_tied_inputs            | false (default)  
# Allow floating outputs            | opt_allow_floating_outputs   | false (default)  
# Power optimization effort         | design_power_effort          | none (default)   
# Do not use qbar sequential pins   | dont_use_qbar_seq_pins       | false (default)  
#----------------------------------------------------------------------------------------

##Generic Timing Info: typical gate delay  118.9 ps   std_slew:   16.0 ps   std_load:  4.8 fF  for library domain _default_
Mapping ChipWare ICG instances in fa_top
Found 0 unmapped ChipWare ICG instances
Mapped 0 of 0 ChipWare ICG instances

=============================================================================
  Generated by: Cadence Genus(TM) Synthesis Solution 25.12-s067_1
  Generated on: Jul  6 2026 00:26:02
  Module:       fa_top
=============================================================================

=========================
  check_floorplan SUMMARY
=========================
--------------------------------------------------------------------------------------------------------------
        Floorplan Object  |  Status  | #Violations |   #Total    |    ID     |  Violation Reason 
--------------------------------------------------------------------------------------------------------------
Core/Die Box              |   PASS   |          0  |          1  |           |                                                             
ROW Definitions           |   PASS   |          0  |          1  |           |                                                             
ROW Site References       |   PASS   |          0  |        989  |           |                                                             
Primary Port Placement    |   PASS   |          0  |        847  |           |                                                             
Hard Macro Placement      |   PASS   |          0  |         37  |           |                                                             
Abnormal Utilization      |   PASS   |          0  |          1  |           |                                                             
Excessive Utilization     |   PASS   |          0  |          1  |           |                                                             
Macro Pin Outside Die     |   PASS   |          0  |       8145  |           |                                                             
Sites With No Rows        |   PASS   |          0  |          1  |           |                                                             
--------------------------------------------------------------------------------------------------------------

There is no error or warning detected for the floorplan.

Done checking floorplan - Elapsed time 1s, CPU time: 0.69s
Ultra global mapping function is enabled as part of physical-aware mapping/structuring.
Current PLE settings:

Aspect ratio        : 1.000
Shrink factor       : 1.000
Scale of res/length : 1.000
Scale of cap/length : 1.000
Net derating factor : 1.000
Thermal factor      : 1.000
Via Resistance      : 6.862 ohm (from qrc_tech_file)
Site size           : 3.810 um (from lef [tech+cell])

                                   Capacitance  
  Layer                             / Length         Data source:
Name        Direction Utilization  (pF/micron)       Probabilistic Extraction
------------------------------------------------
<extracted>     U         n/a         0.000190  
<extracted>     V         n/a         0.000166  
<extracted>     H         n/a         0.000214  

                                    Resistance   
  Layer                              / Length         Data source:
Name        Direction Utilization  (ohm/micron)       Probabilistic Extraction
-------------------------------------------------
<extracted>     U         n/a          0.857257  
<extracted>     V         n/a          0.891368  
<extracted>     H         n/a          0.823146  

                                        Area     
  Layer                               / Length        Data source:
Name (bin)  Direction Utilization     (micron)        lef_library
-------------------------------------------------
li1    (0)      V         0.00         0.170000  
met1   (0)      H         1.00         0.140000  
met2   (0)      V         1.00         0.140000  
met3   (1)      H         1.00         0.300000  
met4   (2)      V         1.00         0.300000  
met5   (2)      H         1.00         1.600000  

Info    : Mapping. [SYNTH-4]
        : Mapping 'fa_top' using 'high' effort.
Mapper: Libraries have:
	domain _default_: 305 combo usable cells and 62 sequential usable cells
PBS_TechMap-Start - Elapsed_Time 0, CPU_Time 0.0
stamp 'PBS_TechMap-Start' being created for table 'pbs_debug'

  Total Time (Wall) |  Stage Time (Wall)  |   % (Wall)   |    Date - Time     |  Memory   | Stage
--------------------+---------------------+--------------+--------------------+-----------+----------------------
 00:03:37(00:08:08) |  00:00:00(00:00:00) |   0.0(  0.0) |   23:37:48 (Jul05) |   2.38 GB | PBS_Generic-Start
--------------------+---------------------+--------------+--------------------+-----------+----------------------
 00:26:19(00:31:47) |  00:22:41(00:23:39) |  37.2( 49.0) |    0:01:27 (Jul06) |   3.76 GB | PBS_Generic-Post_Genopt
--------------------+---------------------+--------------+--------------------+-----------+----------------------
 00:41:20(00:47:54) |  00:15:00(00:16:07) |  24.6( 33.4) |    0:17:33 (Jul06) |   2.60 GB | PBS_Generic_Opt-Post
--------------------+---------------------+--------------+--------------------+-----------+----------------------
 00:41:25(00:48:00) |  00:00:05(00:00:06) |   0.1(  0.2) |    0:17:39 (Jul06) |   2.35 GB | PBS_Generic-Postgen HBO Optimizations
--------------------+---------------------+--------------+--------------------+-----------+----------------------
 01:03:29(00:55:17) |  00:22:04(00:07:17) |  36.2( 15.1) |    0:24:56 (Jul06) |   2.33 GB | PBS_Generic_Opt-Physical
--------------------+---------------------+--------------+--------------------+-----------+----------------------
 01:04:05(00:55:54) |  00:00:36(00:00:37) |   1.0(  1.3) |    0:25:33 (Jul06) |   2.86 GB | PBS_Generic_Opt-PAM_PAS
--------------------+---------------------+--------------+--------------------+-----------+----------------------
 01:04:38(00:56:24) |  00:00:33(00:00:30) |   0.9(  1.0) |    0:26:04 (Jul06) |   2.53 GB | PBS_TechMap-Start
--------------------+---------------------+--------------+--------------------+-----------+----------------------
Number of threads: 8 * 2   (id: pbs_debug, time_info v1.57)
Info: (*N*) indicates data that was populated from previously saved time_info database
Info: CPU time includes time of parent + longest thread
Finished constraining critical logic cones (command execution time mm:ss (real) = 00:00).

Warning : Non-monotonic wireload model found. [LBR-81]
        : 'Length' table in wireload model 'Huge' is non-monotonic.
Warning : Non-monotonic wireload model found. [LBR-81]
        : 'Length' table in wireload model 'Huge' is non-monotonic.
Warning : Non-monotonic wireload model found. [LBR-81]
        : 'Length' table in wireload model 'Huge' is non-monotonic.
Warning : Non-monotonic wireload model found. [LBR-81]
        : 'Length' table in wireload model 'Large' is non-monotonic.
Warning : Non-monotonic wireload model found. [LBR-81]
        : 'Length' table in wireload model 'Large' is non-monotonic.
Warning : Non-monotonic wireload model found. [LBR-81]
        : 'Length' table in wireload model 'Large' is non-monotonic.
Warning : Non-monotonic wireload model found. [LBR-81]
        : 'Length' table in wireload model 'Medium' is non-monotonic.
Warning : Non-monotonic wireload model found. [LBR-81]
        : 'Length' table in wireload model 'Medium' is non-monotonic.
PBS_TechMap-PAM_PAS - Elapsed_Time 3, CPU_Time 3.0
stamp 'PBS_TechMap-PAM_PAS' being created for table 'pbs_debug'

  Total Time (Wall) |  Stage Time (Wall)  |   % (Wall)   |    Date - Time     |  Memory   | Stage
--------------------+---------------------+--------------+--------------------+-----------+----------------------
 00:03:37(00:08:08) |  00:00:00(00:00:00) |   0.0(  0.0) |   23:37:48 (Jul05) |   2.38 GB | PBS_Generic-Start
--------------------+---------------------+--------------+--------------------+-----------+----------------------
 00:26:19(00:31:47) |  00:22:41(00:23:39) |  37.2( 48.9) |    0:01:27 (Jul06) |   3.76 GB | PBS_Generic-Post_Genopt
--------------------+---------------------+--------------+--------------------+-----------+----------------------
 00:41:20(00:47:54) |  00:15:00(00:16:07) |  24.6( 33.3) |    0:17:33 (Jul06) |   2.60 GB | PBS_Generic_Opt-Post
--------------------+---------------------+--------------+--------------------+-----------+----------------------
 00:41:25(00:48:00) |  00:00:05(00:00:06) |   0.1(  0.2) |    0:17:39 (Jul06) |   2.35 GB | PBS_Generic-Postgen HBO Optimizations
--------------------+---------------------+--------------+--------------------+-----------+----------------------
 01:03:29(00:55:17) |  00:22:04(00:07:17) |  36.1( 15.1) |    0:24:56 (Jul06) |   2.33 GB | PBS_Generic_Opt-Physical
--------------------+---------------------+--------------+--------------------+-----------+----------------------
 01:04:05(00:55:54) |  00:00:36(00:00:37) |   1.0(  1.3) |    0:25:33 (Jul06) |   2.86 GB | PBS_Generic_Opt-PAM_PAS
--------------------+---------------------+--------------+--------------------+-----------+----------------------
 01:04:38(00:56:24) |  00:00:33(00:00:30) |   0.9(  1.0) |    0:26:04 (Jul06) |   2.53 GB | PBS_TechMap-Start
--------------------+---------------------+--------------+--------------------+-----------+----------------------
 01:04:41(00:56:28) |  00:00:03(00:00:04) |   0.1(  0.1) |    0:26:07 (Jul06) |   2.53 GB | PBS_TechMap-PAM_PAS
--------------------+---------------------+--------------+--------------------+-----------+----------------------
Number of threads: 8 * 2   (id: pbs_debug, time_info v1.57)
Info: (*N*) indicates data that was populated from previously saved time_info database
Info: CPU time includes time of parent + longest thread
Info    : Partition Based Synthesis execution skipped. [PHYS-752]
        : Design size is less than the partition threshold '300000' for distributed mapping optimization to kick in.

=============================================================================
  Generated by: Cadence Genus(TM) Synthesis Solution 25.12-s067_1
  Generated on: Jul  6 2026 00:26:11
  Module:       fa_top
=============================================================================

=========================
  check_floorplan SUMMARY
=========================
--------------------------------------------------------------------------------------------------------------
        Floorplan Object  |  Status  | #Violations |   #Total    |    ID     |  Violation Reason 
--------------------------------------------------------------------------------------------------------------
Core/Die Box              |   PASS   |          0  |          1  |           |                                                             
ROW Definitions           |   PASS   |          0  |          1  |           |                                                             
ROW Site References       |   PASS   |          0  |        989  |           |                                                             
Primary Port Placement    |   PASS   |          0  |        847  |           |                                                             
Hard Macro Placement      |   PASS   |          0  |         37  |           |                                                             
Abnormal Utilization      |   PASS   |          0  |          1  |           |                                                             
Excessive Utilization     |   PASS   |          0  |          1  |           |                                                             
Macro Pin Outside Die     |   PASS   |          0  |       8145  |           |                                                             
Sites With No Rows        |   PASS   |          0  |          1  |           |                                                             
--------------------------------------------------------------------------------------------------------------

There is no error or warning detected for the floorplan.

Done checking floorplan - Elapsed time 1s, CPU time: 0.25s
Ultra global mapping function is enabled as part of physical-aware mapping/structuring.
Current PLE settings:

Aspect ratio        : 1.000
Shrink factor       : 1.000
Scale of res/length : 1.000
Scale of cap/length : 1.000
Net derating factor : 1.000
Thermal factor      : 1.000
Via Resistance      : 6.862 ohm (from qrc_tech_file)
Site size           : 3.810 um (from lef [tech+cell])

                                   Capacitance  
  Layer                             / Length         Data source:
Name        Direction Utilization  (pF/micron)       Probabilistic Extraction
------------------------------------------------
<extracted>     U         n/a         0.000190  
<extracted>     V         n/a         0.000166  
<extracted>     H         n/a         0.000214  

                                    Resistance   
  Layer                              / Length         Data source:
Name        Direction Utilization  (ohm/micron)       Probabilistic Extraction
-------------------------------------------------
<extracted>     U         n/a          0.857257  
<extracted>     V         n/a          0.891368  
<extracted>     H         n/a          0.823146  

                                        Area     
  Layer                               / Length        Data source:
Name (bin)  Direction Utilization     (micron)        lef_library
-------------------------------------------------
li1    (0)      V         0.00         0.170000  
met1   (0)      H         1.00         0.140000  
met2   (0)      V         1.00         0.140000  
met3   (1)      H         1.00         0.300000  
met4   (2)      V         1.00         0.300000  
met5   (2)      H         1.00         1.600000  

Mapper: Libraries have:
	domain _default_: 305 combo usable cells and 62 sequential usable cells
Info    : Attempting to launch a super-threading server. [ST-120]
        : Attempting to Launch server 1 of 16.
Info    : Connection established with super-threading server. [ST-110]
        : The server '8_3_0' is forked process '3424425' on machine 'sh02lo01'.
Info    : Attempting to launch a super-threading server. [ST-120]
        : Attempting to Launch server 2 of 16.
Info    : Connection established with super-threading server. [ST-110]
        : The server 'localhost_3_1' is forked process '3424427' on this host.
Info    : Connection established with super-threading server. [ST-110]
        : The server 'localhost_3_2' is forked process '3424547' on this host.
Info    : Connection established with super-threading server. [ST-110]
        : The server 'localhost_3_3' is forked process '3424549' on this host.
Info    : Connection established with super-threading server. [ST-110]
        : The server 'localhost_3_4' is forked process '3424551' on this host.
Info    : Connection established with super-threading server. [ST-110]
        : The server 'localhost_3_5' is forked process '3424553' on this host.
Info    : Connection established with super-threading server. [ST-110]
        : The server 'localhost_3_6' is forked process '3424555' on this host.
Info    : Connection established with super-threading server. [ST-110]
        : The server 'localhost_3_7' is forked process '3424557' on this host.
Info    : Connection established with super-threading server. [ST-110]
        : The server 'localhost_3_8' is forked process '3424559' on this host.
Info    : Connection established with super-threading server. [ST-110]
        : The server '8_3_9' is forked process '3424561' on machine 'sh02lo01'.
Info    : Connection established with super-threading server. [ST-110]
        : The server '8_3_10' is forked process '3424563' on machine 'sh02lo01'.
Info    : Connection established with super-threading server. [ST-110]
        : The server '8_3_11' is forked process '3424565' on machine 'sh02lo01'.
Info    : Connection established with super-threading server. [ST-110]
        : The server '8_3_12' is forked process '3424567' on machine 'sh02lo01'.
Info    : Connection established with super-threading server. [ST-110]
        : The server '8_3_13' is forked process '3424569' on machine 'sh02lo01'.
Info    : Connection established with super-threading server. [ST-110]
        : The server '8_3_14' is forked process '3424579' on machine 'sh02lo01'.
Info    : Connection established with super-threading server. [ST-110]
        : The server '8_3_15' is forked process '3424581' on machine 'sh02lo01'.
Info    : Attempting to launch a super-threading server. [ST-120]
        : Attempting to Launch server 1 of 16.
Info    : Connection established with super-threading server. [ST-110]
        : The server '8_4_0' is forked process '3424940' on machine 'sh02lo01'.
Info    : Attempting to launch a super-threading server. [ST-120]
        : Attempting to Launch server 2 of 16.
Info    : Connection established with super-threading server. [ST-110]
        : The server 'localhost_4_1' is forked process '3424942' on this host.
Info    : Connection established with super-threading server. [ST-110]
        : The server 'localhost_4_2' is forked process '3424950' on this host.
Info    : Connection established with super-threading server. [ST-110]
        : The server 'localhost_4_3' is forked process '3424952' on this host.
        Distributing super-thread jobs: cb_seq_3229 cb_seq_3217
          Sending 'cb_seq_3229' to server '8_4_15'...
            Sent 'cb_seq_3229' to server '8_4_15'.
          Sending 'cb_seq_3217' to server '8_4_14'...
            Sent 'cb_seq_3217' to server '8_4_14'.
          Received 'cb_seq_3229' from server '8_4_15'. (3397 ms elapsed)
          Received 'cb_seq_3217' from server '8_4_14'. (2976 ms elapsed)
Multi-threaded Virtual Mapping    (8 threads per ST process, 8 of 36 CPUs usable)
Normal Structuring mode def=cb_oseq_3222
Normal Structuring mode def=cdec
        Distributing super-thread jobs: mult_signed_107392_1 mult_signed_107392 cmux cb_oseq_3230 csa_tree_ADD_TC_OP_2_group_2_7 add_unsigned_393 add_signed_775 add_signed_4147 add_signed_4143 add_signed_4143_1 add_signed_4135_2 add_signed_4135 add_signed_4135_3 add_signed_4135_1 cb_part add_unsigned_104807_1 add_unsigned_104807 increment_signed_154_200 increment_signed_154_9952
          Sending 'mult_signed_107392_1' to server '8_4_15'...
            Sent 'mult_signed_107392_1' to server '8_4_15'.
          Sending 'mult_signed_107392' to server '8_4_14'...
            Sent 'mult_signed_107392' to server '8_4_14'.
          Sending 'cmux' to server 'localhost_4_1'...
            Sent 'cmux' to server 'localhost_4_1'.
          Sending 'cb_oseq_3230' to server '8_4_13'...
            Sent 'cb_oseq_3230' to server '8_4_13'.
          Sending 'csa_tree_ADD_TC_OP_2_group_2_7' to server 'localhost_4_8'...
            Sent 'csa_tree_ADD_TC_OP_2_group_2_7' to server 'localhost_4_8'.
          Sending 'add_unsigned_393' to server '8_4_12'...
            Sent 'add_unsigned_393' to server '8_4_12'.
          Sending 'add_signed_775' to server '8_4_11'...
            Sent 'add_signed_775' to server '8_4_11'.
          Sending 'add_signed_4147' to server 'localhost_4_7'...
            Sent 'add_signed_4147' to server 'localhost_4_7'.
          Sending 'add_signed_4143' to server 'localhost_4_4'...
            Sent 'add_signed_4143' to server 'localhost_4_4'.
          Sending 'add_signed_4143_1' to server '8_4_0'...
            Sent 'add_signed_4143_1' to server '8_4_0'.
          Sending 'add_signed_4135_2' to server 'localhost_4_6'...
            Sent 'add_signed_4135_2' to server 'localhost_4_6'.
          Sending 'add_signed_4135' to server '8_4_10'...
            Sent 'add_signed_4135' to server '8_4_10'.
          Sending 'add_signed_4135_3' to server 'localhost_4_3'...
            Sent 'add_signed_4135_3' to server 'localhost_4_3'.
          Sending 'add_signed_4135_1' to server '8_4_9'...
            Sent 'add_signed_4135_1' to server '8_4_9'.
          Sending 'cb_part' to server 'localhost_4_5'...
            Sent 'cb_part' to server 'localhost_4_5'.
          Sending 'add_unsigned_104807_1' to server 'localhost_4_2'...
            Sent 'add_unsigned_104807_1' to server 'localhost_4_2'.
          Received 'add_signed_775' from server '8_4_11'. (1188 ms elapsed)
          Sending 'add_unsigned_104807' to server '8_4_11'...
            Sent 'add_unsigned_104807' to server '8_4_11'.
          Received 'add_signed_4147' from server 'localhost_4_7'. (1252 ms elapsed)
          Sending 'increment_signed_154_200' to server 'localhost_4_7'...
            Sent 'increment_signed_154_200' to server 'localhost_4_7'.
          Received 'add_unsigned_393' from server '8_4_12'. (1413 ms elapsed)
          Sending 'increment_signed_154_9952' to server '8_4_12'...
            Sent 'increment_signed_154_9952' to server '8_4_12'.
          Received 'csa_tree_ADD_TC_OP_2_group_2_7' from server 'localhost_4_8'. (1969 ms elapsed)
          Received 'increment_signed_154_200' from server 'localhost_4_7'. (795 ms elapsed)
          Received 'cmux' from server 'localhost_4_1'. (2797 ms elapsed)
          Received 'increment_signed_154_9952' from server '8_4_12'. (3144 ms elapsed)
          Received 'add_unsigned_104807' from server '8_4_11'. (3342 ms elapsed)
          Received 'add_unsigned_104807_1' from server 'localhost_4_2'. (4123 ms elapsed)
          Received 'add_signed_4135_3' from server 'localhost_4_3'. (4246 ms elapsed)
          Received 'add_signed_4135_2' from server 'localhost_4_6'. (4290 ms elapsed)
          Received 'add_signed_4143_1' from server '8_4_0'. (4342 ms elapsed)
          Received 'add_signed_4135_1' from server '8_4_9'. (5202 ms elapsed)
          Received 'add_signed_4143' from server 'localhost_4_4'. (5449 ms elapsed)
          Received 'add_signed_4135' from server '8_4_10'. (5283 ms elapsed)
          Received 'mult_signed_107392_1' from server '8_4_15'. (13750 ms elapsed)
          Received 'cb_oseq_3230' from server '8_4_13'. (13603 ms elapsed)
          Received 'mult_signed_107392' from server '8_4_14'. (15521 ms elapsed)
          Received 'cb_part' from server 'localhost_4_5'. (18298 ms elapsed)
Normal Structuring mode def=csa_tree_SUB_TC_OP_2_rsh_pad_group_2_2815_16
Normal Structuring mode def=csa_tree_SUB_TC_OP_2_rsh_pad_group_2_2815_9
Normal Structuring mode def=mult_signed_107392_1
Normal Structuring mode def=mult_signed_107392
TECH-DECOMP MODE def=cmux
Normal Structuring mode def=cb_oseq_3230
Working on Hinst: CDN_PAS_SKIP_FFC_0i
[gig_analyze] should_ungroup = 0
[gig_analyze] should_ungroup = 0
[gig_analyze] should_ungroup = 0
[gig_analyze] should_ungroup = 0
[gig_analyze] should_ungroup = 0
[gig_analyze] should_ungroup = 0

INFO: Identified hierarchy for CAS: hinst:iopt_partition/CDN_PAS_SKIP_FFC_0i

Working on Hinst: CDN_PAS_SKIP_FFC_1i
[gig_analyze] should_ungroup = 0
[gig_analyze] should_ungroup = 0
[gig_analyze] should_ungroup = 0
[gig_analyze] should_ungroup = 0
[gig_analyze] should_ungroup = 0
[gig_analyze] should_ungroup = 0

INFO: Identified hierarchy for CAS: hinst:iopt_partition/CDN_PAS_SKIP_FFC_1i

Normal Structuring mode def=csa_tree_ADD_TC_OP_2_group_2_7
Normal Structuring mode def=add_unsigned_393
Normal Structuring mode def=add_signed_775
Normal Structuring mode def=add_signed_4147
Normal Structuring mode def=add_signed_4143
Normal Structuring mode def=add_signed_4143_1
Normal Structuring mode def=add_signed_4135_2
Normal Structuring mode def=add_signed_4135
Normal Structuring mode def=add_signed_4135_3
Normal Structuring mode def=add_signed_4135_1
Normal Structuring mode def=cb_part
Working on Hinst: CDN_PAS_SKIP_FFC_0i
[gig_analyze] should_ungroup = 0
[gig_analyze] should_ungroup = 0
[gig_analyze] should_ungroup = 1
Ungrouping hinst:hinst:iopt_partition/CDN_PAS_SKIP_FFC_0i
Normal Structuring mode def=add_unsigned_104807_1
Normal Structuring mode def=add_unsigned_104807
Normal Structuring mode def=increment_signed_154_200
Normal Structuring mode def=increment_signed_154_9952
Normal Structuring mode def=cb_oseq_3224
        Distributing super-thread jobs: cb_oseq_3218 cb_seq_3221 cb_seq_3223 WALLACE_CSA_DUMMY_OP8_Y_WALLACE_CSA_DUMMY_OP4_Y_WALLACE_CSA_DUMMY_OP12_Y_WALLACE_CSA_DUMMY_OP_Y_WALLACE_CSA_DUMMY_OP10_Y_WALLACE_CSA_DUMMY_OP6_group_2 sub_signed_4602
          Sending 'cb_oseq_3218' to server '8_4_15'...
            Sent 'cb_oseq_3218' to server '8_4_15'.
          Sending 'cb_seq_3221' to server '8_4_14'...
            Sent 'cb_seq_3221' to server '8_4_14'.
          Sending 'cb_seq_3223' to server 'localhost_4_1'...
            Sent 'cb_seq_3223' to server 'localhost_4_1'.
          Sending 'WALLACE_CSA_DUMMY_OP8_Y_WALLACE_CSA_DUMMY_OP4_Y_WALLACE_CSA_DUMMY_OP12_Y_WALLACE_CSA_DUMMY_OP_Y_WALLACE_CSA_DUMMY_OP10_Y_WALLACE_CSA_DUMMY_OP6_group_2' to server '8_4_13'...
            Sent 'WALLACE_CSA_DUMMY_OP8_Y_WALLACE_CSA_DUMMY_OP4_Y_WALLACE_CSA_DUMMY_OP12_Y_WALLACE_CSA_DUMMY_OP_Y_WALLACE_CSA_DUMMY_OP10_Y_WALLACE_CSA_DUMMY_OP6_group_2' to server '8_4_13'.
          Sending 'sub_signed_4602' to server 'localhost_4_8'...
            Sent 'sub_signed_4602' to server 'localhost_4_8'.
          Received 'sub_signed_4602' from server 'localhost_4_8'. (305 ms elapsed)
          Received 'WALLACE_CSA_DUMMY_OP8_Y_WALLACE_CSA_DUMMY_OP4_Y_WALLACE_CSA_DUMMY_OP12_Y_WALLACE_CSA_DUMMY_OP_Y_WALLACE_CSA_DUMMY_OP10_Y_WALLACE_CSA_DUMMY_OP6_group_2' from server '8_4_13'. (757 ms elapsed)
          Received 'cb_seq_3221' from server '8_4_14'. (7419 ms elapsed)
          Received 'cb_seq_3223' from server 'localhost_4_1'. (9125 ms elapsed)
          Received 'cb_oseq_3218' from server '8_4_15'. (61698 ms elapsed)
Normal Structuring mode def=cb_oseq_3218
	257	 CDN_PAS_CONNECTED_FFCi257
Working on Hinst: CDN_PAS_SKIP_FFC_0i
[gig_analyze] should_ungroup = 0
[gig_analyze] should_ungroup = 0
[gig_analyze] should_ungroup = 0
[gig_analyze] should_ungroup = 0
[gig_analyze] should_ungroup = 0
[gig_analyze] should_ungroup = 0

INFO: Identified hierarchy for CAS: hinst:iopt_partition/CDN_PAS_SKIP_FFC_0i

Normal Structuring mode def=cb_seq_3221
Working on Hinst: CDN_PAS_SKIP_FFC_0i
[gig_analyze] should_ungroup = 0
[gig_analyze] should_ungroup = 0
[gig_analyze] should_ungroup = 0
[gig_analyze] should_ungroup = 0
[gig_analyze] should_ungroup = 0
[gig_analyze] should_ungroup = 0

INFO: Identified hierarchy for CAS: hinst:iopt_partition/CDN_PAS_SKIP_FFC_0i

Normal Structuring mode def=cb_seq_3223
Working on Hinst: CDN_PAS_SKIP_FFC_0i
[gig_analyze] should_ungroup = 0
[gig_analyze] should_ungroup = 0
[gig_analyze] should_ungroup = 0
[gig_analyze] should_ungroup = 0
[gig_analyze] should_ungroup = 0
[gig_analyze] should_ungroup = 0

INFO: Identified hierarchy for CAS: hinst:iopt_partition/CDN_PAS_SKIP_FFC_0i

Normal Structuring mode def=WALLACE_CSA_DUMMY_OP8_Y_WALLACE_CSA_DUMMY_OP4_Y_WALLACE_CSA_DUMMY_OP12_Y_WALLACE_CSA_DUMMY_OP_Y_WALLACE_CSA_DUMMY_OP10_Y_WALLACE_CSA_DUMMY_OP6_group_2
Normal Structuring mode def=sub_signed_4602
Normal Structuring mode def=cb_oseq_3226
        Distributing super-thread jobs: cb_part_3231 mult_signed_4590_16 mult_signed_10868_15 mult_signed_10868_9 add_signed_12550_2904 csa_tree_SUB_TC_OP1_group_5 csa_tree_SUB_TC_OP_group_7 add_signed_12960
          Sending 'cb_part_3231' to server '8_4_15'...
            Sent 'cb_part_3231' to server '8_4_15'.
          Sending 'mult_signed_4590_16' to server '8_4_14'...
            Sent 'mult_signed_4590_16' to server '8_4_14'.
          Sending 'mult_signed_10868_15' to server 'localhost_4_1'...
            Sent 'mult_signed_10868_15' to server 'localhost_4_1'.
          Sending 'mult_signed_10868_9' to server '8_4_13'...
            Sent 'mult_signed_10868_9' to server '8_4_13'.
          Sending 'add_signed_12550_2904' to server 'localhost_4_8'...
            Sent 'add_signed_12550_2904' to server 'localhost_4_8'.
          Sending 'csa_tree_SUB_TC_OP1_group_5' to server '8_4_12'...
            Sent 'csa_tree_SUB_TC_OP1_group_5' to server '8_4_12'.
          Sending 'csa_tree_SUB_TC_OP_group_7' to server '8_4_11'...
            Sent 'csa_tree_SUB_TC_OP_group_7' to server '8_4_11'.
          Sending 'add_signed_12960' to server 'localhost_4_7'...
            Sent 'add_signed_12960' to server 'localhost_4_7'.
          Received 'csa_tree_SUB_TC_OP1_group_5' from server '8_4_12'. (799 ms elapsed)
          Received 'add_signed_12960' from server 'localhost_4_7'. (729 ms elapsed)
          Received 'csa_tree_SUB_TC_OP_group_7' from server '8_4_11'. (906 ms elapsed)
          Received 'add_signed_12550_2904' from server 'localhost_4_8'. (1209 ms elapsed)
          Received 'mult_signed_10868_9' from server '8_4_13'. (3021 ms elapsed)
          Received 'mult_signed_10868_15' from server 'localhost_4_1'. (4217 ms elapsed)
          Received 'mult_signed_4590_16' from server '8_4_14'. (8282 ms elapsed)
          Received 'cb_part_3231' from server '8_4_15'. (41123 ms elapsed)
Normal Structuring mode def=increment_unsigned_147805_147807
Normal Structuring mode def=sub_signed_13190
Normal Structuring mode def=cb_oseq_3228
Normal Structuring mode def=cb_part_3231
	129	 CDN_PAS_CONNECTED_FFCi222
Working on Hinst: CDN_PAS_SKIP_FFC_0i
[gig_analyze] should_ungroup = 0
[gig_analyze] should_ungroup = 0
[gig_analyze] should_ungroup = 0
[gig_analyze] should_ungroup = 0
[gig_analyze] should_ungroup = 0
[gig_analyze] should_ungroup = 0

INFO: Identified hierarchy for CAS: hinst:iopt_partition/CDN_PAS_SKIP_FFC_0i

Working on Hinst: CDN_PAS_SKIP_FFC_1i
[gig_analyze] should_ungroup = 0
[gig_analyze] should_ungroup = 0
[gig_analyze] should_ungroup = 0
[gig_analyze] should_ungroup = 0
[gig_analyze] should_ungroup = 0
[gig_analyze] should_ungroup = 0

INFO: Identified hierarchy for CAS: hinst:iopt_partition/CDN_PAS_SKIP_FFC_1i

Working on Hinst: CDN_PAS_SKIP_FFC_2i
[gig_analyze] should_ungroup = 0
[gig_analyze] should_ungroup = 0
[gig_analyze] should_ungroup = 0
[gig_analyze] should_ungroup = 0
[gig_analyze] should_ungroup = 0
[gig_analyze] should_ungroup = 0

INFO: Identified hierarchy for CAS: hinst:iopt_partition/CDN_PAS_SKIP_FFC_2i

Normal Structuring mode def=mult_signed_4590_16
Normal Structuring mode def=mult_signed_10868_15
Normal Structuring mode def=mult_signed_10868_9
Normal Structuring mode def=add_signed_12550_2904
Normal Structuring mode def=csa_tree_SUB_TC_OP1_group_5
Normal Structuring mode def=csa_tree_SUB_TC_OP_group_7
Normal Structuring mode def=add_signed_12960
Normal Structuring mode def=arith_shift_right_vlog_signed_1659_2889
Normal Structuring mode def=arith_shift_right_vlog_signed_1659
        Distributing super-thread jobs: cb_seq_3229 cb_seq_3217 cb_seq_3225 cb_seq_3227 mult_signed_1002 cb_oseq mult_signed_9
          Sending 'cb_seq_3229' to server '8_4_15'...
            Sent 'cb_seq_3229' to server '8_4_15'.
          Sending 'cb_seq_3217' to server '8_4_14'...
            Sent 'cb_seq_3217' to server '8_4_14'.
          Sending 'cb_seq_3225' to server 'localhost_4_1'...
            Sent 'cb_seq_3225' to server 'localhost_4_1'.
          Sending 'cb_seq_3227' to server '8_4_13'...
            Sent 'cb_seq_3227' to server '8_4_13'.
          Sending 'mult_signed_1002' to server 'localhost_4_8'...
            Sent 'mult_signed_1002' to server 'localhost_4_8'.
          Sending 'cb_oseq' to server '8_4_12'...
            Sent 'cb_oseq' to server '8_4_12'.
          Sending 'mult_signed_9' to server '8_4_11'...
            Sent 'mult_signed_9' to server '8_4_11'.
          Received 'mult_signed_9' from server '8_4_11'. (2349 ms elapsed)
          Received 'mult_signed_1002' from server 'localhost_4_8'. (5215 ms elapsed)
          Received 'cb_seq_3227' from server '8_4_13'. (39845 ms elapsed)
          Received 'cb_seq_3225' from server 'localhost_4_1'. (47136 ms elapsed)
          Received 'cb_oseq' from server '8_4_12'. (77339 ms elapsed)
          Received 'cb_seq_3217' from server '8_4_14'. (92650 ms elapsed)
          Received 'cb_seq_3229' from server '8_4_15'. (368382 ms elapsed)
Normal Structuring mode def=csa_tree_SUB_TC_OP_2_rsh_pad_group_2
Normal Structuring mode def=increment_signed_15282_15299
Normal Structuring mode def=cb_seq_3229
	256	 CDN_PAS_CONNECTED_FFCi548
	287	 CDN_PAS_CONNECTED_FFCi
Working on Hinst: CDN_PAS_SKIP_FFC_0i
[gig_analyze] should_ungroup = 0
[gig_analyze] should_ungroup = 0
[gig_analyze] should_ungroup = 0
[gig_analyze] should_ungroup = 0
[gig_analyze] should_ungroup = 0
[gig_analyze] should_ungroup = 0

INFO: Identified hierarchy for CAS: hinst:iopt_partition/CDN_PAS_SKIP_FFC_0i

Working on Hinst: CDN_PAS_SKIP_FFC_1i
[gig_analyze] should_ungroup = 0
[gig_analyze] should_ungroup = 0
[gig_analyze] should_ungroup = 0
[gig_analyze] should_ungroup = 0
[gig_analyze] should_ungroup = 0
[gig_analyze] should_ungroup = 0

INFO: Identified hierarchy for CAS: hinst:iopt_partition/CDN_PAS_SKIP_FFC_1i

Normal Structuring mode def=cb_seq_3217
	752	 CDN_PAS_CONNECTED_FFCi1153
	250	 CDN_PAS_CONNECTED_FFCi1154
Working on Hinst: CDN_PAS_CONNECTED_FFCi1155
[gig_analyze] should_ungroup = 0
[gig_analyze] should_ungroup = 0
[gig_analyze] should_ungroup = 0
[gig_analyze] should_ungroup = 0
[gig_analyze] should_ungroup = 0
[gig_analyze] should_ungroup = 0

INFO: Identified hierarchy for CAS: hinst:iopt_partition/CDN_PAS_CONNECTED_FFCi1155

Working on Hinst: CDN_PAS_SKIP_FFC_0i
[gig_analyze] should_ungroup = 0
[gig_analyze] should_ungroup = 0
[gig_analyze] should_ungroup = 0
[gig_analyze] should_ungroup = 0
[gig_analyze] should_ungroup = 0
[gig_analyze] should_ungroup = 0

INFO: Identified hierarchy for CAS: hinst:iopt_partition/CDN_PAS_SKIP_FFC_0i

Working on Hinst: CDN_PAS_SKIP_FFC_1i
[gig_analyze] should_ungroup = 0
[gig_analyze] should_ungroup = 0
[gig_analyze] should_ungroup = 0
[gig_analyze] should_ungroup = 0
[gig_analyze] should_ungroup = 0
[gig_analyze] should_ungroup = 0

INFO: Identified hierarchy for CAS: hinst:iopt_partition/CDN_PAS_SKIP_FFC_1i

Working on Hinst: CDN_PAS_SKIP_FFC_2i
[gig_analyze] should_ungroup = 0
[gig_analyze] should_ungroup = 0
[gig_analyze] should_ungroup = 0
[gig_analyze] should_ungroup = 0
[gig_analyze] should_ungroup = 0
[gig_analyze] should_ungroup = 0

INFO: Identified hierarchy for CAS: hinst:iopt_partition/CDN_PAS_SKIP_FFC_2i

Normal Structuring mode def=cb_seq_3225
Working on Hinst: CDN_PAS_SKIP_FFC_0i
[gig_analyze] should_ungroup = 0
[gig_analyze] should_ungroup = 0
[gig_analyze] should_ungroup = 0
[gig_analyze] should_ungroup = 0
[gig_analyze] should_ungroup = 0
[gig_analyze] should_ungroup = 0

INFO: Identified hierarchy for CAS: hinst:iopt_partition/CDN_PAS_SKIP_FFC_0i

Working on Hinst: CDN_PAS_SKIP_FFC_1i
[gig_analyze] should_ungroup = 0
[gig_analyze] should_ungroup = 0
[gig_analyze] should_ungroup = 0
[gig_analyze] should_ungroup = 0
[gig_analyze] should_ungroup = 0
[gig_analyze] should_ungroup = 0

INFO: Identified hierarchy for CAS: hinst:iopt_partition/CDN_PAS_SKIP_FFC_1i

Working on Hinst: CDN_PAS_SKIP_FFC_2i
[gig_analyze] should_ungroup = 0
[gig_analyze] should_ungroup = 0
[gig_analyze] should_ungroup = 0
[gig_analyze] should_ungroup = 0
[gig_analyze] should_ungroup = 0
[gig_analyze] should_ungroup = 0

INFO: Identified hierarchy for CAS: hinst:iopt_partition/CDN_PAS_SKIP_FFC_2i

Working on Hinst: CDN_PAS_SKIP_FFC_3i
[gig_analyze] should_ungroup = 0
[gig_analyze] should_ungroup = 0
[gig_analyze] should_ungroup = 0
[gig_analyze] should_ungroup = 0
[gig_analyze] should_ungroup = 0
[gig_analyze] should_ungroup = 0

INFO: Identified hierarchy for CAS: hinst:iopt_partition/CDN_PAS_SKIP_FFC_3i

Working on Hinst: CDN_PAS_SKIP_FFC_4i
[gig_analyze] should_ungroup = 0
[gig_analyze] should_ungroup = 0
[gig_analyze] should_ungroup = 0
[gig_analyze] should_ungroup = 1
Ungrouping hinst:hinst:iopt_partition/CDN_PAS_SKIP_FFC_4i
Working on Hinst: CDN_PAS_SKIP_FFC_5i
[gig_analyze] should_ungroup = 0
[gig_analyze] should_ungroup = 0
[gig_analyze] should_ungroup = 0
[gig_analyze] should_ungroup = 0
[gig_analyze] should_ungroup = 0
[gig_analyze] should_ungroup = 0

INFO: Identified hierarchy for CAS: hinst:iopt_partition/CDN_PAS_SKIP_FFC_5i

Normal Structuring mode def=cb_seq_3227
Working on Hinst: CDN_PAS_SKIP_FFC_0i
[gig_analyze] should_ungroup = 0
[gig_analyze] should_ungroup = 0
[gig_analyze] should_ungroup = 0
[gig_analyze] should_ungroup = 0
[gig_analyze] should_ungroup = 0
[gig_analyze] should_ungroup = 0

INFO: Identified hierarchy for CAS: hinst:iopt_partition/CDN_PAS_SKIP_FFC_0i

Normal Structuring mode def=mult_signed_1002
Normal Structuring mode def=cb_oseq
Working on Hinst: CDN_PAS_SKIP_FFC_0i
[gig_analyze] should_ungroup = 0
[gig_analyze] should_ungroup = 0
[gig_analyze] should_ungroup = 0
[gig_analyze] should_ungroup = 0
[gig_analyze] should_ungroup = 0
[gig_analyze] should_ungroup = 1
Ungrouping hinst:hinst:iopt_partition/CDN_PAS_SKIP_FFC_0i
Working on Hinst: CDN_PAS_SKIP_FFC_1i
[gig_analyze] should_ungroup = 0
[gig_analyze] should_ungroup = 0
[gig_analyze] should_ungroup = 0
[gig_analyze] should_ungroup = 0
[gig_analyze] should_ungroup = 0
[gig_analyze] should_ungroup = 0

INFO: Identified hierarchy for CAS: hinst:iopt_partition/CDN_PAS_SKIP_FFC_1i

Normal Structuring mode def=mult_signed_9
        Distributing super-thread jobs: cb_seq_3219
          Sending 'cb_seq_3219' to server '8_4_15'...
            Sent 'cb_seq_3219' to server '8_4_15'.
Normal Structuring mode def=cb_seq
          Received 'cb_seq_3219' from server '8_4_15'. (161656 ms elapsed)
Normal Structuring mode def=cb_seq_3219
Working on Hinst: CDN_PAS_CONNECTED_FFCi
[gig_analyze] should_ungroup = 0
[gig_analyze] should_ungroup = 0
[gig_analyze] should_ungroup = 0
[gig_analyze] should_ungroup = 0
[gig_analyze] should_ungroup = 0
[gig_analyze] should_ungroup = 0

INFO: Identified hierarchy for CAS: hinst:iopt_partition/CDN_PAS_CONNECTED_FFCi

Working on Hinst: CDN_PAS_SKIP_FFC_0i
[gig_analyze] should_ungroup = 0
[gig_analyze] should_ungroup = 0
[gig_analyze] should_ungroup = 0
[gig_analyze] should_ungroup = 0
[gig_analyze] should_ungroup = 0
[gig_analyze] should_ungroup = 0

INFO: Identified hierarchy for CAS: hinst:iopt_partition/CDN_PAS_SKIP_FFC_0i

Working on Hinst: CDN_PAS_SKIP_FFC_1i
[gig_analyze] should_ungroup = 0
[gig_analyze] should_ungroup = 0
[gig_analyze] should_ungroup = 0
[gig_analyze] should_ungroup = 0
[gig_analyze] should_ungroup = 0
[gig_analyze] should_ungroup = 0

INFO: Identified hierarchy for CAS: hinst:iopt_partition/CDN_PAS_SKIP_FFC_1i

Working on Hinst: CDN_PAS_SKIP_FFC_2i
[gig_analyze] should_ungroup = 0
[gig_analyze] should_ungroup = 0
[gig_analyze] should_ungroup = 0
[gig_analyze] should_ungroup = 0
[gig_analyze] should_ungroup = 0
[gig_analyze] should_ungroup = 0

INFO: Identified hierarchy for CAS: hinst:iopt_partition/CDN_PAS_SKIP_FFC_2i

 
Global mapping target info
==========================
Cost Group 'clk' target slack:   132 ps
Target path end-point (Pin: u_core/u_score_exp_u_exp_rom/bank5_data_s0_reg[1]/d)

Multi-threaded Technology Mapping (8 threads per ST process, 8 of 36 CPUs usable)
        Distributing super-thread jobs: cb_seq_3219
          Sending 'cb_seq_3219' to server '8_4_15'...
            Sent 'cb_seq_3219' to server '8_4_15'.
Normal Structuring mode def=cb_seq
          Received 'cb_seq_3219' from server '8_4_15'. (90297 ms elapsed)
Normal Structuring mode def=cb_seq_3219
	1024	 CDN_PAS_CONNECTED_FFCi3197
	2159	 CDN_PAS_CONNECTED_FFCi3198
Working on Hinst: CDN_PAS_CONNECTED_FFCi3196
[gig_analyze] should_ungroup = 0
[gig_analyze] should_ungroup = 0
[gig_analyze] should_ungroup = 0
[gig_analyze] should_ungroup = 0
[gig_analyze] should_ungroup = 0
[gig_analyze] should_ungroup = 0

INFO: Identified hierarchy for CAS: hinst:iopt_partition/CDN_PAS_CONNECTED_FFCi3196

Working on Hinst: CDN_PAS_CONNECTED_FFCi3197
[gig_analyze] should_ungroup = 0
[gig_analyze] should_ungroup = 0
[gig_analyze] should_ungroup = 0
[gig_analyze] should_ungroup = 0
[gig_analyze] should_ungroup = 0
[gig_analyze] should_ungroup = 0

INFO: Identified hierarchy for CAS: hinst:iopt_partition/CDN_PAS_CONNECTED_FFCi3197

Working on Hinst: CDN_PAS_SKIP_FFC_0i
[gig_analyze] should_ungroup = 0
[gig_analyze] should_ungroup = 0
[gig_analyze] should_ungroup = 0
[gig_analyze] should_ungroup = 0
[gig_analyze] should_ungroup = 0
[gig_analyze] should_ungroup = 0

INFO: Identified hierarchy for CAS: hinst:iopt_partition/CDN_PAS_SKIP_FFC_0i

        Distributing super-thread jobs: cb_seq_3229 cb_seq_3217 cb_seq_3225 cb_seq_3227
          Sending 'cb_seq_3229' to server '8_4_15'...
            Sent 'cb_seq_3229' to server '8_4_15'.
          Sending 'cb_seq_3217' to server '8_4_14'...
            Sent 'cb_seq_3217' to server '8_4_14'.
          Sending 'cb_seq_3225' to server 'localhost_4_1'...
            Sent 'cb_seq_3225' to server 'localhost_4_1'.
          Sending 'cb_seq_3227' to server '8_4_13'...
            Sent 'cb_seq_3227' to server '8_4_13'.
          Received 'cb_seq_3227' from server '8_4_13'. (25609 ms elapsed)
          Received 'cb_seq_3225' from server 'localhost_4_1'. (48959 ms elapsed)
          Received 'cb_seq_3217' from server '8_4_14'. (86557 ms elapsed)
          Received 'cb_seq_3229' from server '8_4_15'. (120983 ms elapsed)
Normal Structuring mode def=cb_seq_3229
	2304	 CDN_PAS_CONNECTED_FFCi4278
	1974	 CDN_PAS_CONNECTED_FFCi
Working on Hinst: CDN_PAS_SKIP_FFC_0i
[gig_analyze] should_ungroup = 0
[gig_analyze] should_ungroup = 0
[gig_analyze] should_ungroup = 0
[gig_analyze] should_ungroup = 0
[gig_analyze] should_ungroup = 0
[gig_analyze] should_ungroup = 0

INFO: Identified hierarchy for CAS: hinst:iopt_partition/CDN_PAS_SKIP_FFC_0i

Working on Hinst: CDN_PAS_SKIP_FFC_1i
[gig_analyze] should_ungroup = 0
[gig_analyze] should_ungroup = 0
[gig_analyze] should_ungroup = 0
[gig_analyze] should_ungroup = 0
[gig_analyze] should_ungroup = 0
[gig_analyze] should_ungroup = 0

INFO: Identified hierarchy for CAS: hinst:iopt_partition/CDN_PAS_SKIP_FFC_1i

Normal Structuring mode def=cb_seq_3217
	1536	 CDN_PAS_CONNECTED_FFCi3685
	1166	 CDN_PAS_CONNECTED_FFCi3686
	800	 CDN_PAS_CONNECTED_FFCi3688
Working on Hinst: CDN_PAS_SKIP_FFC_0i
[gig_analyze] should_ungroup = 0
[gig_analyze] should_ungroup = 0
[gig_analyze] should_ungroup = 0
[gig_analyze] should_ungroup = 0
[gig_analyze] should_ungroup = 0
[gig_analyze] should_ungroup = 0

INFO: Identified hierarchy for CAS: hinst:iopt_partition/CDN_PAS_SKIP_FFC_0i

Working on Hinst: CDN_PAS_SKIP_FFC_1i
[gig_analyze] should_ungroup = 0
[gig_analyze] should_ungroup = 0
[gig_analyze] should_ungroup = 0
[gig_analyze] should_ungroup = 0
[gig_analyze] should_ungroup = 0
[gig_analyze] should_ungroup = 0

INFO: Identified hierarchy for CAS: hinst:iopt_partition/CDN_PAS_SKIP_FFC_1i

Working on Hinst: CDN_PAS_SKIP_FFC_2i
[gig_analyze] should_ungroup = 0
[gig_analyze] should_ungroup = 0
[gig_analyze] should_ungroup = 0
[gig_analyze] should_ungroup = 0
[gig_analyze] should_ungroup = 0
[gig_analyze] should_ungroup = 0

INFO: Identified hierarchy for CAS: hinst:iopt_partition/CDN_PAS_SKIP_FFC_2i

Working on Hinst: CDN_PAS_SKIP_FFC_3i
[gig_analyze] should_ungroup = 0
[gig_analyze] should_ungroup = 0
[gig_analyze] should_ungroup = 0
[gig_analyze] should_ungroup = 0
[gig_analyze] should_ungroup = 0
[gig_analyze] should_ungroup = 0

INFO: Identified hierarchy for CAS: hinst:iopt_partition/CDN_PAS_SKIP_FFC_3i

Working on Hinst: CDN_PAS_SKIP_FFC_4i
[gig_analyze] should_ungroup = 0
[gig_analyze] should_ungroup = 0
[gig_analyze] should_ungroup = 0
[gig_analyze] should_ungroup = 0
[gig_analyze] should_ungroup = 0
[gig_analyze] should_ungroup = 0

INFO: Identified hierarchy for CAS: hinst:iopt_partition/CDN_PAS_SKIP_FFC_4i

Normal Structuring mode def=cb_seq_3225
	1674	 CDN_PAS_CONNECTED_FFCi1835
	160	 CDN_PAS_CONNECTED_FFCi
Working on Hinst: CDN_PAS_SKIP_FFC_0i
[gig_analyze] should_ungroup = 0
[gig_analyze] should_ungroup = 0
[gig_analyze] should_ungroup = 0
[gig_analyze] should_ungroup = 0
[gig_analyze] should_ungroup = 0
[gig_analyze] should_ungroup = 0

INFO: Identified hierarchy for CAS: hinst:iopt_partition/CDN_PAS_SKIP_FFC_0i

Working on Hinst: CDN_PAS_SKIP_FFC_1i
[gig_analyze] should_ungroup = 0
[gig_analyze] should_ungroup = 0
[gig_analyze] should_ungroup = 0
[gig_analyze] should_ungroup = 0
[gig_analyze] should_ungroup = 0
[gig_analyze] should_ungroup = 0

INFO: Identified hierarchy for CAS: hinst:iopt_partition/CDN_PAS_SKIP_FFC_1i

Normal Structuring mode def=cb_seq_3227
	811	 CDN_PAS_CONNECTED_FFCi812
Working on Hinst: CDN_PAS_SKIP_FFC_0i
[gig_analyze] should_ungroup = 0
[gig_analyze] should_ungroup = 0
[gig_analyze] should_ungroup = 0
[gig_analyze] should_ungroup = 0
[gig_analyze] should_ungroup = 0
[gig_analyze] should_ungroup = 0

INFO: Identified hierarchy for CAS: hinst:iopt_partition/CDN_PAS_SKIP_FFC_0i

        Distributing super-thread jobs: mult_signed_1002 cb_oseq mult_signed_9 csa_tree_SUB_TC_OP_2_rsh_pad_group_2 increment_signed_15282_15299
          Sending 'mult_signed_1002' to server '8_4_15'...
            Sent 'mult_signed_1002' to server '8_4_15'.
          Sending 'cb_oseq' to server '8_4_14'...
            Sent 'cb_oseq' to server '8_4_14'.
          Sending 'mult_signed_9' to server 'localhost_4_1'...
            Sent 'mult_signed_9' to server 'localhost_4_1'.
          Sending 'csa_tree_SUB_TC_OP_2_rsh_pad_group_2' to server '8_4_13'...
            Sent 'csa_tree_SUB_TC_OP_2_rsh_pad_group_2' to server '8_4_13'.
          Sending 'increment_signed_15282_15299' to server 'localhost_4_8'...
            Sent 'increment_signed_15282_15299' to server 'localhost_4_8'.
          Received 'csa_tree_SUB_TC_OP_2_rsh_pad_group_2' from server '8_4_13'. (4115 ms elapsed)
          Received 'increment_signed_15282_15299' from server 'localhost_4_8'. (4298 ms elapsed)
          Received 'mult_signed_9' from server 'localhost_4_1'. (18380 ms elapsed)
          Received 'cb_oseq' from server '8_4_14'. (23594 ms elapsed)
          Received 'mult_signed_1002' from server '8_4_15'. (46166 ms elapsed)
Normal Structuring mode def=mult_signed_1002
Normal Structuring mode def=mult_signed
Normal Structuring mode def=mult_signed
Normal Structuring mode def=mult_signed
Normal Structuring mode def=mult_signed
Normal Structuring mode def=cb_oseq
Working on Hinst: CDN_PAS_SKIP_FFC_0i
[gig_analyze] should_ungroup = 0
[gig_analyze] should_ungroup = 0
[gig_analyze] should_ungroup = 0
[gig_analyze] should_ungroup = 0
[gig_analyze] should_ungroup = 0
[gig_analyze] should_ungroup = 0

INFO: Identified hierarchy for CAS: hinst:iopt_partition/CDN_PAS_SKIP_FFC_0i

Working on Hinst: CDN_PAS_SKIP_FFC_1i
[gig_analyze] should_ungroup = 0
[gig_analyze] should_ungroup = 0
[gig_analyze] should_ungroup = 0
[gig_analyze] should_ungroup = 0
[gig_analyze] should_ungroup = 0
[gig_analyze] should_ungroup = 0

INFO: Identified hierarchy for CAS: hinst:iopt_partition/CDN_PAS_SKIP_FFC_1i

Normal Structuring mode def=mult_signed_9
Normal Structuring mode def=mult_signed
Normal Structuring mode def=mult_signed
Normal Structuring mode def=mult_signed
Normal Structuring mode def=mult_signed
Normal Structuring mode def=csa_tree_SUB_TC_OP_2_rsh_pad_group_2
Normal Structuring mode def=csa_tree_SUB_TC_OP_2_rsh_pad_group
Normal Structuring mode def=csa_tree_SUB_TC_OP_2_rsh_pad_group
Normal Structuring mode def=csa_tree_SUB_TC_OP_2_rsh_pad_group
Normal Structuring mode def=increment_signed_15282_15299
Normal Structuring mode def=increment_signed
Normal Structuring mode def=increment_signed
        Distributing super-thread jobs: arith_shift_right_vlog_signed_1659_2889 arith_shift_right_vlog_signed_1659
          Sending 'arith_shift_right_vlog_signed_1659_2889' to server '8_4_15'...
            Sent 'arith_shift_right_vlog_signed_1659_2889' to server '8_4_15'.
          Sending 'arith_shift_right_vlog_signed_1659' to server '8_4_14'...
            Sent 'arith_shift_right_vlog_signed_1659' to server '8_4_14'.
          Received 'arith_shift_right_vlog_signed_1659' from server '8_4_14'. (1267 ms elapsed)
          Received 'arith_shift_right_vlog_signed_1659_2889' from server '8_4_15'. (1331 ms elapsed)
Normal Structuring mode def=arith_shift_right_vlog_signed_1659_2889
Working on Hinst: CDN_PAS_SKIP_FFC_0i
[gig_analyze] should_ungroup = 0
[gig_analyze] should_ungroup = 0
[gig_analyze] should_ungroup = 0
[gig_analyze] should_ungroup = 0
[gig_analyze] should_ungroup = 0
[gig_analyze] should_ungroup = 0

INFO: Identified hierarchy for CAS: hinst:iopt_partition/CDN_PAS_SKIP_FFC_0i

Normal Structuring mode def=arith_shift_right_vlog_signed
Normal Structuring mode def=arith_shift_right_vlog_signed
Normal Structuring mode def=arith_shift_right_vlog_signed_1659
Working on Hinst: CDN_PAS_SKIP_FFC_0i
[gig_analyze] should_ungroup = 0
[gig_analyze] should_ungroup = 0
[gig_analyze] should_ungroup = 0
[gig_analyze] should_ungroup = 0
[gig_analyze] should_ungroup = 0
[gig_analyze] should_ungroup = 0

INFO: Identified hierarchy for CAS: hinst:iopt_partition/CDN_PAS_SKIP_FFC_0i

Normal Structuring mode def=arith_shift_right_vlog_signed
Normal Structuring mode def=arith_shift_right_vlog_signed
        Distributing super-thread jobs: cb_part_3231 mult_signed_4590_16 mult_signed_10868_15 mult_signed_10868_9 add_signed_12550_2904 csa_tree_SUB_TC_OP_group_7 csa_tree_SUB_TC_OP1_group_5 add_signed_12960 sub_signed_13190 increment_unsigned_147805_147807
          Sending 'cb_part_3231' to server '8_4_15'...
            Sent 'cb_part_3231' to server '8_4_15'.
          Sending 'mult_signed_4590_16' to server '8_4_14'...
            Sent 'mult_signed_4590_16' to server '8_4_14'.
          Sending 'mult_signed_10868_15' to server 'localhost_4_1'...
            Sent 'mult_signed_10868_15' to server 'localhost_4_1'.
          Sending 'mult_signed_10868_9' to server '8_4_13'...
            Sent 'mult_signed_10868_9' to server '8_4_13'.
          Sending 'add_signed_12550_2904' to server 'localhost_4_8'...
            Sent 'add_signed_12550_2904' to server 'localhost_4_8'.
          Sending 'csa_tree_SUB_TC_OP_group_7' to server '8_4_12'...
            Sent 'csa_tree_SUB_TC_OP_group_7' to server '8_4_12'.
          Sending 'csa_tree_SUB_TC_OP1_group_5' to server '8_4_11'...
            Sent 'csa_tree_SUB_TC_OP1_group_5' to server '8_4_11'.
          Sending 'add_signed_12960' to server 'localhost_4_7'...
            Sent 'add_signed_12960' to server 'localhost_4_7'.
          Sending 'sub_signed_13190' to server 'localhost_4_4'...
            Sent 'sub_signed_13190' to server 'localhost_4_4'.
          Sending 'increment_unsigned_147805_147807' to server '8_4_0'...
            Sent 'increment_unsigned_147805_147807' to server '8_4_0'.
          Received 'increment_unsigned_147805_147807' from server '8_4_0'. (3291 ms elapsed)
          Received 'csa_tree_SUB_TC_OP_group_7' from server '8_4_12'. (7013 ms elapsed)
          Received 'sub_signed_13190' from server 'localhost_4_4'. (6914 ms elapsed)
          Received 'csa_tree_SUB_TC_OP1_group_5' from server '8_4_11'. (12488 ms elapsed)
          Received 'add_signed_12960' from server 'localhost_4_7'. (16437 ms elapsed)
          Received 'add_signed_12550_2904' from server 'localhost_4_8'. (21595 ms elapsed)
          Received 'mult_signed_10868_15' from server 'localhost_4_1'. (22410 ms elapsed)
          Received 'mult_signed_10868_9' from server '8_4_13'. (25326 ms elapsed)
          Received 'cb_part_3231' from server '8_4_15'. (36759 ms elapsed)
          Received 'mult_signed_4590_16' from server '8_4_14'. (49273 ms elapsed)
Normal Structuring mode def=cb_oseq_3228
Normal Structuring mode def=cb_part_3231
	129	 CDN_PAS_CONNECTED_FFCi259
Working on Hinst: CDN_PAS_SKIP_FFC_0i
[gig_analyze] should_ungroup = 0
[gig_analyze] should_ungroup = 0
[gig_analyze] should_ungroup = 0
[gig_analyze] should_ungroup = 0
[gig_analyze] should_ungroup = 0
[gig_analyze] should_ungroup = 0

INFO: Identified hierarchy for CAS: hinst:iopt_partition/CDN_PAS_SKIP_FFC_0i

Working on Hinst: CDN_PAS_SKIP_FFC_1i
[gig_analyze] should_ungroup = 0
[gig_analyze] should_ungroup = 0
[gig_analyze] should_ungroup = 0
[gig_analyze] should_ungroup = 0
[gig_analyze] should_ungroup = 0
[gig_analyze] should_ungroup = 1
Ungrouping hinst:hinst:iopt_partition/CDN_PAS_SKIP_FFC_1i
Working on Hinst: CDN_PAS_SKIP_FFC_2i
[gig_analyze] should_ungroup = 0
[gig_analyze] should_ungroup = 0
[gig_analyze] should_ungroup = 0
[gig_analyze] should_ungroup = 0
[gig_analyze] should_ungroup = 0
[gig_analyze] should_ungroup = 0

INFO: Identified hierarchy for CAS: hinst:iopt_partition/CDN_PAS_SKIP_FFC_2i

Working on Hinst: CDN_PAS_SKIP_FFC_3i
[gig_analyze] should_ungroup = 0
[gig_analyze] should_ungroup = 0
[gig_analyze] should_ungroup = 0
[gig_analyze] should_ungroup = 0
[gig_analyze] should_ungroup = 0
[gig_analyze] should_ungroup = 0

INFO: Identified hierarchy for CAS: hinst:iopt_partition/CDN_PAS_SKIP_FFC_3i

Normal Structuring mode def=mult_signed_4590_16
Normal Structuring mode def=mult_signed
Normal Structuring mode def=mult_signed
Normal Structuring mode def=mult_signed
Normal Structuring mode def=mult_signed
Normal Structuring mode def=mult_signed_10868_15
Normal Structuring mode def=mult_signed
Normal Structuring mode def=mult_signed
Normal Structuring mode def=mult_signed
Normal Structuring mode def=mult_signed
Normal Structuring mode def=mult_signed_10868_9
Normal Structuring mode def=mult_signed
Normal Structuring mode def=mult_signed
Normal Structuring mode def=mult_signed
Normal Structuring mode def=mult_signed
Normal Structuring mode def=add_signed_12550_2904
Working on Hinst: CDN_PAS_SKIP_FFC_0i
[gig_analyze] should_ungroup = 1
Ungrouping hinst:hinst:iopt_partition/CDN_PAS_SKIP_FFC_0i
Working on Hinst: CDN_PAS_SKIP_FFC_1i
[gig_analyze] should_ungroup = 1
Ungrouping hinst:hinst:iopt_partition/CDN_PAS_SKIP_FFC_1i
Normal Structuring mode def=add_signed
Working on Hinst: CDN_PAS_SKIP_FFC_0i
[gig_analyze] should_ungroup = 1
Ungrouping hinst:hinst:iopt_partition/CDN_PAS_SKIP_FFC_0i
Normal Structuring mode def=add_signed
Normal Structuring mode def=csa_tree_SUB_TC_OP_group_7
Normal Structuring mode def=csa_tree_SUB_TC_OP_group
Normal Structuring mode def=csa_tree_SUB_TC_OP_group
Normal Structuring mode def=csa_tree_SUB_TC_OP_group
Normal Structuring mode def=csa_tree_SUB_TC_OP1_group_5
Normal Structuring mode def=csa_tree_SUB_TC_OP1_group
Normal Structuring mode def=csa_tree_SUB_TC_OP1_group
Normal Structuring mode def=csa_tree_SUB_TC_OP1_group
Normal Structuring mode def=add_signed_12960
Normal Structuring mode def=add_signed
Normal Structuring mode def=add_signed
Normal Structuring mode def=sub_signed_13190
Normal Structuring mode def=sub_signed
Normal Structuring mode def=sub_signed
Normal Structuring mode def=increment_unsigned_147805_147807
Normal Structuring mode def=increment_unsigned
Normal Structuring mode def=increment_unsigned
Normal Structuring mode def=cb_oseq_3226
        Distributing super-thread jobs: cb_seq_3221 cb_seq_3223
          Sending 'cb_seq_3221' to server '8_4_15'...
            Sent 'cb_seq_3221' to server '8_4_15'.
          Sending 'cb_seq_3223' to server '8_4_14'...
            Sent 'cb_seq_3223' to server '8_4_14'.
          Received 'cb_seq_3223' from server '8_4_14'. (5075 ms elapsed)
          Received 'cb_seq_3221' from server '8_4_15'. (6151 ms elapsed)
Normal Structuring mode def=cb_seq_3221
	174	 CDN_PAS_CONNECTED_FFCi190
Working on Hinst: CDN_PAS_SKIP_FFC_0i
[gig_analyze] should_ungroup = 0
[gig_analyze] should_ungroup = 0
[gig_analyze] should_ungroup = 0
[gig_analyze] should_ungroup = 0
[gig_analyze] should_ungroup = 0
[gig_analyze] should_ungroup = 0

INFO: Identified hierarchy for CAS: hinst:iopt_partition/CDN_PAS_SKIP_FFC_0i

Normal Structuring mode def=cb_seq_3223
	188	 CDN_PAS_CONNECTED_FFCi188
Working on Hinst: CDN_PAS_SKIP_FFC_0i
[gig_analyze] should_ungroup = 0
[gig_analyze] should_ungroup = 0
[gig_analyze] should_ungroup = 0
[gig_analyze] should_ungroup = 0
[gig_analyze] should_ungroup = 0
[gig_analyze] should_ungroup = 0

INFO: Identified hierarchy for CAS: hinst:iopt_partition/CDN_PAS_SKIP_FFC_0i

        Distributing super-thread jobs: cb_oseq_3218 WALLACE_CSA_DUMMY_OP8_Y_WALLACE_CSA_DUMMY_OP4_Y_WALLACE_CSA_DUMMY_OP12_Y_WALLACE_CSA_DUMMY_OP_Y_WALLACE_CSA_DUMMY_OP10_Y_WALLACE_CSA_DUMMY_OP6_group_2 sub_signed_4602
          Sending 'cb_oseq_3218' to server '8_4_15'...
            Sent 'cb_oseq_3218' to server '8_4_15'.
          Sending 'WALLACE_CSA_DUMMY_OP8_Y_WALLACE_CSA_DUMMY_OP4_Y_WALLACE_CSA_DUMMY_OP12_Y_WALLACE_CSA_DUMMY_OP_Y_WALLACE_CSA_DUMMY_OP10_Y_WALLACE_CSA_DUMMY_OP6_group_2' to server '8_4_14'...
            Sent 'WALLACE_CSA_DUMMY_OP8_Y_WALLACE_CSA_DUMMY_OP4_Y_WALLACE_CSA_DUMMY_OP12_Y_WALLACE_CSA_DUMMY_OP_Y_WALLACE_CSA_DUMMY_OP10_Y_WALLACE_CSA_DUMMY_OP6_group_2' to server '8_4_14'.
          Sending 'sub_signed_4602' to server 'localhost_4_1'...
            Sent 'sub_signed_4602' to server 'localhost_4_1'.
          Received 'WALLACE_CSA_DUMMY_OP8_Y_WALLACE_CSA_DUMMY_OP4_Y_WALLACE_CSA_DUMMY_OP12_Y_WALLACE_CSA_DUMMY_OP_Y_WALLACE_CSA_DUMMY_OP10_Y_WALLACE_CSA_DUMMY_OP6_group_2' from server '8_4_14'. (10134 ms elapsed)
          Received 'sub_signed_4602' from server 'localhost_4_1'. (21645 ms elapsed)
          Received 'cb_oseq_3218' from server '8_4_15'. (50024 ms elapsed)
Normal Structuring mode def=cb_oseq_3218
	257	 CDN_PAS_CONNECTED_FFCi1016
Working on Hinst: CDN_PAS_CONNECTED_FFCi1015
[gig_analyze] should_ungroup = 0
[gig_analyze] should_ungroup = 0
[gig_analyze] should_ungroup = 0
[gig_analyze] should_ungroup = 0
[gig_analyze] should_ungroup = 0
[gig_analyze] should_ungroup = 0

INFO: Identified hierarchy for CAS: hinst:iopt_partition/CDN_PAS_CONNECTED_FFCi1015

Working on Hinst: CDN_PAS_CONNECTED_FFCi
[gig_analyze] should_ungroup = 0
[gig_analyze] should_ungroup = 0
[gig_analyze] should_ungroup = 0
[gig_analyze] should_ungroup = 0
[gig_analyze] should_ungroup = 0
[gig_analyze] should_ungroup = 0

INFO: Identified hierarchy for CAS: hinst:iopt_partition/CDN_PAS_CONNECTED_FFCi

Working on Hinst: CDN_PAS_CONNECTED_FFCi1017
[gig_analyze] should_ungroup = 0
[gig_analyze] should_ungroup = 0
[gig_analyze] should_ungroup = 0
[gig_analyze] should_ungroup = 0
[gig_analyze] should_ungroup = 0
[gig_analyze] should_ungroup = 0

INFO: Identified hierarchy for CAS: hinst:iopt_partition/CDN_PAS_CONNECTED_FFCi1017

Working on Hinst: CDN_PAS_CONNECTED_FFCi1020
[gig_analyze] should_ungroup = 0
[gig_analyze] should_ungroup = 0
[gig_analyze] should_ungroup = 0
[gig_analyze] should_ungroup = 0
[gig_analyze] should_ungroup = 0
[gig_analyze] should_ungroup = 0

INFO: Identified hierarchy for CAS: hinst:iopt_partition/CDN_PAS_CONNECTED_FFCi1020

Working on Hinst: CDN_PAS_CONNECTED_FFCi1021
[gig_analyze] should_ungroup = 0
[gig_analyze] should_ungroup = 0
[gig_analyze] should_ungroup = 0
[gig_analyze] should_ungroup = 0
[gig_analyze] should_ungroup = 0
[gig_analyze] should_ungroup = 0

INFO: Identified hierarchy for CAS: hinst:iopt_partition/CDN_PAS_CONNECTED_FFCi1021

Working on Hinst: CDN_PAS_CONNECTED_FFCi1022
[gig_analyze] should_ungroup = 0
[gig_analyze] should_ungroup = 0
[gig_analyze] should_ungroup = 0
[gig_analyze] should_ungroup = 0
[gig_analyze] should_ungroup = 0
[gig_analyze] should_ungroup = 0

INFO: Identified hierarchy for CAS: hinst:iopt_partition/CDN_PAS_CONNECTED_FFCi1022

Working on Hinst: CDN_PAS_CONNECTED_FFCi1023
[gig_analyze] should_ungroup = 0
[gig_analyze] should_ungroup = 0
[gig_analyze] should_ungroup = 0
[gig_analyze] should_ungroup = 0
[gig_analyze] should_ungroup = 0
[gig_analyze] should_ungroup = 0

INFO: Identified hierarchy for CAS: hinst:iopt_partition/CDN_PAS_CONNECTED_FFCi1023

Working on Hinst: CDN_PAS_CONNECTED_FFCi1024
[gig_analyze] should_ungroup = 0
[gig_analyze] should_ungroup = 0
[gig_analyze] should_ungroup = 0
[gig_analyze] should_ungroup = 0
[gig_analyze] should_ungroup = 0
[gig_analyze] should_ungroup = 0

INFO: Identified hierarchy for CAS: hinst:iopt_partition/CDN_PAS_CONNECTED_FFCi1024

Working on Hinst: CDN_PAS_CONNECTED_FFCi1025
[gig_analyze] should_ungroup = 0
[gig_analyze] should_ungroup = 0
[gig_analyze] should_ungroup = 0
[gig_analyze] should_ungroup = 0
[gig_analyze] should_ungroup = 0
[gig_analyze] should_ungroup = 0

INFO: Identified hierarchy for CAS: hinst:iopt_partition/CDN_PAS_CONNECTED_FFCi1025

Working on Hinst: CDN_PAS_CONNECTED_FFCi1026
[gig_analyze] should_ungroup = 0
[gig_analyze] should_ungroup = 0
[gig_analyze] should_ungroup = 0
[gig_analyze] should_ungroup = 0
[gig_analyze] should_ungroup = 0
[gig_analyze] should_ungroup = 0

INFO: Identified hierarchy for CAS: hinst:iopt_partition/CDN_PAS_CONNECTED_FFCi1026

Working on Hinst: CDN_PAS_CONNECTED_FFCi1027
[gig_analyze] should_ungroup = 0
[gig_analyze] should_ungroup = 0
[gig_analyze] should_ungroup = 0
[gig_analyze] should_ungroup = 0
[gig_analyze] should_ungroup = 0
[gig_analyze] should_ungroup = 0

INFO: Identified hierarchy for CAS: hinst:iopt_partition/CDN_PAS_CONNECTED_FFCi1027

Working on Hinst: CDN_PAS_CONNECTED_FFCi1028
[gig_analyze] should_ungroup = 0
[gig_analyze] should_ungroup = 0
[gig_analyze] should_ungroup = 0
[gig_analyze] should_ungroup = 0
[gig_analyze] should_ungroup = 0
[gig_analyze] should_ungroup = 0

INFO: Identified hierarchy for CAS: hinst:iopt_partition/CDN_PAS_CONNECTED_FFCi1028

Working on Hinst: CDN_PAS_CONNECTED_FFCi1029
[gig_analyze] should_ungroup = 0
[gig_analyze] should_ungroup = 0
[gig_analyze] should_ungroup = 0
[gig_analyze] should_ungroup = 0
[gig_analyze] should_ungroup = 0
[gig_analyze] should_ungroup = 0

INFO: Identified hierarchy for CAS: hinst:iopt_partition/CDN_PAS_CONNECTED_FFCi1029

Working on Hinst: CDN_PAS_CONNECTED_FFCi1030
[gig_analyze] should_ungroup = 0
[gig_analyze] should_ungroup = 0
[gig_analyze] should_ungroup = 0
[gig_analyze] should_ungroup = 0
[gig_analyze] should_ungroup = 0
[gig_analyze] should_ungroup = 0

INFO: Identified hierarchy for CAS: hinst:iopt_partition/CDN_PAS_CONNECTED_FFCi1030

Working on Hinst: CDN_PAS_CONNECTED_FFCi1031
[gig_analyze] should_ungroup = 0
[gig_analyze] should_ungroup = 0
[gig_analyze] should_ungroup = 0
[gig_analyze] should_ungroup = 0
[gig_analyze] should_ungroup = 0
[gig_analyze] should_ungroup = 0

INFO: Identified hierarchy for CAS: hinst:iopt_partition/CDN_PAS_CONNECTED_FFCi1031

Working on Hinst: CDN_PAS_CONNECTED_FFCi1032
[gig_analyze] should_ungroup = 0
[gig_analyze] should_ungroup = 0
[gig_analyze] should_ungroup = 0
[gig_analyze] should_ungroup = 0
[gig_analyze] should_ungroup = 0
[gig_analyze] should_ungroup = 0

INFO: Identified hierarchy for CAS: hinst:iopt_partition/CDN_PAS_CONNECTED_FFCi1032

Working on Hinst: CDN_PAS_CONNECTED_FFCi1033
[gig_analyze] should_ungroup = 0
[gig_analyze] should_ungroup = 0
[gig_analyze] should_ungroup = 0
[gig_analyze] should_ungroup = 0
[gig_analyze] should_ungroup = 0
[gig_analyze] should_ungroup = 0

INFO: Identified hierarchy for CAS: hinst:iopt_partition/CDN_PAS_CONNECTED_FFCi1033

Working on Hinst: CDN_PAS_SKIP_FFC_0i
[gig_analyze] should_ungroup = 0
[gig_analyze] should_ungroup = 0
[gig_analyze] should_ungroup = 0
[gig_analyze] should_ungroup = 0
[gig_analyze] should_ungroup = 0
[gig_analyze] should_ungroup = 0

INFO: Identified hierarchy for CAS: hinst:iopt_partition/CDN_PAS_SKIP_FFC_0i

Normal Structuring mode def=WALLACE_CSA_DUMMY_OP8_Y_WALLACE_CSA_DUMMY_OP4_Y_WALLACE_CSA_DUMMY_OP12_Y_WALLACE_CSA_DUMMY_OP_Y_WALLACE_CSA_DUMMY_OP10_Y_WALLACE_CSA_DUMMY_OP6_group_2
Normal Structuring mode def=WALLACE_CSA_DUMMY_OP8_Y_WALLACE_CSA_DUMMY_OP4_Y_WALLACE_CSA_DUMMY_OP12_Y_WALLACE_CSA_DUMMY_OP_Y_WALLACE_CSA_DUMMY_OP10_Y_WALLACE_CSA_DUMMY_OP6_group
Normal Structuring mode def=WALLACE_CSA_DUMMY_OP8_Y_WALLACE_CSA_DUMMY_OP4_Y_WALLACE_CSA_DUMMY_OP12_Y_WALLACE_CSA_DUMMY_OP_Y_WALLACE_CSA_DUMMY_OP10_Y_WALLACE_CSA_DUMMY_OP6_group
Normal Structuring mode def=WALLACE_CSA_DUMMY_OP8_Y_WALLACE_CSA_DUMMY_OP4_Y_WALLACE_CSA_DUMMY_OP12_Y_WALLACE_CSA_DUMMY_OP_Y_WALLACE_CSA_DUMMY_OP10_Y_WALLACE_CSA_DUMMY_OP6_group
Normal Structuring mode def=sub_signed_4602
Normal Structuring mode def=sub_signed
Normal Structuring mode def=sub_signed
Normal Structuring mode def=cb_oseq_3224
        Distributing super-thread jobs: mult_signed_107392 mult_signed_107392_1 cmux cb_oseq_3230 csa_tree_ADD_TC_OP_2_group_2_7 add_unsigned_393 add_signed_775 add_signed_4147 cb_part add_signed_4143_1 add_signed_4143 add_signed_4135_3 add_signed_4135_1 add_signed_4135_2 add_signed_4135 add_unsigned_104807 add_unsigned_104807_1 increment_signed_154_9952 increment_signed_154_200 csa_tree_SUB_TC_OP_2_rsh_pad_group_2_2815_9 csa_tree_SUB_TC_OP_2_rsh_pad_group_2_2815_16
          Sending 'mult_signed_107392' to server '8_4_15'...
            Sent 'mult_signed_107392' to server '8_4_15'.
          Sending 'mult_signed_107392_1' to server '8_4_14'...
            Sent 'mult_signed_107392_1' to server '8_4_14'.
          Sending 'cmux' to server 'localhost_4_1'...
            Sent 'cmux' to server 'localhost_4_1'.
          Sending 'cb_oseq_3230' to server '8_4_13'...
            Sent 'cb_oseq_3230' to server '8_4_13'.
          Sending 'csa_tree_ADD_TC_OP_2_group_2_7' to server 'localhost_4_8'...
            Sent 'csa_tree_ADD_TC_OP_2_group_2_7' to server 'localhost_4_8'.
          Sending 'add_unsigned_393' to server '8_4_12'...
            Sent 'add_unsigned_393' to server '8_4_12'.
          Sending 'add_signed_775' to server '8_4_11'...
            Sent 'add_signed_775' to server '8_4_11'.
          Sending 'add_signed_4147' to server 'localhost_4_7'...
            Sent 'add_signed_4147' to server 'localhost_4_7'.
          Sending 'cb_part' to server 'localhost_4_4'...
            Sent 'cb_part' to server 'localhost_4_4'.
          Sending 'add_signed_4143_1' to server '8_4_0'...
            Sent 'add_signed_4143_1' to server '8_4_0'.
          Sending 'add_signed_4143' to server 'localhost_4_6'...
            Sent 'add_signed_4143' to server 'localhost_4_6'.
          Sending 'add_signed_4135_3' to server '8_4_10'...
            Sent 'add_signed_4135_3' to server '8_4_10'.
          Sending 'add_signed_4135_1' to server 'localhost_4_3'...
            Sent 'add_signed_4135_1' to server 'localhost_4_3'.
          Sending 'add_signed_4135_2' to server '8_4_9'...
            Sent 'add_signed_4135_2' to server '8_4_9'.
          Sending 'add_signed_4135' to server 'localhost_4_5'...
            Sent 'add_signed_4135' to server 'localhost_4_5'.
          Sending 'add_unsigned_104807' to server 'localhost_4_2'...
            Sent 'add_unsigned_104807' to server 'localhost_4_2'.
          Received 'cmux' from server 'localhost_4_1'. (9146 ms elapsed)
          Sending 'add_unsigned_104807_1' to server 'localhost_4_1'...
            Sent 'add_unsigned_104807_1' to server 'localhost_4_1'.
          Received 'cb_oseq_3230' from server '8_4_13'. (32041 ms elapsed)
          Sending 'increment_signed_154_9952' to server '8_4_13'...
            Sent 'increment_signed_154_9952' to server '8_4_13'.
          Received 'csa_tree_ADD_TC_OP_2_group_2_7' from server 'localhost_4_8'. (31851 ms elapsed)
          Sending 'increment_signed_154_200' to server 'localhost_4_8'...
            Sent 'increment_signed_154_200' to server 'localhost_4_8'.
          Received 'cb_part' from server 'localhost_4_4'. (31570 ms elapsed)
          Sending 'csa_tree_SUB_TC_OP_2_rsh_pad_group_2_2815_9' to server 'localhost_4_4'...
            Sent 'csa_tree_SUB_TC_OP_2_rsh_pad_group_2_2815_9' to server 'localhost_4_4'.
          Received 'add_unsigned_393' from server '8_4_12'. (31830 ms elapsed)
          Sending 'csa_tree_SUB_TC_OP_2_rsh_pad_group_2_2815_16' to server '8_4_12'...
            Sent 'csa_tree_SUB_TC_OP_2_rsh_pad_group_2_2815_16' to server '8_4_12'.
          Received 'add_signed_4143_1' from server '8_4_0'. (31663 ms elapsed)
          Received 'add_signed_4135' from server 'localhost_4_5'. (37537 ms elapsed)
          Received 'add_signed_4135_3' from server '8_4_10'. (37606 ms elapsed)
          Received 'add_signed_4135_2' from server '8_4_9'. (37561 ms elapsed)
          Received 'add_signed_4143' from server 'localhost_4_6'. (37631 ms elapsed)
          Received 'add_signed_4135_1' from server 'localhost_4_3'. (37586 ms elapsed)
          Received 'add_unsigned_104807' from server 'localhost_4_2'. (37518 ms elapsed)
          Received 'increment_signed_154_9952' from server '8_4_13'. (6313 ms elapsed)
          Received 'add_signed_4147' from server 'localhost_4_7'. (37784 ms elapsed)
          Received 'add_signed_775' from server '8_4_11'. (37832 ms elapsed)
          Received 'add_unsigned_104807_1' from server 'localhost_4_1'. (8818 ms elapsed)
          Received 'increment_signed_154_200' from server 'localhost_4_8'. (8943 ms elapsed)
          Received 'csa_tree_SUB_TC_OP_2_rsh_pad_group_2_2815_9' from server 'localhost_4_4'. (11153 ms elapsed)
          Received 'csa_tree_SUB_TC_OP_2_rsh_pad_group_2_2815_16' from server '8_4_12'. (11321 ms elapsed)
          Received 'mult_signed_107392' from server '8_4_15'. (114305 ms elapsed)
Normal Structuring mode def=mult_signed_107392
Normal Structuring mode def=mult_signed
Normal Structuring mode def=mult_signed
Normal Structuring mode def=mult_signed
          Received 'mult_signed_107392_1' from server '8_4_14'. (118775 ms elapsed)
Normal Structuring mode def=mult_signed_107392_1
Normal Structuring mode def=mult_signed
Normal Structuring mode def=mult_signed
Normal Structuring mode def=mult_signed
TECH-DECOMP MODE def=cmux
Normal Structuring mode def=cb_oseq_3230
Working on Hinst: CDN_PAS_SKIP_FFC_0i
[gig_analyze] should_ungroup = 0
[gig_analyze] should_ungroup = 0
[gig_analyze] should_ungroup = 0
[gig_analyze] should_ungroup = 0
[gig_analyze] should_ungroup = 0
[gig_analyze] should_ungroup = 0

INFO: Identified hierarchy for CAS: hinst:iopt_partition/CDN_PAS_SKIP_FFC_0i

Working on Hinst: CDN_PAS_SKIP_FFC_1i
[gig_analyze] should_ungroup = 0
[gig_analyze] should_ungroup = 0
[gig_analyze] should_ungroup = 0
[gig_analyze] should_ungroup = 0
[gig_analyze] should_ungroup = 0
[gig_analyze] should_ungroup = 0

INFO: Identified hierarchy for CAS: hinst:iopt_partition/CDN_PAS_SKIP_FFC_1i

Working on Hinst: CDN_PAS_SKIP_FFC_2i
[gig_analyze] should_ungroup = 0
[gig_analyze] should_ungroup = 0
[gig_analyze] should_ungroup = 0
[gig_analyze] should_ungroup = 0
[gig_analyze] should_ungroup = 0
[gig_analyze] should_ungroup = 0

INFO: Identified hierarchy for CAS: hinst:iopt_partition/CDN_PAS_SKIP_FFC_2i

Normal Structuring mode def=csa_tree_ADD_TC_OP_2_group_2_7
Normal Structuring mode def=csa_tree_ADD_TC_OP_2_group
Normal Structuring mode def=csa_tree_ADD_TC_OP_2_group
Normal Structuring mode def=csa_tree_ADD_TC_OP_2_group
Normal Structuring mode def=add_unsigned_393
Normal Structuring mode def=add_unsigned
Normal Structuring mode def=add_unsigned
Normal Structuring mode def=add_signed_775
Normal Structuring mode def=add_signed
Normal Structuring mode def=add_signed
Normal Structuring mode def=add_signed_4147
Normal Structuring mode def=add_signed
Normal Structuring mode def=add_signed
Normal Structuring mode def=cb_part
Working on Hinst: CDN_PAS_SKIP_FFC_0i
[gig_analyze] should_ungroup = 0
[gig_analyze] should_ungroup = 0
[gig_analyze] should_ungroup = 0
[gig_analyze] should_ungroup = 0
[gig_analyze] should_ungroup = 0
[gig_analyze] should_ungroup = 0

INFO: Identified hierarchy for CAS: hinst:iopt_partition/CDN_PAS_SKIP_FFC_0i

Normal Structuring mode def=add_signed_4143_1
Normal Structuring mode def=add_signed
Normal Structuring mode def=add_signed
Normal Structuring mode def=add_signed_4143
Normal Structuring mode def=add_signed
Normal Structuring mode def=add_signed
Normal Structuring mode def=add_signed_4135_3
Normal Structuring mode def=add_signed
Normal Structuring mode def=add_signed
Normal Structuring mode def=add_signed_4135_1
Normal Structuring mode def=add_signed
Normal Structuring mode def=add_signed
Normal Structuring mode def=add_signed_4135_2
Normal Structuring mode def=add_signed
Normal Structuring mode def=add_signed
Normal Structuring mode def=add_signed_4135
Normal Structuring mode def=add_signed
Normal Structuring mode def=add_signed
Normal Structuring mode def=add_unsigned_104807
Normal Structuring mode def=add_unsigned
Normal Structuring mode def=add_unsigned
Normal Structuring mode def=add_unsigned_104807_1
Normal Structuring mode def=add_unsigned
Normal Structuring mode def=add_unsigned
Normal Structuring mode def=increment_signed_154_9952
Normal Structuring mode def=increment_signed
Normal Structuring mode def=increment_signed
Normal Structuring mode def=increment_signed_154_200
Normal Structuring mode def=increment_signed
Normal Structuring mode def=increment_signed
Normal Structuring mode def=csa_tree_SUB_TC_OP_2_rsh_pad_group_2_2815_9
Normal Structuring mode def=csa_tree_SUB_TC_OP_2_rsh_pad_group
Normal Structuring mode def=csa_tree_SUB_TC_OP_2_rsh_pad_group
Normal Structuring mode def=csa_tree_SUB_TC_OP_2_rsh_pad_group
Normal Structuring mode def=csa_tree_SUB_TC_OP_2_rsh_pad_group_2_2815_16
Normal Structuring mode def=csa_tree_SUB_TC_OP_2_rsh_pad_group
Normal Structuring mode def=csa_tree_SUB_TC_OP_2_rsh_pad_group
Normal Structuring mode def=csa_tree_SUB_TC_OP_2_rsh_pad_group
Normal Structuring mode def=cdec
Normal Structuring mode def=cb_oseq_3222
 
Global mapping status
=====================
                                   Group   
                                  Tot Wrst 
                           Total  Weighted 
Operation                   Area   Slacks  
 global_map              6998367      -91 
            Worst cost_group: clk, WNS: -91.7
            Path: u_core/u_update/meta_alpha_pipe_reg[1][2]/CLK -->
                    u_core/u_update/l_product_reg_reg[63]/D

    Cost Group            Target    Slack    Diff.  Constr.
-----------------------------------------------------------
           clk               132      -92      -4%     5000 

 
Global incremental target info
==============================
Cost Group 'clk' target slack:   -92 ps
Target path end-point (Pin: u_core/u_update/v_mul_reg_reg[14][30]/D (sky130_fd_sc_hs__dfxtp_1/D))

              Distributing super-thread jobs: cb_seq_3219
                Sending 'cb_seq_3219' to server '8_4_15'...
                  Sent 'cb_seq_3219' to server '8_4_15'.
                Received 'cb_seq_3219' from server '8_4_15'. (4593 ms elapsed)
              Distributing super-thread jobs: cb_seq_3229 cb_seq_3217 cb_seq_3227
                Sending 'cb_seq_3229' to server '8_4_15'...
                  Sent 'cb_seq_3229' to server '8_4_15'.
                Sending 'cb_seq_3217' to server '8_4_14'...
                  Sent 'cb_seq_3217' to server '8_4_14'.
                Sending 'cb_seq_3227' to server 'localhost_4_1'...
                  Sent 'cb_seq_3227' to server 'localhost_4_1'.
                Received 'cb_seq_3227' from server 'localhost_4_1'. (1290 ms elapsed)
                Received 'cb_seq_3229' from server '8_4_15'. (23361 ms elapsed)
                Received 'cb_seq_3217' from server '8_4_14'. (23692 ms elapsed)
              Distributing super-thread jobs: cb_oseq mult_signed_1002 mult_signed_9
                Sending 'cb_oseq' to server '8_4_15'...
                  Sent 'cb_oseq' to server '8_4_15'.
                Sending 'mult_signed_1002' to server '8_4_14'...
                  Sent 'mult_signed_1002' to server '8_4_14'.
                Sending 'mult_signed_9' to server 'localhost_4_1'...
                  Sent 'mult_signed_9' to server 'localhost_4_1'.
                Received 'mult_signed_9' from server 'localhost_4_1'. (1125 ms elapsed)
                Received 'mult_signed_1002' from server '8_4_14'. (2885 ms elapsed)
                Received 'cb_oseq' from server '8_4_15'. (3984 ms elapsed)
              Distributing super-thread jobs: cb_seq_3225
                Sending 'cb_seq_3225' to server '8_4_15'...
                  Sent 'cb_seq_3225' to server '8_4_15'.
                Received 'cb_seq_3225' from server '8_4_15'. (4593 ms elapsed)
              Distributing super-thread jobs: cb_part_3231 mult_signed_4590_16 mult_signed_10868_15 mult_signed_10868_9 add_signed_12550_2904
                Sending 'cb_part_3231' to server '8_4_15'...
                  Sent 'cb_part_3231' to server '8_4_15'.
                Sending 'mult_signed_4590_16' to server '8_4_14'...
                  Sent 'mult_signed_4590_16' to server '8_4_14'.
                Sending 'mult_signed_10868_15' to server 'localhost_4_1'...
                  Sent 'mult_signed_10868_15' to server 'localhost_4_1'.
                Sending 'mult_signed_10868_9' to server '8_4_13'...
                  Sent 'mult_signed_10868_9' to server '8_4_13'.
                Sending 'add_signed_12550_2904' to server 'localhost_4_8'...
                  Sent 'add_signed_12550_2904' to server 'localhost_4_8'.
                Received 'mult_signed_10868_15' from server 'localhost_4_1'. (760 ms elapsed)
                Received 'add_signed_12550_2904' from server 'localhost_4_8'. (528 ms elapsed)
                Received 'mult_signed_10868_9' from server '8_4_13'. (1048 ms elapsed)
                Received 'mult_signed_4590_16' from server '8_4_14'. (4158 ms elapsed)
                Received 'cb_part_3231' from server '8_4_15'. (4846 ms elapsed)
              Distributing super-thread jobs: cb_seq_3221 cb_seq_3223
                Sending 'cb_seq_3221' to server '8_4_15'...
                  Sent 'cb_seq_3221' to server '8_4_15'.
                Sending 'cb_seq_3223' to server '8_4_14'...
                  Sent 'cb_seq_3223' to server '8_4_14'.
                Received 'cb_seq_3223' from server '8_4_14'. (1151 ms elapsed)
                Received 'cb_seq_3221' from server '8_4_15'. (1425 ms elapsed)
              Distributing super-thread jobs: cb_oseq_3218 WALLACE_CSA_DUMMY_OP8_Y_WALLACE_CSA_DUMMY_OP4_Y_WALLACE_CSA_DUMMY_OP12_Y_WALLACE_CSA_DUMMY_OP_Y_WALLACE_CSA_DUMMY_OP10_Y_WALLACE_CSA_DUMMY_OP6_group_2 sub_signed_4602
                Sending 'cb_oseq_3218' to server '8_4_15'...
                  Sent 'cb_oseq_3218' to server '8_4_15'.
                Sending 'WALLACE_CSA_DUMMY_OP8_Y_WALLACE_CSA_DUMMY_OP4_Y_WALLACE_CSA_DUMMY_OP12_Y_WALLACE_CSA_DUMMY_OP_Y_WALLACE_CSA_DUMMY_OP10_Y_WALLACE_CSA_DUMMY_OP6_group_2' to server '8_4_14'...
                  Sent 'WALLACE_CSA_DUMMY_OP8_Y_WALLACE_CSA_DUMMY_OP4_Y_WALLACE_CSA_DUMMY_OP12_Y_WALLACE_CSA_DUMMY_OP_Y_WALLACE_CSA_DUMMY_OP10_Y_WALLACE_CSA_DUMMY_OP6_group_2' to server '8_4_14'.
                Sending 'sub_signed_4602' to server 'localhost_4_1'...
                  Sent 'sub_signed_4602' to server 'localhost_4_1'.
                Received 'WALLACE_CSA_DUMMY_OP8_Y_WALLACE_CSA_DUMMY_OP4_Y_WALLACE_CSA_DUMMY_OP12_Y_WALLACE_CSA_DUMMY_OP_Y_WALLACE_CSA_DUMMY_OP10_Y_WALLACE_CSA_DUMMY_OP6_group_2' from server '8_4_14'. (447 ms elapsed)
                Received 'sub_signed_4602' from server 'localhost_4_1'. (767 ms elapsed)
                Received 'cb_oseq_3218' from server '8_4_15'. (14689 ms elapsed)
              Distributing super-thread jobs: mult_signed_107392_1 mult_signed_107392 cmux cb_oseq_3230 csa_tree_ADD_TC_OP_2_group_2_7 cb_part add_unsigned_393
                Sending 'mult_signed_107392_1' to server '8_4_15'...
                  Sent 'mult_signed_107392_1' to server '8_4_15'.
                Sending 'mult_signed_107392' to server '8_4_14'...
                  Sent 'mult_signed_107392' to server '8_4_14'.
                Sending 'cmux' to server 'localhost_4_1'...
                  Sent 'cmux' to server 'localhost_4_1'.
                Sending 'cb_oseq_3230' to server '8_4_13'...
                  Sent 'cb_oseq_3230' to server '8_4_13'.
                Sending 'csa_tree_ADD_TC_OP_2_group_2_7' to server 'localhost_4_8'...
                  Sent 'csa_tree_ADD_TC_OP_2_group_2_7' to server 'localhost_4_8'.
                Sending 'cb_part' to server '8_4_12'...
                  Sent 'cb_part' to server '8_4_12'.
                Sending 'add_unsigned_393' to server '8_4_11'...
                  Sent 'add_unsigned_393' to server '8_4_11'.
                Received 'csa_tree_ADD_TC_OP_2_group_2_7' from server 'localhost_4_8'. (369 ms elapsed)
                Received 'add_unsigned_393' from server '8_4_11'. (396 ms elapsed)
                Received 'cmux' from server 'localhost_4_1'. (1087 ms elapsed)
                Received 'cb_part' from server '8_4_12'. (781 ms elapsed)
                Received 'cb_oseq_3230' from server '8_4_13'. (2511 ms elapsed)
                Received 'mult_signed_107392_1' from server '8_4_15'. (9489 ms elapsed)
                Received 'mult_signed_107392' from server '8_4_14'. (9500 ms elapsed)
==================================
Stage : global_incr_map 
==================================
  =================
   Message Summary
  =================
---------------------------------------------------------------------------------------------------------------------------------------------------------------------------------------------------------------------
|   Id   |  Sev  |Count|                                                                                        Message Text                                                                                        |
---------------------------------------------------------------------------------------------------------------------------------------------------------------------------------------------------------------------
|GLO-62  |Info   |   33|On tool_generated instance/module 'strict_no' is set.                                                                                                                                       |
|        |       |     |This shall only be used for special purposes like formal verification.                                                                                                                      |
|LBR-81  |Warning|   36|Non-monotonic wireload model found.                                                                                                                                                         |
|        |       |     |Non-monotonic wireload models can cause problems during synthesis and/or mapping.  Raising some of the points in the curve to give it a monotonic shape.                                    |
|PA-7    |Info   |   58|Resetting power analysis results.                                                                                                                                                           |
|        |       |     |All computed switching activities are removed.                                                                                                                                              |
|PHYS-752|Info   |    1|Partition Based Synthesis execution skipped.                                                                                                                                                |
|ST-110  |Info   |   32|Connection established with super-threading server.                                                                                                                                         |
|        |       |     |The tool is entering super-threading mode and has established a connection with a CPU server process.  This is enabled by the root attributes 'super_thread_servers' or 'auto_super_thread'.|
|ST-112  |Info   |   16|A super-threading server has been shut down normally.                                                                                                                                       |
|        |       |     |A super-threaded optimization is complete and a CPU server was successfully shut down.                                                                                                      |
|ST-120  |Info   |    4|Attempting to launch a super-threading server.                                                                                                                                              |
|        |       |     |The tool is entering super-threading mode and is launching a CPU server process.  This is enabled by the root attribute 'super_thread_servers' or 'auto_super_thread'.                      |
|ST-128  |Info   |    4|Super thread servers are launched successfully.                                                                                                                                             |
|SYNTH-2 |Info   |    1|Done synthesizing.                                                                                                                                                                          |
|SYNTH-4 |Info   |    1|Mapping.                                                                                                                                                                                    |
---------------------------------------------------------------------------------------------------------------------------------------------------------------------------------------------------------------------
 
Global incremental optimization status
======================================
                                   Group   
                                  Tot Wrst 
                           Total  Weighted 
Operation                   Area   Slacks  
 global_incr             6829961     -203 
            Worst cost_group: clk, WNS: -203.9
            Path: u_core/u_update/meta_alpha_pipe_reg[1][0]/CLK -->
                    u_core/u_update/l_product_reg_reg[63]/D

    Cost Group            Target    Slack    Diff.  Constr.
-----------------------------------------------------------
           clk               -92     -204      -2%     5000 


+-----------+----------+-----+----------------------+---------------------------+
|   Host    | Machine  | CPU | Physical Memory (MB) | Peak Physical Memory (MB) |
+-----------+----------+-----+----------------------+---------------------------+
|     8     | sh02lo01 |  8  |        1886.6        |          1886.6           |
| localhost | sh02lo01 |  8  |        5277.5        |          8346.6           |
+-----------+----------+-----+----------------------+---------------------------+

+---------------+----------------------+---------------------------+
|    Server     | Physical Memory (MB) | Peak Physical Memory (MB) |
+---------------+----------------------+---------------------------+
| localhost_4_5 |      212.9 [1]       |          [1] [2]          |
|     8_4_0     |    1886.6 [3] [4]    |        [3] [2] [4]        |
| localhost_4_2 |      175.7 [1]       |          [1] [2]          |
|    8_4_11     |      186.6 [5]       |          [5] [2]          |
|    8_4_10     |      184.6 [5]       |          [5] [2]          |
| localhost_4_6 |      177.7 [1]       |          [1] [2]          |
| localhost_4_7 |      180.0 [1]       |          [1] [2]          |
|    8_4_13     |      238.0 [5]       |          [5] [2]          |
| localhost_4_8 |      187.9 [1]       |          [1] [2]          |
| localhost_4_3 |      175.6 [1]       |          [1] [2]          |
|    8_4_15     |      389.2 [5]       |          [5] [2]          |
|    8_4_12     |      204.7 [5]       |          [5] [2]          |
|    8_4_14     |      321.3 [5]       |          [5] [2]          |
| localhost_4_4 |      181.0 [1]       |          [1] [2]          |
| localhost_4_1 |    1539.9 [3] [4]    |        [3] [2] [4]        |
|     8_4_9     |      184.3 [5]       |          [5] [2]          |
+---------------+----------------------+---------------------------+
[1] Memory is included in parent localhost_4_1.
[2] Peak physical memory is not available for forked background servers.
[3] Memory is included in main process.
[4] Memory of child processes is included.
[5] Memory is included in parent 8_4_0.


State Retention Synthesis Status
================================

Category                        Flops   Percentage
--------------------------------------------------
Total instances                 17367        100.0
Excluded from State Retention   17367        100.0
    - Will not convert          17367        100.0
      - Preserved                   0          0.0
      - Power intent excluded   17367        100.0
    - Could not convert             0          0.0
      - Scan type                   0          0.0
      - No suitable cell            0          0.0
State Retention instances           0          0.0
--------------------------------------------------

INFO: skipping constant propagation
PBS_Techmap-Global Mapping - Elapsed_Time 1500, CPU_Time 1234.9961269999994
stamp 'PBS_Techmap-Global Mapping' being created for table 'pbs_debug'

  Total Time (Wall) |  Stage Time (Wall)  |   % (Wall)   |    Date - Time     |  Memory   | Stage
--------------------+---------------------+--------------+--------------------+-----------+----------------------
 00:03:37(00:08:08) |  00:00:00(00:00:00) |   0.0(  0.0) |   23:37:48 (Jul05) |   2.38 GB | PBS_Generic-Start
--------------------+---------------------+--------------+--------------------+-----------+----------------------
 00:26:19(00:31:47) |  00:22:41(00:23:39) |  27.8( 32.2) |    0:01:27 (Jul06) |   3.76 GB | PBS_Generic-Post_Genopt
--------------------+---------------------+--------------+--------------------+-----------+----------------------
 00:41:20(00:47:54) |  00:15:00(00:16:07) |  18.4( 22.0) |    0:17:33 (Jul06) |   2.60 GB | PBS_Generic_Opt-Post
--------------------+---------------------+--------------+--------------------+-----------+----------------------
 00:41:25(00:48:00) |  00:00:05(00:00:06) |   0.1(  0.1) |    0:17:39 (Jul06) |   2.35 GB | PBS_Generic-Postgen HBO Optimizations
--------------------+---------------------+--------------+--------------------+-----------+----------------------
 01:03:29(00:55:17) |  00:22:04(00:07:17) |  27.0(  9.9) |    0:24:56 (Jul06) |   2.33 GB | PBS_Generic_Opt-Physical
--------------------+---------------------+--------------+--------------------+-----------+----------------------
 01:04:05(00:55:54) |  00:00:36(00:00:37) |   0.7(  0.8) |    0:25:33 (Jul06) |   2.86 GB | PBS_Generic_Opt-PAM_PAS
--------------------+---------------------+--------------+--------------------+-----------+----------------------
 01:04:38(00:56:24) |  00:00:33(00:00:30) |   0.7(  0.7) |    0:26:04 (Jul06) |   2.53 GB | PBS_TechMap-Start
--------------------+---------------------+--------------+--------------------+-----------+----------------------
 01:04:41(00:56:28) |  00:00:03(00:00:04) |   0.1(  0.1) |    0:26:07 (Jul06) |   2.53 GB | PBS_TechMap-PAM_PAS
--------------------+---------------------+--------------+--------------------+-----------+----------------------
 01:25:16(01:21:28) |  00:20:34(00:25:00) |  25.2( 34.1) |    0:51:07 (Jul06) |   2.53 GB | PBS_Techmap-Global Mapping
--------------------+---------------------+--------------+--------------------+-----------+----------------------
Number of threads: 8 * 2   (id: pbs_debug, time_info v1.57)
Info: (*N*) indicates data that was populated from previously saved time_info database
Info: CPU time includes time of parent + longest thread
Advanced structuring report (syn_map):
----------------------------------------------------------------------------------------------------------------------------------------------------------------------------------
|                                                                             | Graph                 | Opt. Graph            | Result           |                               | 
|-----------------------------------------------------------------------------+-----------------------+-----------------------+------------------+-------------------------------|
| Name                                                                | Tag   | #nodes | #and  | #lvl | #nodes | #and  | #lvl | Acc | Time       | Netlist ID                    | 
----------------------------------------------------------------------------------------------------------------------------------------------------------------------------------
| cb_seq_3229                                                         | CONDE |  61266 | 11877 |   91 |  61200 | 11811 |   10 | N   |     259.73 | cb_seq_3229                   | 
| cb_seq_3217                                                         | CONDE |  53773 |  7999 |   97 |  53765 |  7991 |    9 | N   |      49.87 | cb_seq_3217                   | 
| cb_seq_3219                                                         | CONDE |  42416 |  9355 |   92 |  42385 |  9324 |   12 | N   |      90.44 | cb_seq_3219                   | 
| cb_oseq_3218                                                        | CONDE |  31440 |  5090 |   66 |  31435 |  5085 |    4 | N   |      20.20 | cb_oseq_3218                  | 
| cb_seq_3225                                                         | CONDE |  23719 |  5772 |   95 |  23432 |  5485 |   95 | Y   |       8.32 | cb_seq_3225                   | 
| cb_part_3231                                                        | CONDE |  22447 |  1929 |   73 |  22430 |  1912 |    8 | N   |      20.86 | cb_part_3231                  | 
| cb_seq_3227                                                         | CONDE |  11667 |  2294 |   60 |  11633 |  2260 |   12 | N   |      25.45 | cb_seq_3227                   | 
| cb_oseq                                                             | CONDE |   3448 |  2138 |   94 |   3271 |  1961 |   12 | Y   |      65.81 | cb_oseq                       | 
| cb_oseq_3230                                                        | CONDE |   4961 |   223 |   44 |   4942 |   204 |   10 | Y   |       5.93 | cb_oseq_3230                  | 
| cb_seq_3221                                                         | CONDE |   3010 |   457 |   74 |   2984 |   431 |   11 | Y   |       4.14 | cb_seq_3221                   | 
| cb_seq_3223                                                         | CONDE |   2943 |   436 |   74 |   2922 |   415 |   12 | Y   |       4.12 | cb_seq_3223                   | 
----------------------------------------------------------------------------------------------------------------------------------------------------------------------------------
Number of LFLHs filtered from table: 111
Runtime accepts/rejects/total =    95.43 /   467.27 /   562.70
Accepts/rejects/total = 9 / 9 / 18
Sum of reduced nodes/levels = 567 / 339
----------------------------------------------------------------------------------------------------------------------------------------------------------------------------------
|                                                                             | Graph                 | Opt. Graph            | Result           |                               | 
|-----------------------------------------------------------------------------+-----------------------+-----------------------+------------------+-------------------------------|
| Name                                                                | Tag   | #nodes | #and  | #lvl | #nodes | #and  | #lvl | Acc | Time       | Netlist ID                    | 
----------------------------------------------------------------------------------------------------------------------------------------------------------------------------------
| cb_seq_3229                                                         | REIFI |  92522 |   635 |   91 |  92496 |   609 |    9 | Y   |      74.09 | cb_seq_3229                   | 
| cb_seq_3217                                                         | REIFI |  75945 |   356 |   96 |  75936 |   347 |    4 | Y   |      47.21 | cb_seq_3217                   | 
| cb_seq_3219                                                         | REIFI |  62375 |   309 |   93 |  62375 |   309 |    6 | N   |      61.99 | cb_seq_3219                   | 
| cb_seq_3225                                                         | REIFI |  38759 |   433 |  110 |  38741 |   415 |   25 | Y   |      24.28 | cb_seq_3225                   | 
| cb_oseq_3218                                                        | REIFI |  37961 |  2868 |   67 |  37960 |  2867 |    3 | N   |      26.87 | cb_oseq_3218                  | 
| cb_part_3231                                                        | REIFI |  25220 |  1928 |   73 |  25204 |  1912 |    8 | N   |      21.07 | cb_part_3231                  | 
| cb_seq_3227                                                         | REIFI |  17893 |   163 |   57 |  17877 |   147 |    9 | Y   |      13.43 | cb_seq_3227                   | 
| cb_oseq                                                             | REIFI |   6110 |   669 |  105 |   6078 |   637 |    8 | Y   |      15.44 | cb_oseq                       | 
| cb_oseq_3230                                                        | REIFI |   7400 |   142 |   43 |   7403 |   145 |    6 | N   |       5.75 | cb_oseq_3230                  | 
| cb_seq_3221                                                         | REIFI |   4137 |   158 |   74 |   4119 |   140 |   11 | Y   |       2.95 | cb_seq_3221                   | 
| cb_seq_3223                                                         | REIFI |   4108 |    74 |   74 |   4107 |    73 |    9 | N   |       2.58 | cb_seq_3223                   | 
| add_signed_12550_2904                                               | REIFI |    819 |   646 |   74 |    572 |   399 |   82 | N   |       1.06 | add_signed_12550_2904         | 
----------------------------------------------------------------------------------------------------------------------------------------------------------------------------------
Number of LFLHs filtered from table: 110
Runtime accepts/rejects/total =   178.36 /   134.79 /   313.15
Accepts/rejects/total = 10 / 29 / 39
Sum of reduced nodes/levels = 154 / 563
Info    : Wrote formal verification information. [CFM-5]
        : Wrote 'fv/fa_top/fv_map.fv.json' for netlist 'fv/fa_top/fv_map.v.gz'.
Info    : Existing dofile found. Copied as fv/fa_top/rtl_to_fv_map.do~.
Info    : Wrote dofile. [CFM-1]
        : Dofile is 'fv/fa_top/rtl_to_fv_map.do'.
        : RTL names flow is enabled.
Info : Deleting 2-D Early Global router data...
Info : 2-D Early Global router data deletion complete.
Info : Initializing 2-D Early Global router engine...
Info : Installing 2-D Early Global router...
Info : Early Global router engine is using 8 threads.
Info : 2-D Early Global router initialization complete.
Info : 2-D Early Global router installation complete.
PBS_TechMap-Datapath Postmap Operations - Elapsed_Time 80, CPU_Time 65.27867300000071
stamp 'PBS_TechMap-Datapath Postmap Operations' being created for table 'pbs_debug'

  Total Time (Wall) |  Stage Time (Wall)  |   % (Wall)   |    Date - Time     |  Memory   | Stage
--------------------+---------------------+--------------+--------------------+-----------+----------------------
 00:03:37(00:08:08) |  00:00:00(00:00:00) |   0.0(  0.0) |   23:37:48 (Jul05) |   2.38 GB | PBS_Generic-Start
--------------------+---------------------+--------------+--------------------+-----------+----------------------
 00:26:19(00:31:47) |  00:22:41(00:23:39) |  27.4( 31.7) |    0:01:27 (Jul06) |   3.76 GB | PBS_Generic-Post_Genopt
--------------------+---------------------+--------------+--------------------+-----------+----------------------
 00:41:20(00:47:54) |  00:15:00(00:16:07) |  18.1( 21.6) |    0:17:33 (Jul06) |   2.60 GB | PBS_Generic_Opt-Post
--------------------+---------------------+--------------+--------------------+-----------+----------------------
 00:41:25(00:48:00) |  00:00:05(00:00:06) |   0.1(  0.1) |    0:17:39 (Jul06) |   2.35 GB | PBS_Generic-Postgen HBO Optimizations
--------------------+---------------------+--------------+--------------------+-----------+----------------------
 01:03:29(00:55:17) |  00:22:04(00:07:17) |  26.7(  9.8) |    0:24:56 (Jul06) |   2.33 GB | PBS_Generic_Opt-Physical
--------------------+---------------------+--------------+--------------------+-----------+----------------------
 01:04:05(00:55:54) |  00:00:36(00:00:37) |   0.7(  0.8) |    0:25:33 (Jul06) |   2.86 GB | PBS_Generic_Opt-PAM_PAS
--------------------+---------------------+--------------+--------------------+-----------+----------------------
 01:04:38(00:56:24) |  00:00:33(00:00:30) |   0.7(  0.7) |    0:26:04 (Jul06) |   2.53 GB | PBS_TechMap-Start
--------------------+---------------------+--------------+--------------------+-----------+----------------------
 01:04:41(00:56:28) |  00:00:03(00:00:04) |   0.1(  0.1) |    0:26:07 (Jul06) |   2.53 GB | PBS_TechMap-PAM_PAS
--------------------+---------------------+--------------+--------------------+-----------+----------------------
 01:25:16(01:21:28) |  00:20:34(00:25:00) |  24.9( 33.5) |    0:51:07 (Jul06) |   2.53 GB | PBS_Techmap-Global Mapping
--------------------+---------------------+--------------+--------------------+-----------+----------------------
 01:26:22(01:22:48) |  00:01:05(00:01:20) |   1.3(  1.8) |    0:52:27 (Jul06) |   2.56 GB | PBS_TechMap-Datapath Postmap Operations
--------------------+---------------------+--------------+--------------------+-----------+----------------------
Number of threads: 8 * 2   (id: pbs_debug, time_info v1.57)
Info: (*N*) indicates data that was populated from previously saved time_info database
Info: CPU time includes time of parent + longest thread
PBS_TechMap-Postmap HBO Optimizations - Elapsed_Time 7, CPU_Time 7.357958999999028
stamp 'PBS_TechMap-Postmap HBO Optimizations' being created for table 'pbs_debug'

  Total Time (Wall) |  Stage Time (Wall)  |   % (Wall)   |    Date - Time     |  Memory   | Stage
--------------------+---------------------+--------------+--------------------+-----------+----------------------
 00:03:37(00:08:08) |  00:00:00(00:00:00) |   0.0(  0.0) |   23:37:48 (Jul05) |   2.38 GB | PBS_Generic-Start
--------------------+---------------------+--------------+--------------------+-----------+----------------------
 00:26:19(00:31:47) |  00:22:41(00:23:39) |  27.4( 31.6) |    0:01:27 (Jul06) |   3.76 GB | PBS_Generic-Post_Genopt
--------------------+---------------------+--------------+--------------------+-----------+----------------------
 00:41:20(00:47:54) |  00:15:00(00:16:07) |  18.1( 21.6) |    0:17:33 (Jul06) |   2.60 GB | PBS_Generic_Opt-Post
--------------------+---------------------+--------------+--------------------+-----------+----------------------
 00:41:25(00:48:00) |  00:00:05(00:00:06) |   0.1(  0.1) |    0:17:39 (Jul06) |   2.35 GB | PBS_Generic-Postgen HBO Optimizations
--------------------+---------------------+--------------+--------------------+-----------+----------------------
 01:03:29(00:55:17) |  00:22:04(00:07:17) |  26.6(  9.7) |    0:24:56 (Jul06) |   2.33 GB | PBS_Generic_Opt-Physical
--------------------+---------------------+--------------+--------------------+-----------+----------------------
 01:04:05(00:55:54) |  00:00:36(00:00:37) |   0.7(  0.8) |    0:25:33 (Jul06) |   2.86 GB | PBS_Generic_Opt-PAM_PAS
--------------------+---------------------+--------------+--------------------+-----------+----------------------
 01:04:38(00:56:24) |  00:00:33(00:00:30) |   0.7(  0.7) |    0:26:04 (Jul06) |   2.53 GB | PBS_TechMap-Start
--------------------+---------------------+--------------+--------------------+-----------+----------------------
 01:04:41(00:56:28) |  00:00:03(00:00:04) |   0.1(  0.1) |    0:26:07 (Jul06) |   2.53 GB | PBS_TechMap-PAM_PAS
--------------------+---------------------+--------------+--------------------+-----------+----------------------
 01:25:16(01:21:28) |  00:20:34(00:25:00) |  24.8( 33.4) |    0:51:07 (Jul06) |   2.53 GB | PBS_Techmap-Global Mapping
--------------------+---------------------+--------------+--------------------+-----------+----------------------
 01:26:22(01:22:48) |  00:01:05(00:01:20) |   1.3(  1.8) |    0:52:27 (Jul06) |   2.56 GB | PBS_TechMap-Datapath Postmap Operations
--------------------+---------------------+--------------+--------------------+-----------+----------------------
 01:26:29(01:22:55) |  00:00:07(00:00:07) |   0.1(  0.2) |    0:52:34 (Jul06) |   2.56 GB | PBS_TechMap-Postmap HBO Optimizations
--------------------+---------------------+--------------+--------------------+-----------+----------------------
Number of threads: 8 * 2   (id: pbs_debug, time_info v1.57)
Info: (*N*) indicates data that was populated from previously saved time_info database
Info: CPU time includes time of parent + longest thread
PBS_TechMap-Postmap Physical Flow - Elapsed_Time 1, CPU_Time 0.0
stamp 'PBS_TechMap-Postmap Physical Flow' being created for table 'pbs_debug'

  Total Time (Wall) |  Stage Time (Wall)  |   % (Wall)   |    Date - Time     |  Memory   | Stage
--------------------+---------------------+--------------+--------------------+-----------+----------------------
 00:03:37(00:08:08) |  00:00:00(00:00:00) |   0.0(  0.0) |   23:37:48 (Jul05) |   2.38 GB | PBS_Generic-Start
--------------------+---------------------+--------------+--------------------+-----------+----------------------
 00:26:19(00:31:47) |  00:22:41(00:23:39) |  27.4( 31.6) |    0:01:27 (Jul06) |   3.76 GB | PBS_Generic-Post_Genopt
--------------------+---------------------+--------------+--------------------+-----------+----------------------
 00:41:20(00:47:54) |  00:15:00(00:16:07) |  18.1( 21.5) |    0:17:33 (Jul06) |   2.60 GB | PBS_Generic_Opt-Post
--------------------+---------------------+--------------+--------------------+-----------+----------------------
 00:41:25(00:48:00) |  00:00:05(00:00:06) |   0.1(  0.1) |    0:17:39 (Jul06) |   2.35 GB | PBS_Generic-Postgen HBO Optimizations
--------------------+---------------------+--------------+--------------------+-----------+----------------------
 01:03:29(00:55:17) |  00:22:04(00:07:17) |  26.6(  9.7) |    0:24:56 (Jul06) |   2.33 GB | PBS_Generic_Opt-Physical
--------------------+---------------------+--------------+--------------------+-----------+----------------------
 01:04:05(00:55:54) |  00:00:36(00:00:37) |   0.7(  0.8) |    0:25:33 (Jul06) |   2.86 GB | PBS_Generic_Opt-PAM_PAS
--------------------+---------------------+--------------+--------------------+-----------+----------------------
 01:04:38(00:56:24) |  00:00:33(00:00:30) |   0.7(  0.7) |    0:26:04 (Jul06) |   2.53 GB | PBS_TechMap-Start
--------------------+---------------------+--------------+--------------------+-----------+----------------------
 01:04:41(00:56:28) |  00:00:03(00:00:04) |   0.1(  0.1) |    0:26:07 (Jul06) |   2.53 GB | PBS_TechMap-PAM_PAS
--------------------+---------------------+--------------+--------------------+-----------+----------------------
 01:25:16(01:21:28) |  00:20:34(00:25:00) |  24.8( 33.4) |    0:51:07 (Jul06) |   2.53 GB | PBS_Techmap-Global Mapping
--------------------+---------------------+--------------+--------------------+-----------+----------------------
 01:26:22(01:22:48) |  00:01:05(00:01:20) |   1.3(  1.8) |    0:52:27 (Jul06) |   2.56 GB | PBS_TechMap-Datapath Postmap Operations
--------------------+---------------------+--------------+--------------------+-----------+----------------------
 01:26:29(01:22:55) |  00:00:07(00:00:07) |   0.1(  0.2) |    0:52:34 (Jul06) |   2.56 GB | PBS_TechMap-Postmap HBO Optimizations
--------------------+---------------------+--------------+--------------------+-----------+----------------------
 01:26:29(01:22:56) |  00:00:00(00:00:01) |   0.0(  0.0) |    0:52:35 (Jul06) |   2.56 GB | PBS_TechMap-Postmap Physical Flow
--------------------+---------------------+--------------+--------------------+-----------+----------------------
Number of threads: 8 * 2   (id: pbs_debug, time_info v1.57)
Info: (*N*) indicates data that was populated from previously saved time_info database
Info: CPU time includes time of parent + longest thread
 Doing ConstProp on design:fa_top ... 

Time taken by ConstProp Step: 00:00:12
PBS_TechMap-Postmap Clock Gating - Elapsed_Time 14, CPU_Time 13.0
stamp 'PBS_TechMap-Postmap Clock Gating' being created for table 'pbs_debug'

  Total Time (Wall) |  Stage Time (Wall)  |   % (Wall)   |    Date - Time     |  Memory   | Stage
--------------------+---------------------+--------------+--------------------+-----------+----------------------
 00:03:37(00:08:08) |  00:00:00(00:00:00) |   0.0(  0.0) |   23:37:48 (Jul05) |   2.38 GB | PBS_Generic-Start
--------------------+---------------------+--------------+--------------------+-----------+----------------------
 00:26:19(00:31:47) |  00:22:41(00:23:39) |  27.3( 31.5) |    0:01:27 (Jul06) |   3.76 GB | PBS_Generic-Post_Genopt
--------------------+---------------------+--------------+--------------------+-----------+----------------------
 00:41:20(00:47:54) |  00:15:00(00:16:07) |  18.1( 21.5) |    0:17:33 (Jul06) |   2.60 GB | PBS_Generic_Opt-Post
--------------------+---------------------+--------------+--------------------+-----------+----------------------
 00:41:25(00:48:00) |  00:00:05(00:00:06) |   0.1(  0.1) |    0:17:39 (Jul06) |   2.35 GB | PBS_Generic-Postgen HBO Optimizations
--------------------+---------------------+--------------+--------------------+-----------+----------------------
 01:03:29(00:55:17) |  00:22:04(00:07:17) |  26.6(  9.7) |    0:24:56 (Jul06) |   2.33 GB | PBS_Generic_Opt-Physical
--------------------+---------------------+--------------+--------------------+-----------+----------------------
 01:04:05(00:55:54) |  00:00:36(00:00:37) |   0.7(  0.8) |    0:25:33 (Jul06) |   2.86 GB | PBS_Generic_Opt-PAM_PAS
--------------------+---------------------+--------------+--------------------+-----------+----------------------
 01:04:38(00:56:24) |  00:00:33(00:00:30) |   0.7(  0.7) |    0:26:04 (Jul06) |   2.53 GB | PBS_TechMap-Start
--------------------+---------------------+--------------+--------------------+-----------+----------------------
 01:04:41(00:56:28) |  00:00:03(00:00:04) |   0.1(  0.1) |    0:26:07 (Jul06) |   2.53 GB | PBS_TechMap-PAM_PAS
--------------------+---------------------+--------------+--------------------+-----------+----------------------
 01:25:16(01:21:28) |  00:20:34(00:25:00) |  24.8( 33.3) |    0:51:07 (Jul06) |   2.53 GB | PBS_Techmap-Global Mapping
--------------------+---------------------+--------------+--------------------+-----------+----------------------
 01:26:22(01:22:48) |  00:01:05(00:01:20) |   1.3(  1.8) |    0:52:27 (Jul06) |   2.56 GB | PBS_TechMap-Datapath Postmap Operations
--------------------+---------------------+--------------+--------------------+-----------+----------------------
 01:26:29(01:22:55) |  00:00:07(00:00:07) |   0.1(  0.2) |    0:52:34 (Jul06) |   2.56 GB | PBS_TechMap-Postmap HBO Optimizations
--------------------+---------------------+--------------+--------------------+-----------+----------------------
 01:26:29(01:22:56) |  00:00:00(00:00:01) |   0.0(  0.0) |    0:52:35 (Jul06) |   2.56 GB | PBS_TechMap-Postmap Physical Flow
--------------------+---------------------+--------------+--------------------+-----------+----------------------
 01:26:42(01:23:10) |  00:00:13(00:00:14) |   0.3(  0.3) |    0:52:49 (Jul06) |   2.48 GB | PBS_TechMap-Postmap Clock Gating
--------------------+---------------------+--------------+--------------------+-----------+----------------------
Number of threads: 8 * 2   (id: pbs_debug, time_info v1.57)
Info: (*N*) indicates data that was populated from previously saved time_info database
Info: CPU time includes time of parent + longest thread
-------------------------------------------------------------------------------
 hi_fo_buf               6836405     -203    -23677    221862        0        0
            Worst cost_group: clk, WNS: -203.9
            Path: u_core/u_update/meta_alpha_pipe_reg[1][0]/CLK -->
                    u_core/u_update/l_product_reg_reg[63]/D

           Trick     Calls     Accepts   Attempts    Time(secs) 
-----------------------------------------------------------
       hi_fo_buf         9  (        9 /        9 )  2.95

 
Incremental optimization status
===============================
                                   Group   
                                  Tot Wrst     Total - - - - DRC Totals - - - -
                           Total  Weighted      Neg      Max       Max     Max  
Operation                   Area   Slacks      Slack    Trans      Cap   Fanout 
 init_delay              6836405     -203    -23677    221862        0        0
            Worst cost_group: clk, WNS: -203.9
            Path: u_core/u_update/meta_alpha_pipe_reg[1][0]/CLK -->
                    u_core/u_update/l_product_reg_reg[63]/D
 incr_delay              6839088        0         0    221862        0        0

           Trick     Calls     Accepts   Attempts    Time(secs) 
-----------------------------------------------------------
       crit_upsz       861  (      493 /      520 )  12.10
    plc_bal_star         0  (        0 /        0 )  0.00
     drc_buftimb         0  (        0 /        0 )  0.00
          plc_st         0  (        0 /        0 )  0.00
    plc_st_fence         0  (        0 /        0 )  0.00
        plc_star         0  (        0 /        0 )  0.00
      plc_laf_st         0  (        0 /        0 )  0.00
 plc_laf_st_fence         0  (        0 /        0 )  0.00
     drc_buftims         0  (        0 /        0 )  0.00
            fopt         0  (        0 /        0 )  0.00
   plc_laf_lo_st         0  (        0 /        0 )  0.00
       plc_lo_st         0  (        0 /        0 )  0.00
        mb_split         0  (        0 /        0 )  0.00

 
Local TNS optimization status
=============================
                                   Group   
                                  Tot Wrst     Total - - - - DRC Totals - - - -
                           Total  Weighted      Neg      Max       Max     Max  
Operation                   Area   Slacks      Slack    Trans      Cap   Fanout 
 init_tns                6839088        0         0    221862        0        0

           Trick     Calls     Accepts   Attempts    Time(secs) 
-----------------------------------------------------------
    plc_bal_star         0  (        0 /        0 )  0.00
     drc_buftimb         0  (        0 /        0 )  0.00
     drc_buftims         0  (        0 /        0 )  0.00
       crit_upsz         0  (        0 /        0 )  0.00
   plc_laf_lo_st         0  (        0 /        0 )  0.00
       plc_lo_st         0  (        0 /        0 )  0.00
            fopt         0  (        0 /        0 )  0.00
       crit_dnsz         0  (        0 /        0 )  0.00
             dup         0  (        0 /        0 )  0.00
        setup_dn         0  (        0 /        0 )  0.00
        mb_split         0  (        0 /        0 )  0.00

PBS_TechMap-Postmap Cleanup - Elapsed_Time 25, CPU_Time 21.032546000000366
stamp 'PBS_TechMap-Postmap Cleanup' being created for table 'pbs_debug'

  Total Time (Wall) |  Stage Time (Wall)  |   % (Wall)   |    Date - Time     |  Memory   | Stage
--------------------+---------------------+--------------+--------------------+-----------+----------------------
 00:03:37(00:08:08) |  00:00:00(00:00:00) |   0.0(  0.0) |   23:37:48 (Jul05) |   2.38 GB | PBS_Generic-Start
--------------------+---------------------+--------------+--------------------+-----------+----------------------
 00:26:19(00:31:47) |  00:22:41(00:23:39) |  27.2( 31.3) |    0:01:27 (Jul06) |   3.76 GB | PBS_Generic-Post_Genopt
--------------------+---------------------+--------------+--------------------+-----------+----------------------
 00:41:20(00:47:54) |  00:15:00(00:16:07) |  18.0( 21.4) |    0:17:33 (Jul06) |   2.60 GB | PBS_Generic_Opt-Post
--------------------+---------------------+--------------+--------------------+-----------+----------------------
 00:41:25(00:48:00) |  00:00:05(00:00:06) |   0.1(  0.1) |    0:17:39 (Jul06) |   2.35 GB | PBS_Generic-Postgen HBO Optimizations
--------------------+---------------------+--------------+--------------------+-----------+----------------------
 01:03:29(00:55:17) |  00:22:04(00:07:17) |  26.5(  9.7) |    0:24:56 (Jul06) |   2.33 GB | PBS_Generic_Opt-Physical
--------------------+---------------------+--------------+--------------------+-----------+----------------------
 01:04:05(00:55:54) |  00:00:36(00:00:37) |   0.7(  0.8) |    0:25:33 (Jul06) |   2.86 GB | PBS_Generic_Opt-PAM_PAS
--------------------+---------------------+--------------+--------------------+-----------+----------------------
 01:04:38(00:56:24) |  00:00:33(00:00:30) |   0.7(  0.7) |    0:26:04 (Jul06) |   2.53 GB | PBS_TechMap-Start
--------------------+---------------------+--------------+--------------------+-----------+----------------------
 01:04:41(00:56:28) |  00:00:03(00:00:04) |   0.1(  0.1) |    0:26:07 (Jul06) |   2.53 GB | PBS_TechMap-PAM_PAS
--------------------+---------------------+--------------+--------------------+-----------+----------------------
 01:25:16(01:21:28) |  00:20:34(00:25:00) |  24.7( 33.1) |    0:51:07 (Jul06) |   2.53 GB | PBS_Techmap-Global Mapping
--------------------+---------------------+--------------+--------------------+-----------+----------------------
 01:26:22(01:22:48) |  00:01:05(00:01:20) |   1.3(  1.8) |    0:52:27 (Jul06) |   2.56 GB | PBS_TechMap-Datapath Postmap Operations
--------------------+---------------------+--------------+--------------------+-----------+----------------------
 01:26:29(01:22:55) |  00:00:07(00:00:07) |   0.1(  0.2) |    0:52:34 (Jul06) |   2.56 GB | PBS_TechMap-Postmap HBO Optimizations
--------------------+---------------------+--------------+--------------------+-----------+----------------------
 01:26:29(01:22:56) |  00:00:00(00:00:01) |   0.0(  0.0) |    0:52:35 (Jul06) |   2.56 GB | PBS_TechMap-Postmap Physical Flow
--------------------+---------------------+--------------+--------------------+-----------+----------------------
 01:26:42(01:23:10) |  00:00:13(00:00:14) |   0.3(  0.3) |    0:52:49 (Jul06) |   2.48 GB | PBS_TechMap-Postmap Clock Gating
--------------------+---------------------+--------------+--------------------+-----------+----------------------
 01:27:03(01:23:35) |  00:00:21(00:00:25) |   0.4(  0.6) |    0:53:14 (Jul06) |   2.50 GB | PBS_TechMap-Postmap Cleanup
--------------------+---------------------+--------------+--------------------+-----------+----------------------
Number of threads: 8 * 2   (id: pbs_debug, time_info v1.57)
Info: (*N*) indicates data that was populated from previously saved time_info database
Info: CPU time includes time of parent + longest thread
PBS_Techmap-Post_MBCI - Elapsed_Time 1, CPU_Time 1.0
stamp 'PBS_Techmap-Post_MBCI' being created for table 'pbs_debug'

  Total Time (Wall) |  Stage Time (Wall)  |   % (Wall)   |    Date - Time     |  Memory   | Stage
--------------------+---------------------+--------------+--------------------+-----------+----------------------
 00:03:37(00:08:08) |  00:00:00(00:00:00) |   0.0(  0.0) |   23:37:48 (Jul05) |   2.38 GB | PBS_Generic-Start
--------------------+---------------------+--------------+--------------------+-----------+----------------------
 00:26:19(00:31:47) |  00:22:41(00:23:39) |  27.2( 31.3) |    0:01:27 (Jul06) |   3.76 GB | PBS_Generic-Post_Genopt
--------------------+---------------------+--------------+--------------------+-----------+----------------------
 00:41:20(00:47:54) |  00:15:00(00:16:07) |  18.0( 21.4) |    0:17:33 (Jul06) |   2.60 GB | PBS_Generic_Opt-Post
--------------------+---------------------+--------------+--------------------+-----------+----------------------
 00:41:25(00:48:00) |  00:00:05(00:00:06) |   0.1(  0.1) |    0:17:39 (Jul06) |   2.35 GB | PBS_Generic-Postgen HBO Optimizations
--------------------+---------------------+--------------+--------------------+-----------+----------------------
 01:03:29(00:55:17) |  00:22:04(00:07:17) |  26.5(  9.7) |    0:24:56 (Jul06) |   2.33 GB | PBS_Generic_Opt-Physical
--------------------+---------------------+--------------+--------------------+-----------+----------------------
 01:04:05(00:55:54) |  00:00:36(00:00:37) |   0.7(  0.8) |    0:25:33 (Jul06) |   2.86 GB | PBS_Generic_Opt-PAM_PAS
--------------------+---------------------+--------------+--------------------+-----------+----------------------
 01:04:38(00:56:24) |  00:00:33(00:00:30) |   0.7(  0.7) |    0:26:04 (Jul06) |   2.53 GB | PBS_TechMap-Start
--------------------+---------------------+--------------+--------------------+-----------+----------------------
 01:04:41(00:56:28) |  00:00:03(00:00:04) |   0.1(  0.1) |    0:26:07 (Jul06) |   2.53 GB | PBS_TechMap-PAM_PAS
--------------------+---------------------+--------------+--------------------+-----------+----------------------
 01:25:16(01:21:28) |  00:20:34(00:25:00) |  24.7( 33.1) |    0:51:07 (Jul06) |   2.53 GB | PBS_Techmap-Global Mapping
--------------------+---------------------+--------------+--------------------+-----------+----------------------
 01:26:22(01:22:48) |  00:01:05(00:01:20) |   1.3(  1.8) |    0:52:27 (Jul06) |   2.56 GB | PBS_TechMap-Datapath Postmap Operations
--------------------+---------------------+--------------+--------------------+-----------+----------------------
 01:26:29(01:22:55) |  00:00:07(00:00:07) |   0.1(  0.2) |    0:52:34 (Jul06) |   2.56 GB | PBS_TechMap-Postmap HBO Optimizations
--------------------+---------------------+--------------+--------------------+-----------+----------------------
 01:26:29(01:22:56) |  00:00:00(00:00:01) |   0.0(  0.0) |    0:52:35 (Jul06) |   2.56 GB | PBS_TechMap-Postmap Physical Flow
--------------------+---------------------+--------------+--------------------+-----------+----------------------
 01:26:42(01:23:10) |  00:00:13(00:00:14) |   0.3(  0.3) |    0:52:49 (Jul06) |   2.48 GB | PBS_TechMap-Postmap Clock Gating
--------------------+---------------------+--------------+--------------------+-----------+----------------------
 01:27:03(01:23:35) |  00:00:21(00:00:25) |   0.4(  0.6) |    0:53:14 (Jul06) |   2.50 GB | PBS_TechMap-Postmap Cleanup
--------------------+---------------------+--------------+--------------------+-----------+----------------------
 01:27:04(01:23:36) |  00:00:01(00:00:01) |   0.0(  0.0) |    0:53:15 (Jul06) |   2.50 GB | PBS_Techmap-Post_MBCI
--------------------+---------------------+--------------+--------------------+-----------+----------------------
Number of threads: 8 * 2   (id: pbs_debug, time_info v1.57)
Info: (*N*) indicates data that was populated from previously saved time_info database
Info: CPU time includes time of parent + longest thread
##>================== Cadence Confidential (Mapping-Physical) ===================
##>Main Thread Summary:
##>----------------------------------------------------------------------------------------
##>STEP                           Elapsed       WNS       TNS     Insts      Area    Memory
##>----------------------------------------------------------------------------------------
##>M:Initial                            3         -         -    165083   7292183      2531
##>M:Early Clock Gating                 0         -         -         -         -         -
##>M:Physical Opt                       3         -         -    165083   7292183      2531
##>M:Pre Cleanup                        3         -         -    165083   7292183      2406
##>M:Setup                              0         -         -         -         -         -
##>M:Launch ST                          0         -         -         -         -         -
##>M:Design Partition                   0         -         -         -         -         -
##>M:Create Partition Netlists          0         -         -         -         -         -
##>M:Init Power                         0         -         -         -         -         -
##>M:Budgeting                          0         -         -         -         -         -
##>M:Derenv-DB                          0         -         -         -         -         -
##>M:Debug Outputs                      0         -         -         -         -         -
##>M:ST loading                         0         -         -         -         -         -
##>M:Distributed                        0         -         -         -         -         -
##>M:Timer                              0         -         -         -         -         -
##>M:Assembly                           0         -         -         -         -         -
##>M:DFT                                0         -         -         -         -         -
##>M:DP Operations                     80         -         -    125491   6204232      2564
##>M:Const Prop                         0      -203     23726    125491   6204232      2564
##>M:Cleanup                           25         3         0    126122   6212737      2496
##>M:MBCI                               1         -         -    126122   6212737      2496
##>M:PostGen Opt                        0         -         -         -         -         -
##>M:Const Gate Removal                 0         -         -         -         -         -
##>M:Early Clock Gating Cleanup         0         -         -         -         -         -
##>M:Misc                            1519
##>----------------------------------------------------------------------------------------
##>Total Elapsed                     1634
##>========================================================================================
Info    : Done mapping. [SYNTH-5]
        : Done mapping 'fa_top'.
Info : Deleting 2-D Early Global router data...
Info : 2-D Early Global router data deletion complete.
Info : Initializing 2-D Early Global router engine...
Info : Installing 2-D Early Global router...
Info : Early Global router engine is using 8 threads.
Info : 2-D Early Global router initialization complete.
Info : 2-D Early Global router installation complete.
      flow.cputime  flow.realtime  timing.setup.tns  timing.setup.wns  snapshot
UM:*                                                                   syn_map_physical
  Setting attribute of root '/': 'probabilistic_extraction' = true
INFO: Re-asserting probabilistic_extraction before syn_opt -spatial.
Synthesis config is 'syn_opt_ispatial_standard'
Info    : Limited access feature. [LIC-1]
        : Limited access feature 'ispatial_single_corner' request.
        : Final production licensing of this limited access feature has not been determined and is subject to change. Usage and support of this limited access feature are subject to prior agreement with Cadence. In addition, Cadence assumes you understand the feature limitations and expected results. Contact your Cadence representative if you have any questions.
  Setting attribute of root '/': 'opt_spatial_power_driven' = false
Warning : There are settings for use of this physical process that should be reviewed as they are likely inappropriate. [PHYS-1019] [syn_opt -spatial]
        : Please update to use 'group_path' which is directly compatible with Innovus instead of 'path_group'.
        : Review associated messages in log file.
Warning : There are settings for use of this physical process that should be reviewed as they are likely inappropriate. [PHYS-1019] [syn_opt -spatial]
        : Please use 'set_path_group_options -effort_level high' to select high effort groups.
(ispatial): Updating setting for 'time_recovery_arcs' to match physical environment.
(syn_opt_placed): Activating iSpatial - opt_spatial_effort standard
  Setting attribute of design 'fa_top': 'syn_opt_lp_num_asserted_pins_before_placement' = 0
Percentage of placed cells (13.80%) is less than the required threshold (75.00%).
Running delete_buffer_tree pre iSpatial.
Warning : Non-monotonic wireload model found. [LBR-81]
        : 'Length' table in wireload model 'Huge' is non-monotonic.
Warning : Non-monotonic wireload model found. [LBR-81]
        : 'Length' table in wireload model 'Huge' is non-monotonic.
Warning : Non-monotonic wireload model found. [LBR-81]
        : 'Length' table in wireload model 'Huge' is non-monotonic.
Warning : Non-monotonic wireload model found. [LBR-81]
        : 'Length' table in wireload model 'Large' is non-monotonic.
Warning : Non-monotonic wireload model found. [LBR-81]
        : 'Length' table in wireload model 'Large' is non-monotonic.
Warning : Non-monotonic wireload model found. [LBR-81]
        : 'Length' table in wireload model 'Large' is non-monotonic.
Warning : Non-monotonic wireload model found. [LBR-81]
        : 'Length' table in wireload model 'Medium' is non-monotonic.
Warning : Non-monotonic wireload model found. [LBR-81]
        : 'Length' table in wireload model 'Medium' is non-monotonic.
Warning : Non-monotonic wireload model found. [LBR-81]
        : 'Length' table in wireload model 'Medium' is non-monotonic.
Warning : Non-monotonic wireload model found. [LBR-81]
        : 'Length' table in wireload model 'Small' is non-monotonic.
Warning : Non-monotonic wireload model found. [LBR-81]
        : 'Length' table in wireload model 'Small' is non-monotonic.
Warning : Non-monotonic wireload model found. [LBR-81]
        : 'Length' table in wireload model 'Small' is non-monotonic.
  Total number of drivers for buffer tree removal: 137766
  Total number of buffer/inverter removed: 2663
Starting QoS prediction for fa_top...
  Setting attribute of root '/': 'invs_temp_dir' = ./genus2invs__3335645_f32480c4-0ec2-48a1-97fe-9f9858c12d7efa_top
%# Begin stylus_db::write (07/06 00:53:58, mem=3920.20M)
(stylus_db): Argument checking
Warning : Saving 'Common-DB' of a design using non-MMMC timing configuration. [DATABASE-140]
        : Timing will likely be upgraded to use MMMC on read.
(stylus_db): Directory creation under './genus2invs__3335645_f32480c4-0ec2-48a1-97fe-9f9858c12d7efa_top/genus2invs_db'
(stylus_db): Saving Verilog
(stylus_db): Saving SCANDEF
(stylus_db): No scan definition is present.
(stylus_db): Saving Latency
(stylus_db): Saving Derates
Writing compressed SDC constraint file ./genus2invs__3335645_f32480c4-0ec2-48a1-97fe-9f9858c12d7efa_top/genus2invs_db/cmn/fa_top.mmmc/views/default_emulate_view/latency.sdc.gz
(stylus_db): Saving MMMC/SDC
**INFO: (stylus_db): Any loop-breaker instances will be included in SDC constraints.
File ./genus2invs__3335645_f32480c4-0ec2-48a1-97fe-9f9858c12d7efa_top/genus2invs_db/cmn/fa_top.mmmc/fa_top.mmmc.tcl has been written.
Writing compressed SDC constraint file ./genus2invs__3335645_f32480c4-0ec2-48a1-97fe-9f9858c12d7efa_top/genus2invs_db/cmn/fa_top.mmmc/modes/default_emulate_constraint_mode/default_emulate_constraint_mode.sdc.gz
Finished SDC export (command execution time mm:ss (real) = 00:03).
Info: file ./genus2invs__3335645_f32480c4-0ec2-48a1-97fe-9f9858c12d7efa_top/genus2invs_db/cmn/fa_top.mmmc/modes/default_emulate_constraint_mode/default_emulate_constraint_mode.sdc.gz has been written
Info: file ./genus2invs__3335645_f32480c4-0ec2-48a1-97fe-9f9858c12d7efa_top/genus2invs_db/cmn/fa_top.mmmc/modes/default_emulate_constraint_mode/default_emulate_constraint_mode.sdc.gz has been written
(stylus_db): Saving Path-Adjusts
(stylus_db): Saving User-Attribute Settings
Writing compressed SDC constraint file ./genus2invs__3335645_f32480c4-0ec2-48a1-97fe-9f9858c12d7efa_top/genus2invs_db/cmn/fa_top.mmmc/pathadjust.sdc.gz
Finished SDC export (command execution time mm:ss (real) = 00:01).
(stylus_db): Saving Root Attribute Settings
(stylus_db): Saving Design and Library Attribute Settings
Finished SDC export (command execution time mm:ss (real) = 00:00).
(stylus_db): Saving Innovus Compatible Modes and Global Settings

(stylus_db): Writing instance attributes to SQL DB
(stylus_db): Saving NanoRoute Layer Assignments

Number of user defined NDR nets found: 0

Number of NDR nets found: 0
Number of nets with minimum layer assignments: 0

(stylus_db): Saving Flowkit Settings
(stylus_db): Saving Synthesis .g
(stylus_db): Saving Synthesis .g
(stylus_db): Saving Genus nonMMMC information
Writing GENUS setup file... Library
(stylus_db): Saving DEF
(stylus_db): Waiting for all child processes to complete
Writing compressed DEF file ./genus2invs__3335645_f32480c4-0ec2-48a1-97fe-9f9858c12d7efa_top/genus2invs_db/cmn/fa_top.def.gz
Finished DEF export (command execution time mm:ss (real) = 00:07).
(stylus_db): Completing mmmc file
(stylus_db): Saving Native DB
Finished exporting design database to file '/home/hujinzhao/pro/genus_bs2/genus2invs__3335645_f32480c4-0ec2-48a1-97fe-9f9858c12d7efa_top/genus2invs_db/syn/fa_top.db' for 'fa_top' (command execution time mm:ss cpu = 00:16, real = 00:18).
(stylus_db): Saving Unified Metrics
%# End stylus_db::write (07/06 00:55:39, total cpu=16:01:21, real=16:01:41, peak res=8346.60M, current mem=3960.22M)
Warning : Path-groups have been reset before iSpatial. [PHYS-1025] [syn_opt -spatial]
        : Recreation of path-groups is left to the user after iSpatial for reporting.
Info    : Beta feature. [LIC-2]
        : Beta feature 'do_not_encrypt_genus2invs.ispatial_setup.tcl' request.


Memory usage before design removal: 3960.22
Removing design...
Info : Deleting 2-D Early Global router data...
Info : 2-D Early Global router data deletion complete.
Removing library...
Memory usage after design removal: 2950.16


%# Begin launch_innovus (07/06 00:55:48, mem=2950.16M)
Info    : Beta feature. [LIC-2]
        : Beta feature 'do_not_encrypt_genus2invs.top.tcl' request.
Launching batch session (07/06/2026 00:55:48)...

Cadence Innovus(TM) Implementation System.
Copyright 2025 Cadence Design Systems, Inc. All rights reserved worldwide.

Version:	v25.12-s079_1, built Tue Nov 18 12:56:37 PST 2025
Options:	-init /home/hujinzhao/pro/genus_bs2/genus2invs__3335645_f32480c4-0ec2-48a1-97fe-9f9858c12d7efa_top/genus2invs.top.tcl -nowin -log ./genus2invs__3335645_f32480c4-0ec2-48a1-97fe-9f9858c12d7efa_top/innovus.log -cmd ./genus2invs__3335645_f32480c4-0ec2-48a1-97fe-9f9858c12d7efa_top/innovus.cmd -overwrite -execute set_db source_verbose false -stylus -x 0001A72991... 
Date:		Mon Jul  6 00:55:50 2026
Host:		sh02lo01 (x86_64 w/Linux 4.18.0-477.10.1.el8_8.x86_64) (18cores*36cpus*Intel(R) Xeon(R) Gold 6140 CPU @ 2.30GHz 25344KB)
OS:		Red Hat Enterprise Linux 8.8 (Ootpa)

License:
		[00:55:50.060281] Configured Lic search path (25.01-s002): 5280@sh02lo01

		Running innovus (-x) with FE_GPS capability.
		Extra license Encounter_NG100
		Extra license Genus_Synthesis
		Extra license Genus_Physical_Opt
		Extra license Innovus_2nm_GAA_Opt
		8 CPU jobs allowed with the current license(s). Use set_multi_cpu_usage to set your required CPU count.


Create and set the environment variable TMPDIR to /tmp/genus_temp_3335645_f32480c4-0ec2-48a1-97fe-9f9858c12d7e_sh02lo01_hujinzhao_nStijs/innovus_temp_3480511_6e967010-24d9-44b1-9852-73cde6eadb82_sh02lo01_hujinzhao_sdBqDu.

The soft stacksize limit is either up to the hard limit or larger than 0.2% of RAM. No change is needed.
Info: Process UID = 3480511 / 6e967010-24d9-44b1-9852-73cde6eadb82 / QIawEQQyh6

**INFO:  MMMC transition support version v31-84 

#@ Processing -execute option
@innovus 1> set_db source_verbose false
#@ Processing -files option
@innovus 2> source /home/hujinzhao/pro/genus_bs2/genus2invs__3335645_f32480c4-0ec2-48a1-97fe-9f9858c12d7efa_top/genus2invs.top.tcl
Checking Innovus major version against Genus expectations ...
%# Design Import Start (07/06 00:56:23, mem=1901.93M)
(stylus_db): ::init_mmmc_version set to version 2 from SQL db.
(stylus_db): Load Metric file ...
#% Begin Load Metric file (date=07/06 00:56:24, mem=1906.9M)
#% End Load Metric file (date=07/06 00:56:24, total cpu=0:00:00.1, real=0:00:00.0, peak res=1912.0M, current mem=1907.5M)
#% Begin Load Common DB (date=07/06 00:56:24, mem=1907.5M)
(stylus_db): Begin loading Common DB 'genus2invs_db' (Created by Genus(TM) Synthesis Solution 25.12-s067_1) ...
(stylus_db): Initialized SQLite db version 0.2 ..
(stylus_db): Sourcing .globals file  ...
(stylus_db): setting init_mmmc_version to 2
(stylus_db): Setting Library Root attributes ...
(stylus_db): Set 9 timing library and user attributes of Root 
(stylus_db): Load Flow-Kit settings ...
% Begin Load Flow-Kit settings (date=07/06 00:56:25, mem=1910.6M)
% End Load Flow-Kit settings (date=07/06 00:56:25, total cpu=0:00:00.1, real=0:00:00.0, peak res=1910.6M, current mem=1910.6M)
% Begin Load MMMC data (date=07/06 00:56:25, mem=1910.6M)
(stylus_db): Reading MMMC file ...
Starting library reading in 'Multi-threaded flow' (with '8' threads)
Reading default_emulate_libset_max timing library /home/share/pdk/ciel/sky130/versions/e8294524e5f67c533c5d0c3afa0bcc5b2a5fa066/sky130A/libs.ref/sky130_fd_sc_hs/lib/sky130_fd_sc_hs__tt_025C_1v80.lib.
**ERROR: (TECHLIB-1175):	Template name 'ccsn_dc' used in group 'dc_current' on line 6106 is not defined in the library. To fix this issue, define the missing template in the library. (File /home/share/pdk/ciel/sky130/versions/e8294524e5f67c533c5d0c3afa0bcc5b2a5fa066/sky130A/libs.ref/sky130_fd_sc_hs/lib/sky130_fd_sc_hs__tt_025C_1v80.lib)
**ERROR: (TECHLIB-1256):	The dc_current group 'ccsn_dc' is being ignored due to errors in this group. This group will be excluded for any further library checks. Refer to the previous messages issued for dc_current group 'ccsn_dc' to find the details of the issues in this group. (File /home/share/pdk/ciel/sky130/versions/e8294524e5f67c533c5d0c3afa0bcc5b2a5fa066/sky130A/libs.ref/sky130_fd_sc_hs/lib/sky130_fd_sc_hs__tt_025C_1v80.lib, Line 6106)
**ERROR: (TECHLIB-1175):	Template name 'ccsn_ovrf' used in group 'vector' on line 6158 is not defined in the library. To fix this issue, define the missing template in the library. (File /home/share/pdk/ciel/sky130/versions/e8294524e5f67c533c5d0c3afa0bcc5b2a5fa066/sky130A/libs.ref/sky130_fd_sc_hs/lib/sky130_fd_sc_hs__tt_025C_1v80.lib)
**ERROR: (TECHLIB-1256):	The vector group 'ccsn_ovrf' is being ignored due to errors in this group. This group will be excluded for any further library checks. Refer to the previous messages issued for vector group 'ccsn_ovrf' to find the details of the issues in this group. (File /home/share/pdk/ciel/sky130/versions/e8294524e5f67c533c5d0c3afa0bcc5b2a5fa066/sky130A/libs.ref/sky130_fd_sc_hs/lib/sky130_fd_sc_hs__tt_025C_1v80.lib, Line 6158)
**ERROR: (TECHLIB-1175):	Template name 'ccsn_ovrf' used in group 'vector' on line 6164 is not defined in the library. To fix this issue, define the missing template in the library. (File /home/share/pdk/ciel/sky130/versions/e8294524e5f67c533c5d0c3afa0bcc5b2a5fa066/sky130A/libs.ref/sky130_fd_sc_hs/lib/sky130_fd_sc_hs__tt_025C_1v80.lib)
**ERROR: (TECHLIB-1256):	The vector group 'ccsn_ovrf' is being ignored due to errors in this group. This group will be excluded for any further library checks. Refer to the previous messages issued for vector group 'ccsn_ovrf' to find the details of the issues in this group. (File /home/share/pdk/ciel/sky130/versions/e8294524e5f67c533c5d0c3afa0bcc5b2a5fa066/sky130A/libs.ref/sky130_fd_sc_hs/lib/sky130_fd_sc_hs__tt_025C_1v80.lib, Line 6164)
**ERROR: (TECHLIB-1175):	Template name 'ccsn_ovrf' used in group 'vector' on line 6144 is not defined in the library. To fix this issue, define the missing template in the library. (File /home/share/pdk/ciel/sky130/versions/e8294524e5f67c533c5d0c3afa0bcc5b2a5fa066/sky130A/libs.ref/sky130_fd_sc_hs/lib/sky130_fd_sc_hs__tt_025C_1v80.lib)
**ERROR: (TECHLIB-1256):	The vector group 'ccsn_ovrf' is being ignored due to errors in this group. This group will be excluded for any further library checks. Refer to the previous messages issued for vector group 'ccsn_ovrf' to find the details of the issues in this group. (File /home/share/pdk/ciel/sky130/versions/e8294524e5f67c533c5d0c3afa0bcc5b2a5fa066/sky130A/libs.ref/sky130_fd_sc_hs/lib/sky130_fd_sc_hs__tt_025C_1v80.lib, Line 6144)
**ERROR: (TECHLIB-1175):	Template name 'ccsn_ovrf' used in group 'vector' on line 6150 is not defined in the library. To fix this issue, define the missing template in the library. (File /home/share/pdk/ciel/sky130/versions/e8294524e5f67c533c5d0c3afa0bcc5b2a5fa066/sky130A/libs.ref/sky130_fd_sc_hs/lib/sky130_fd_sc_hs__tt_025C_1v80.lib)
**ERROR: (TECHLIB-1256):	The vector group 'ccsn_ovrf' is being ignored due to errors in this group. This group will be excluded for any further library checks. Refer to the previous messages issued for vector group 'ccsn_ovrf' to find the details of the issues in this group. (File /home/share/pdk/ciel/sky130/versions/e8294524e5f67c533c5d0c3afa0bcc5b2a5fa066/sky130A/libs.ref/sky130_fd_sc_hs/lib/sky130_fd_sc_hs__tt_025C_1v80.lib, Line 6150)
**ERROR: (TECHLIB-1175):	Template name 'ccsn_pnlh' used in group 'vector' on line 6223 is not defined in the library. To fix this issue, define the missing template in the library. (File /home/share/pdk/ciel/sky130/versions/e8294524e5f67c533c5d0c3afa0bcc5b2a5fa066/sky130A/libs.ref/sky130_fd_sc_hs/lib/sky130_fd_sc_hs__tt_025C_1v80.lib)
**ERROR: (TECHLIB-1256):	The vector group 'ccsn_pnlh' is being ignored due to errors in this group. This group will be excluded for any further library checks. Refer to the previous messages issued for vector group 'ccsn_pnlh' to find the details of the issues in this group. (File /home/share/pdk/ciel/sky130/versions/e8294524e5f67c533c5d0c3afa0bcc5b2a5fa066/sky130A/libs.ref/sky130_fd_sc_hs/lib/sky130_fd_sc_hs__tt_025C_1v80.lib, Line 6223)
**ERROR: (TECHLIB-1175):	Template name 'ccsn_pnlh' used in group 'vector' on line 6230 is not defined in the library. To fix this issue, define the missing template in the library. (File /home/share/pdk/ciel/sky130/versions/e8294524e5f67c533c5d0c3afa0bcc5b2a5fa066/sky130A/libs.ref/sky130_fd_sc_hs/lib/sky130_fd_sc_hs__tt_025C_1v80.lib)
**ERROR: (TECHLIB-1256):	The vector group 'ccsn_pnlh' is being ignored due to errors in this group. This group will be excluded for any further library checks. Refer to the previous messages issued for vector group 'ccsn_pnlh' to find the details of the issues in this group. (File /home/share/pdk/ciel/sky130/versions/e8294524e5f67c533c5d0c3afa0bcc5b2a5fa066/sky130A/libs.ref/sky130_fd_sc_hs/lib/sky130_fd_sc_hs__tt_025C_1v80.lib, Line 6230)
**ERROR: (TECHLIB-1175):	Template name 'ccsn_pnlh' used in group 'vector' on line 6237 is not defined in the library. To fix this issue, define the missing template in the library. (File /home/share/pdk/ciel/sky130/versions/e8294524e5f67c533c5d0c3afa0bcc5b2a5fa066/sky130A/libs.ref/sky130_fd_sc_hs/lib/sky130_fd_sc_hs__tt_025C_1v80.lib)
**ERROR: (TECHLIB-1256):	The vector group 'ccsn_pnlh' is being ignored due to errors in this group. This group will be excluded for any further library checks. Refer to the previous messages issued for vector group 'ccsn_pnlh' to find the details of the issues in this group. (File /home/share/pdk/ciel/sky130/versions/e8294524e5f67c533c5d0c3afa0bcc5b2a5fa066/sky130A/libs.ref/sky130_fd_sc_hs/lib/sky130_fd_sc_hs__tt_025C_1v80.lib, Line 6237)
**ERROR: (TECHLIB-1175):	Template name 'ccsn_pnlh' used in group 'vector' on line 6244 is not defined in the library. To fix this issue, define the missing template in the library. (File /home/share/pdk/ciel/sky130/versions/e8294524e5f67c533c5d0c3afa0bcc5b2a5fa066/sky130A/libs.ref/sky130_fd_sc_hs/lib/sky130_fd_sc_hs__tt_025C_1v80.lib)
**ERROR: (TECHLIB-1256):	The vector group 'ccsn_pnlh' is being ignored due to errors in this group. This group will be excluded for any further library checks. Refer to the previous messages issued for vector group 'ccsn_pnlh' to find the details of the issues in this group. (File /home/share/pdk/ciel/sky130/versions/e8294524e5f67c533c5d0c3afa0bcc5b2a5fa066/sky130A/libs.ref/sky130_fd_sc_hs/lib/sky130_fd_sc_hs__tt_025C_1v80.lib, Line 6244)
**ERROR: (TECHLIB-1175):	Template name 'ccsn_pnlh' used in group 'vector' on line 6251 is not defined in the library. To fix this issue, define the missing template in the library. (File /home/share/pdk/ciel/sky130/versions/e8294524e5f67c533c5d0c3afa0bcc5b2a5fa066/sky130A/libs.ref/sky130_fd_sc_hs/lib/sky130_fd_sc_hs__tt_025C_1v80.lib)
**ERROR: (TECHLIB-1256):	The vector group 'ccsn_pnlh' is being ignored due to errors in this group. This group will be excluded for any further library checks. Refer to the previous messages issued for vector group 'ccsn_pnlh' to find the details of the issues in this group. (File /home/share/pdk/ciel/sky130/versions/e8294524e5f67c533c5d0c3afa0bcc5b2a5fa066/sky130A/libs.ref/sky130_fd_sc_hs/lib/sky130_fd_sc_hs__tt_025C_1v80.lib, Line 6251)
**ERROR: (TECHLIB-1175):	Template name 'ccsn_pnlh' used in group 'vector' on line 6258 is not defined in the library. To fix this issue, define the missing template in the library. (File /home/share/pdk/ciel/sky130/versions/e8294524e5f67c533c5d0c3afa0bcc5b2a5fa066/sky130A/libs.ref/sky130_fd_sc_hs/lib/sky130_fd_sc_hs__tt_025C_1v80.lib)
**ERROR: (TECHLIB-1256):	The vector group 'ccsn_pnlh' is being ignored due to errors in this group. This group will be excluded for any further library checks. Refer to the previous messages issued for vector group 'ccsn_pnlh' to find the details of the issues in this group. (File /home/share/pdk/ciel/sky130/versions/e8294524e5f67c533c5d0c3afa0bcc5b2a5fa066/sky130A/libs.ref/sky130_fd_sc_hs/lib/sky130_fd_sc_hs__tt_025C_1v80.lib, Line 6258)
**ERROR: (TECHLIB-1175):	Template name 'ccsn_pnlh' used in group 'vector' on line 6265 is not defined in the library. To fix this issue, define the missing template in the library. (File /home/share/pdk/ciel/sky130/versions/e8294524e5f67c533c5d0c3afa0bcc5b2a5fa066/sky130A/libs.ref/sky130_fd_sc_hs/lib/sky130_fd_sc_hs__tt_025C_1v80.lib)
**ERROR: (TECHLIB-1256):	The vector group 'ccsn_pnlh' is being ignored due to errors in this group. This group will be excluded for any further library checks. Refer to the previous messages issued for vector group 'ccsn_pnlh' to find the details of the issues in this group. (File /home/share/pdk/ciel/sky130/versions/e8294524e5f67c533c5d0c3afa0bcc5b2a5fa066/sky130A/libs.ref/sky130_fd_sc_hs/lib/sky130_fd_sc_hs__tt_025C_1v80.lib, Line 6265)
**ERROR: (TECHLIB-1175):	Template name 'ccsn_pnlh' used in group 'vector' on line 6172 is not defined in the library. To fix this issue, define the missing template in the library. (File /home/share/pdk/ciel/sky130/versions/e8294524e5f67c533c5d0c3afa0bcc5b2a5fa066/sky130A/libs.ref/sky130_fd_sc_hs/lib/sky130_fd_sc_hs__tt_025C_1v80.lib)
**ERROR: (TECHLIB-1256):	The vector group 'ccsn_pnlh' is being ignored due to errors in this group. This group will be excluded for any further library checks. Refer to the previous messages issued for vector group 'ccsn_pnlh' to find the details of the issues in this group. (File /home/share/pdk/ciel/sky130/versions/e8294524e5f67c533c5d0c3afa0bcc5b2a5fa066/sky130A/libs.ref/sky130_fd_sc_hs/lib/sky130_fd_sc_hs__tt_025C_1v80.lib, Line 6172)
**ERROR: (TECHLIB-1175):	Template name 'ccsn_pnlh' used in group 'vector' on line 6179 is not defined in the library. To fix this issue, define the missing template in the library. (File /home/share/pdk/ciel/sky130/versions/e8294524e5f67c533c5d0c3afa0bcc5b2a5fa066/sky130A/libs.ref/sky130_fd_sc_hs/lib/sky130_fd_sc_hs__tt_025C_1v80.lib)
**ERROR: (TECHLIB-1256):	The vector group 'ccsn_pnlh' is being ignored due to errors in this group. This group will be excluded for any further library checks. Refer to the previous messages issued for vector group 'ccsn_pnlh' to find the details of the issues in this group. (File /home/share/pdk/ciel/sky130/versions/e8294524e5f67c533c5d0c3afa0bcc5b2a5fa066/sky130A/libs.ref/sky130_fd_sc_hs/lib/sky130_fd_sc_hs__tt_025C_1v80.lib, Line 6179)
**ERROR: (TECHLIB-1175):	Template name 'ccsn_pnlh' used in group 'vector' on line 6186 is not defined in the library. To fix this issue, define the missing template in the library. (File /home/share/pdk/ciel/sky130/versions/e8294524e5f67c533c5d0c3afa0bcc5b2a5fa066/sky130A/libs.ref/sky130_fd_sc_hs/lib/sky130_fd_sc_hs__tt_025C_1v80.lib)
**ERROR: (TECHLIB-1256):	The vector group 'ccsn_pnlh' is being ignored due to errors in this group. This group will be excluded for any further library checks. Refer to the previous messages issued for vector group 'ccsn_pnlh' to find the details of the issues in this group. (File /home/share/pdk/ciel/sky130/versions/e8294524e5f67c533c5d0c3afa0bcc5b2a5fa066/sky130A/libs.ref/sky130_fd_sc_hs/lib/sky130_fd_sc_hs__tt_025C_1v80.lib, Line 6186)
**ERROR: (TECHLIB-1175):	Template name 'ccsn_pnlh' used in group 'vector' on line 6193 is not defined in the library. To fix this issue, define the missing template in the library. (File /home/share/pdk/ciel/sky130/versions/e8294524e5f67c533c5d0c3afa0bcc5b2a5fa066/sky130A/libs.ref/sky130_fd_sc_hs/lib/sky130_fd_sc_hs__tt_025C_1v80.lib)
**ERROR: (TECHLIB-1256):	The vector group 'ccsn_pnlh' is being ignored due to errors in this group. This group will be excluded for any further library checks. Refer to the previous messages issued for vector group 'ccsn_pnlh' to find the details of the issues in this group. (File /home/share/pdk/ciel/sky130/versions/e8294524e5f67c533c5d0c3afa0bcc5b2a5fa066/sky130A/libs.ref/sky130_fd_sc_hs/lib/sky130_fd_sc_hs__tt_025C_1v80.lib, Line 6193)
**ERROR: (TECHLIB-1175):	Template name 'ccsn_pnlh' used in group 'vector' on line 6200 is not defined in the library. To fix this issue, define the missing template in the library. (File /home/share/pdk/ciel/sky130/versions/e8294524e5f67c533c5d0c3afa0bcc5b2a5fa066/sky130A/libs.ref/sky130_fd_sc_hs/lib/sky130_fd_sc_hs__tt_025C_1v80.lib)
**ERROR: (TECHLIB-1256):	The vector group 'ccsn_pnlh' is being ignored due to errors in this group. This group will be excluded for any further library checks. Refer to the previous messages issued for vector group 'ccsn_pnlh' to find the details of the issues in this group. (File /home/share/pdk/ciel/sky130/versions/e8294524e5f67c533c5d0c3afa0bcc5b2a5fa066/sky130A/libs.ref/sky130_fd_sc_hs/lib/sky130_fd_sc_hs__tt_025C_1v80.lib, Line 6200)
**ERROR: (TECHLIB-1175):	Template name 'ccsn_pnlh' used in group 'vector' on line 6207 is not defined in the library. To fix this issue, define the missing template in the library. (File /home/share/pdk/ciel/sky130/versions/e8294524e5f67c533c5d0c3afa0bcc5b2a5fa066/sky130A/libs.ref/sky130_fd_sc_hs/lib/sky130_fd_sc_hs__tt_025C_1v80.lib)
**ERROR: (TECHLIB-1256):	The vector group 'ccsn_pnlh' is being ignored due to errors in this group. This group will be excluded for any further library checks. Refer to the previous messages issued for vector group 'ccsn_pnlh' to find the details of the issues in this group. (File /home/share/pdk/ciel/sky130/versions/e8294524e5f67c533c5d0c3afa0bcc5b2a5fa066/sky130A/libs.ref/sky130_fd_sc_hs/lib/sky130_fd_sc_hs__tt_025C_1v80.lib, Line 6207)
**ERROR: (TECHLIB-1175):	Template name 'ccsn_pnlh' used in group 'vector' on line 6214 is not defined in the library. To fix this issue, define the missing template in the library. (File /home/share/pdk/ciel/sky130/versions/e8294524e5f67c533c5d0c3afa0bcc5b2a5fa066/sky130A/libs.ref/sky130_fd_sc_hs/lib/sky130_fd_sc_hs__tt_025C_1v80.lib)
**ERROR: (TECHLIB-1256):	The vector group 'ccsn_pnlh' is being ignored due to errors in this group. This group will be excluded for any further library checks. Refer to the previous messages issued for vector group 'ccsn_pnlh' to find the details of the issues in this group. (File /home/share/pdk/ciel/sky130/versions/e8294524e5f67c533c5d0c3afa0bcc5b2a5fa066/sky130A/libs.ref/sky130_fd_sc_hs/lib/sky130_fd_sc_hs__tt_025C_1v80.lib, Line 6214)
**ERROR: (TECHLIB-1173):	The 'dc_current' attribute has not been defined for group 'ccsn_first_stage' on line 6105. This may lead to undesirable analysis results. To fix this issue, define the missing attribute in library. (File /home/share/pdk/ciel/sky130/versions/e8294524e5f67c533c5d0c3afa0bcc5b2a5fa066/sky130A/libs.ref/sky130_fd_sc_hs/lib/sky130_fd_sc_hs__tt_025C_1v80.lib)
**ERROR: (TECHLIB-1175):	Template name 'ccsn_dc' used in group 'dc_current' on line 6276 is not defined in the library. To fix this issue, define the missing template in the library. (File /home/share/pdk/ciel/sky130/versions/e8294524e5f67c533c5d0c3afa0bcc5b2a5fa066/sky130A/libs.ref/sky130_fd_sc_hs/lib/sky130_fd_sc_hs__tt_025C_1v80.lib)
**ERROR: (TECHLIB-1256):	The dc_current group 'ccsn_dc' is being ignored due to errors in this group. This group will be excluded for any further library checks. Refer to the previous messages issued for dc_current group 'ccsn_dc' to find the details of the issues in this group. (File /home/share/pdk/ciel/sky130/versions/e8294524e5f67c533c5d0c3afa0bcc5b2a5fa066/sky130A/libs.ref/sky130_fd_sc_hs/lib/sky130_fd_sc_hs__tt_025C_1v80.lib, Line 6276)
Message <TECHLIB-1175> has exceeded the message display limit of '20'. Use 'set_message -no_limit -id list_of_msgIDs' to reset the message limit.
Message <TECHLIB-1256> has exceeded the message display limit of '20'. Use 'set_message -no_limit -id list_of_msgIDs' to reset the message limit.
**ERROR: (TECHLIB-1173):	The 'dc_current' attribute has not been defined for group 'ccsn_last_stage' on line 6275. This may lead to undesirable analysis results. To fix this issue, define the missing attribute in library. (File /home/share/pdk/ciel/sky130/versions/e8294524e5f67c533c5d0c3afa0bcc5b2a5fa066/sky130A/libs.ref/sky130_fd_sc_hs/lib/sky130_fd_sc_hs__tt_025C_1v80.lib)
**ERROR: (TECHLIB-1173):	The 'dc_current' attribute has not been defined for group 'ccsn_first_stage' on line 6541. This may lead to undesirable analysis results. To fix this issue, define the missing attribute in library. (File /home/share/pdk/ciel/sky130/versions/e8294524e5f67c533c5d0c3afa0bcc5b2a5fa066/sky130A/libs.ref/sky130_fd_sc_hs/lib/sky130_fd_sc_hs__tt_025C_1v80.lib)
**ERROR: (TECHLIB-1173):	The 'dc_current' attribute has not been defined for group 'ccsn_last_stage' on line 6711. This may lead to undesirable analysis results. To fix this issue, define the missing attribute in library. (File /home/share/pdk/ciel/sky130/versions/e8294524e5f67c533c5d0c3afa0bcc5b2a5fa066/sky130A/libs.ref/sky130_fd_sc_hs/lib/sky130_fd_sc_hs__tt_025C_1v80.lib)
**ERROR: (TECHLIB-1173):	The 'dc_current' attribute has not been defined for group 'ccsn_first_stage' on line 6977. This may lead to undesirable analysis results. To fix this issue, define the missing attribute in library. (File /home/share/pdk/ciel/sky130/versions/e8294524e5f67c533c5d0c3afa0bcc5b2a5fa066/sky130A/libs.ref/sky130_fd_sc_hs/lib/sky130_fd_sc_hs__tt_025C_1v80.lib)
**ERROR: (TECHLIB-1173):	The 'dc_current' attribute has not been defined for group 'ccsn_last_stage' on line 7148. This may lead to undesirable analysis results. To fix this issue, define the missing attribute in library. (File /home/share/pdk/ciel/sky130/versions/e8294524e5f67c533c5d0c3afa0bcc5b2a5fa066/sky130A/libs.ref/sky130_fd_sc_hs/lib/sky130_fd_sc_hs__tt_025C_1v80.lib)
**ERROR: (TECHLIB-1173):	The 'dc_current' attribute has not been defined for group 'ccsn_first_stage' on line 7417. This may lead to undesirable analysis results. To fix this issue, define the missing attribute in library. (File /home/share/pdk/ciel/sky130/versions/e8294524e5f67c533c5d0c3afa0bcc5b2a5fa066/sky130A/libs.ref/sky130_fd_sc_hs/lib/sky130_fd_sc_hs__tt_025C_1v80.lib)
**ERROR: (TECHLIB-1173):	The 'dc_current' attribute has not been defined for group 'ccsn_last_stage' on line 7588. This may lead to undesirable analysis results. To fix this issue, define the missing attribute in library. (File /home/share/pdk/ciel/sky130/versions/e8294524e5f67c533c5d0c3afa0bcc5b2a5fa066/sky130A/libs.ref/sky130_fd_sc_hs/lib/sky130_fd_sc_hs__tt_025C_1v80.lib)
**ERROR: (TECHLIB-1173):	The 'dc_current' attribute has not been defined for group 'ccsn_first_stage' on line 7857. This may lead to undesirable analysis results. To fix this issue, define the missing attribute in library. (File /home/share/pdk/ciel/sky130/versions/e8294524e5f67c533c5d0c3afa0bcc5b2a5fa066/sky130A/libs.ref/sky130_fd_sc_hs/lib/sky130_fd_sc_hs__tt_025C_1v80.lib)
**ERROR: (TECHLIB-1173):	The 'dc_current' attribute has not been defined for group 'ccsn_last_stage' on line 8028. This may lead to undesirable analysis results. To fix this issue, define the missing attribute in library. (File /home/share/pdk/ciel/sky130/versions/e8294524e5f67c533c5d0c3afa0bcc5b2a5fa066/sky130A/libs.ref/sky130_fd_sc_hs/lib/sky130_fd_sc_hs__tt_025C_1v80.lib)
**ERROR: (TECHLIB-1173):	The 'dc_current' attribute has not been defined for group 'ccsn_first_stage' on line 8297. This may lead to undesirable analysis results. To fix this issue, define the missing attribute in library. (File /home/share/pdk/ciel/sky130/versions/e8294524e5f67c533c5d0c3afa0bcc5b2a5fa066/sky130A/libs.ref/sky130_fd_sc_hs/lib/sky130_fd_sc_hs__tt_025C_1v80.lib)
**ERROR: (TECHLIB-1173):	The 'dc_current' attribute has not been defined for group 'ccsn_last_stage' on line 8468. This may lead to undesirable analysis results. To fix this issue, define the missing attribute in library. (File /home/share/pdk/ciel/sky130/versions/e8294524e5f67c533c5d0c3afa0bcc5b2a5fa066/sky130A/libs.ref/sky130_fd_sc_hs/lib/sky130_fd_sc_hs__tt_025C_1v80.lib)
**ERROR: (TECHLIB-1173):	The 'dc_current' attribute has not been defined for group 'ccsn_first_stage' on line 8737. This may lead to undesirable analysis results. To fix this issue, define the missing attribute in library. (File /home/share/pdk/ciel/sky130/versions/e8294524e5f67c533c5d0c3afa0bcc5b2a5fa066/sky130A/libs.ref/sky130_fd_sc_hs/lib/sky130_fd_sc_hs__tt_025C_1v80.lib)
**ERROR: (TECHLIB-1173):	The 'dc_current' attribute has not been defined for group 'ccsn_last_stage' on line 8908. This may lead to undesirable analysis results. To fix this issue, define the missing attribute in library. (File /home/share/pdk/ciel/sky130/versions/e8294524e5f67c533c5d0c3afa0bcc5b2a5fa066/sky130A/libs.ref/sky130_fd_sc_hs/lib/sky130_fd_sc_hs__tt_025C_1v80.lib)
**ERROR: (TECHLIB-1173):	The 'dc_current' attribute has not been defined for group 'ccsn_first_stage' on line 9177. This may lead to undesirable analysis results. To fix this issue, define the missing attribute in library. (File /home/share/pdk/ciel/sky130/versions/e8294524e5f67c533c5d0c3afa0bcc5b2a5fa066/sky130A/libs.ref/sky130_fd_sc_hs/lib/sky130_fd_sc_hs__tt_025C_1v80.lib)
**ERROR: (TECHLIB-1173):	The 'dc_current' attribute has not been defined for group 'ccsn_last_stage' on line 9348. This may lead to undesirable analysis results. To fix this issue, define the missing attribute in library. (File /home/share/pdk/ciel/sky130/versions/e8294524e5f67c533c5d0c3afa0bcc5b2a5fa066/sky130A/libs.ref/sky130_fd_sc_hs/lib/sky130_fd_sc_hs__tt_025C_1v80.lib)
**ERROR: (TECHLIB-1173):	The 'dc_current' attribute has not been defined for group 'ccsn_first_stage' on line 9617. This may lead to undesirable analysis results. To fix this issue, define the missing attribute in library. (File /home/share/pdk/ciel/sky130/versions/e8294524e5f67c533c5d0c3afa0bcc5b2a5fa066/sky130A/libs.ref/sky130_fd_sc_hs/lib/sky130_fd_sc_hs__tt_025C_1v80.lib)
**ERROR: (TECHLIB-1173):	The 'dc_current' attribute has not been defined for group 'ccsn_last_stage' on line 9788. This may lead to undesirable analysis results. To fix this issue, define the missing attribute in library. (File /home/share/pdk/ciel/sky130/versions/e8294524e5f67c533c5d0c3afa0bcc5b2a5fa066/sky130A/libs.ref/sky130_fd_sc_hs/lib/sky130_fd_sc_hs__tt_025C_1v80.lib)
**ERROR: (TECHLIB-1173):	The 'dc_current' attribute has not been defined for group 'ccsn_first_stage' on line 10057. This may lead to undesirable analysis results. To fix this issue, define the missing attribute in library. (File /home/share/pdk/ciel/sky130/versions/e8294524e5f67c533c5d0c3afa0bcc5b2a5fa066/sky130A/libs.ref/sky130_fd_sc_hs/lib/sky130_fd_sc_hs__tt_025C_1v80.lib)
**ERROR: (TECHLIB-1173):	The 'dc_current' attribute has not been defined for group 'ccsn_last_stage' on line 10228. This may lead to undesirable analysis results. To fix this issue, define the missing attribute in library. (File /home/share/pdk/ciel/sky130/versions/e8294524e5f67c533c5d0c3afa0bcc5b2a5fa066/sky130A/libs.ref/sky130_fd_sc_hs/lib/sky130_fd_sc_hs__tt_025C_1v80.lib)
Message <TECHLIB-1173> has exceeded the message display limit of '20'. Use 'set_message -no_limit -id list_of_msgIDs' to reset the message limit.
**WARN: (TECHLIB-302):	No function defined for cell 'sky130_fd_sc_hs__decap_8'. The cell will only be used for analysis. (File /home/share/pdk/ciel/sky130/versions/e8294524e5f67c533c5d0c3afa0bcc5b2a5fa066/sky130A/libs.ref/sky130_fd_sc_hs/lib/sky130_fd_sc_hs__tt_025C_1v80.lib)
**WARN: (TECHLIB-302):	No function defined for cell 'sky130_fd_sc_hs__decap_4'. The cell will only be used for analysis. (File /home/share/pdk/ciel/sky130/versions/e8294524e5f67c533c5d0c3afa0bcc5b2a5fa066/sky130A/libs.ref/sky130_fd_sc_hs/lib/sky130_fd_sc_hs__tt_025C_1v80.lib)
Read 376 cells in library sky130_fd_sc_hs__tt_025C_1v80.
Reading default_emulate_libset_max timing library /home/hujinzhao/pro/genus_bs2/workspace/LIBS/sky130_sram_0kbytes_1rw1r_64x32_8_TT_1p8V_25C.lib.
Read 1 cells in library sky130_sram_0kbytes_1rw1r_64x32_8_TT_1p8V_25C_lib.
Reading default_emulate_libset_max timing library /home/hujinzhao/pro/genus_bs2/workspace/LIBS/sky130_sram_0kbytes_1rw1r_64x64_8_TT_1p8V_25C.lib.
Read 1 cells in library sky130_sram_0kbytes_1rw1r_64x64_8_TT_1p8V_25C_lib.
Reading default_emulate_libset_max timing library /home/hujinzhao/pro/genus_bs2/workspace/LIBS/sky130_sram_0kbytes_1rw1r_128x16_16_TT_1p8V_25C.lib.
Read 1 cells in library sky130_sram_0kbytes_1rw1r_128x16_16_TT_1p8V_25C_lib.
Library reading multithread flow ended.
% End Load MMMC data (date=07/06 00:56:27, total cpu=0:00:07.6, real=0:00:02.0, peak res=2107.8M, current mem=1940.5M)
% Begin Load LEF files (date=07/06 00:56:28, mem=1940.5M)
(stylus_db): Load LEF files ...

Loading LEF file /home/hujinzhao/pro/genus_bs2/workspace/LEFS/sky130_fd_sc_hs__nom.tlef ...

Loading LEF file /home/hujinzhao/pro/genus_bs2/workspace/LEFS/sky130_fd_sc_hs.lef ...
WARNING (LEFPARS-2008): NOWIREEXTENSIONATPIN statement is obsolete in version 5.6 or later.
The NOWIREEXTENSIONATPIN statement will be ignored. See file /home/hujinzhao/pro/genus_bs2/workspace/LEFS/sky130_fd_sc_hs.lef at line 2.
**WARN: (IMPLF-108):	There is no overlap layer defined in any LEF file
so you are unable to create rectilinear partition in a hierarchical flow.
Set DBUPerIGU to M1 pitch 480.

Loading LEF file /home/hujinzhao/pro/genus_bs2/workspace/LEFS/sky130_sram_0kbytes_1rw1r_64x32_8.lef ...
**WARN: (IMPLF-246):	The 'UNITS' attribute is only allowed to be set in the first LEF file (technology LEF). The attribute was found in this LEF file, and will be ignored.

Loading LEF file /home/hujinzhao/pro/genus_bs2/workspace/LEFS/sky130_sram_0kbytes_1rw1r_128x16_16.lef ...
**WARN: (IMPLF-246):	The 'UNITS' attribute is only allowed to be set in the first LEF file (technology LEF). The attribute was found in this LEF file, and will be ignored.

Loading LEF file /home/hujinzhao/pro/genus_bs2/workspace/LEFS/sky130_sram_0kbytes_1rw1r_64x64_8.lef ...
**WARN: (IMPLF-246):	The 'UNITS' attribute is only allowed to be set in the first LEF file (technology LEF). The attribute was found in this LEF file, and will be ignored.
**WARN: (IMPLF-200):	Pin 'din0[0]' in macro 'sky130_sram_0kbytes_1rw1r_64x64_8' has no ANTENNAGATEAREA value defined. The library data is incomplete and some process antenna rules will not be checked correctly.
Type 'man IMPLF-200' for more detail.
**WARN: (IMPLF-200):	Pin 'din0[1]' in macro 'sky130_sram_0kbytes_1rw1r_64x64_8' has no ANTENNAGATEAREA value defined. The library data is incomplete and some process antenna rules will not be checked correctly.
Type 'man IMPLF-200' for more detail.
**WARN: (IMPLF-200):	Pin 'din0[2]' in macro 'sky130_sram_0kbytes_1rw1r_64x64_8' has no ANTENNAGATEAREA value defined. The library data is incomplete and some process antenna rules will not be checked correctly.
Type 'man IMPLF-200' for more detail.
**WARN: (IMPLF-200):	Pin 'din0[3]' in macro 'sky130_sram_0kbytes_1rw1r_64x64_8' has no ANTENNAGATEAREA value defined. The library data is incomplete and some process antenna rules will not be checked correctly.
Type 'man IMPLF-200' for more detail.
**WARN: (IMPLF-200):	Pin 'din0[4]' in macro 'sky130_sram_0kbytes_1rw1r_64x64_8' has no ANTENNAGATEAREA value defined. The library data is incomplete and some process antenna rules will not be checked correctly.
Type 'man IMPLF-200' for more detail.
**WARN: (IMPLF-200):	Pin 'din0[5]' in macro 'sky130_sram_0kbytes_1rw1r_64x64_8' has no ANTENNAGATEAREA value defined. The library data is incomplete and some process antenna rules will not be checked correctly.
Type 'man IMPLF-200' for more detail.
**WARN: (IMPLF-200):	Pin 'din0[6]' in macro 'sky130_sram_0kbytes_1rw1r_64x64_8' has no ANTENNAGATEAREA value defined. The library data is incomplete and some process antenna rules will not be checked correctly.
Type 'man IMPLF-200' for more detail.
**WARN: (IMPLF-200):	Pin 'din0[7]' in macro 'sky130_sram_0kbytes_1rw1r_64x64_8' has no ANTENNAGATEAREA value defined. The library data is incomplete and some process antenna rules will not be checked correctly.
Type 'man IMPLF-200' for more detail.
**WARN: (IMPLF-200):	Pin 'din0[8]' in macro 'sky130_sram_0kbytes_1rw1r_64x64_8' has no ANTENNAGATEAREA value defined. The library data is incomplete and some process antenna rules will not be checked correctly.
Type 'man IMPLF-200' for more detail.
**WARN: (IMPLF-200):	Pin 'din0[9]' in macro 'sky130_sram_0kbytes_1rw1r_64x64_8' has no ANTENNAGATEAREA value defined. The library data is incomplete and some process antenna rules will not be checked correctly.
Type 'man IMPLF-200' for more detail.
**WARN: (IMPLF-200):	Pin 'din0[10]' in macro 'sky130_sram_0kbytes_1rw1r_64x64_8' has no ANTENNAGATEAREA value defined. The library data is incomplete and some process antenna rules will not be checked correctly.
Type 'man IMPLF-200' for more detail.
**WARN: (IMPLF-200):	Pin 'din0[11]' in macro 'sky130_sram_0kbytes_1rw1r_64x64_8' has no ANTENNAGATEAREA value defined. The library data is incomplete and some process antenna rules will not be checked correctly.
Type 'man IMPLF-200' for more detail.
**WARN: (IMPLF-200):	Pin 'din0[12]' in macro 'sky130_sram_0kbytes_1rw1r_64x64_8' has no ANTENNAGATEAREA value defined. The library data is incomplete and some process antenna rules will not be checked correctly.
Type 'man IMPLF-200' for more detail.
**WARN: (IMPLF-200):	Pin 'din0[13]' in macro 'sky130_sram_0kbytes_1rw1r_64x64_8' has no ANTENNAGATEAREA value defined. The library data is incomplete and some process antenna rules will not be checked correctly.
Type 'man IMPLF-200' for more detail.
**WARN: (IMPLF-200):	Pin 'din0[14]' in macro 'sky130_sram_0kbytes_1rw1r_64x64_8' has no ANTENNAGATEAREA value defined. The library data is incomplete and some process antenna rules will not be checked correctly.
Type 'man IMPLF-200' for more detail.
**WARN: (IMPLF-200):	Pin 'din0[15]' in macro 'sky130_sram_0kbytes_1rw1r_64x64_8' has no ANTENNAGATEAREA value defined. The library data is incomplete and some process antenna rules will not be checked correctly.
Type 'man IMPLF-200' for more detail.
**WARN: (IMPLF-200):	Pin 'din0[16]' in macro 'sky130_sram_0kbytes_1rw1r_64x64_8' has no ANTENNAGATEAREA value defined. The library data is incomplete and some process antenna rules will not be checked correctly.
Type 'man IMPLF-200' for more detail.
**WARN: (IMPLF-200):	Pin 'din0[17]' in macro 'sky130_sram_0kbytes_1rw1r_64x64_8' has no ANTENNAGATEAREA value defined. The library data is incomplete and some process antenna rules will not be checked correctly.
Type 'man IMPLF-200' for more detail.
**WARN: (IMPLF-200):	Pin 'din0[18]' in macro 'sky130_sram_0kbytes_1rw1r_64x64_8' has no ANTENNAGATEAREA value defined. The library data is incomplete and some process antenna rules will not be checked correctly.
Type 'man IMPLF-200' for more detail.
**WARN: (IMPLF-200):	Pin 'din0[19]' in macro 'sky130_sram_0kbytes_1rw1r_64x64_8' has no ANTENNAGATEAREA value defined. The library data is incomplete and some process antenna rules will not be checked correctly.
Type 'man IMPLF-200' for more detail.
**WARN: (EMS-27):	Message (IMPLF-200) has exceeded the current message display limit of 20.
To increase the message display limit, refer to the product command reference manual.
**WARN: (IMPLF-201):	Pin 'dout0[0]' in macro 'sky130_sram_0kbytes_1rw1r_64x64_8' has no ANTENNADIFFAREA value defined. The library data is incomplete and some process antenna rules will not be checked correctly.
Type 'man IMPLF-201' for more detail.
**WARN: (IMPLF-201):	Pin 'dout0[1]' in macro 'sky130_sram_0kbytes_1rw1r_64x64_8' has no ANTENNADIFFAREA value defined. The library data is incomplete and some process antenna rules will not be checked correctly.
Type 'man IMPLF-201' for more detail.
**WARN: (IMPLF-201):	Pin 'dout0[2]' in macro 'sky130_sram_0kbytes_1rw1r_64x64_8' has no ANTENNADIFFAREA value defined. The library data is incomplete and some process antenna rules will not be checked correctly.
Type 'man IMPLF-201' for more detail.
**WARN: (IMPLF-201):	Pin 'dout0[3]' in macro 'sky130_sram_0kbytes_1rw1r_64x64_8' has no ANTENNADIFFAREA value defined. The library data is incomplete and some process antenna rules will not be checked correctly.
Type 'man IMPLF-201' for more detail.
**WARN: (IMPLF-201):	Pin 'dout0[4]' in macro 'sky130_sram_0kbytes_1rw1r_64x64_8' has no ANTENNADIFFAREA value defined. The library data is incomplete and some process antenna rules will not be checked correctly.
Type 'man IMPLF-201' for more detail.
**WARN: (IMPLF-201):	Pin 'dout0[5]' in macro 'sky130_sram_0kbytes_1rw1r_64x64_8' has no ANTENNADIFFAREA value defined. The library data is incomplete and some process antenna rules will not be checked correctly.
Type 'man IMPLF-201' for more detail.
**WARN: (IMPLF-201):	Pin 'dout0[6]' in macro 'sky130_sram_0kbytes_1rw1r_64x64_8' has no ANTENNADIFFAREA value defined. The library data is incomplete and some process antenna rules will not be checked correctly.
Type 'man IMPLF-201' for more detail.
**WARN: (IMPLF-201):	Pin 'dout0[7]' in macro 'sky130_sram_0kbytes_1rw1r_64x64_8' has no ANTENNADIFFAREA value defined. The library data is incomplete and some process antenna rules will not be checked correctly.
Type 'man IMPLF-201' for more detail.
**WARN: (IMPLF-201):	Pin 'dout0[8]' in macro 'sky130_sram_0kbytes_1rw1r_64x64_8' has no ANTENNADIFFAREA value defined. The library data is incomplete and some process antenna rules will not be checked correctly.
Type 'man IMPLF-201' for more detail.
**WARN: (IMPLF-201):	Pin 'dout0[9]' in macro 'sky130_sram_0kbytes_1rw1r_64x64_8' has no ANTENNADIFFAREA value defined. The library data is incomplete and some process antenna rules will not be checked correctly.
Type 'man IMPLF-201' for more detail.
**WARN: (IMPLF-201):	Pin 'dout0[10]' in macro 'sky130_sram_0kbytes_1rw1r_64x64_8' has no ANTENNADIFFAREA value defined. The library data is incomplete and some process antenna rules will not be checked correctly.
Type 'man IMPLF-201' for more detail.
**WARN: (IMPLF-201):	Pin 'dout0[11]' in macro 'sky130_sram_0kbytes_1rw1r_64x64_8' has no ANTENNADIFFAREA value defined. The library data is incomplete and some process antenna rules will not be checked correctly.
Type 'man IMPLF-201' for more detail.
**WARN: (IMPLF-201):	Pin 'dout0[12]' in macro 'sky130_sram_0kbytes_1rw1r_64x64_8' has no ANTENNADIFFAREA value defined. The library data is incomplete and some process antenna rules will not be checked correctly.
Type 'man IMPLF-201' for more detail.
**WARN: (IMPLF-201):	Pin 'dout0[13]' in macro 'sky130_sram_0kbytes_1rw1r_64x64_8' has no ANTENNADIFFAREA value defined. The library data is incomplete and some process antenna rules will not be checked correctly.
Type 'man IMPLF-201' for more detail.
**WARN: (IMPLF-201):	Pin 'dout0[14]' in macro 'sky130_sram_0kbytes_1rw1r_64x64_8' has no ANTENNADIFFAREA value defined. The library data is incomplete and some process antenna rules will not be checked correctly.
Type 'man IMPLF-201' for more detail.
**WARN: (IMPLF-201):	Pin 'dout0[15]' in macro 'sky130_sram_0kbytes_1rw1r_64x64_8' has no ANTENNADIFFAREA value defined. The library data is incomplete and some process antenna rules will not be checked correctly.
Type 'man IMPLF-201' for more detail.
**WARN: (IMPLF-201):	Pin 'dout0[16]' in macro 'sky130_sram_0kbytes_1rw1r_64x64_8' has no ANTENNADIFFAREA value defined. The library data is incomplete and some process antenna rules will not be checked correctly.
Type 'man IMPLF-201' for more detail.
**WARN: (IMPLF-201):	Pin 'dout0[17]' in macro 'sky130_sram_0kbytes_1rw1r_64x64_8' has no ANTENNADIFFAREA value defined. The library data is incomplete and some process antenna rules will not be checked correctly.
Type 'man IMPLF-201' for more detail.
**WARN: (IMPLF-201):	Pin 'dout0[18]' in macro 'sky130_sram_0kbytes_1rw1r_64x64_8' has no ANTENNADIFFAREA value defined. The library data is incomplete and some process antenna rules will not be checked correctly.
Type 'man IMPLF-201' for more detail.
**WARN: (IMPLF-201):	Pin 'dout0[19]' in macro 'sky130_sram_0kbytes_1rw1r_64x64_8' has no ANTENNADIFFAREA value defined. The library data is incomplete and some process antenna rules will not be checked correctly.
Type 'man IMPLF-201' for more detail.
**WARN: (EMS-27):	Message (IMPLF-201) has exceeded the current message display limit of 20.
To increase the message display limit, refer to the product command reference manual.

##  Check design process and node:  
##  Both design process and tech node are not set.

% End Load LEF files (date=07/06 00:56:28, total cpu=0:00:00.2, real=0:00:00.0, peak res=1948.4M, current mem=1948.4M)
(stylus_db): Load Verilog Netlist ...
% Begin Load netlist data ... (date=07/06 00:56:28, mem=1948.4M)
*** Begin netlist parsing (mem=1948.4M) ***
Created 379 new cells from 4 timing libraries.
Reading netlist ...
Backslashed names will retain backslash and a trailing blank character.
Reading verilog netlist './genus2invs__3335645_f32480c4-0ec2-48a1-97fe-9f9858c12d7efa_top/genus2invs_db/cmn/fa_top.v.gz'

*** Memory Usage v#3 (Current mem = 2033.203M, initial mem = 940.219M) ***
*** End netlist parsing (cpu=0:00:01.3, real=0:00:02.0, mem=2033.2M) ***
% End Load netlist data ... (date=07/06 00:56:30, total cpu=0:00:01.3, real=0:00:02.0, peak res=2032.4M, current mem=2032.4M)
Top level cell is fa_top.
Hooked 379 DB cells to tlib cells.
Starting recursive module instantiation check.
No recursion found.
Building hierarchical netlist for Cell fa_top ...
***** UseNewTieNetMode *****.
*** Netlist is unique.
** info: there are 396 modules.
** info: there are 123422 stdCell insts.
** info: there are 123422 stdCell insts with at least one signal pin.
** info: there are 37 macros.

*** Memory Usage v#3 (Current mem = 2125.973M, initial mem = 940.219M) ***
(stylus_db): Init Design
The core width changes from 3293.445000 to 3293.280000 when snapping to grid "PlacementGrid".
**WARN: (IMPFP-3961):	The techSite 'unitdbl' has no related standard cells in the LEF/OA library. The calculations for this site type cannot be made unless standard cell models of this type exist in the LEF/OA library. Ignore this warning if the SITE is not used by the library. Alternatively, remove the SITE definition for the LEF/OA library to avoid this message.
Type 'man IMPFP-3961' for more detail.
Horizontal Layer M2 offset = 185 (derived)
Vertical Layer M1 offset = 240 (derived)
Start create_tracks
Generated pitch 3.66 in met5 is different from 3.33 defined in technology file in preferred direction.
Generated pitch 0.72 in met4 is different from 0.96 defined in technology file in preferred direction.
Generated pitch 0.61 in met3 is different from 0.74 defined in technology file in preferred direction.
*Info: initialize multi-corner CTS.
Total number of combinational cells: 294
Total number of sequential cells: 68
Total number of tristate cells: 12
Total number of level shifter cells: 0
Total number of power gating cells: 0
Total number of isolation cells: 0
Total number of power switch cells: 0
Total number of pulse generator cells: 0
Total number of always on buffers: 0
Total number of retention cells: 0
Total number of physical cells: 2
List of usable buffers: sky130_fd_sc_hs__clkbuf_2 sky130_fd_sc_hs__clkbuf_1 sky130_fd_sc_hs__buf_1 sky130_fd_sc_hs__buf_2 sky130_fd_sc_hs__clkbuf_4 sky130_fd_sc_hs__buf_4 sky130_fd_sc_hs__dlymetal6s2s_1 sky130_fd_sc_hs__clkbuf_8 sky130_fd_sc_hs__buf_8 sky130_fd_sc_hs__clkbuf_16 sky130_fd_sc_hs__buf_16
Total number of usable buffers: 11
List of unusable buffers:
Total number of unusable buffers: 0
List of usable inverters: sky130_fd_sc_hs__inv_2 sky130_fd_sc_hs__inv_1 sky130_fd_sc_hs__clkinv_1 sky130_fd_sc_hs__clkinv_2 sky130_fd_sc_hs__inv_4 sky130_fd_sc_hs__clkdlyinv3sd3_1 sky130_fd_sc_hs__clkdlyinv3sd2_1 sky130_fd_sc_hs__clkdlyinv3sd1_1 sky130_fd_sc_hs__clkinv_4 sky130_fd_sc_hs__inv_8 sky130_fd_sc_hs__clkdlyinv5sd3_1 sky130_fd_sc_hs__clkdlyinv5sd2_1 sky130_fd_sc_hs__clkdlyinv5sd1_1 sky130_fd_sc_hs__clkinv_8 sky130_fd_sc_hs__bufinv_8 sky130_fd_sc_hs__inv_16 sky130_fd_sc_hs__clkinv_16 sky130_fd_sc_hs__bufinv_16
Total number of usable inverters: 18
List of unusable inverters:
Total number of unusable inverters: 0
List of identified usable delay cells: sky130_fd_sc_hs__dlygate4sd3_1 sky130_fd_sc_hs__dlygate4sd2_1 sky130_fd_sc_hs__dlygate4sd1_1 sky130_fd_sc_hs__dlymetal6s6s_1 sky130_fd_sc_hs__dlymetal6s4s_1 sky130_fd_sc_hs__bufbuf_8 sky130_fd_sc_hs__bufbuf_16
Total number of identified usable delay cells: 7
List of identified unusable delay cells:
Total number of identified unusable delay cells: 0
Multithreaded Timing Analysis is initialized with 8 threads

Reading timing constraints file './genus2invs__3335645_f32480c4-0ec2-48a1-97fe-9f9858c12d7efa_top/genus2invs_db/cmn/fa_top.mmmc/modes/default_emulate_constraint_mode/default_emulate_constraint_mode.sdc.gz' ...
Current (total cpu=0:00:42.4, real=0:00:42.0, peak res=2765.9M, current mem=2765.9M)
fa_top
INFO (CTE): Constraints read successfully.
Ending "Constraint file reading stats" (total cpu=0:00:00.2, real=0:00:01.0, peak res=2781.7M, current mem=2781.7M)
Current (total cpu=0:00:42.6, real=0:00:43.0, peak res=2781.7M, current mem=2781.7M)
Reading latency file './genus2invs__3335645_f32480c4-0ec2-48a1-97fe-9f9858c12d7efa_top/genus2invs_db/cmn/fa_top.mmmc/views/default_emulate_view/latency.sdc.gz' ...
(stylus_db): Initialized design 'fa_top'
(stylus_db): Setting Root attributes ...
(stylus_db): Set 9 attributes of Root 
(stylus_db): Silicon Drift settings not enabled or skipped...
% Begin Set DB preserves (date=07/06 00:56:33, mem=2800.9M)
(stylus_db): Setting preserves on design objects ...
(stylus_db): Set 43 preserves of design objects
% End Set DB preserves (date=07/06 00:56:33, total cpu=0:00:00.1, real=0:00:00.0, peak res=2801.4M, current mem=2801.4M)
% Begin Load Timing views and constraints (date=07/06 00:56:33, mem=2801.4M)
(stylus_db): Read MMMC timing views ...
% End Load Timing views and constraints (date=07/06 00:56:33, total cpu=0:00:00.1, real=0:00:00.0, peak res=2801.4M, current mem=2801.4M)
(stylus_db): Couldn't commit power-intent, (fa_top.cpf or fa_top.upf doesn't exists)
(stylus_db): Load DEF file ...
% Begin Load DEF (date=07/06 00:56:33, mem=2800.6M)
Reading DEF file './genus2invs__3335645_f32480c4-0ec2-48a1-97fe-9f9858c12d7efa_top/genus2invs_db/cmn/fa_top.def.gz', current time is Mon Jul  6 00:56:33 2026 ...
--- DIVIDERCHAR '/'
--- UnitsPerDBU = 1.0000
**WARN: (IMPFP-3961):	The techSite 'unitdbl' has no related standard cells in the LEF/OA library. The calculations for this site type cannot be made unless standard cell models of this type exist in the LEF/OA library. Ignore this warning if the SITE is not used by the library. Alternatively, remove the SITE definition for the LEF/OA library to avoid this message.
Type 'man IMPFP-3961' for more detail.
Horizontal Layer M2 offset = 185 (derived)
Vertical Layer M1 offset = 240 (derived)
Start create_tracks
Generated pitch 3.66 in met5 is different from 3.33 defined in technology file in preferred direction.
Generated pitch 0.72 in met4 is different from 0.96 defined in technology file in preferred direction.
Generated pitch 0.61 in met3 is different from 0.74 defined in technology file in preferred direction.
--- DIEAREA (0 0) (3293445 3293370)
defIn read 10000 lines...
defIn read 20000 lines...
defIn read 30000 lines...
defIn read 40000 lines...
DEF file './genus2invs__3335645_f32480c4-0ec2-48a1-97fe-9f9858c12d7efa_top/genus2invs_db/cmn/fa_top.def.gz' is parsed, current time is Mon Jul  6 00:56:34 2026.
Extracting standard cell pins and blockage ...... 
Pin and blockage extraction finished
Updating the floorplan ...
% End Load DEF (date=07/06 00:56:34, total cpu=0:00:00.3, real=0:00:01.0, peak res=2804.3M, current mem=2804.1M)
% Begin Set route_types (date=07/06 00:56:34, mem=2804.1M)
(stylus_db): Setting route_types  ...
% End Set route_types (date=07/06 00:56:34, total cpu=0:00:00.0, real=0:00:00.0, peak res=2804.1M, current mem=2804.1M)
% Begin Set power_domain attributes (date=07/06 00:56:34, mem=2804.1M)
(stylus_db): Setting power_domain attributes ...
% End Set power_domain attributes (date=07/06 00:56:34, total cpu=0:00:00.1, real=0:00:00.0, peak res=2804.1M, current mem=2804.1M)
(stylus_db): Load additional timing constraints ...
% Begin Load Additional Timing constraints (date=07/06 00:56:34, mem=2804.1M)
**WARN: (IMPIMEX-10014):	The current design data being restored: './genus2invs__3335645_f32480c4-0ec2-48a1-97fe-9f9858c12d7efa_top/genus2invs_db' has been saved with an older structure. When restoring a subset of views for this database, derate information for inactive delay corners may be inaccesible in the current session. A newer database structure allows more flexibility for change the active view list in-session. To update the current database, you need to restore the design with all views active - and then the next save will update it to the new model.
Loading timing derate file ./genus2invs__3335645_f32480c4-0ec2-48a1-97fe-9f9858c12d7efa_top/genus2invs_db/cmn/fa_top.mmmc/timingderate.sdc ...
Current (total cpu=0:00:43.7, real=0:00:44.0, peak res=2804.3M, current mem=2804.2M)
Loading path adjust file ./genus2invs__3335645_f32480c4-0ec2-48a1-97fe-9f9858c12d7efa_top/genus2invs_db/cmn/fa_top.mmmc/pathadjust.sdc.gz ...
Current (total cpu=0:00:43.8, real=0:00:44.0, peak res=2804.3M, current mem=2804.2M)
INFO (CTE): Constraints read successfully.
Ending "Constraint file reading stats" (total cpu=0:00:00.1, real=0:00:00.0, peak res=2804.4M, current mem=2804.4M)
Current (total cpu=0:00:43.9, real=0:00:44.0, peak res=2804.4M, current mem=2804.4M)
Loading disable latch loop file ./genus2invs__3335645_f32480c4-0ec2-48a1-97fe-9f9858c12d7efa_top/genus2invs_db/cmn/fa_top.mmmc/disablelatchloop.sdc ...
Current (total cpu=0:00:44.0, real=0:00:44.0, peak res=2804.4M, current mem=2804.4M)
% End Load Additional Timing constraints (date=07/06 00:56:34, total cpu=0:00:00.4, real=0:00:00.0, peak res=2804.4M, current mem=2804.4M)
% Begin Set message attributes (date=07/06 00:56:34, mem=2804.4M)
(stylus_db): Setting attributes on Synthesis message objects ...
% End Set message attributes (date=07/06 00:56:35, total cpu=0:00:00.1, real=0:00:00.0, peak res=2804.4M, current mem=2804.4M)
% Begin Generate Vias (date=07/06 00:56:35, mem=2804.4M)
(stylus_db): Generate advanced rule Vias ...
Start generating vias ..
#Skip building auto via since it is not turned on.
Extracting standard cell pins and blockage ...... 
Pin and blockage extraction finished
Via generation completed.
% End Generate Vias (date=07/06 00:56:35, total cpu=0:00:00.6, real=0:00:00.0, peak res=2823.9M, current mem=2816.5M)
% Begin Set attributes (date=07/06 00:56:35, mem=2816.5M)
(stylus_db): Setting attributes on design objects ...
(stylus_db): Set 208191 attributes of design objects
% End Set attributes (date=07/06 00:56:37, total cpu=0:00:01.8, real=0:00:02.0, peak res=2841.3M, current mem=2841.1M)
Extraction setup Started for TopCell fa_top 
Initializing multi-corner RC extraction with 1 active RC Corners ...
Captable file(s) not specified in multi-corner setup. PreRoute extraction will use technology file. For post_route extraction, default value for effort level would be 'medium' and effort level 'low' would not be allowed.
Generating auto layer map file.
Importing multi-corner technology file(s) for preRoute extraction...
/home/share/pdk/sky130A/libs.tech/cadence/qrcTechFile
Generating auto layer map file.
Completed (cpu: 0:00:01.4 real: 0:00:03.0)
Set Shrink Factor to 1.00000
Summary of Active RC-Corners : 
 
 Analysis View: default_emulate_view
    RC-Corner Name        : default_emulate_rc_corner
    RC-Corner Index       : 0
    RC-Corner Temperature : 25 Celsius
    RC-Corner Cap Table   : ''
    RC-Corner PreRoute Res Factor         : 1
    RC-Corner PreRoute Cap Factor         : 1
    RC-Corner PostRoute Res Factor        : 1 {1 1 1}
    RC-Corner PostRoute Cap Factor        : 1 {1 1 1}
    RC-Corner PostRoute XCap Factor       : 1 {1 1 1}
    RC-Corner PreRoute Clock Res Factor   : 1	[Derived from postRoute_res (effortLevel low)]
    RC-Corner PreRoute Clock Cap Factor   : 1	[Derived from postRoute_cap (effortLevel low)]
    RC-Corner PostRoute Clock Cap Factor  : 1 {1 1 1} 
    RC-Corner PostRoute Clock Res Factor  : 1 {1 1 1} 
    RC-Corner PostRoute Clock coupling capacitance Factor : 1 {1 1 1} 
    RC-Corner Technology file: '/home/share/pdk/sky130A/libs.tech/cadence/qrcTechFile'
Updating RC Grid density data for preRoute extraction ...
Initializing multi-corner resistance tables ...
Default value for post_route extraction mode's extract_rc_effort_level (extract_rc_effort_level option of set_db) changed to 'medium'.
% Begin Load Min Layer Data (date=07/06 00:56:40, mem=2872.0M)
Read 0 nets
% End Load Min Layer Data (date=07/06 00:56:40, total cpu=0:00:00.0, real=0:00:00.0, peak res=2872.0M, current mem=2872.0M)
+----------------------------------------------------------------+
    Summary of 'read_db genus2invs_db'                     
+----------------------------------------------------------------+
    Generated by         :     Innovus 25.12-s079_1
    Generated on         :     Mon Jul 06 00:56:40 CST 2026
    Design               :     fa_top
    process_node         :     90   
    db units             :     1000 
    tech_mfg_grid        :     0.005
    bbox                 :     {0.0 0.0 3293.445 3293.37}
    core_bbox            :     {0.0 0.0 3293.445 3293.37}
+----------------------------------------------------------------+
    Object Type          :     Count
+-----------------------------------+
    timing_libraries     :     4    
    library_sets         :     1    
    lib_cells            :     379  
    setup_analysis_views :     1    
    hold_analysis_views  :     1    
    rc_corners           :     1    
    delay_corners        :     1    
    constraint_modes     :     1    
    clocks               :     1    
+-----------------------------------+
    base_cells           :     393  
    modules              :     2    
    insts                :     123459
    hinsts               :     2    
    ports                :     847  
    nets                 :     144845
    hnets                :     146148
    pins                 :     481778
    hpins                :     1545 
+-----------------------------------+
    layers               :     14   
    via_defs             :     25   
    via_def_rule         :     25   
    sites                :     2    
    core_rows            :     989  
    track_patterns       :     12   
+-----------------------------------+
#% End Load Common DB (date=07/06 00:56:40, total cpu=0:00:19.0, real=0:00:16.0, peak res=2984.3M, current mem=2919.9M)

*** Summary of all messages that are not suppressed in this session:
Severity  ID               Count  Summary                                  
WARNING   IMPLF-108            1  There is no overlap layer defined in any...
WARNING   IMPLF-200          326  Pin '%s' in macro '%s' has no ANTENNAGAT...
WARNING   IMPLF-201          514  Pin '%s' in macro '%s' has no ANTENNADIF...
WARNING   IMPLF-246            3  The '%s' attribute is only allowed to be...
WARNING   IMPFP-3961           2  The techSite '%s' has no related standar...
WARNING   IMPIMEX-10014        1  The current design data being restored: ...
WARNING   TECHLIB-302          2  No function defined for cell '%s'. The c...
ERROR     TECHLIB-1173      4556  The '%s' attribute has not been defined ...
ERROR     TECHLIB-1175     96732  Template name '%s' used in group '%s' on...
ERROR     TECHLIB-1256     96732  The %s is being ignored due to errors in...
*** Message Summary: 849 warning(s), 198020 error(s)

UM:   flow.cputime  flow.realtime  timing.setup.tns  timing.setup.wns  snapshot
UM:*                                                                   genus2invs_setup
%# Design Import Complete (07/06 00:56:41, mem=2924.94M)
**WARN: (IMPSE-16):	The feature innovusGenusRestructuring is now a Production feature. The use of 'set_beta_feature innovusGenusRestructuring 1' is no longer required.
There are 0 path_groups defined before optimization.
Configuring iSpatial control settings
Genus has configured non-incremental Spatial flow.
rcp::optimization1_place_opt_design__phys_syn__out_dir___genus2invs__3335645_f32480c4_0ec2_48a1_97fe_9f9858c12d7efa_top__prefix_invs2genus_final.9315611794272257
place_opt_design -phys_syn -out_dir ./genus2invs__3335645_f32480c4-0ec2-48a1-97fe-9f9858c12d7efa_top -prefix invs2genus_final
Begin: Design checking
        Checking 'place' category...
        Messages issued during checks:
--------------------------------------------------------------------------------------------------------------------------------------------------------------------------------------------------------
| ID                | Severity  | Count       | Description                                                                                                                                            |
--------------------------------------------------------------------------------------------------------------------------------------------------------------------------------------------------------
| CHKPLC-11         | warning   | 2           | Macro cell <%s> should have a fully covered obstruction.                                                                                               |
| IMPPP-4422        | warning   | 20          | Followpin wire is missing at row (%f %f) (%f %f). Expected wire for %s. This may cause PG connectivity issues for cells that are placed at this locati |
|                   |           |             | on.                                                                                                                                                    |
--------------------------------------------------------------------------------------------------------------------------------------------------------------------------------------------------------
		(Real time: 0:00:02.0, Memory: 2980.8M)

        Checking 'opt' category...
        Messages issued during checks:
------------------------------------------------------------------------------------------------------------------------------------------------------------------------------------------
| ID                | Severity  | Count       | Description                                                                                                                              |
------------------------------------------------------------------------------------------------------------------------------------------------------------------------------------------
| IMPOPT-2901       | warning   | 1           | Design is not placed. Place the design before running                                                                                    |
| IMPOPT-2908       | warning   | 1           | Maximum transition %.3f is too small compared to maximum transition threshold %.3f, this would result in excessive buffering.            |
| IMPOPT-7276       | warning   | 1           | %d instance(s) out of %d are unplaced.                                                                                                   |
| IMPOPT-7285       | warning   | 15          | The net <%s> has more than 500 fanout (%d fanout). Such large fanout nets, if not buffered, can potentially slow down some applications. |
------------------------------------------------------------------------------------------------------------------------------------------------------------------------------------------
		(Real time: 0:00:11.0, Memory: 3130.2M)

**INFO: Identified 0 error(s) and 40 warning(s) during 'check_design -type {place opt}'.
        The details of the error(s) and warning(s) can be found in report './genus2invs__3335645_f32480c4-0ec2-48a1-97fe-9f9858c12d7efa_top/invs2genus_final_check_design.rpt'
End: Design checking
**INFO: User settings:
setDelayCalMode -engine                             aae
design_bottom_routing_layer                         met1
extract_rc_pre_place_cap_scale_factor               0.601778
extract_rc_pre_place_res_scale_factor               1.23704
extract_rc_pre_place_site_size                      3.81
extract_rc_pre_place_wire_length_slope              1.8343
extract_rc_pre_place_wire_length_y0                 0.0524
extract_rc_shrink_factor                            1.0
multibit_aware_seq_mapping                          auto
opt_multi_bit_flop_name_prefix                      CDN_MBIT_
opt_multi_bit_flop_name_separator                   _MB_
opt_multi_bit_flop_opt                              false
opt_remove_redundant_insts                          false
opt_skew                                            true
opt_skew_pre_cts                                    true
opt_spatial_power_driven                            false
place_global_cong_effort                            auto
place_global_place_io_pins                          true
place_global_reorder_scan                           false
getDelayCalMode -engine                             aae
Info: Logic Synthesis step was not run from RTL in this session / on this DB.
Info: Synthesize design with physical option was not run earlier in this session / on this DB.
Info: place_opt_design is not being run for the first time in this session
Info: place_opt_design has been started with standard effort
*** place_opt_design #1 [begin] () : totSession cpu/real = 0:01:05.5/0:01:03.6 (1.0), mem = 3130.3M
No user sequential activity specified, applying default sequential activity of "0.2" for Dynamic Power reporting.
'set_default_switching_activity' finished successfully.
*** Starting GigaPlace ***
-earlyGlobalBlockTracks {}                # string, default="", private
-earlyGlobalCapacityScreen {}             # string, default="", private
There is no track adjustment
Starting low-effort iSpatial flow
#optDebug: fT-E <X 2 3 1 0>
*** GlobalPlace #1 [begin] (place_opt_design #1) : totSession cpu/real = 0:01:06.2/0:01:04.2 (1.0), mem = 3075.2M
**ERROR: (IMPSP-9099):	Scan chains exist in this design but are not defined for 13.59% flops. Placement and timing QoR can be severely impacted in this case!
It is highly recommend to define scan chains either through input scan def (preferred) or create_scan_chain.
**WARN: (IMPEXT-3493):	The design extraction status has been reset by set_analysis_view/update_rc_corner or set_db  command. The parasitic data can be regenerated either by extracting the design using the extract_rc command or by loading the SPEF or RCDB file(s). To prevent resetting of the extraction status, avoid changing extraction modes.
Type 'man IMPEXT-3493' for more detail.
*** Starting delete buffer tree (mem=3079.2M) ***

Buffer/Inverters difference: -2
*** Finished delete buffer tree (cpu=0:00:09.6 real=0:00:04.0 mem=3132.0M) ***
Effort level <high> specified for tdgp_reg2reg_default path_group
INFO: #ExclusiveGroups=0
INFO: There are no Exclusive Groups.
No user-set net weight.
Net fanout histogram:
2		: 86398 (60.7%) nets
3		: 38212 (26.8%) nets
4     -	14	: 15540 (10.9%) nets
15    -	39	: 1585 (1.1%) nets
40    -	79	: 515 (0.4%) nets
80    -	159	: 104 (0.1%) nets
160   -	319	: 19 (0.0%) nets
320   -	639	: 0 (0.0%) nets
640   -	1279	: 12 (0.0%) nets
1280  -	2559	: 2 (0.0%) nets
2560  -	5119	: 1 (0.0%) nets
5120+		: 1 (0.0%) nets
Scan chains were not defined.
#std cell=123420 (0 fixed + 123420 movable) #buf cell=0 #inv cell=6209 #block=37 (0 floating + 37 preplaced)
#ioInst=0 #net=142389 #term=480539 #term/net=3.37, #fixedIo=0, #floatIo=0, #fixedPin=670, #floatPin=0
stdCell: 123420 single + 0 double + 0 multi
Total standard cell length = 522.0490 (mm), area = 1.7384 (mm^2)
Average module density = 0.274.
Density for the design = 0.274.
       = stdcell_area 1087602 sites (1738423 um^2) / alloc_area 3968375 sites (6343051 um^2).
Pin Density = 0.07082.
            = total # of pins 480539 / total area 6785529.
Enabling multi-CPU acceleration with 8 CPU(s) for placement
[spp] 0
Clock gating cells determined by native netlist tracing.
=== lastAutoLevel = 11 
Iteration  1: Total net bbox = 1.290e+07 (6.45e+06 6.45e+06)
              Est.  stn bbox = 1.335e+07 (6.65e+06 6.71e+06)
              cpu = 0:00:02.8 real = 0:00:02.0 mem = 3376.3M
Iteration  2: Total net bbox = 1.290e+07 (6.45e+06 6.45e+06)
              Est.  stn bbox = 1.335e+07 (6.65e+06 6.71e+06)
              cpu = 0:00:00.1 real = 0:00:00.0 mem = 3378.0M
*** Finished SKP initialization (cpu=0:00:36.2, real=0:00:19.0)***
SKP will use view:
  default_emulate_view
Iteration  3: Total net bbox = 7.919e+06 (4.69e+06 3.23e+06)
              Est.  stn bbox = 9.297e+06 (5.50e+06 3.80e+06)
              cpu = 0:01:02 real = 0:00:30.0 mem = 4358.5M
Iteration  4: Total net bbox = 8.060e+06 (4.87e+06 3.19e+06)
              Est.  stn bbox = 9.379e+06 (5.60e+06 3.78e+06)
              cpu = 0:02:53 real = 0:01:06 mem = 4673.1M
Iteration  5: Total net bbox = 8.060e+06 (4.87e+06 3.19e+06)
              Est.  stn bbox = 9.379e+06 (5.60e+06 3.78e+06)
              cpu = 0:00:00.0 real = 0:00:00.0 mem = 4673.1M
Iteration  6: Total net bbox = 8.081e+06 (4.63e+06 3.45e+06)
              Est.  stn bbox = 9.647e+06 (5.44e+06 4.20e+06)
              cpu = 0:02:08 real = 0:00:50.0 mem = 4431.0M

Iteration  7: Total net bbox = 8.237e+06 (4.77e+06 3.46e+06)
              Est.  stn bbox = 9.810e+06 (5.59e+06 4.22e+06)
              cpu = 0:00:00.3 real = 0:00:00.0 mem = 4413.3M
Iteration  8: Total net bbox = 8.237e+06 (4.77e+06 3.46e+06)
              Est.  stn bbox = 9.810e+06 (5.59e+06 4.22e+06)
              cpu = 0:00:00.3 real = 0:00:00.0 mem = 4413.3M
[NR-eGR] Started Early Global Route kernel ( Curr Mem: 2.82 MB )
Iteration  9: Total net bbox = 8.846e+06 (5.07e+06 3.78e+06)
              Est.  stn bbox = 1.057e+07 (5.92e+06 4.65e+06)
              cpu = 0:02:35 real = 0:01:05 mem = 4354.3M
Iteration 10: Total net bbox = 8.846e+06 (5.07e+06 3.78e+06)
              Est.  stn bbox = 1.057e+07 (5.92e+06 4.65e+06)
              cpu = 0:00:00.3 real = 0:00:01.0 mem = 4354.3M
Iteration 11: Total net bbox = 9.119e+06 (5.17e+06 3.95e+06)
              Est.  stn bbox = 1.092e+07 (6.04e+06 4.88e+06)
              cpu = 0:02:10 real = 0:00:54.0 mem = 4420.4M
Iteration 12: Total net bbox = 9.119e+06 (5.17e+06 3.95e+06)
              Est.  stn bbox = 1.092e+07 (6.04e+06 4.88e+06)
              cpu = 0:00:00.3 real = 0:00:00.0 mem = 4420.5M
Iteration 13: Total net bbox = 9.426e+06 (5.37e+06 4.06e+06)
              Est.  stn bbox = 1.127e+07 (6.26e+06 5.01e+06)
              cpu = 0:03:55 real = 0:01:44 mem = 4399.0M
Iteration 14: Total net bbox = 9.426e+06 (5.37e+06 4.06e+06)
              Est.  stn bbox = 1.127e+07 (6.26e+06 5.01e+06)
              cpu = 0:00:00.4 real = 0:00:00.0 mem = 4399.0M
Iteration 15: Total net bbox = 9.549e+06 (5.43e+06 4.11e+06)
              Est.  stn bbox = 1.137e+07 (6.32e+06 5.06e+06)
              cpu = 0:01:51 real = 0:00:50.0 mem = 4433.8M
Iteration 16: Total net bbox = 9.549e+06 (5.43e+06 4.11e+06)
              Est.  stn bbox = 1.137e+07 (6.32e+06 5.06e+06)
              cpu = 0:00:00.3 real = 0:00:00.0 mem = 4433.8M
Iteration 17: Total net bbox = 9.768e+06 (5.52e+06 4.25e+06)
              Est.  stn bbox = 1.159e+07 (6.40e+06 5.19e+06)
              cpu = 0:02:26 real = 0:01:11 mem = 4632.6M
Iteration 18: Total net bbox = 9.768e+06 (5.52e+06 4.25e+06)
              Est.  stn bbox = 1.159e+07 (6.40e+06 5.19e+06)
              cpu = 0:00:00.4 real = 0:00:00.0 mem = 4632.7M
Iteration 19: Total net bbox = 9.768e+06 (5.52e+06 4.25e+06)
              Est.  stn bbox = 1.159e+07 (6.40e+06 5.19e+06)
              cpu = 0:00:00.5 real = 0:00:01.0 mem = 4632.7M
Finished Global Placement (cpu=0:19:07, real=0:08:19, mem=4632.7M)
Keep Tdgp Graph and DB for later use
Info: 0 clock gating cells identified, 0 (on average) moved 0/10
*** Starting place_detail (0:20:27 mem=4102.8M) ***
Total net bbox length = 9.768e+06 (5.520e+06 4.248e+06) (ext = 9.456e+05)
Move report: Detail placement moved 123415 insts, mean move: 0.16 um, max move: 22.05 um 
	Max move on inst (u_core/u_dot_u_q_sram_g_bank[6].u_bank_rw_rdata_reg[48]): (3260.70, 2637.39) --> (3282.72, 2637.36)
	Runtime: CPU: 0:00:07.6 REAL: 0:00:05.0 MEM: 4418.2MB
Summary Report:
Instances moved: 123415 (out of 123420 movable)
Instances flipped: 3
Mean displacement: 0.16 um
Max displacement: 22.05 um (Instance: u_core/u_dot_u_q_sram_g_bank[6].u_bank_rw_rdata_reg[48]) (3260.7, 2637.39) -> (3282.72, 2637.36)
	Length: 17 sites, height: 1 rows, site name: unit, cell type: sky130_fd_sc_hs__dfxtp_1
Physical-only instances moved: 0 (out of 0 movable physical-only)
Total net bbox length = 9.611e+06 (5.360e+06 4.251e+06) (ext = 9.455e+05)
Runtime: CPU: 0:00:07.9 REAL: 0:00:05.0 MEM: 4418.2MB
*** Finished place_detail (0:20:35 mem=4418.2M) ***
*** Finished Initial Placement (cpu=0:19:18, real=0:08:28, mem=4114.1M) ***
Starting IO pin assignment...
Completed IO pin assignment.
      flow.cputime  flow.realtime  timing.setup.tns  timing.setup.wns  snapshot
UM:*                                                                   final
      flow.cputime  flow.realtime  timing.setup.tns  timing.setup.wns  snapshot
UM:*                                                                   global_place
Effort level <high> specified for tdgp_reg2reg_default path_group

*** Start incrementalPlace ***
No Views given, use default active views for adaptive view pruning
Active views:
  default_emulate_view
[NR-eGR] Read 142389 nets ( ignored 0 )
[NR-eGR] There are 1 clock nets ( 0 with NDR ).
[NR-eGR] Layer group 1: route 142389 net(s) in layer range [2, 6]
[NR-eGR] Early Global Route overflow of layer group 1: 18.37% H + 3.44% V. EstWL: 1.187279e+07um
[NR-eGR] Overflow after Early Global Route 13.60% H + 1.74% V
[NR-eGR] Finished Early Global Route kernel ( CPU: 129.58 sec, Real: 85.67 sec, Curr Mem: 3.81 MB )
Early Global Route congestion estimation runtime: 85.69 seconds, mem = 4479.5M
Local HotSpot Analysis: normalized max congestion hotspot area = 89.84, normalized total congestion hotspot area = 579.90 (area is in unit of 4 std-cell row bins)
Skipped repairing congestion.
[NR-eGR] Total eGR-routed clock nets wire length: 151883um, number of vias: 48717
[NR-eGR] --------------------------------------------------------------------------
[NR-eGR]               Length (um)     Vias 
[NR-eGR] -----------------------------------
[NR-eGR]  li1   (1V)             0   460516 
[NR-eGR]  met1  (2H)       3150844   753520 
[NR-eGR]  met2  (3V)       3278056    48626 
[NR-eGR]  met3  (4H)       2247075    42165 
[NR-eGR]  met4  (5V)       1653713    14247 
[NR-eGR]  met5  (6H)       1657800        0 
[NR-eGR] -----------------------------------
[NR-eGR]        Total     11987488  1319074 
[NR-eGR] --------------------------------------------------------------------------
[NR-eGR] Total half perimeter of net bounding box: 9610794um
[NR-eGR] Total length: 11987488um, number of vias: 1319074
[NR-eGR] --------------------------------------------------------------------------
Early Global Route wiring runtime: 2.58 seconds, mem = 4663.6M
0 delay mode for cte disabled.

*** Finished incrementalPlace (cpu=0:02:15, real=0:01:28)***
**ERROR: (IMPSP-9099):	Scan chains exist in this design but are not defined for 13.59% flops. Placement and timing QoR can be severely impacted in this case!
It is highly recommend to define scan chains either through input scan def (preferred) or create_scan_chain.
***** Total cpu  0:21:46
***** Total real time  0:10:4
Tdgp not enabled or already been cleared! skip clearing
**place_design ... cpu = 0:21:46, real = 0:10: 5, mem = 3752.3M **
AAE DB initialization (MEM=3783.054688 CPU=0:00:00.0 REAL=0:00:00.0) 
      flow.cputime  flow.realtime  timing.setup.tns  timing.setup.wns  snapshot
UM:*                                                                   final
UM: Running design category ...
      flow.cputime  flow.realtime  timing.setup.tns  timing.setup.wns  snapshot
UM:         1312.4            613                                      place_design
%# Begin ::rcp::generate_route_congestion (07/06 01:07:08, mem=3789.21M)
Will save congestion map file from route /home/hujinzhao/pro/genus_bs2/genus2invs__3335645_f32480c4-0ec2-48a1-97fe-9f9858c12d7efa_top/invs2genus.route.congestion.gz
Saving congestion map file /home/hujinzhao/pro/genus_bs2/genus2invs__3335645_f32480c4-0ec2-48a1-97fe-9f9858c12d7efa_top/invs2genus.route.congestion.gz ...
%# End ::rcp::generate_route_congestion (07/06 01:07:08, total cpu=16:00:00, real=16:00:00, peak res=4755.22M, current mem=3789.21M)
*** GlobalPlace #1 [finish] (place_opt_design #1) : cpu/real = 0:21:52.5/0:10:13.4 (2.1), totSession cpu/real = 0:22:58.7/0:11:17.5 (2.0), mem = 3789.2M
Enable CTE adjustment.
Enable Layer aware incrSKP.
**opt_design ... cpu = 0:00:00, real = 0:00:00, mem = 3789.7M, totSessionCpu=0:22:59 **
GigaOpt running with 8 threads.
*** InitOpt #1 [begin] (place_opt_design #1) : totSession cpu/real = 0:22:58.8/0:11:17.7 (2.0), mem = 3789.8M
**INFO: set_db design_flow_effort standard -> setting 'set_db opt_all_end_points true' for the duration of this command.
Updating RC Grid density data for preRoute extraction ...
Initializing multi-corner resistance tables ...
	CornerforLayerOpt timing analysis view default_emulate_view has been selected for calibration 
	CornerforLayerOpt timing analysis view default_emulate_view has been selected for calibration 
AAE DB initialization (MEM=3847.011719 CPU=0:00:00.0 REAL=0:00:00.0) 
**opt_design ... cpu = 0:00:04, real = 0:00:04, mem = 3798.9M, totSessionCpu=0:23:03 **
#optDebug: { P: 90 W: 3201 FE: standard PE: none LDR: 1}
*** opt_design -pre_cts ***
DRC Margin: user margin 0.0; extra margin 0.2
Setup Target Slack: user slack 0; extra slack 0.0
Hold Target Slack: user slack 0
**INFO: The delay profiles based on paritioning incorrect, turning off vt filtering
**WARN: (IMPOPT-3195):	Analysis mode has changed.
Type 'man IMPOPT-3195' for more detail.
**INFO: Using Advanced Metric Collection system.
	CornerforLayerOpt timing analysis view default_emulate_view has been selected for calibration 
	CornerforLayerOpt timing analysis view default_emulate_view has been selected for calibration 
	CornerforLayerOpt timing analysis view default_emulate_view has been selected for calibration 
	CornerforLayerOpt timing analysis view default_emulate_view has been selected for calibration 
[NR-eGR] Started Early Global Route ( Curr Mem: 2.52 MB )
[NR-eGR] Started Early Global Route kernel ( Curr Mem: 2.52 MB )
[NR-eGR] Read 142389 nets ( ignored 0 )
[NR-eGR] There are 1 clock nets ( 0 with NDR ).
[NR-eGR] Layer group 1: route 142389 net(s) in layer range [2, 6]
[NR-eGR] Early Global Route overflow of layer group 1: 20.81% H + 3.31% V. EstWL: 1.226274e+07um
[NR-eGR] Overflow after Early Global Route 15.42% H + 2.05% V
[NR-eGR] Total eGR-routed clock nets wire length: 162878um, number of vias: 48545
[NR-eGR] --------------------------------------------------------------------------
[NR-eGR]               Length (um)     Vias 
[NR-eGR] -----------------------------------
[NR-eGR]  li1   (1V)             0   460516 
[NR-eGR]  met1  (2H)       3227187   761885 
[NR-eGR]  met2  (3V)       3347897    50321 
[NR-eGR]  met3  (4H)       2335661    44611 
[NR-eGR]  met4  (5V)       1682629    15261 
[NR-eGR]  met5  (6H)       1776494        0 
[NR-eGR] -----------------------------------
[NR-eGR]        Total     12369867  1332594 
[NR-eGR] --------------------------------------------------------------------------
[NR-eGR] Total half perimeter of net bounding box: 9610794um
[NR-eGR] Total length: 12369867um, number of vias: 1332594
[NR-eGR] --------------------------------------------------------------------------
[NR-eGR] Finished Early Global Route kernel ( CPU: 136.20 sec, Real: 95.38 sec, Curr Mem: 3.38 MB )
[NR-eGR] Finished Early Global Route ( CPU: 136.43 sec, Real: 95.65 sec, Curr Mem: 2.66 MB )
Extraction called for design 'fa_top' of instances=123457 and nets=144862 using extraction engine 'pre_route' .
**WARN: (IMPEXT-3530):	The process node is not set. Use the command set_design_mode -process <process node> prior to extraction for maximum accuracy and optimal automatic threshold setting.
Type 'man IMPEXT-3530' for more detail.
pre_route RC Extraction called for design fa_top.
RC Extraction called in multi-corner(1) mode.
RCMode: PreRoute
      RC Corner Indexes            0   
Capacitance Scaling Factor   : 1.00000 
Resistance Scaling Factor    : 1.00000 
Clock Cap. Scaling Factor    : 1.00000 
Clock Res. Scaling Factor    : 1.00000 
Shrink Factor                : 1.00000
PreRoute extraction is honoring NDR/Shielding/ExtraSpace for clock nets.
Using Quantus QRC technology file ...
Updating RC Grid density data for preRoute extraction ...
Initializing multi-corner resistance tables ...
PreRoute RC Extraction DONE (CPU Time: 0:00:01.6  Real Time: 0:00:02.0  MEM: 3897.027M)
Starting delay calculation for Setup views
AAE_INFO: opIsDesignInPostRouteState() is 0
#################################################################################
# Design Stage: PreRoute
# Design Name: fa_top
# Design Mode: 90nm
# Analysis Mode: MMMC Non-OCV 
# Parasitics Mode: No SPEF/RCDB 
# Signoff Settings: SI Off 
#################################################################################
Calculate delays in Single mode...
Start delay calculation (fullDC) (8 T). (MEM=4029.23)
siFlow : Timing analysis mode is single, using late cdB files
Total number of fetched objects 143958
AAE_INFO: Total number of nets for which stage creation was skipped for all views 0
End delay calculation. (MEM=4356.23 CPU=0:00:38.2 REAL=0:00:08.0)
End delay calculation (fullDC). (MEM=4301.81 CPU=0:00:45.0 REAL=0:00:12.0)
*** Done Building Timing Graph (cpu=0:01:10 real=0:00:24.0 totSessionCpu=0:26:35 mem=4334.2M)

OptSummary:

------------------------------------------------------------------
             Initial Summary
------------------------------------------------------------------

Setup views included:
 default_emulate_view 

+--------------------+---------+
|     Setup mode     |   all   |
+--------------------+---------+
|           WNS (ns):| -44.224 |
|           TNS (ns):|-1.12e+05|
|    Violating Paths:|  12690  |
|          All Paths:|  33022  |
+--------------------+---------+

+----------------+-------------------------------+------------------+
|                |              Real             |       Total      |
|    DRVs        +------------------+------------+------------------|
|                |  Nr nets(terms)  | Worst Vio  |  Nr nets(terms)  |
+----------------+------------------+------------+------------------+
|   max_cap      |   5885 (5885)    |   -6.894   |   5885 (5885)    |
|   max_tran     |  12515 (78627)   |  -43.247   |  12516 (79544)   |
|   max_fanout   |      0 (0)       |     0      |      0 (0)       |
|   max_length   |      0 (0)       |     0      |      0 (0)       |
+----------------+------------------+------------+------------------+

Density: 27.384%
------------------------------------------------------------------
**opt_design ... cpu = 0:03:40, real = 0:02:13, mem = 4085.4M, totSessionCpu=0:26:39 **
Begin: Reporting instances with restriction 
+--------------------------------------------------------------------------------------------------------------------------------------------------------+
|          |                                        |           All        |      Sequential      | Combinational(Data Path) | Combinational(Clock Path) |
| Category |                      Detailed Reasons  +-------------+--------+-------------+--------+-------------+------------+-------------+-------------|
|          |                                        |   Count     |   %    |    Count    |   %    |   Count     |     %      |    Count    |      %      |
|----------+----------------------------------------+-------------+--------+-------------+--------+-------------+------------+-------------+-------------|
|  Library | cell for instance is not standard cell |          37 |   0.03 |          37 |   0.21 |           0 |       0.00 |           0 |        -nan | 
|          |                                    All |          37 |   0.03 |          37 |   0.21 |           0 |       0.00 |           0 |        -nan | 
|----------+----------------------------------------+-------------+--------+-------------+--------+-------------+------------+-------------+-------------|
|      All |                                    All |          37 |   0.03 |          37 |   0.21 |           0 |       0.00 |           0 |        -nan | 
+--------------------------------------------------------------------------------------------------------------------------------------------------------+
End: Reporting instances with restriction 
*** InitOpt #1 [finish] (place_opt_design #1) : cpu/real = 0:03:40.7/0:02:14.8 (1.6), totSession cpu/real = 0:26:39.5/0:13:32.4 (2.0), mem = 4085.4M
** INFO : this run is activating medium effort placeOptDesign flow
*** ExcludedClockNetOpt #1 [begin] (place_opt_design #1) : totSession cpu/real = 0:26:41.3/0:13:34.1 (2.0), mem = 4095.5M
*** Starting optimizing excluded clock nets MEM= 4095.5M) ***
*info: No excluded clock nets to be optimized.
*** Finished optimizing excluded clock nets (CPU Time= 0:00:00.0  MEM= 4095.8M) ***
*** ExcludedClockNetOpt #1 [finish] (place_opt_design #1) : cpu/real = 0:00:00.0/0:00:00.0 (0.0), totSession cpu/real = 0:26:41.3/0:13:34.1 (2.0), mem = 4095.8M
The useful skew maximum allowed delay is: 0.3
Running new flow changes for HFN
Begin: GigaOpt high fanout net optimization
GigaOpt HFN: use maxLocalDensity 1.2
GigaOpt Checkpoint: Internal optDRV -useLevelizedBufferTreeOnly -auxMaxFanoutCountLimit 500 -largeScaleFixing -maxIter 1 -maxLocalDensity 1.2 -numThreads 8 -preCTS -preRouteDontEndWithRefinePlaceIncrSteinerRouteDC
*** DrvOpt #1 [begin] (place_opt_design #1) : totSession cpu/real = 0:26:55.5/0:13:43.1 (2.0), mem = 4116.6M
Info: 1 clock net  excluded from IPO operation.

Footprint cell information for calculating maxBufDist
*info: There are 10 candidate Buffer cells
*info: There are 12 candidate Inverter cells

	CornerforLayerOpt timing analysis view default_emulate_view has been selected for calibration 
	CornerforLayerOpt timing analysis view default_emulate_view has been selected for calibration 
	CornerforLayerOpt timing analysis view default_emulate_view has been selected for calibration 
	CornerforLayerOpt timing analysis view default_emulate_view has been selected for calibration 
Dumping Information for Job ...
**WARN: (IMPOPT-7330):	Net rst_n has fanout exceed delaycal_use_default_delay_limit 1000, max-tran violations may increase due to buffering.

Dumping Information for Job ...
**WARN: (IMPOPT-7330):	Net u_core/n_27 has fanout exceed delaycal_use_default_delay_limit 1000, max-tran violations may increase due to buffering.

Dumping Information for Job ...
**WARN: (IMPOPT-7330):	Net u_core/u_update/n_0 has fanout exceed delaycal_use_default_delay_limit 1000, max-tran violations may increase due to buffering.

Dumping Information for Job ...
**WARN: (IMPOPT-7330):	Net u_core/u_update/n_2 has fanout exceed delaycal_use_default_delay_limit 1000, max-tran violations may increase due to buffering.

#InfoCS: Num dontuse cells 10, Num usable cells 386, Num real usable cells 383
+---------+---------+--------+-----------+------------+--------+
| Density | Commits |  WNS   |    TNS    |    Real    |  Mem   |
+---------+---------+--------+-----------+------------+--------+
|   27.41%|        -| -44.224|-112499.152|   0:00:00.0| 4138.2M|
Dumping Information for Job ...
**WARN: (IMPOPT-7330):	Net rst_n has fanout exceed delaycal_use_default_delay_limit 1000, max-tran violations may increase due to buffering.

Dumping Information for Job ...
**WARN: (IMPOPT-7330):	Net u_core/n_27 has fanout exceed delaycal_use_default_delay_limit 1000, max-tran violations may increase due to buffering.

Dumping Information for Job ...
**WARN: (IMPOPT-7330):	Net u_core/u_update/n_0 has fanout exceed delaycal_use_default_delay_limit 1000, max-tran violations may increase due to buffering.

Dumping Information for Job ...
**WARN: (IMPOPT-7330):	Net u_core/u_update/n_2 has fanout exceed delaycal_use_default_delay_limit 1000, max-tran violations may increase due to buffering.

|   27.55%|      472| -20.674| -60319.277|   0:00:06.0| 4357.7M|
+---------+---------+--------+-----------+------------+--------+

*** Finish pre-CTS High Fanout Net Fixing (cpu=0:00:15.0 real=0:00:06.0 mem=4357.7M) ***
**** Begin Transform Statistics ****
+-------------------------------+-------+-----------+------------+------------+----------+----------+----------+--------+--------------+--------------+------------------+
|                      Transform| Called| Pre Filter| Filter Eval| Detail Eval| Committed|       CPU| CommitCPU| Density| Leakage Power| Dynamic Power| buffers/inverters|
+-------------------------------+-------+-----------+------------+------------+----------+----------+----------+--------+--------------+--------------+------------------+
| highLevelizedBufferingPreRoute|     15|         15|          15|          15|        15| 0:00:01.2| 0:00:00.5|   0.145|      0.000000|      0.000000|           201/271|
+-------------------------------+-------+-----------+------------+------------+----------+----------+----------+--------+--------------+--------------+------------------+
**** End Transform Statistics ****
Bottom Preferred Layer:
    None
Via Pillar Rule:
    None


=======================================================================
                Reasons for remaining drv violations
=======================================================================
*info: Total 11 net(s) were new nets created by previous iteration of DRV buffering. Further DRV fixing might remove some violations.


Change summary: 201/271 (0) buffers/inverters were added (deleted) and 0 instance was resized.
*** DrvOpt #1 [finish] (place_opt_design #1) : cpu/real = 0:00:26.0/0:00:12.9 (2.0), totSession cpu/real = 0:27:21.4/0:13:56.1 (2.0), mem = 4211.6M
GigaOpt HFN: restore maxLocalDensity to 1.2
End: GigaOpt high fanout net optimization
Begin: GigaOpt DRV Optimization
[GPS-DRV] number of DCLS groups: 0; maxIter: 2
GigaOpt Checkpoint: Internal optDRV -max_tran -max_cap -maxLocalDensity 1.2 -numThreads 8 -largeScaleFixing -maxIter 2 -preCTS -preRouteDontEndWithRefinePlaceIncrSteinerRouteDC
*** DrvOpt #2 [begin] (place_opt_design #1) : totSession cpu/real = 0:27:23.2/0:13:57.6 (2.0), mem = 4210.2M
Info: 1 clock net  excluded from IPO operation.
	CornerforLayerOpt timing analysis view default_emulate_view has been selected for calibration 
	CornerforLayerOpt timing analysis view default_emulate_view has been selected for calibration 
	CornerforLayerOpt timing analysis view default_emulate_view has been selected for calibration 
	CornerforLayerOpt timing analysis view default_emulate_view has been selected for calibration 
#InfoCS: Num dontuse cells 10, Num usable cells 386, Num real usable cells 383
+-------------------------------------------------------------------------------------------------------------------------------------------------------+
|        max-tran       |        max-cap        |  max-fanout |  max-length |       setup       |        |        |        |       |          |         |
+-------------------------------------------------------------------------------------------------------------------------------------------------------+
| nets | terms|  wViol  | nets | terms|  wViol  | nets | terms| nets | terms|   WNS   |   TNS   |  #Buf  |  #Inv  | #Resize|Density|   Real   |   Mem   |
+-------------------------------------------------------------------------------------------------------------------------------------------------------+
|  5724| 63919|   -17.92|  6692|  6692|    -1.68|     0|     0|     0|     0|   -20.67|-60319.28|       0|       0|       0| 27.55%|          |         |
|   738|  1037|    -1.61|    27|    27|    -0.18|     0|     0|     0|     0|    -5.25|-18791.28|    8575|    2870|     436| 28.95%| 0:00:29.0|  4501.7M|
|   293|   324|    -0.73|     1|     1|    -0.10|     0|     0|     0|     0|    -5.25|-18787.94|     259|     144|     656| 29.09%| 0:00:02.0|  4503.1M|
+-------------------------------------------------------------------------------------------------------------------------------------------------------+
**** Begin Transform Statistics ****
+-----------------------+-------+-----------+------------+------------+----------+----------+----------+--------+--------------+--------------+------------------+------------------------+
|              Transform| Called| Pre Filter| Filter Eval| Detail Eval| Committed|       CPU| CommitCPU| Density| Leakage Power| Dynamic Power| buffers/inverters| Resize Tot/FF/HghtIncFF|
+-----------------------+-------+-----------+------------+------------+----------+----------+----------+--------+--------------+--------------+------------------+------------------------+
| multiBufferDRVPreRoute|   9565|       9565|        8236|        8234|      8233| 0:00:27.0| 0:00:03.0|   1.541|      0.000000|      0.000000|         8834/3014|                1092/0/0|
+-----------------------+-------+-----------+------------+------------+----------+----------+----------+--------+--------------+--------------+------------------+------------------------+
**** End Transform Statistics ****
Bottom Preferred Layer:
+-------------+------------+----------+
|    Layer    |   OPT_LA   |   Rule   |
+-------------+------------+----------+
| met3 (z=4)  |          1 | default  |
| met4 (z=5)  |          2 | default  |
+-------------+------------+----------+
Via Pillar Rule:
    None


=======================================================================
                Reasons for remaining drv violations
=======================================================================
*info: Total 30 net(s) have violations which can't be fixed by DRV optimization.

MultiBuffering failure reasons
------------------------------------------------
*info:     3 net(s): Could not be fixed because no legal loc allow overlap.

*info: Total 263 net(s) were new nets created by previous iteration of DRV buffering. Further DRV fixing might remove some violations.

*info: detailed failure reason files are generated below
*info: 	./genus2invs__3335645_f32480c4-0ec2-48a1-97fe-9f9858c12d7efa_top/drvFailureReason/invs2genus_final.preCts.2.maxTran


Change summary: 8834/3014 (0) buffers/inverters were added (deleted) and 1092 instances were resized.

*** Finish DRV Fixing (cpu=0:01:28 real=0:00:33.0 mem=4503.2M) ***

*** DrvOpt #2 [finish] (place_opt_design #1) : cpu/real = 0:01:36.2/0:00:39.1 (2.5), totSession cpu/real = 0:28:59.4/0:14:36.7 (2.0), mem = 4276.4M
End: GigaOpt DRV Optimization
**opt_design ... cpu = 0:06:01, real = 0:03:19, mem = 4266.9M, totSessionCpu=0:28:59 **

Active setup views:
 default_emulate_view
  Dominating endpoints: 0
  Dominating TNS: -0.000

Begin: GigaOpt Global Optimization
*info: use new DP (enabled)
Global Opt: maxLocalDensity 1.2 (from dbgIPOMaxLocalDensity=1.2, optModeMaxLocDen=1.2)
GigaOpt Checkpoint: Internal globalOpt -maxLocalDensity 1.2 -numThreads 8 -preCTS -rebufferAll -preRouteDontEndWithRefinePlaceIncrSteinerRouteDC -enableHighLayerOpt -maxIter 50 -maxIterForLEPG 50
Info: 1 clock net  excluded from IPO operation.
*** GlobalOpt #1 [begin] (place_opt_design #1) : totSession cpu/real = 0:29:01.2/0:14:39.0 (2.0), mem = 4265.6M
*info: 1 clock net excluded
*info: 446 no-driver nets excluded.
#InfoCS: Num dontuse cells 10, Num usable cells 386, Num real usable cells 383
** GigaOpt Global Opt WNS Slack -5.251  TNS Slack -18787.937 
+--------+----------+---------+------------+--------+--------------------+---------+----------------------------------------------------+
|  WNS   |   TNS    | Density |    Real    |  Mem   |     Worst View     |Pathgroup|                     End Point                      |
+--------+----------+---------+------------+--------+--------------------+---------+----------------------------------------------------+
|  -5.251|-18787.937|   29.09%|   0:00:00.0| 4313.7M|default_emulate_view|  default| u_core/u_update/fin_acc_rsp_data_reg[13]/D         |
|  -2.163| -1386.129|   29.23%|   0:00:26.0| 4728.5M|default_emulate_view|  default| u_core/u_update/v_mul_reg_reg[0][32]/D             |
|  -1.776| -1016.572|   29.33%|   0:00:14.0| 4854.4M|default_emulate_view|  default| u_core/u_update/v_mul_reg_reg[14][32]/D            |
|  -1.776| -1016.572|   29.33%|   0:00:03.0| 4855.0M|default_emulate_view|  default| u_core/u_update/v_mul_reg_reg[14][32]/D            |
|  -1.345|  -647.598|   29.46%|   0:00:12.0| 4856.7M|default_emulate_view|  default| u_core/u_update/v_mul_reg_reg[1][31]/D             |
|  -1.120|  -496.269|   29.47%|   0:00:16.0| 4913.3M|default_emulate_view|  default| u_core/u_update/v_mul_reg_reg[12][31]/D            |
|  -0.982|  -396.972|   29.50%|   0:00:06.0| 4913.5M|default_emulate_view|  default| u_core/u_update/v_mul_reg_reg[12][31]/D            |
|  -0.982|  -396.972|   29.50%|   0:00:02.0| 4914.1M|default_emulate_view|  default| u_core/u_update/v_mul_reg_reg[12][31]/D            |
|  -0.890|  -312.868|   29.53%|   0:00:05.0| 4914.8M|default_emulate_view|  default| u_core/u_update/v_mul_reg_reg[1][31]/D             |
|  -0.793|  -273.846|   29.54%|   0:00:10.0| 4933.7M|default_emulate_view|  default| u_core/u_update/v_mul_reg_reg[1][31]/D             |
|  -0.746|  -228.747|   29.55%|   0:00:04.0| 4934.2M|default_emulate_view|  default| u_core/u_dot_product_reg_reg[10][31]/D             |
|  -0.746|  -228.747|   29.55%|   0:00:02.0| 4933.9M|default_emulate_view|  default| u_core/u_dot_product_reg_reg[10][31]/D             |
|  -0.704|  -206.858|   29.57%|   0:00:03.0| 4934.1M|default_emulate_view|  default| u_core/u_dot_product_reg_reg[10][31]/D             |
|  -0.692|  -180.566|   29.58%|   0:00:09.0| 4939.8M|default_emulate_view|  default| u_core/u_dot_product_reg_reg[23][31]/D             |
|  -0.692|  -165.882|   29.59%|   0:00:03.0| 4940.9M|default_emulate_view|  default| u_core/u_dot_product_reg_reg[23][31]/D             |
|  -0.692|  -165.882|   29.59%|   0:00:02.0| 4942.4M|default_emulate_view|  default| u_core/u_dot_product_reg_reg[23][31]/D             |
|  -0.692|  -150.139|   29.60%|   0:00:02.0| 4941.4M|default_emulate_view|  default| u_core/u_dot_product_reg_reg[23][31]/D             |
|  -0.692|  -137.139|   29.60%|   0:00:08.0| 4943.6M|default_emulate_view|  default| u_core/u_dot_product_reg_reg[23][31]/D             |
|  -0.692|  -125.487|   29.61%|   0:00:03.0| 4943.5M|default_emulate_view|  default| u_core/u_dot_product_reg_reg[23][31]/D             |
|  -0.692|  -125.487|   29.61%|   0:00:01.0| 4943.7M|default_emulate_view|  default| u_core/u_dot_product_reg_reg[23][31]/D             |
|  -0.692|  -118.873|   29.62%|   0:00:03.0| 4944.0M|default_emulate_view|  default| u_core/u_dot_product_reg_reg[23][31]/D             |
|  -0.667|  -104.948|   29.63%|   0:00:07.0| 4947.8M|default_emulate_view|  default| u_core/u_dot_product_reg_reg[23][31]/D             |
|  -0.667|  -102.993|   29.64%|   0:00:03.0| 4947.8M|default_emulate_view|  default| u_core/u_dot_product_reg_reg[23][31]/D             |
|  -0.667|  -102.993|   29.64%|   0:00:01.0| 4948.3M|default_emulate_view|  default| u_core/u_dot_product_reg_reg[23][31]/D             |
|  -0.667|   -98.375|   29.65%|   0:00:02.0| 4948.3M|default_emulate_view|  default| u_core/u_dot_product_reg_reg[23][31]/D             |
|  -0.667|   -97.683|   29.66%|   0:00:07.0| 4954.0M|default_emulate_view|  default| u_core/u_dot_product_reg_reg[23][31]/D             |
|  -0.667|   -93.349|   29.67%|   0:00:03.0| 4952.8M|default_emulate_view|  default| u_core/u_dot_product_reg_reg[23][31]/D             |
|  -0.667|   -93.349|   29.67%|   0:00:01.0| 4955.0M|default_emulate_view|  default| u_core/u_dot_product_reg_reg[23][31]/D             |
|  -0.652|   -88.671|   29.68%|   0:00:03.0| 4955.4M|default_emulate_view|  default| u_core/u_dot_product_reg_reg[23][31]/D             |
|  -0.652|   -88.770|   29.68%|   0:00:05.0| 4960.9M|default_emulate_view|  default| u_core/u_dot_product_reg_reg[23][31]/D             |
|  -0.652|   -84.421|   29.69%|   0:00:02.0| 4960.5M|default_emulate_view|  default| u_core/u_dot_product_reg_reg[23][31]/D             |
|  -0.652|   -84.421|   29.69%|   0:00:01.0| 4960.4M|default_emulate_view|  default| u_core/u_dot_product_reg_reg[23][31]/D             |
|  -0.637|   -76.901|   29.70%|   0:00:03.0| 4960.8M|default_emulate_view|  default| u_core/u_dot_product_reg_reg[23][31]/D             |
|  -0.637|   -75.522|   29.70%|   0:00:08.0| 4960.0M|default_emulate_view|  default| u_core/u_dot_product_reg_reg[23][31]/D             |
+--------+----------+---------+------------+--------+--------------------+---------+----------------------------------------------------+

*** Finish pre-CTS Global Setup Fixing (cpu=0:09:13 real=0:03:00 mem=4960.0M) ***

*** Finish pre-CTS Setup Fixing (cpu=0:09:13 real=0:03:00 mem=4960.0M) ***
**** Begin Transform Statistics ****
+---------------------------------------------+-------+-----------+------------+------------+----------+----------+----------+--------+--------------+--------------+-------+------------------+------------------------+
|                                    Transform| Called| Pre Filter| Filter Eval| Detail Eval| Committed|       CPU| CommitCPU| Density| Leakage Power| Dynamic Power| Delete| buffers/inverters| Resize Tot/FF/HghtIncFF|
+---------------------------------------------+-------+-----------+------------+------------+----------+----------+----------+--------+--------------+--------------+-------+------------------+------------------------+
| optFanoutRebufferAdaptativeLargeTreePreRoute|   3545|       3545|        3389|        1814|      1549| 0:00:34.8| 0:00:01.4|   0.136|      0.000000|      0.000000|   2519|         1652/1807|                 299/0/0|
|         optFanoutBuffAdaptativeLayerPreRoute|  60891|      60891|        4669|        3386|      1650|   0:01:10| 0:00:00.7|   0.179|      0.000000|      0.000000|     NA|            891/19|                1081/0/0|
|                        RouteTypeAssignResize|  65125|          0|           0|           0|         0| 0:00:00.3| 0:00:00.0|   0.000|      0.000000|      0.000000|     NA|                NA|                      NA|
|                                   FastResize|  55014|      55014|        7202|           0|      3095| 0:00:27.0| 0:00:00.2|   0.252|      0.000000|      0.000000|     NA|                NA|              3095/507/0|
| optFanoutRebufferAdaptativeSmallTreePreRoute|   4050|       4050|        3909|        1847|       822|   0:01:23| 0:00:01.2|   0.042|      0.000000|      0.000000|   1791|         1106/1423|                 234/0/0|
|           optFanoutPreRouteHighLayerRebuffer|   1340|       1340|         854|         267|        90| 0:00:19.2| 0:00:00.1|  -0.004|      0.000000|      0.000000|    178|            107/89|                  22/0/0|
+---------------------------------------------+-------+-----------+------------+------------+----------+----------+----------+--------+--------------+--------------+-------+------------------+------------------------+
**** End Transform Statistics ****
Bottom Preferred Layer:
+-------------+------------+----------+
|    Layer    |   OPT_LA   |   Rule   |
+-------------+------------+----------+
| met3 (z=4)  |         13 | default  |
| met4 (z=5)  |         47 | default  |
+-------------+------------+----------+
Via Pillar Rule:
    None

Change summary: 3756/3338 (4488) buffers/inverters were added (deleted) and 4731 instances were resized.
** GigaOpt Global Opt End WNS Slack -0.637  TNS Slack -75.522 
*** GlobalOpt #1 [finish] (place_opt_design #1) : cpu/real = 0:09:23.0/0:03:08.7 (3.0), totSession cpu/real = 0:38:24.3/0:17:47.6 (2.2), mem = 4457.4M
Global Opt: restore maxLocalDensity to 1.2
End: GigaOpt Global Optimization
*** Timing NOT met, worst failing slack is -0.637
*** Check timing (0:00:00.0)
GigaOpt Checkpoint: Internal reclaim -numThreads 8 -preCTS -force -doRemoveUselessTerm -tgtSlackMult 3 -routeType -noRouteTypeResizePolish -noViewPrune -weedwhack -nonLegal -nativePathGroupFlow -SimpCCIn -GCompAndPhase
Info: 1 clock net  excluded from IPO operation.
Begin: Area Reclaim Optimization
#InfoCS: Num dontuse cells 10, Num usable cells 386, Num real usable cells 383
*** AreaOpt #1 [begin] (place_opt_design #1) : totSession cpu/real = 0:38:27.0/0:17:50.1 (2.2), mem = 4459.0M
Reclaim Optimization WNS Slack -0.637  TNS Slack -75.522 Density 29.70
Reclaim Target Slack 0.000 Fastest Clock Period 5.000 StdDelay is 0.03610 Standard Cell Height 3.330um
+---------+---------+--------+--------+------------+--------+
| Density | Commits |  WNS   |  TNS   |    Real    |  Mem   |
+---------+---------+--------+--------+------------+--------+
|   29.70%|        -|  -0.637| -75.522|   0:00:00.0| 4476.6M|
|   29.70%|        6|  -0.637| -75.522|   0:00:02.0| 4512.0M|
|   29.53%|     1160|  -0.637| -75.479|   0:00:13.0| 4545.6M|
|   29.38%|     1894|  -0.637| -72.563|   0:00:24.0| 4622.3M|
|   29.37%|      127|  -0.637| -72.525|   0:00:04.0| 4625.9M|
|   29.37%|        9|  -0.637| -72.525|   0:00:03.0| 4626.0M|
|   29.37%|        1|  -0.637| -72.525|   0:00:01.0| 4626.2M|
|   29.37%|        0|  -0.637| -72.525|   0:00:01.0| 4626.2M|
|   29.37%|        3|  -0.637| -72.525|   0:00:01.0| 4625.8M|
+---------+---------+--------+--------+------------+--------+
Reclaim Optimization End WNS Slack -0.637  TNS Slack -72.525 Density 29.37
**** Begin Transform Statistics ****
+---------------------------------------------------+-------+-----------+------------+------------+----------+----------+----------+--------+--------------+--------------+-------+------------------------+
|                                          Transform| Called| Pre Filter| Filter Eval| Detail Eval| Committed|       CPU| CommitCPU| Density| Leakage Power| Dynamic Power| Delete| Resize Tot/FF/HghtIncFF|
+---------------------------------------------------+-------+-----------+------------+------------+----------+----------+----------+--------+--------------+--------------+-------+------------------------+
| RouteTypeReclaimResizeWithLayerAssignmentTransform|    118|        118|          10|          10|         9| 0:00:00.3| 0:00:00.0|   0.000|      0.000000|      0.000000|     NA|                      NA|
|                                ReclaimDeleteBuffer| 138346|       8109|        1041|        1041|      1038| 0:00:10.7| 0:00:00.7|  -0.016|      0.000000|      0.000000|   1038|                      NA|
|                                     ReclaimDeclone| 137305|        816|         126|         126|       122| 0:00:05.2| 0:00:00.1|  -0.016|      0.000000|      0.000000|     NA|                      NA|
|                                      ReclaimResize| 140394|     140394|        2038|         148|      2031| 0:00:08.6| 0:00:00.1|  -0.172|      0.000000|      0.000000|     NA|              2229/197/0|
+---------------------------------------------------+-------+-----------+------------+------------+----------+----------+----------+--------+--------------+--------------+-------+------------------------+
**** End Transform Statistics ****
Bottom Preferred Layer:
+-------------+------------+----------+
|    Layer    |   OPT_LA   |   Rule   |
+-------------+------------+----------+
| met3 (z=4)  |         16 | default  |
| met4 (z=5)  |         40 | default  |
+-------------+------------+----------+
Via Pillar Rule:
    None

Number of times islegalLocAvaiable called = 0 skipped = 0, called in commitmove = 0, skipped in commitmove = 0
End: Core Area Reclaim Optimization (cpu = 0:01:28) (real = 0:00:54.0) **
*** AreaOpt #1 [finish] (place_opt_design #1) : cpu/real = 0:01:27.7/0:00:53.9 (1.6), totSession cpu/real = 0:39:54.6/0:18:44.0 (2.1), mem = 4625.9M
Executing incremental physical updates
Executing incremental physical updates
End: Area Reclaim Optimization (cpu=0:01:28, real=0:00:54, mem=4475.99M, totSessionCpu=0:39:55).
*** Timing NOT met, worst failing slack is -0.637
*** Check timing (0:00:00.2)
Begin: GigaOpt Optimization in TNS mode
GigaOpt Checkpoint: Internal optTiming -allEndPoints -maxLocalDensity 1.2 -maxLocalDensityForHardenOpt 1.2 -numThreads 8 -preCTS -lowEffort -pgMode all -nativePathGroupFlow -skipLowEffortCategoryOptimization -qftns -ftns -nonLegalPlaceEcoBumpRecoveryInTNSOpt -ipoTgtSlackCoef 0 -effTgtSlackCoef 0
Info: 1 clock net  excluded from IPO operation.
*** TnsOpt #1 [begin] (place_opt_design #1) : totSession cpu/real = 0:40:16.1/0:18:56.1 (2.1), mem = 4495.5M
*info: 1 clock net excluded
*info: 451 no-driver nets excluded.
#InfoCS: Num dontuse cells 10, Num usable cells 386, Num real usable cells 383
** GigaOpt Optimizer WNS Slack -0.637 TNS Slack -72.525 Density 29.37
OptDebug: Start of Optimizer TNS Pass:
+----------+------+-------+
|Path Group|   WNS|    TNS|
+----------+------+-------+
|default   | 0.044|  0.000|
|reg2reg   |-0.637|-72.525|
|HEPG      |-0.637|-72.525|
|All Paths |-0.637|-72.525|
+----------+------+-------+

Active Path Group: reg2reg  
+--------+---------+--------+---------+---------+------------+--------+--------------------+---------+----------------------------------------------------+
|  WNS   | All WNS |  TNS   | All TNS | Density |    Real    |  Mem   |     Worst View     |Pathgroup|                     End Point                      |
+--------+---------+--------+---------+---------+------------+--------+--------------------+---------+----------------------------------------------------+
|  -0.637|   -0.637| -72.525|  -72.525|   29.37%|   0:00:00.0| 4498.8M|default_emulate_view|  reg2reg| u_core/u_dot_product_reg_reg[23][31]/D             |
|  -0.526|   -0.526| -71.782|  -71.782|   29.37%|   0:00:00.0| 4538.2M|default_emulate_view|  reg2reg| u_core/u_update/v_mul_reg_reg[1][31]/D             |
|  -0.500|   -0.500| -72.063|  -72.063|   29.37%|   0:00:02.0| 4706.6M|default_emulate_view|  reg2reg| u_core/u_update/v_mul_reg_reg[1][31]/D             |
|  -0.475|   -0.475| -66.212|  -66.212|   29.38%|   0:00:01.0| 4951.5M|default_emulate_view|  reg2reg| u_core/u_update/v_mul_reg_reg[12][31]/D            |
|  -0.441|   -0.441| -64.617|  -64.617|   29.38%|   0:00:01.0| 4952.3M|default_emulate_view|  reg2reg| u_core/u_update/v_mul_reg_reg[2][31]/D             |
|  -0.393|   -0.393| -59.373|  -59.373|   29.38%|   0:00:01.0| 4969.0M|default_emulate_view|  reg2reg| u_core/u_update/v_mul_reg_reg[10][31]/D            |
|  -0.348|   -0.348| -55.149|  -55.149|   29.39%|   0:00:01.0| 4973.7M|default_emulate_view|  reg2reg| u_core/u_update/v_mul_reg_reg[7][32]/D             |
|  -0.324|   -0.324| -50.272|  -50.272|   29.39%|   0:00:01.0| 4976.4M|default_emulate_view|  reg2reg| u_core/u_update/v_mul_reg_reg[3][30]/D             |
|  -0.280|   -0.280| -42.626|  -42.626|   29.40%|   0:00:01.0| 4984.3M|default_emulate_view|  reg2reg| u_core/u_update/v_mul_reg_reg[1][31]/D             |
|  -0.249|   -0.249| -33.685|  -33.685|   29.40%|   0:00:02.0| 4986.6M|default_emulate_view|  reg2reg| u_core/u_update/v_mul_reg_reg[1][31]/D             |
|  -0.221|   -0.221| -28.159|  -28.159|   29.41%|   0:00:02.0| 5040.4M|default_emulate_view|  reg2reg| u_core/u_update/acc_mul_reg_reg[9][59]/D           |
|  -0.210|   -0.210| -22.124|  -22.124|   29.42%|   0:00:02.0| 5040.6M|default_emulate_view|  reg2reg| u_core/u_update/acc_mul_reg_reg[9][63]/D           |
|  -0.196|   -0.196| -19.742|  -19.742|   29.42%|   0:00:00.0| 5040.8M|default_emulate_view|  reg2reg| u_core/u_update/acc_mul_reg_reg[4][63]/D           |
|  -0.180|   -0.180| -16.657|  -16.657|   29.43%|   0:00:01.0| 5040.9M|default_emulate_view|  reg2reg| u_core/u_update/acc_mul_reg_reg[4][63]/D           |
|  -0.141|   -0.141| -13.745|  -13.745|   29.43%|   0:00:01.0| 5041.1M|default_emulate_view|  reg2reg| u_core/u_update/v_mul_reg_reg[9][32]/D             |
|  -0.128|   -0.128|  -8.493|   -8.493|   29.45%|   0:00:02.0| 5043.3M|default_emulate_view|  reg2reg| u_core/u_update/v_mul_reg_reg[9][32]/D             |
|  -0.116|   -0.116|  -6.642|   -6.642|   29.45%|   0:00:01.0| 5043.6M|default_emulate_view|  reg2reg| u_core/u_update/v_mul_reg_reg[1][31]/D             |
|  -0.106|   -0.106|  -4.558|   -4.558|   29.47%|   0:00:01.0| 5044.6M|default_emulate_view|  reg2reg| u_core/u_update/v_mul_reg_reg[1][31]/D             |
|  -0.097|   -0.097|  -3.678|   -3.678|   29.48%|   0:00:02.0| 5045.0M|default_emulate_view|  reg2reg| u_core/u_update/v_mul_reg_reg[1][31]/D             |
|  -0.087|   -0.087|  -3.056|   -3.056|   29.49%|   0:00:01.0| 5045.1M|default_emulate_view|  reg2reg| u_core/u_update/v_mul_reg_reg[1][31]/D             |
|  -0.083|   -0.083|  -1.891|   -1.891|   29.50%|   0:00:01.0| 5045.2M|default_emulate_view|  reg2reg| u_core/u_update/v_mul_reg_reg[1][31]/D             |
|  -0.070|   -0.070|  -1.553|   -1.553|   29.51%|   0:00:01.0| 5045.5M|default_emulate_view|  reg2reg| u_core/u_update/v_mul_reg_reg[1][31]/D             |
|  -0.070|   -0.070|  -0.931|   -0.931|   29.52%|   0:00:01.0| 5045.9M|default_emulate_view|  reg2reg| u_core/u_update/v_mul_reg_reg[1][31]/D             |
|  -0.070|   -0.070|  -0.831|   -0.831|   29.52%|   0:00:01.0| 5045.9M|default_emulate_view|  reg2reg| u_core/u_update/v_mul_reg_reg[1][31]/D             |
|  -0.070|   -0.070|  -0.465|   -0.465|   29.53%|   0:00:01.0| 5046.0M|default_emulate_view|  reg2reg| u_core/u_update/v_mul_reg_reg[4][32]/D             |
|  -0.070|   -0.070|  -0.382|   -0.382|   29.53%|   0:00:01.0| 5046.0M|default_emulate_view|  reg2reg| u_core/u_update/v_mul_reg_reg[14][32]/D            |
|  -0.070|   -0.070|  -0.375|   -0.375|   29.53%|   0:00:00.0| 5046.6M|default_emulate_view|  reg2reg| u_core/u_update/acc_mul_reg_reg[0][63]/D           |
|  -0.070|   -0.070|  -0.376|   -0.376|   29.53%|   0:00:01.0| 5046.8M|default_emulate_view|  reg2reg| u_core/u_update/v_mul_reg_reg[1][31]/D             |
+--------+---------+--------+---------+---------+------------+--------+--------------------+---------+----------------------------------------------------+

*** Finish Core Optimize Step (cpu=0:01:07 real=0:00:30.0 mem=5046.8M) ***

*** Finished Optimize Step Cumulative (cpu=0:01:13 real=0:00:32.0 mem=5046.8M) ***
OptDebug: End of Optimizer TNS Pass:
+----------+------+------+
|Path Group|   WNS|   TNS|
+----------+------+------+
|default   | 0.044| 0.000|
|reg2reg   |-0.070|-0.376|
|HEPG      |-0.070|-0.376|
|All Paths |-0.070|-0.376|
+----------+------+------+

*** Finished re-routing un-routed nets (4790.9M) ***

*** Finish Physical Update (cpu=0:00:03.8 real=0:00:03.0 mem=4784.0M) ***
** GigaOpt Optimizer WNS Slack -0.070 TNS Slack -0.376 Density 29.53
OptDebug: End of Setup Fixing:
+----------+------+------+
|Path Group|   WNS|   TNS|
+----------+------+------+
|default   | 0.044| 0.000|
|reg2reg   |-0.070|-0.376|
|HEPG      |-0.070|-0.376|
|All Paths |-0.070|-0.376|
+----------+------+------+

**** Begin Transform Statistics ****
+-----------------------------+-------+-----------+------------+------------+----------+----------+----------+--------+--------------+--------------+-------+------------------+------------------------+
|                    Transform| Called| Pre Filter| Filter Eval| Detail Eval| Committed|       CPU| CommitCPU| Density| Leakage Power| Dynamic Power| Delete| buffers/inverters| Resize Tot/FF/HghtIncFF|
+-----------------------------+-------+-----------+------------+------------+----------+----------+----------+--------+--------------+--------------+-------+------------------+------------------------+
|                    remapGate|   3318|       1502|        1063|         707|       403| 0:00:16.4| 0:00:00.4|   0.095|      0.000000|      0.000000|     NA|                NA|                      NA|
|             rebufferPreRoute|    456|        448|         116|          23|        10| 0:00:10.7| 0:00:00.0|   0.003|      0.000000|      0.000000|     43|             35/31|                      NA|
|              lowEffortResize|   2985|       2946|        1442|         746|       415| 0:00:08.1| 0:00:00.1|   0.041|      0.000000|      0.000000|     NA|                NA|                 415/2/0|
| MultiBufferLowEffortPreRoute|    648|        639|         212|          75|        35| 0:00:05.5| 0:00:00.0|   0.007|      0.000000|      0.000000|     NA|              40/0|                      NA|
|          DeleteBufInvTreeTNS|    480|         51|          51|           1|         0| 0:00:01.7| 0:00:00.0|   0.000|      0.000000|      0.000000|     NA|                NA|                      NA|
|                 DeleteBuffer|    556|         36|          36|           2|         2| 0:00:00.9| 0:00:00.0|  -0.000|      0.000000|      0.000000|     NA|                NA|                      NA|
|             bufToInvPreRoute|    370|         63|           1|           0|         0| 0:00:00.5| 0:00:00.0|   0.000|      0.000000|      0.000000|     NA|                NA|                      NA|
|        RouteTypeAssignResize|   2985|          0|           0|           0|         0| 0:00:00.0| 0:00:00.0|   0.000|      0.000000|      0.000000|     NA|                NA|                      NA|
+-----------------------------+-------+-----------+------------+------------+----------+----------+----------+--------+--------------+--------------+-------+------------------+------------------------+
**** End Transform Statistics ****
Bottom Preferred Layer:
+-------------+------------+----------+
|    Layer    |   OPT_LA   |   Rule   |
+-------------+------------+----------+
| met3 (z=4)  |         18 | default  |
| met4 (z=5)  |         39 | default  |
+-------------+------------+----------+
Via Pillar Rule:
    None

*** Finish pre-CTS Setup Fixing (cpu=0:01:21 real=0:00:39.0 mem=4785.6M) ***

**** Begin Polishing Statistics ****
 #NodeCalled:115; #SubnwCalled:0(#candNode:0); #PassFilter:83; #PassDetailEval:81; #FailedDetailEval:2; #FilterCandSol:137; #CPU:0:00:00.3; #transformCPU:0:00:00.3
**** End Polishing Statistics ****
*** TnsOpt #1 [finish] (place_opt_design #1) : cpu/real = 0:01:27.2/0:00:45.2 (1.9), totSession cpu/real = 0:41:43.3/0:19:41.3 (2.1), mem = 4511.2M
End: GigaOpt Optimization in TNS mode
*** Timing NOT met, worst failing slack is -0.070
*** Check timing (0:00:00.0)
Begin: GigaOpt Optimization in WNS mode
GigaOpt Checkpoint: Internal optTiming -maxLocalDensity 1.2 -maxLocalDensityForHardenOpt 1.2 -numThreads 8 -preCTS -wtns -pgMode all -ipoTgtSlackCoef 1.5 -effTgtSlackCoef 1 -nativePathGroupFlow -NDROptEffortAuto -usefulSkew -nonLegalPlaceEcoBumpRecoveryInWNSOpt
Info: 1 clock net  excluded from IPO operation.
*** WnsOpt #1 [begin] (place_opt_design #1) : totSession cpu/real = 0:41:44.7/0:19:43.1 (2.1), mem = 4498.2M
*info: 1 clock net excluded
*info: 451 no-driver nets excluded.
#InfoCS: Num dontuse cells 10, Num usable cells 386, Num real usable cells 383
** GigaOpt Optimizer WNS Slack -0.070 TNS Slack -0.376 Density 29.53
OptDebug: Start of Optimizer WNS Pass 0:
+----------+------+------+
|Path Group|   WNS|   TNS|
+----------+------+------+
|default   | 0.044| 0.000|
|reg2reg   |-0.070|-0.376|
|HEPG      |-0.070|-0.376|
|All Paths |-0.070|-0.376|
+----------+------+------+

Active Path Group: reg2reg  
+--------+---------+--------+---------+---------+------------+--------+--------------------+---------+----------------------------------------------------+
|  WNS   | All WNS |  TNS   | All TNS | Density |    Real    |  Mem   |     Worst View     |Pathgroup|                     End Point                      |
+--------+---------+--------+---------+---------+------------+--------+--------------------+---------+----------------------------------------------------+
|  -0.070|   -0.070|  -0.376|   -0.376|   29.53%|   0:00:00.0| 4537.0M|default_emulate_view|  reg2reg| u_core/u_update/v_mul_reg_reg[1][31]/D             |
|   0.003|    0.003|   0.000|    0.000|   29.55%|   0:00:03.0| 4753.8M|default_emulate_view|  reg2reg| u_core/u_score_exp_u_exp_rom_bank5_data_s0_reg[0]/ |
|        |         |        |         |         |            |        |                    |         | D                                                  |
|   0.016|    0.016|   0.000|    0.000|   29.56%|   0:00:02.0| 4777.8M|default_emulate_view|  reg2reg| u_core/u_update/v_mul_reg_reg[5][31]/D             |
|   0.027|    0.027|   0.000|    0.000|   29.57%|   0:00:02.0| 4809.5M|default_emulate_view|  reg2reg| u_core/u_update/v_mul_reg_reg[7][30]/D             |
|   0.040|    0.040|   0.000|    0.000|   29.57%|   0:00:02.0| 4821.3M|default_emulate_view|  reg2reg| u_core/u_update/v_mul_reg_reg[3][30]/D             |
|   0.040|    0.040|   0.000|    0.000|   29.57%|   0:00:00.0| 4821.3M|default_emulate_view|  reg2reg| u_core/u_update/v_mul_reg_reg[3][30]/D             |
+--------+---------+--------+---------+---------+------------+--------+--------------------+---------+----------------------------------------------------+

*** Finish Core Optimize Step (cpu=0:00:23.1 real=0:00:09.0 mem=4821.3M) ***

*** Finished Optimize Step Cumulative (cpu=0:00:30.5 real=0:00:13.0 mem=4823.4M) ***
OptDebug: End of Optimizer WNS Pass 0:
+----------+-----+-----+
|Path Group|  WNS|  TNS|
+----------+-----+-----+
|default   |0.044|0.000|
|reg2reg   |0.040|0.000|
|HEPG      |0.040|0.000|
|All Paths |0.040|0.000|
+----------+-----+-----+

** GigaOpt Optimizer WNS Slack 0.040 TNS Slack 0.000 Density 29.57
** GigaOpt Optimizer WNS Slack 0.040 TNS Slack 0.000 Density 29.57
** GigaOpt Optimizer WNS Slack 0.040 TNS Slack 0.000 Density 29.57
** GigaOpt Optimizer WNS Slack 0.040 TNS Slack 0.000 Density 29.57
OptDebug: End of Setup Fixing:
+----------+-----+-----+
|Path Group|  WNS|  TNS|
+----------+-----+-----+
|default   |0.044|0.000|
|reg2reg   |0.040|0.000|
|HEPG      |0.040|0.000|
|All Paths |0.040|0.000|
+----------+-----+-----+

**** Begin Transform Statistics ****
+-----------------------------+-------+-----------+------------+------------+----------+----------+----------+--------+--------------+--------------+------------------+------------------------+
|                    Transform| Called| Pre Filter| Filter Eval| Detail Eval| Committed|       CPU| CommitCPU| Density| Leakage Power| Dynamic Power| buffers/inverters| Resize Tot/FF/HghtIncFF|
+-----------------------------+-------+-----------+------------+------------+----------+----------+----------+--------+--------------+--------------+------------------+------------------------+
|                    remapGate|    882|        464|         373|         261|       152| 0:00:04.8| 0:00:00.2|   0.013|      0.000000|      0.000000|                NA|                      NA|
| MultiBufferLowEffortPreRoute|    423|        412|         152|          67|        47| 0:00:03.9| 0:00:00.0|   0.009|      0.000000|      0.000000|              61/0|                      NA|
|             DeleteBufInvTree|    608|         95|          95|           3|         2| 0:00:03.0| 0:00:00.0|  -0.000|      0.000000|      0.000000|                NA|                      NA|
|              lowEffortResize|    610|        610|         275|         188|       114| 0:00:02.1| 0:00:00.0|   0.013|      0.000000|      0.000000|                NA|                 114/3/0|
|                 DeleteBuffer|    608|         55|          55|           0|         0| 0:00:01.3| 0:00:00.0|   0.000|      0.000000|      0.000000|                NA|                      NA|
|        RouteTypeAssignResize|    610|          0|           0|           0|         0| 0:00:00.0| 0:00:00.0|   0.000|      0.000000|      0.000000|                NA|                      NA|
+-----------------------------+-------+-----------+------------+------------+----------+----------+----------+--------+--------------+--------------+------------------+------------------------+
**** End Transform Statistics ****
Bottom Preferred Layer:
+-------------+------------+----------+
|    Layer    |   OPT_LA   |   Rule   |
+-------------+------------+----------+
| met3 (z=4)  |         18 | default  |
| met4 (z=5)  |         39 | default  |
+-------------+------------+----------+
Via Pillar Rule:
    None

*** Finish pre-CTS Setup Fixing (cpu=0:00:35.6 real=0:00:18.0 mem=4823.5M) ***

**** Begin Polishing Statistics ****
 #NodeCalled:211; #SubnwCalled:0(#candNode:0); #PassFilter:168; #PassDetailEval:166; #FailedDetailEval:5; #FilterCandSol:274; #CPU:0:00:00.8; #transformCPU:0:00:00.7
**** End Polishing Statistics ****
*** WnsOpt #1 [finish] (place_opt_design #1) : cpu/real = 0:00:41.9/0:00:23.9 (1.7), totSession cpu/real = 0:42:26.6/0:20:07.0 (2.1), mem = 4535.9M
End: GigaOpt Optimization in WNS mode
[NR-eGR] Started Early Global Route ( Curr Mem: 3.58 MB )
[NR-eGR] Started Early Global Route kernel ( Curr Mem: 3.58 MB )
[NR-eGR] Read 157562 nets ( ignored 0 )
[NR-eGR] There are 1 clock nets ( 0 with NDR ).
[NR-eGR] Started Multi-thread eGR-Steiner ( 8threads ) ( Curr Mem: 4.21 MB )
[NR-eGR] Finished Multi-thread eGR-Steiner ( 8threads ) ( CPU: 2.36 sec, Real: 0.85 sec, Curr Mem: 4.26 MB )
[NR-eGR] Total eGR-routed clock nets wire length: 154739um, number of vias: 39485
[NR-eGR] --------------------------------------------------------------------------
[NR-eGR]               Length (um)     Vias 
[NR-eGR] -----------------------------------
[NR-eGR]  li1   (1V)             0   490592 
[NR-eGR]  met1  (2H)       4730953   575130 
[NR-eGR]  met2  (3V)       4522539    13675 
[NR-eGR]  met3  (4H)        670871    15445 
[NR-eGR]  met4  (5V)        427208    10936 
[NR-eGR]  met5  (6H)       1275439        0 
[NR-eGR] -----------------------------------
[NR-eGR]        Total     11627011  1105778 
[NR-eGR] --------------------------------------------------------------------------
[NR-eGR] Total half perimeter of net bounding box: 10801679um
[NR-eGR] Total length: 11627011um, number of vias: 1105778
[NR-eGR] --------------------------------------------------------------------------
[NR-eGR] Finished Early Global Route kernel ( CPU: 9.62 sec, Real: 9.72 sec, Curr Mem: 3.91 MB )
[NR-eGR] Finished Early Global Route ( CPU: 9.74 sec, Real: 9.98 sec, Curr Mem: 2.98 MB )
Extraction called for design 'fa_top' of instances=138748 and nets=160037 using extraction engine 'pre_route' .
**WARN: (IMPEXT-3530):	The process node is not set. Use the command set_design_mode -process <process node> prior to extraction for maximum accuracy and optimal automatic threshold setting.
Type 'man IMPEXT-3530' for more detail.
pre_route RC Extraction called for design fa_top.
RC Extraction called in multi-corner(1) mode.
RCMode: PreRoute
      RC Corner Indexes            0   
Capacitance Scaling Factor   : 1.00000 
Resistance Scaling Factor    : 1.00000 
Clock Cap. Scaling Factor    : 1.00000 
Clock Res. Scaling Factor    : 1.00000 
Shrink Factor                : 1.00000
PreRoute extraction is honoring NDR/Shielding/ExtraSpace for clock nets.
Using Quantus QRC technology file ...
Grid density data update skipped
Initializing multi-corner resistance tables ...
PreRoute RC Extraction DONE (CPU Time: 0:00:01.3  Real Time: 0:00:02.0  MEM: 4299.488M)
Starting delay calculation for Setup views
AAE_INFO: opIsDesignInPostRouteState() is 0
#################################################################################
# Design Stage: PreRoute
# Design Name: fa_top
# Design Mode: 90nm
# Analysis Mode: MMMC Non-OCV 
# Parasitics Mode: No SPEF/RCDB 
# Signoff Settings: SI Off 
#################################################################################
Calculate delays in Single mode...
Start delay calculation (fullDC) (8 T). (MEM=4413.44)
Total number of fetched objects 159131
AAE_INFO: Total number of nets for which stage creation was skipped for all views 0
End delay calculation. (MEM=4559.9 CPU=0:00:40.8 REAL=0:00:08.0)
End delay calculation (fullDC). (MEM=4559.9 CPU=0:00:46.2 REAL=0:00:11.0)
*** Done Building Timing Graph (cpu=0:01:14 real=0:00:21.0 totSessionCpu=0:43:53 mem=4595.4M)
Begin: GigaOpt postEco DRV Optimization
GigaOpt Checkpoint: Internal optDRV -inPostEcoStage -smallScaleFixing -maxIter 3 -max_tran -max_cap -maxLocalDensity 1.2 -numThreads 8 -preRouteDontEndWithRefinePlaceIncrSteinerRouteDC -setupTNSCostFactor 1.0 -preCTS
*** DrvOpt #3 [begin] (place_opt_design #1) : totSession cpu/real = 0:43:56.3/0:20:43.1 (2.1), mem = 4597.6M
Info: 1 clock net  excluded from IPO operation.
	CornerforLayerOpt timing analysis view default_emulate_view has been selected for calibration 
	CornerforLayerOpt timing analysis view default_emulate_view has been selected for calibration 
	CornerforLayerOpt timing analysis view default_emulate_view has been selected for calibration 
	CornerforLayerOpt timing analysis view default_emulate_view has been selected for calibration 
#InfoCS: Num dontuse cells 10, Num usable cells 386, Num real usable cells 383
+-------------------------------------------------------------------------------------------------------------------------------------------------------+
|        max-tran       |        max-cap        |  max-fanout |  max-length |       setup       |        |        |        |       |          |         |
+-------------------------------------------------------------------------------------------------------------------------------------------------------+
| nets | terms|  wViol  | nets | terms|  wViol  | nets | terms| nets | terms|   WNS   |   TNS   |  #Buf  |  #Inv  | #Resize|Density|   Real   |   Mem   |
+-------------------------------------------------------------------------------------------------------------------------------------------------------+
|   692|  1136|    -1.17|    18|    18|    -0.04|     0|     0|     0|     0|    -0.04|    -0.25|       0|       0|       0| 29.57%|          |         |
|   118|   142|    -0.04|     0|     0|     0.00|     0|     0|     0|     0|    -0.04|    -0.21|     590|      24|     177| 29.73%| 0:00:02.0|  4653.7M|
|   100|   122|    -0.04|     0|     0|     0.00|     0|     0|     0|     0|    -0.04|    -0.21|      47|       0|      44| 29.75%| 0:00:01.0|  4654.1M|
|    88|   107|    -0.04|     0|     0|     0.00|     0|     0|     0|     0|    -0.04|    -0.21|      16|       4|      20| 29.76%| 0:00:01.0|  4654.3M|
+-------------------------------------------------------------------------------------------------------------------------------------------------------+
**** Begin Transform Statistics ****
+-----------------------+-------+-----------+------------+------------+----------+----------+----------+--------+--------------+--------------+------------------+------------------------+
|              Transform| Called| Pre Filter| Filter Eval| Detail Eval| Committed|       CPU| CommitCPU| Density| Leakage Power| Dynamic Power| buffers/inverters| Resize Tot/FF/HghtIncFF|
+-----------------------+-------+-----------+------------+------------+----------+----------+----------+--------+--------------+--------------+------------------+------------------------+
| multiBufferDRVPreRoute|    912|        912|        1122|         527|       527| 0:00:05.9| 0:00:00.1|   0.069|      0.000000|      0.000000|            442/28|                 210/0/0|
|                 Resize|    385|        385|         126|          31|        31| 0:00:00.5| 0:00:00.0|   0.004|      0.000000|      0.000000|                NA|                  31/0/0|
|           SingleBuffer|    354|        354|         247|         211|       211| 0:00:00.7| 0:00:00.1|   0.117|      0.000000|      0.000000|             211/0|                      NA|
+-----------------------+-------+-----------+------------+------------+----------+----------+----------+--------+--------------+--------------+------------------+------------------------+
**** End Transform Statistics ****
Bottom Preferred Layer:
+-------------+------------+----------+
|    Layer    |   OPT_LA   |   Rule   |
+-------------+------------+----------+
| met3 (z=4)  |         18 | default  |
| met4 (z=5)  |         39 | default  |
+-------------+------------+----------+
Via Pillar Rule:
    None


=======================================================================
                Reasons for remaining drv violations
=======================================================================
*info: Total 77 net(s) have violations which can't be fixed by DRV optimization.

MultiBuffering failure reasons
------------------------------------------------
*info:    74 net(s): Could not be fixed because the gain is not enough.
*info:     1 net(s): Could not be fixed because usable cell area larger than available area.

SingleBuffering failure reasons
------------------------------------------------
*info:    26 net(s): Could not be fixed because of the buffering solution introduces DRV degradation.
*info:    33 net(s): Could not be fixed because of routing congestion.

Resizing failure reasons
------------------------------------------------
*info:    69 net(s): Could not be fixed because no move is found.

*info: Total 11 net(s) were new nets created by previous iteration of DRV buffering. Further DRV fixing might remove some violations.

*info: detailed failure reason files are generated below
*info: 	./genus2invs__3335645_f32480c4-0ec2-48a1-97fe-9f9858c12d7efa_top/drvFailureReason/invs2genus_final.preCts.3.maxTran


Change summary: 653/28 (0) buffers/inverters were added (deleted) and 241 instances were resized.

*** Finish DRV Fixing (cpu=0:00:15.3 real=0:00:07.0 mem=4654.4M) ***

*** DrvOpt #3 [finish] (place_opt_design #1) : cpu/real = 0:00:22.9/0:00:13.5 (1.7), totSession cpu/real = 0:44:19.2/0:20:56.6 (2.1), mem = 4521.6M
End: GigaOpt postEco DRV Optimization
GigaOpt: WNS changes after postEco optimization: 0.000 -> -0.040 (bump = 0.04)
Begin: GigaOpt nonLegal postEco optimization
GigaOpt Checkpoint: Internal optTiming -setupRecovery -newSetupRecovery -maxLocalDensity 1.2 -numThreads 8 -maxSmoothenIter 1 -nativePathGroupFlow  -NDROptEffortAuto -ipoTgtSlackCoef 0 -effTgtSlackCoef 0
Info: 1 clock net  excluded from IPO operation.
*** WnsOpt #2 [begin] (place_opt_design #1) : totSession cpu/real = 0:44:21.9/0:21:00.4 (2.1), mem = 4509.9M
*info: 1 clock net excluded
*info: 451 no-driver nets excluded.
#InfoCS: Num dontuse cells 10, Num usable cells 386, Num real usable cells 383
** GigaOpt Optimizer WNS Slack -0.040 TNS Slack -0.209 Density 29.76
OptDebug: Start of Optimizer WNS Pass 0:
+----------+------+------+
|Path Group|   WNS|   TNS|
+----------+------+------+
|default   |-0.035|-0.133|
|reg2reg   |-0.040|-0.077|
|HEPG      |-0.040|-0.077|
|All Paths |-0.040|-0.209|
+----------+------+------+

Active Path Group: reg2reg  
+--------+---------+--------+---------+---------+------------+--------+--------------------+---------+----------------------------------------------------+
|  WNS   | All WNS |  TNS   | All TNS | Density |    Real    |  Mem   |     Worst View     |Pathgroup|                     End Point                      |
+--------+---------+--------+---------+---------+------------+--------+--------------------+---------+----------------------------------------------------+
|  -0.040|   -0.040|  -0.077|   -0.209|   29.76%|   0:00:00.0| 4545.7M|default_emulate_view|  reg2reg| u_core/u_update/v_mul_reg_reg[14][32]/D            |
|   0.000|   -0.035|   0.000|   -0.133|   29.76%|   0:00:00.0| 4597.6M|default_emulate_view|       NA| NA                                                 |
+--------+---------+--------+---------+---------+------------+--------+--------------------+---------+----------------------------------------------------+

*** Finish Core Optimize Step (cpu=0:00:00.4 real=0:00:00.0 mem=4597.6M) ***
Active Path Group: default 
+--------+---------+--------+---------+---------+------------+--------+--------------------+---------+----------------------------------------------------+
|  WNS   | All WNS |  TNS   | All TNS | Density |    Real    |  Mem   |     Worst View     |Pathgroup|                     End Point                      |
+--------+---------+--------+---------+---------+------------+--------+--------------------+---------+----------------------------------------------------+
|  -0.035|   -0.035|  -0.133|   -0.133|   29.76%|   0:00:00.0| 4599.3M|default_emulate_view|  default| u_core/u_update/fin_acc_rsp_data_reg[4]/D          |
|   0.000|    0.010|   0.000|    0.000|   29.76%|   0:00:02.0| 4675.1M|default_emulate_view|       NA| NA                                                 |
+--------+---------+--------+---------+---------+------------+--------+--------------------+---------+----------------------------------------------------+

*** Finish Core Optimize Step (cpu=0:00:02.0 real=0:00:02.0 mem=4675.1M) ***

*** Finished Optimize Step Cumulative (cpu=0:00:08.9 real=0:00:07.0 mem=4675.1M) ***
OptDebug: End of Optimizer WNS Pass 0:
+----------+-----+-----+
|Path Group|  WNS|  TNS|
+----------+-----+-----+
|default   |0.030|0.000|
|reg2reg   |0.010|0.000|
|HEPG      |0.010|0.000|
|All Paths |0.010|0.000|
+----------+-----+-----+

** GigaOpt Optimizer WNS Slack 0.000 TNS Slack 0.000 Density 29.76
** GigaOpt Optimizer WNS Slack 0.000 TNS Slack 0.000 Density 29.76
OptDebug: End of Setup Fixing:
+----------+-----+-----+
|Path Group|  WNS|  TNS|
+----------+-----+-----+
|default   |0.030|0.000|
|reg2reg   |0.010|0.000|
|HEPG      |0.010|0.000|
|All Paths |0.010|0.000|
+----------+-----+-----+

**** Begin Transform Statistics ****
+-----------------------------+-------+-----------+------------+------------+----------+----------+----------+--------+--------------+--------------+------------------------+
|                    Transform| Called| Pre Filter| Filter Eval| Detail Eval| Committed|       CPU| CommitCPU| Density| Leakage Power| Dynamic Power| Resize Tot/FF/HghtIncFF|
+-----------------------------+-------+-----------+------------+------------+----------+----------+----------+--------+--------------+--------------+------------------------+
|                    remapGate|     32|         13|          12|           8|         1| 0:00:00.3| 0:00:00.0|   0.000|      0.000000|      0.000000|                      NA|
|             DeleteBufInvTree|     24|          4|           4|           2|         0| 0:00:00.3| 0:00:00.0|   0.000|      0.000000|      0.000000|                      NA|
|              lowEffortResize|     23|         23|          16|          15|         4| 0:00:00.3| 0:00:00.0|   0.001|      0.000000|      0.000000|                   4/0/0|
| MultiBufferLowEffortPreRoute|      8|          7|           4|           4|         0| 0:00:00.1| 0:00:00.0|   0.000|      0.000000|      0.000000|                      NA|
|                 DeleteBuffer|     24|          2|           2|           0|         0| 0:00:00.0| 0:00:00.0|   0.000|      0.000000|      0.000000|                      NA|
|        RouteTypeAssignResize|     23|          0|           0|           0|         0| 0:00:00.0| 0:00:00.0|   0.000|      0.000000|      0.000000|                      NA|
+-----------------------------+-------+-----------+------------+------------+----------+----------+----------+--------+--------------+--------------+------------------------+
**** End Transform Statistics ****
Bottom Preferred Layer:
+-------------+------------+----------+
|    Layer    |   OPT_LA   |   Rule   |
+-------------+------------+----------+
| met3 (z=4)  |         18 | default  |
| met4 (z=5)  |         39 | default  |
+-------------+------------+----------+
Via Pillar Rule:
    None

*** Finish pre-CTS Setup Fixing (cpu=0:00:13.2 real=0:00:10.0 mem=4675.7M) ***

**** Begin Polishing Statistics ****
 #NodeCalled:7; #SubnwCalled:0(#candNode:0); #PassFilter:5; #PassDetailEval:5; #FailedDetailEval:0; #FilterCandSol:10; #CPU:0:00:00.1; #transformCPU:0:00:00.1
**** End Polishing Statistics ****
*** WnsOpt #2 [finish] (place_opt_design #1) : cpu/real = 0:00:18.3/0:00:15.6 (1.2), totSession cpu/real = 0:44:40.2/0:21:16.0 (2.1), mem = 4529.5M
End: GigaOpt nonLegal postEco optimization
Register exp ratio and priority group on 57 nets on 159812 nets : 
z=4 : 18 nets
z=5 : 39 nets

Active setup views:
 default_emulate_view
  Dominating endpoints: 0
  Dominating TNS: -0.000

Extraction called for design 'fa_top' of instances=139429 and nets=160718 using extraction engine 'pre_route' .
**WARN: (IMPEXT-3530):	The process node is not set. Use the command set_design_mode -process <process node> prior to extraction for maximum accuracy and optimal automatic threshold setting.
Type 'man IMPEXT-3530' for more detail.
pre_route RC Extraction called for design fa_top.
RC Extraction called in multi-corner(1) mode.
RCMode: PreRoute
      RC Corner Indexes            0   
Capacitance Scaling Factor   : 1.00000 
Resistance Scaling Factor    : 1.00000 
Clock Cap. Scaling Factor    : 1.00000 
Clock Res. Scaling Factor    : 1.00000 
Shrink Factor                : 1.00000
PreRoute extraction is honoring NDR/Shielding/ExtraSpace for clock nets.
Using Quantus QRC technology file ...
Grid density data update skipped
Initializing multi-corner resistance tables ...
PreRoute RC Extraction DONE (CPU Time: 0:00:01.3  Real Time: 0:00:02.0  MEM: 4300.438M)
Skewing Data Summary (End_of_FINAL)

Skew summary for view default_emulate_view:
* Accumulated skew : count = 0

Starting delay calculation for Setup views
AAE_INFO: opIsDesignInPostRouteState() is 0
#################################################################################
# Design Stage: PreRoute
# Design Name: fa_top
# Design Mode: 90nm
# Analysis Mode: MMMC Non-OCV 
# Parasitics Mode: No SPEF/RCDB 
# Signoff Settings: SI Off 
#################################################################################
Calculate delays in Single mode...
Start delay calculation (fullDC) (8 T). (MEM=4428.32)
Total number of fetched objects 159812
AAE_INFO: Total number of nets for which stage creation was skipped for all views 0
End delay calculation. (MEM=4551.76 CPU=0:00:40.5 REAL=0:00:09.0)
End delay calculation (fullDC). (MEM=4551.76 CPU=0:00:46.1 REAL=0:00:12.0)
*** Done Building Timing Graph (cpu=0:00:59.8 real=0:00:18.0 totSessionCpu=0:45:53 mem=4560.8M)
OPTC: user 20.0
Reported timing to dir ./genus2invs__3335645_f32480c4-0ec2-48a1-97fe-9f9858c12d7efa_top
**opt_design ... cpu = 0:23:13, real = 0:10:34, mem = 4438.8M, totSessionCpu=0:46:12 **

OptSummary:

------------------------------------------------------------------
     opt_design Final Summary
------------------------------------------------------------------

Setup views included:
 default_emulate_view 

+--------------------+---------+---------+---------+
|     Setup mode     |   all   | reg2reg | default |
+--------------------+---------+---------+---------+
|           WNS (ns):|  0.010  |  0.010  |  0.030  |
|           TNS (ns):|  0.000  |  0.000  |  0.000  |
|    Violating Paths:|    0    |    0    |    0    |
|          All Paths:|  33022  |  32030  |  19804  |
+--------------------+---------+---------+---------+

+----------------+-------------------------------+------------------+
|                |              Real             |       Total      |
|    DRVs        +------------------+------------+------------------|
|                |  Nr nets(terms)  | Worst Vio  |  Nr nets(terms)  |
+----------------+------------------+------------+------------------+
|   max_cap      |      0 (0)       |   0.000    |      0 (0)       |
|   max_tran     |     23 (27)      |   -0.029   |     52 (56)      |
|   max_fanout   |      0 (0)       |     0      |      0 (0)       |
|   max_length   |      0 (0)       |     0      |      0 (0)       |
+----------------+------------------+------------+------------------+

Density: 29.737%
Routing Overflow: 15.42% H and 2.05% V
------------------------------------------------------------------
Begin: Reporting instances with restriction 
+--------------------------------------------------------------------------------------------------------------------------------------------------------+
|          |                                        |           All        |      Sequential      | Combinational(Data Path) | Combinational(Clock Path) |
| Category |                      Detailed Reasons  +-------------+--------+-------------+--------+-------------+------------+-------------+-------------|
|          |                                        |   Count     |   %    |    Count    |   %    |   Count     |     %      |    Count    |      %      |
|----------+----------------------------------------+-------------+--------+-------------+--------+-------------+------------+-------------+-------------|
|  Library | cell for instance is not standard cell |          37 |   0.03 |          37 |   0.21 |           0 |       0.00 |           0 |        -nan | 
|          |                                    All |          37 |   0.03 |          37 |   0.21 |           0 |       0.00 |           0 |        -nan | 
|----------+----------------------------------------+-------------+--------+-------------+--------+-------------+------------+-------------+-------------|
|      All |                                    All |          37 |   0.03 |          37 |   0.21 |           0 |       0.00 |           0 |        -nan | 
+--------------------------------------------------------------------------------------------------------------------------------------------------------+
End: Reporting instances with restriction 
Begin: Collecting metrics
 ----------------------------------------------------------------------------------------------------------------------------------- 
| Snapshot        | WNS                  | TNS                  | Density (%) | Resource               | DRVs         | Layer-OPT   |
|                 | HEPG (ns) | ALL (ns) | HEPG (ns) | ALL (ns) |             | Real (s) | Memory (MB) | Tran  | Cap  | met3 | met4 |
|-----------------+-----------+----------+-----------+----------+-------------+----------+-------------+-------+------+------+------|
| initial_summary |           |  -44.224 |           |  -112499 |       27.38 | 0:00:27  |        4085 | 12515 | 5885 |      |      |
| drv_fixing      |     0.000 |  -20.674 |         0 |   -60319 |       27.55 | 0:00:13  |        4211 |       |      |      |      |
| drv_fixing_2    |     0.000 |   -5.251 |         0 |   -18788 |       29.09 | 0:00:39  |        4267 |   293 |    1 |    1 |    2 |
| global_opt      |           |   -0.637 |           |      -76 |       29.70 | 0:03:10  |        4451 |       |      |   13 |   47 |
| area_reclaiming |     0.000 |   -0.637 |         0 |      -73 |       29.37 | 0:00:57  |        4476 |       |      |   16 |   40 |
| tns_fixing      |    -0.070 |   -0.070 |        -0 |       -0 |       29.53 | 0:00:45  |        5047 |       |      |   18 |   39 |
| wns_fixing      |     0.040 |    0.040 |         0 |        0 |       29.57 | 0:00:23  |        4823 |       |      |   18 |   39 |
| drv_eco_fixing  |    -0.040 |   -0.040 |        -0 |       -0 |       29.76 | 0:00:14  |        4514 |    88 |    0 |   18 |   39 |
| wns_eco_fixing  |     0.010 |    0.010 |         0 |        0 |       29.76 | 0:00:15  |        4676 |       |      |   18 |   39 |
| final_summary   |     0.010 |    0.010 |           |        0 |       29.74 | 0:00:14  |        4438 |    23 |    0 |      |      |
 ----------------------------------------------------------------------------------------------------------------------------------- 
End: Collecting metrics
**opt_design ... cpu = 0:23:24, real = 0:10:44, mem = 4437.7M, totSessionCpu=0:46:23 **
**WARN: (IMPOPT-3195):	Analysis mode has changed.
Type 'man IMPOPT-3195' for more detail.
*** Finished opt_design ***
      flow.cputime  flow.realtime  timing.setup.tns  timing.setup.wns  snapshot
UM:*                                                                   final
      flow.cputime  flow.realtime  timing.setup.tns  timing.setup.wns  snapshot
UM:*                                                                   opt_design_prects
Disable CTE adjustment.
Disable Layer aware incrSKP.
#optDebug: fT-D <X 1 0 0 0>
**place_opt_design ... cpu = 0:45:18, real = 0:20:59, mem = 4358.6M **
*** Finished GigaPlace ***

*** Summary of all messages that are not suppressed in this session:
Severity  ID               Count  Summary                                  
WARNING   IMPEXT-3493          1  The design extraction status has been re...
WARNING   IMPEXT-3530          3  The process node is not set. Use the com...
ERROR     IMPSP-9099           2  Scan chains exist in this design but are...
WARNING   IMPOPT-3195          2  Analysis mode has changed.               
WARNING   IMPOPT-7330          8  Net %s has fanout exceed delaycal_use_de...
*** Message Summary: 14 warning(s), 2 error(s)

*** place_opt_design #1 [finish] () : cpu/real = 0:45:18.1/0:20:59.5 (2.2), totSession cpu/real = 0:46:23.7/0:22:03.1 (2.1), mem = 4358.6M
Setting 'newExpressflow' beta feature to true (or false) is no longer required to enable (or disable) iSpatial. This beta feature is obsoleted and will be removed in the next release.
      flow.cputime  flow.realtime  timing.setup.tns  timing.setup.wns  snapshot
UM:*                                                                   place_opt_design_predict_prects
save_interface_files ...
%# Begin ::rcp_cui::save_interface_files (07/06 01:17:54, mem=4358.61M)
Info: Syncronize Metrics ...
UM: Running design category ...
      flow.cputime  flow.realtime  timing.setup.tns  timing.setup.wns  snapshot
UM:           5.15              5                                      invs2genus
rcp_cui::save_interface_file:  flow == 'ispatial'
rcp_cui::save_interface_file:  fe_view_list == 'default_emulate_view'
rcp_cui::save_interface_file:  wnm_flow == '1'
rcp_cui::save_interface_file:  shep_write_congestion == '1'
rcp_cui::save_interface_file:  x2def_mode == '0'
rcp_cui::save_interface_file:  iprefix == 'genus2invs'
rcp_cui::save_interface_file:  idir == './genus2invs__3335645_f32480c4-0ec2-48a1-97fe-9f9858c12d7efa_top'
rcp_cui::save_interface_file:  design == 'design:fa_top'
rcp_cui::save_interface_file:  congestion_include_blockage == '0'
rcp_cui::save_interface_file:  chk_fp == '0'
rcp_cui::save_interface_file:  shep_save_only_db == '0'
rcp_cui::save_interface_file:  fe_colorized == '0'
rcp_cui::save_interface_file:  ndr_only == '0'
rcp_cui::save_interface_file:  innovus_constraint_interface == 'mmmc2'
rcp_cui::save_interface_file:  tim_mode == ''
rcp_cui::save_interface_file:  do_fp == '0'
rcp_cui::save_interface_file:  des_str == 'fa_top'
rcp_cui::save_interface_file:  spatial == '0'
rcp_cui::save_interface_file:  congestion_3d == '0'
rcp_cui::save_interface_file:  cts_effort == ''
rcp_cui::save_interface_file:  fe_use_um == '1'
rcp_cui::save_interface_file:  odir == './genus2invs__3335645_f32480c4-0ec2-48a1-97fe-9f9858c12d7efa_top'
rcp_cui::save_interface_file:  2d_compression == '0'
rcp_cui::save_interface_file:  do_fe_pd == '0'
rcp_cui::save_interface_file:  fp_mode == '0'
rcp_cui::save_interface_file:  incr_plc == '0'
rcp_cui::save_interface_file:  eco_mode == '0'
rcp_cui::save_interface_file:  cts_clk == ''
rcp_cui::save_interface_file:  oprefix == 'invs2genus'
rcp_cui::save_interface_file:  no_mmmc == '0'
rcp_cui::save_interface_file:  genus_constraint_interface == 'smsc'
rcp_cui::save_interface_file:  no_update == '0'
rcp_cui::save_interface_file:  do_sdp == '0'
rcp_cui::save_interface_file:  invs_ld_pd == '1'
rcp_cui::save_interface_file:  no_msv == '1'
rcp_cui::save_interface_file:  no_spef == '0'
rcp_cui::save_interface_file:  place_effort == 'ispatial'
rcp_cui::save_interface_file:  tdrc_valid == '0'
rcp_cui::save_interface_file:  save_fe_db == '0'
rcp_cui::save_interface_file:  ispatial == '1'
rcp_cui::save_interface_file:  opt_effort == 'high'
rcp_cui::save_interface_file:  fe_consistency_check == '0'
rcp_cui::save_interface_file:  no_scan == '1'
rcp_cui::save_interface_file:  mem_mode == '1'
rcp_cui::save_interface_file:  do_stylus_db == '1'
rcp_cui::save_interface_file:  del_corner == ''
rcp_cui::save_interface_file:  write_pin_properties == '0'
rcp_cui::save_interface_file:  qos_mode == '1'
rcp_cui::save_interface_file:  hdl_name_flow == '0'
rcp_cui::save_interface_file:  fe_wnm_file == ''
rcp_cui::save_interface_file:  fe_mcmd == './genus2invs__3335645_f32480c4-0ec2-48a1-97fe-9f9858c12d7efa_top/invs2genus.cmdWarn'
rcp_cui::save_interface_file:  fe_pwr == ''
rcp_cui::save_interface_file:  fe_1801 == ''
rcp_cui::save_interface_file:  fe_flag == './genus2invs__3335645_f32480c4-0ec2-48a1-97fe-9f9858c12d7efa_top/.invs2genus.encDone'
rcp_cui::save_interface_file:  fe_xdata == './genus2invs__3335645_f32480c4-0ec2-48a1-97fe-9f9858c12d7efa_top/invs2genus.xdata'
rcp_cui::save_interface_file:  fe_fcmd == './genus2invs__3335645_f32480c4-0ec2-48a1-97fe-9f9858c12d7efa_top/invs2genus.cmdFail'
rcp_cui::save_interface_file:  fe_sdef == ''
rcp_cui::save_interface_file:  fe_load_stat == './genus2invs__3335645_f32480c4-0ec2-48a1-97fe-9f9858c12d7efa_top/invs2genus_load.stat'
rcp_cui::save_interface_file:  fe_def_lnk == ''
rcp_cui::save_interface_file:  fe_ndr == ''
rcp_cui::save_interface_file:  fe_pd == ''
rcp_cui::save_interface_file:  fe_globals == ''
rcp_cui::save_interface_file:  fe_tcf == ''
rcp_cui::save_interface_file:  fe_rc == ''
rcp_cui::save_interface_file:  fe_load_rpt == './genus2invs__3335645_f32480c4-0ec2-48a1-97fe-9f9858c12d7efa_top/invs2genus_load'
rcp_cui::save_interface_file:  fe_db == './genus2invs__3335645_f32480c4-0ec2-48a1-97fe-9f9858c12d7efa_top/invs2genus_db'
rcp_cui::save_interface_file:  fe_subdesign_taf == ''
rcp_cui::save_interface_file:  fe_rpt == './genus2invs__3335645_f32480c4-0ec2-48a1-97fe-9f9858c12d7efa_top/invs2genus_final'
rcp_cui::save_interface_file:  fe_metrics == './genus2invs__3335645_f32480c4-0ec2-48a1-97fe-9f9858c12d7efa_top/invs2genus.metrics.json'
rcp_cui::save_interface_file:  fe_sdp == ''
rcp_cui::save_interface_file:  fe_def == ''
rcp_cui::save_interface_file:  fe_vflag == './genus2invs__3335645_f32480c4-0ec2-48a1-97fe-9f9858c12d7efa_top/.invs2genus.encVerFail'
rcp_cui::save_interface_file:  fe_inst_taf == ''
rcp_cui::save_interface_file:  fe_con == ''
rcp_cui::save_interface_file:  fe_cpf == ''
rcp_cui::save_interface_file:  fe_mmmc == ''
rcp_cui::save_interface_file:  fe_gridinfo == ''
rcp_cui::save_interface_file:  fe_log == './genus2invs__3335645_f32480c4-0ec2-48a1-97fe-9f9858c12d7efa_top/innovus'
rcp_cui::save_interface_file:  fe_cts == ''
rcp_cui::save_interface_file:  fe_nl == ''
rcp_cui::save_interface_file:  fe_reportwire == './genus2invs__3335645_f32480c4-0ec2-48a1-97fe-9f9858c12d7efa_top/invs2genus.reportwire.txt'
rcp_cui::save_interface_file:  fe_svr == ''
rcp_cui::save_interface_file:  fe_lec == ''
rcp_cui::save_interface_file:  fe_stat == './genus2invs__3335645_f32480c4-0ec2-48a1-97fe-9f9858c12d7efa_top/invs2genus_final.stat'
rcp_cui::save_interface_file:  fe_basename == './genus2invs__3335645_f32480c4-0ec2-48a1-97fe-9f9858c12d7efa_top/invs2genus'
rcp_cui::save_interface_file:  fe_lflag == './genus2invs__3335645_f32480c4-0ec2-48a1-97fe-9f9858c12d7efa_top/.invs2genus.encLicFail'
rcp_cui::save_interface_file:  fe_spef == ''
rcp_cui::save_interface_file:  fe_dotg == ''
rcp_cui::save_interface_file:  fe_ndr_taf == ''
rcp_cui::save_interface_file:  fe_final_db == './genus2invs__3335645_f32480c4-0ec2-48a1-97fe-9f9858c12d7efa_top/invs2genus_final_db'
rcp_cui::save_interface_file:  fe_route_cmap == ''
rcp_cui::save_interface_file:  fe_aae == './genus2invs__3335645_f32480c4-0ec2-48a1-97fe-9f9858c12d7efa_top/invs2genus_final_db/cmn/fa_top.aae'
DELETE: ./genus2invs__3335645_f32480c4-0ec2-48a1-97fe-9f9858c12d7efa_top/invs2genus.def.gz
%# child-enqueued metrics_wirelen
%# child-enqueued metrics_drv_stats
%# Begin ::rcp::wait_for_children (07/06 01:17:59, mem=4353.75M)
Starting parallel execution of queued child processes.
Multi-CPU acceleration using 8 CPU(s).

Gathering Wire Length Metrics...
%# child-done metrics_wirelen (total cpu=0, real=0)
%# child-done metrics_drv_stats (total cpu=0, real=0)
%# End ::rcp::wait_for_children (07/06 01:18:00, total cpu=16:00:00, real=16:00:01, peak res=5052.27M, current mem=4353.53M)
<CMD> timeDesign -reportOnly -outDir ./genus2invs__3335645_f32480c4-0ec2-48a1-97fe-9f9858c12d7efa_top -prefix invs2genus_final
*** time_design #1 [begin] () : totSession cpu/real = 0:46:29.4/0:22:09.0 (2.1), mem = 4353.6M

OptSummary:

------------------------------------------------------------------
         time_design Summary
------------------------------------------------------------------

Setup views included:
 default_emulate_view 

+--------------------+---------+---------+---------+
|     Setup mode     |   all   | reg2reg | default |
+--------------------+---------+---------+---------+
|           WNS (ns):|  0.010  |  0.010  |  0.030  |
|           TNS (ns):|  0.000  |  0.000  |  0.000  |
|    Violating Paths:|    0    |    0    |    0    |
|          All Paths:|  33022  |  32030  |  19804  |
+--------------------+---------+---------+---------+

+----------------+-------------------------------+------------------+
|                |              Real             |       Total      |
|    DRVs        +------------------+------------+------------------|
|                |  Nr nets(terms)  | Worst Vio  |  Nr nets(terms)  |
+----------------+------------------+------------+------------------+
|   max_cap      |      0 (0)       |   0.000    |      0 (0)       |
|   max_tran     |     23 (27)      |   -0.029   |     52 (56)      |
|   max_fanout   |      0 (0)       |     0      |      0 (0)       |
|   max_length   |      0 (0)       |     0      |      0 (0)       |
+----------------+------------------+------------+------------------+

Density: 29.737%
------------------------------------------------------------------
Reported timing to dir ./genus2invs__3335645_f32480c4-0ec2-48a1-97fe-9f9858c12d7efa_top
Total CPU time: 19.09 sec
Total Real time: 15.0 sec
Total Memory Usage: 4359.425781 Mbytes
*** time_design #1 [finish] () : cpu/real = 0:00:19.1/0:00:14.9 (1.3), totSession cpu/real = 0:46:48.5/0:22:23.9 (2.1), mem = 4359.4M
      flow.cputime  flow.realtime  timing.setup.tns  timing.setup.wns  snapshot
UM:*                                       0.000 ns          0.010 ns  run_time_design

Gathering Run Metrics...
%# child-enqueued metrics_timing
STATS: Capture
Will restore congestion map file from route /home/hujinzhao/pro/genus_bs2/genus2invs__3335645_f32480c4-0ec2-48a1-97fe-9f9858c12d7efa_top/invs2genus.route.congestion.gz
Reading congestion map file /home/hujinzhao/pro/genus_bs2/genus2invs__3335645_f32480c4-0ec2-48a1-97fe-9f9858c12d7efa_top/invs2genus.route.congestion.gz ...
Suppress "**WARN ..." messages.
Un-suppress "**WARN ..." messages.
      flow.cputime  flow.realtime  timing.setup.tns  timing.setup.wns  snapshot
UM:*                                                                   refresh_ispatial_congestion

Writing out NDR and layer assignment information.

Writing out inst information.

Writing out subdesign information.
Resetting transient modes.
%# Begin ::rcp::wait_for_children (07/06 01:18:21, mem=4354.93M)
Starting parallel execution of queued child processes.
Multi-CPU acceleration using 8 CPU(s).
%# child-done metrics_timing (total cpu=0, real=0)
%# End ::rcp::wait_for_children (07/06 01:18:22, total cpu=16:00:00, real=16:00:01, peak res=5052.27M, current mem=4355.61M)
%# Begin rcp::final_db (07/06 01:18:22, mem=4355.61M)

Writing Common (Stylus) db
#% Begin Save Common DB (date=07/06 01:18:22, mem=4358.6M)
(stylus_db): setting userDir to '/home/hujinzhao/pro/genus_bs2/genus2invs__3335645_f32480c4-0ec2-48a1-97fe-9f9858c12d7efa_top/invs2genus_final_db' 
(stylus_db): Start Save Innovus Native DB ...
Multi-CPU acceleration using 8 CPU(s).
Starting separate write_db process.  See './genus2invs__3335645_f32480c4-0ec2-48a1-97fe-9f9858c12d7efa_top/invs2genus_final_db/pnr/save_design_background.log' for any output messages.
(stylus_db): Completed Saving Innovus Native DB "./genus2invs__3335645_f32480c4-0ec2-48a1-97fe-9f9858c12d7efa_top/invs2genus_final_db/pnr/fa_top.db"
(stylus_db): Start Saving Common DB ...
(stylus_db): Create link to libraries
(stylus_db): Save Verilog Netlist ...
% Begin Save Verilog Netlist (date=07/06 01:18:23, mem=4357.7M)
Writing Netlist "./genus2invs__3335645_f32480c4-0ec2-48a1-97fe-9f9858c12d7efa_top/invs2genus_final_db/cmn/fa_top.v.gz" ...
% End Save Verilog Netlist (date=07/06 01:18:24, total cpu=0:00:00.4, real=0:00:01.0, peak res=4362.7M, current mem=4362.7M)
% Begin Save TCF (date=07/06 01:18:24, mem=4362.7M)
% End Save TCF (date=07/06 01:18:24, total cpu=0:00:00.1, real=0:00:00.0, peak res=4362.8M, current mem=4362.8M)
(stylus_db): Save DEF ...
(stylus_db): Save Route congestion map ...
(stylus_db): Save MMMC ...
Writing DEF file './genus2invs__3335645_f32480c4-0ec2-48a1-97fe-9f9858c12d7efa_top/invs2genus_final_db/cmn/fa_top.def.gz', current time is Mon Jul  6 01:18:24 2026 ...
unitPerMicron=1000, dbgMicronPerDBU=0.001000, unitPerDBU=1.000000
Saving congestion map file ./genus2invs__3335645_f32480c4-0ec2-48a1-97fe-9f9858c12d7efa_top/invs2genus_final_db/cmn/fa_top.route.congestion.gz ...
% Begin Save MMMC data (date=07/06 01:18:24, mem=4363.4M)
% End Save MMMC data (date=07/06 01:18:27, total cpu=0:00:02.8, real=0:00:02.0, peak res=4364.3M, current mem=4363.8M)
(stylus_db): Save LefInfo ...
% Begin Save SDP file (date=07/06 01:18:27, mem=4363.8M)
(stylus_db): Save SDP ...
% End Save SDP file (date=07/06 01:18:27, total cpu=0:00:00.1, real=0:00:00.0, peak res=4363.8M, current mem=4363.8M)
(stylus_db): Save Metric data ...
% Begin Save Metric data (date=07/06 01:18:27, mem=4363.8M)
% End Save Metric data (date=07/06 01:18:28, total cpu=0:00:00.5, real=0:00:01.0, peak res=4364.1M, current mem=4364.1M)
(stylus_db): Save Flow-Kit settings ...
% Begin Save FLow-Kit settings (date=07/06 01:18:28, mem=4364.1M)
% End Save FLow-Kit settings (date=07/06 01:18:28, total cpu=0:00:00.3, real=0:00:00.0, peak res=4364.1M, current mem=4364.1M)
DEF file './genus2invs__3335645_f32480c4-0ec2-48a1-97fe-9f9858c12d7efa_top/invs2genus_final_db/cmn/fa_top.def.gz' is written, current time is Mon Jul  6 01:18:30 2026 ...
TAT_INFO: ::defOut REAL = 6 : CPU = 2 : MEM = 0.
(stylus_db): Save Scandef file...
(stylus_db): Info: Could not save power intent as neither 1801(UPF) nor CPF was loaded ...
(stylus_db): Save AAE settings ...
(stylus_db): Save SPEF data ...
% Begin Save SPEF (date=07/06 01:18:30, mem=4363.9M)
% End Save SPEF (date=07/06 01:18:40, total cpu=0:00:16.8, real=0:00:10.0, peak res=4366.7M, current mem=4366.7M)
(stylus_db): Save RC preroute extraction data ...
Saving preRoute extracted patterns in file './genus2invs__3335645_f32480c4-0ec2-48a1-97fe-9f9858c12d7efa_top/invs2genus_final_db/cmn/fa_top.extraction/fa_top.techData.gz' ...
Saving preRoute extraction data in directory './genus2invs__3335645_f32480c4-0ec2-48a1-97fe-9f9858c12d7efa_top/invs2genus_final_db/cmn/fa_top.extraction/extraction/' ...
(stylus_db): Save Min Layer data file : ./genus2invs__3335645_f32480c4-0ec2-48a1-97fe-9f9858c12d7efa_top/invs2genus_final_db/cmn/fa_top.min_layer
% Begin Save Min Layer data (date=07/06 01:18:41, mem=4366.7M)
Saved 57 nets on 159812
% End Save Min Layer data (date=07/06 01:18:41, total cpu=0:00:00.1, real=0:00:00.0, peak res=4366.7M, current mem=4366.7M)
% Begin Save attributes and preserves (date=07/06 01:18:41, mem=4366.7M)
(stylus_db): Save SQLite db (version 0.2) ...
(stylus_db): Save Root attributes ...
  Saved 22 Root attributes
(stylus_db): Start saving preserve attributes ...
  Saved dont_use of 393 base_cells
  Saved dont_touch of 393 base_cells
  Saved dont_touch of 37 insts
  Saved 824 preserve attributes
(stylus_db): Start saving attributes of design objects ...
  Saved original_name attribute of 847 ports
  Saved file_row_col attribute of 847 ports
  Saved single_bit_orig_name attribute of 17404 insts
  Saved original_name attribute of 17404 insts
  Saved is_clock attribute of 1 nets
  Saved route_bottom_preferred_layer attribute of 57 nets
  Saved top_bottom_preferred_layer attribute of 57 nets
  Saved route_bottom_preferred_layer_app attribute of 57 nets
  Saved top_bottom_preferred_layer_app attribute of 57 nets
  Saved original_name attribute of 22425 pins
  Saved file_row_col attribute of 40120 pins
  Saved file_row_col attribute on design
  Saved file_row_col attribute of 2 modules
  Saved file_row_col attribute of 139417 insts
  Saved file_row_col attribute of 2 hInsts
  Saved original_name attribute of 2 hinsts
  Saved single_bit_original_name attribute of 2 hinsts
  Saved file_row_col attribute of 1545 hpins
  Saved original_name attribute of 1545 hports
  Saved 242068 attributes of design objects
  Saved 2 user-defined attributes
(stylus_db): Saved 22 Root attributes, 0 route_type attributes, 0 place_blockages attributes, 824 DB preserves, 0 power_domain attributes, 2 user-defined attributes , 0 attributes of messages and 242068 attributes of design objects
(stylus_db): Saved 0 total USF attributes
% End Save attributes and preserves (date=07/06 01:19:01, total cpu=0:00:17.4, real=0:00:20.0, peak res=4384.4M, current mem=4370.1M)
(stylus_db): Start Saving Innovus Common DB ...
  Save Globals file ...
  Save Mode file ...
  Save CCOPT config data ...
  Save iHDB config data ...
(stylus_db): Completed Saving Innovus Common DB "./genus2invs__3335645_f32480c4-0ec2-48a1-97fe-9f9858c12d7efa_top/invs2genus_final_db/cmn/pnr_cmn" ...
TAT_INFO: ::saveCongMap REAL = 1 : CPU = 0 : MEM = 0.
TAT_INFO: ::save_ccopt_config REAL = 0 : CPU = 0 : MEM = 0.
(stylus_db): Saving Synthesis Common DB ...
#% End Save Common DB (date=07/06 01:19:01, total cpu=0:00:41.1, real=0:00:40.0, peak res=4384.4M, current mem=4372.0M)
*** Message Summary: 0 warning(s), 0 error(s)

-method static                           # enums={static dynamic dynamic_vectorless dynamic_vectorbased dynamic_mixed_mode vector_profile event_based}, default=static
Generating Default TCF
%# child-enqueued write_tcf
%# Begin ::rcp::wait_for_children (07/06 01:19:02, mem=4372.00M)
Starting parallel execution of queued child processes.
Multi-CPU acceleration using 8 CPU(s).
Total CPU(s) requested: 6
Total CPU(s) enabled with current License(s): 8
Current free CPU(s): 1
No more licenses are available for multi-cpu acceleration.
Total CPU(s) now enabled: 8
** WARN:  (VOLTUS_POWR-1230): Insufficient number of licenses to run with 6 CPUs.  Reducing number of CPUs to 1.

clk(200MHz) CK: assigning clock clk to net clk

Starting Levelizing
2026-Jul-06 01:19:14 (2026-Jul-05 17:19:14 GMT)
2026-Jul-06 01:19:15 (2026-Jul-05 17:19:15 GMT): 10%
2026-Jul-06 01:19:15 (2026-Jul-05 17:19:15 GMT): 20%
2026-Jul-06 01:19:15 (2026-Jul-05 17:19:15 GMT): 30%
2026-Jul-06 01:19:15 (2026-Jul-05 17:19:15 GMT): 40%
2026-Jul-06 01:19:15 (2026-Jul-05 17:19:15 GMT): 50%
2026-Jul-06 01:19:15 (2026-Jul-05 17:19:15 GMT): 60%
2026-Jul-06 01:19:15 (2026-Jul-05 17:19:15 GMT): 70%
2026-Jul-06 01:19:16 (2026-Jul-05 17:19:16 GMT): 80%
2026-Jul-06 01:19:16 (2026-Jul-05 17:19:16 GMT): 90%

Finished Levelizing
2026-Jul-06 01:19:17 (2026-Jul-05 17:19:17 GMT)

Starting Activity Propagation
2026-Jul-06 01:19:17 (2026-Jul-05 17:19:17 GMT)
** INFO:  (VOLTUS_POWR-1356): No default input activity has been set. Defaulting to 0.2.
Use 'set_default_switching_activity -input_activity' command to change the default activity value.

2026-Jul-06 01:19:18 (2026-Jul-05 17:19:18 GMT): 10%
2026-Jul-06 01:19:19 (2026-Jul-05 17:19:19 GMT): 20%

Finished Activity Propagation
2026-Jul-06 01:19:23 (2026-Jul-05 17:19:23 GMT)
Writing TCF output to file
'./genus2invs__3335645_f32480c4-0ec2-48a1-97fe-9f9858c12d7efa_top/invs2genus_final_db/cmn/fa_top.power/fa_top.comp.tcf'
%# child-done write_tcf (total cpu=18, real=22)
%# End ::rcp::wait_for_children (07/06 01:19:24, total cpu=16:00:18, real=16:00:22, peak res=5052.27M, current mem=4372.00M)
%# End rcp::final_db (07/06 01:19:24, total cpu=16:00:59, real=16:01:02, peak res=5052.27M, current mem=4372.00M)

Writing out Metrics file - ./genus2invs__3335645_f32480c4-0ec2-48a1-97fe-9f9858c12d7efa_top/invs2genus.metrics.json
      flow.cputime  flow.realtime  timing.setup.tns  timing.setup.wns  snapshot
UM:*                                                                   invs2genus_export
Configuring postexport environment.
Configuring postexport command environment. 0
%# End ::rcp_cui::save_interface_files (07/06 01:19:25, total cpu=16:01:29, real=16:01:31, peak res=5052.27M, current mem=4372.22M)
*** Message Summary: 957 warning(s), 198022 error(s)


*** Memory Usage v#3 (Current mem = 4370.812M, initial mem = 940.219M) ***
--- Ending "Innovus" (totcpu=0:47:54, real=0:23:35, mem=4370.8M) ---


Finished batch session (command execution time: real mm:ss 23:42).
%# End launch_innovus (07/06 01:19:30, total cpu=16:00:04, real=16:23:42, peak res=8346.60M, current mem=2950.16M)
Updating database...
%# Begin phys_update_database (07/06 01:19:30, mem=2950.16M)
%# Begin preload_script (07/06 01:19:30, mem=2950.16M)
%# End preload_script (07/06 01:19:30, total cpu=16:00:00, real=16:00:00, peak res=8346.60M, current mem=2950.16M)
      flow.cputime  flow.realtime  timing.setup.tns  timing.setup.wns  snapshot
UM:*                                                                   preload_script
%# Begin read_metric (07/06 01:19:30, mem=2950.16M)
%# End read_metric (07/06 01:19:30, total cpu=16:00:00, real=16:00:00, peak res=8346.60M, current mem=2950.16M)
      flow.cputime  flow.realtime  timing.setup.tns  timing.setup.wns  snapshot
UM:*                                                                   read_metric
%# Begin stylus_db::read (07/06 01:19:30, mem=2950.16M)
(stylus_db): Argument checking
  Setting attribute of root '/': 'init_mmmc_version' = 2
(stylus_db): Set 'init_mmmc_version' to 2
(stylus_db): Reading USER attribute definitions
Sourcing script file ./genus2invs__3335645_f32480c4-0ec2-48a1-97fe-9f9858c12d7efa_top/invs2genus_final_db/cmn/syn_cmn/fa_top.smsc.library_setup.tcl...
Done reading script file ./genus2invs__3335645_f32480c4-0ec2-48a1-97fe-9f9858c12d7efa_top/invs2genus_final_db/cmn/syn_cmn/fa_top.smsc.library_setup.tcl.
Sourcing script file ./genus2invs__3335645_f32480c4-0ec2-48a1-97fe-9f9858c12d7efa_top/invs2genus_final_db/cmn/syn_cmn/fa_top.smsc.library_domains.g.gz...
Done reading script file ./genus2invs__3335645_f32480c4-0ec2-48a1-97fe-9f9858c12d7efa_top/invs2genus_final_db/cmn/syn_cmn/fa_top.smsc.library_domains.g.gz.
(stylus_db): Reading Root DOTG
Sourcing script file ./genus2invs__3335645_f32480c4-0ec2-48a1-97fe-9f9858c12d7efa_top/invs2genus_final_db/cmn/syn_cmn/fa_top.root.g.gz...
Done reading script file ./genus2invs__3335645_f32480c4-0ec2-48a1-97fe-9f9858c12d7efa_top/invs2genus_final_db/cmn/syn_cmn/fa_top.root.g.gz.
(stylus_db): Setting root attributes
There were 19 applications and 0 problems processing root attributes.
(stylus_db): Reading of Root Attributes complete
(stylus_db): Refreshing Extraction Engine

  According to qrc_tech_file, there are total 6 routing layers [ V(3) / H(3) ]

  Setting attribute of root '/': 'qrc_tech_file' = /home/share/pdk/sky130A/libs.tech/cadence/qrcTechFile
(stylus_db): Completed creating implied root attributes
(stylus_db): Reading Verilog
Warning : Non-monotonic wireload model found. [LBR-81]
        : 'Length' table in wireload model 'Huge' is non-monotonic.
Warning : Non-monotonic wireload model found. [LBR-81]
        : 'Length' table in wireload model 'Huge' is non-monotonic.
Warning : Non-monotonic wireload model found. [LBR-81]
        : 'Length' table in wireload model 'Huge' is non-monotonic.
Warning : Non-monotonic wireload model found. [LBR-81]
        : 'Length' table in wireload model 'Large' is non-monotonic.
Warning : Non-monotonic wireload model found. [LBR-81]
        : 'Length' table in wireload model 'Large' is non-monotonic.
Warning : Non-monotonic wireload model found. [LBR-81]
        : 'Length' table in wireload model 'Large' is non-monotonic.
Warning : Non-monotonic wireload model found. [LBR-81]
        : 'Length' table in wireload model 'Medium' is non-monotonic.
Warning : Non-monotonic wireload model found. [LBR-81]
        : 'Length' table in wireload model 'Medium' is non-monotonic.
  Done reading and elaborating the structural design 'fa_top'.
Checking for source RTL...
Check completed for source RTL.
(stylus_db): Interpreting MMMC as SMSC
Using compressed SDC constraint file ./genus2invs__3335645_f32480c4-0ec2-48a1-97fe-9f9858c12d7efa_top/invs2genus_final_db/cmn/fa_top.mmmc/modes/default_emulate_constraint_mode/default_emulate_constraint_mode.sdc.gz
Statistics for commands executed by read_sdc:
 "create_clock"             - successful      1 , failed      0 (runtime  0.02)
 "current_design"           - successful      1 , failed      0 (runtime  0.02)
 "get_clocks"               - successful    846 , failed      0 (runtime  0.02)
 "get_ports"                - successful    847 , failed      0 (runtime  0.10)
 "set_clock_gating_check"   - successful      2 , failed      0 (runtime  0.02)
 "set_input_delay"          - successful    353 , failed      0 (runtime  0.03)
 "set_output_delay"         - successful    493 , failed      0 (runtime  0.02)
 "set_units"                - successful      1 , failed      0 (runtime  0.01)
read_sdc completed in 00:00:00 (hh:mm:ss)
  Setting attribute of design 'fa_top': 'global_route_overflow_TR_H' = 13.6
  Setting attribute of design 'fa_top': 'global_route_overflow_TR_V' = 1.74
  Setting attribute of design 'fa_top': 'phys_max_congestion_hotspot' = 6729.02
  Setting attribute of design 'fa_top': 'phys_total_congestion_hotspot' = 18352.2
(stylus_db): Root to Design Attrs
(stylus_db): Init Design
Started checking and loading power intent for design fa_top...
==============================================================
No power intent for design 'fa_top'.
Completed checking and loading power intent for design fa_top (runtime:0.00s memory_usage:0.00M peak_memory:0.00M).
===================================================================================================================
  Setting attribute of root '/': 'read_qrc_tech_file_rc_corner' = true
(stylus_db): Reading DEF

Reading and processing DEF file './genus2invs__3335645_f32480c4-0ec2-48a1-97fe-9f9858c12d7efa_top/invs2genus_final_db/cmn/fa_top.def.gz'...
Parsing DEF file...

  'read_def' read 10000 lines...
  'read_def' read 20000 lines...
  'read_def' read 30000 lines...
  'read_def' read 40000 lines...
  'read_def' read 50000 lines...
  'read_def' read 60000 lines...
  'read_def' read 70000 lines...
  'read_def' read 80000 lines...
  'read_def' read 90000 lines...
  'read_def' read 100000 lines...
  'read_def' read 200000 lines...
Warning : Net specified in pin is undefined in the netlist. [PHYS-2257]
        : Net 'm_axi_arlen[7]' specified in Pin 'm_axi_arlen[6]' is undefined in netlist.
Warning : Net specified in pin is undefined in the netlist. [PHYS-2257]
        : Net 'm_axi_arlen[6]' specified in Pin 'm_axi_arlen[6]' is undefined in netlist.
Warning : Net specified in pin is undefined in the netlist. [PHYS-2257]
        : Net 'm_axi_wstrb[15]' specified in Pin 'm_axi_wstrb[0]' is undefined in netlist.
Warning : Net specified in pin is undefined in the netlist. [PHYS-2257]
        : Net 'm_axi_wstrb[14]' specified in Pin 'm_axi_wstrb[10]' is undefined in netlist.
Warning : Net specified in pin is undefined in the netlist. [PHYS-2257]
        : Net 'm_axi_wstrb[11]' specified in Pin 'm_axi_wstrb[0]' is undefined in netlist.
Warning : Net specified in pin is undefined in the netlist. [PHYS-2257]
        : Net 'm_axi_wstrb[10]' specified in Pin 'm_axi_wstrb[10]' is undefined in netlist.
Warning : Net specified in pin is undefined in the netlist. [PHYS-2257]
        : Net 'm_axi_wstrb[9]' specified in Pin 'm_axi_wstrb[0]' is undefined in netlist.
Warning : Net specified in pin is undefined in the netlist. [PHYS-2257]
        : Net 'm_axi_wstrb[8]' specified in Pin 'm_axi_wstrb[10]' is undefined in netlist.
Warning : Net specified in pin is undefined in the netlist. [PHYS-2257]
        : Net 'm_axi_wstrb[7]' specified in Pin 'm_axi_wstrb[0]' is undefined in netlist.
Warning : Net specified in pin is undefined in the netlist. [PHYS-2257]
        : Net 'm_axi_wstrb[6]' specified in Pin 'm_axi_wstrb[10]' is undefined in netlist.
Warning : Net specified in pin is undefined in the netlist. [PHYS-2257]
        : Net 'm_axi_wstrb[5]' specified in Pin 'm_axi_wstrb[0]' is undefined in netlist.
Warning : Net specified in pin is undefined in the netlist. [PHYS-2257]
        : Net 'm_axi_wstrb[4]' specified in Pin 'm_axi_wstrb[0]' is undefined in netlist.
Warning : Net specified in pin is undefined in the netlist. [PHYS-2257]
        : Net 'm_axi_wstrb[3]' specified in Pin 'm_axi_wstrb[10]' is undefined in netlist.
Warning : Net specified in pin is undefined in the netlist. [PHYS-2257]
        : Net 'm_axi_wstrb[2]' specified in Pin 'm_axi_wstrb[10]' is undefined in netlist.
Warning : Net specified in pin is undefined in the netlist. [PHYS-2257]
        : Net 'm_axi_wstrb[0]' specified in Pin 'm_axi_wstrb[0]' is undefined in netlist.
  'read_def' read 300000 lines...
  'read_def' read 400000 lines...
  'read_def' read 500000 lines...
  'read_def' read 600000 lines...
  'read_def' read 700000 lines...
  'read_def' read 800000 lines...
  'read_def' read 900000 lines...
  'read_def' read 1000000 lines...
  'read_def' read 2000000 lines...

Done parsing DEF file (wall time: 4s, CPU time: 3080ms).
Processing DEF file...

Creating gcells from DEF (count: 169442)
  Summary report for DEF file './genus2invs__3335645_f32480c4-0ec2-48a1-97fe-9f9858c12d7efa_top/invs2genus_final_db/cmn/fa_top.def.gz'

    Components
    ----------
        Cover:      0
        Fixed:     37
   Soft Fixed:      0
     Physical:      0
         Bump:      0
       Placed: 139392
     Unplaced:      0
        TOTAL: 139429 (37 are class macro)
   
          Pins
          ----
        Cover:   0
        Fixed: 847
     Physical:   0
       Placed:   0
     Unplaced:   0
        TOTAL: 847
   
          Nets
          ----
         Read:      0
      Skipped: 158243
        TOTAL: 158243
   
   SpecialNets
   -----------
         Read: 0
      Skipped: 0
        TOTAL: 0
   
       Fences: 0
       Guides: 0
      Regions: 0

Done processing DEF file (wall time: 0s, CPU time: 148ms).
   
  ========================
  Physical Message Summary
  ========================
   
  37 /  0  I   PHYS-181  Full preserve set on instance.
  15 / 15  W  PHYS-2257  Net specified in pin is undefined in the netlist.
   
Info : Initializing 2-D Early Global router engine...
Info : Installing 2-D Early Global router...
Info : Early Global router engine is using 8 threads.
Info : 2-D Early Global router initialization complete.
Info : 2-D Early Global router installation complete.
Info : Installing 3-D Early Global router...
Info : 3-D Early Global router installation complete.
Done reading and processing DEF file './genus2invs__3335645_f32480c4-0ec2-48a1-97fe-9f9858c12d7efa_top/invs2genus_final_db/cmn/fa_top.def.gz' (wall time: 8s, CPU time: 6402ms).

(stylus_db): Creating exchange objects
(stylus_db): Read Latency
Using compressed SDC constraint file ./genus2invs__3335645_f32480c4-0ec2-48a1-97fe-9f9858c12d7efa_top/invs2genus_final_db/cmn/fa_top.mmmc/views/default_emulate_view/latency.sdc.gz
read_sdc completed in 00:00:00 (hh:mm:ss)
(stylus_db): Reading any Extra SDC
Statistics for commands executed by read_sdc:
 "set_path_group_options"   - successful      2 , failed      0 (runtime  0.02)
read_sdc completed in 00:00:00 (hh:mm:ss)
(stylus_db): Reading DOTG
Sourcing script file ./genus2invs__3335645_f32480c4-0ec2-48a1-97fe-9f9858c12d7efa_top/invs2genus_final_db/cmn/syn_cmn/fa_top.g.gz...
Done reading script file ./genus2invs__3335645_f32480c4-0ec2-48a1-97fe-9f9858c12d7efa_top/invs2genus_final_db/cmn/syn_cmn/fa_top.g.gz.
Applied 148 Innovus Modes and globals.
(stylus_db): Setting root attributes
There were 17 applications and 0 problems processing root attributes.
(stylus_db): Reading User Attributes
Sourcing script file ./genus2invs__3335645_f32480c4-0ec2-48a1-97fe-9f9858c12d7efa_top/invs2genus_final_db/cmn/syn_cmn/fa_top.syn_userattrs.gz...
Done reading script file ./genus2invs__3335645_f32480c4-0ec2-48a1-97fe-9f9858c12d7efa_top/invs2genus_final_db/cmn/syn_cmn/fa_top.syn_userattrs.gz.
(stylus_db): Reading Flowkit Settings
Sourcing script file ./genus2invs__3335645_f32480c4-0ec2-48a1-97fe-9f9858c12d7efa_top/invs2genus_final_db/cmn/fa_top.flowkit_settings.tcl...
Done reading script file ./genus2invs__3335645_f32480c4-0ec2-48a1-97fe-9f9858c12d7efa_top/invs2genus_final_db/cmn/fa_top.flowkit_settings.tcl.
(stylus_db): Reading Design Attributes
(stylus_db): Setting attributes on design objects
Updated 0 and validated 17404 original_name instance attributes. With 0 problems deriving from pin based values.
(stylus_db): Summary count of attributes that could be applied
could_apply(boundary_change)                  = 278
could_apply(dont_touch)                       = 430
could_apply(dont_use)                         = 393
could_apply(file_row_col)                     = 181934
could_apply(is_clock)                         = 1
could_apply(original_name)                    = 42223
could_apply(route_bottom_preferred_layer)     = 57
could_apply(route_bottom_preferred_layer_app) = 57
could_apply(route_top_preferred_layer)        = 57
could_apply(route_top_preferred_layer_app)    = 57
could_apply(single_bit_orig_name)             = 17404
could_apply(single_bit_original_name)         = 2
(stylus_db): Reading Min Layer Application
(stylus_db): Reading TCF
Info    : Joules engine is used. [RPT-16]
        : Joules parser is being used for the command read_tcf.
Info   : STIM-0001 [StimInfo] read_stimulus effective options 
       : -file :
       : /home/hujinzhao/pro/genus_bs2/genus2invs__3335645_f32480c4-0ec2-48a1-97fe-9f9858c12d7efa_top/invs2genus_final_db/cmn/fa_top.power/fa_top.comp.tcf
       : -dut_instance : /
       : -design_root : fa_top
       : -format : tcf
Info   : STIM-0001 Design top is fa_top
Info   : STIM-0001 Started reading input stimulus file
       : /home/hujinzhao/pro/genus_bs2/genus2invs__3335645_f32480c4-0ec2-48a1-97fe-9f9858c12d7efa_top/invs2genus_final_db/cmn/fa_top.power/fa_top.comp.tcf
Info   : STIM-0002 [StimInfo] Stimulus has been identified as a gate level
       : stimulus, switching on -allow_n_nets option..
Info   : STIM-0007 [StimInfo] Stored stimulus information '/stim#1' in SDB.
---------------------------- Annotation Report ---------------------------
Object Type         Asserted  UnAsserted  Unconnected   Total  Asserted% 
                                           + Constant                    
--------------------------------------------------------------------------
Primary Ports                                                            
  Inputs                 337          17            0     354     95.19% 
  Outputs                333           0          160     493    100.00% 
  I/O                      0           0            0       0        N/A 
Sequential Outputs                                                       
  Memory                4864           0            0    4864    100.00% 
  Flop                 17561           0            0   17561    100.00% 
  Latch                    0           0            0       0        N/A 
  Arch ICGC                0           0            0       0        N/A 
  Inferred ICGC            0           0            0       0        N/A 
  Total ICGC               0           0            0       0        N/A 
Drivers                                                                  
  Driver nets         159812          17            0  159829     99.98% 
  RTL Driver nets     159475           0            0  159475    100.00% 
DFT                                                                      
  Input Ports              0           0            0       0        N/A 
  Flop Outputs             0           0            0       0        N/A 
  Memory Outputs           0           0            0       0        N/A 
--------------------------------------------------------------------------
Info   : STIM-0013 [StimInfo] Completed successfully.
       : Info=5, Warn=0, Error=0, Fatal=0
Info: Removing all stims from SDB
(stylus_db): Reading Routing Congestion
Reading Innovus congestion map file './genus2invs__3335645_f32480c4-0ec2-48a1-97fe-9f9858c12d7efa_top/invs2genus_final_db/cmn/fa_top.route.congestion.gz'...
(stylus_db): Reading AAE settings
Read 3992 values from Innovus AAE file.
Detected that AAE fast_mode is correctly communicated from Innovus.
(stylus_db): Switching timing analysis to placement based PLE
(stylus_db): Read SPEF
Reading ./genus2invs__3335645_f32480c4-0ec2-48a1-97fe-9f9858c12d7efa_top/invs2genus_final_db/cmn/fa_top.mmmc/corners/default_emulate_rc_corner/default_emulate_rc_corner.spef.gz ...

Annotating parasitics for design fa_top
Warning : Small lumped capacitance will be ignored. [PHYS-262]
        : The lumped capacitance for net 'u_core/FE_OFN96135_n' is too small: 0.00032 ff, use 0.1 ff
Warning : Cannot annotate physical data on this net. [PHYS-254]
        : The lumped capacitance for net 'u_core/FE_OFN95911_n' is zero.
Warning : Annotated physical data will be ignored for timing analysis. [PHYS-256]
        : Net 'clk' has an ideal pin 'u_finalize_u_recip_state_reg_reg[0]/CLK (sky130_fd_sc_hs__dfxbp_1/CLK)'.
Warning : Cannot find this net. [PHYS-266]
        : Multi-port net 'm_axi_arlen[6]' in line 1358545 of file './genus2invs__3335645_f32480c4-0ec2-48a1-97fe-9f9858c12d7efa_top/invs2genus_final_db/cmn/fa_top.mmmc/corners/default_emulate_rc_corner/default_emulate_rc_corner.spef.gz' replaced with m_axi_arlen[7].
Warning : Cannot find this net. [PHYS-266]
        : Multi-port net 'm_axi_wstrb[10]' in line 1366886 of file './genus2invs__3335645_f32480c4-0ec2-48a1-97fe-9f9858c12d7efa_top/invs2genus_final_db/cmn/fa_top.mmmc/corners/default_emulate_rc_corner/default_emulate_rc_corner.spef.gz' replaced with m_axi_wstrb[14].
Warning : Cannot find this net. [PHYS-266]
        : Multi-port net 'm_axi_wstrb[0]' in line 1367027 of file './genus2invs__3335645_f32480c4-0ec2-48a1-97fe-9f9858c12d7efa_top/invs2genus_final_db/cmn/fa_top.mmmc/corners/default_emulate_rc_corner/default_emulate_rc_corner.spef.gz' replaced with m_axi_wstrb[15].

##### read_spef statistics #####
Corner: default_emulate_rc_corner
Total number of nets: 158243
Number of nets cannot be annotated: 10
Number of nets with lumped capacitance less than 0.1 ff: 21
Number of nets with zero lumped capacitance 10
Number of nets annotated, but ignored for timing 1
Total runtime: 13.6 seconds
(stylus_db): Configure PLE
============================================================
  Generated by:           Genus(TM) Synthesis Solution 25.12-s067_1
  Generated on:           Jul 06 2026  01:21:13 am
  Module:                 fa_top
  Technology libraries:   sky130_fd_sc_hs__tt_025C_1v80 1.0000000000
                          sky130_sram_0kbytes_1rw1r_64x32_8_TT_1p8V_25C_lib 
                          sky130_sram_0kbytes_1rw1r_64x64_8_TT_1p8V_25C_lib 
                          sky130_sram_0kbytes_1rw1r_128x16_16_TT_1p8V_25C_lib 
                          physical_cells 
  Operating conditions:   typ 
  Interconnect mode:      placement
  Area mode:              physical library
============================================================

Aspect ratio        : 1.000
Shrink factor       : 1.000
Scale of res/length : 1.000
Scale of cap/length : 1.000
Net derating factor : 1.000
Thermal factor      : 1.000
Via Resistance      : 6.862 ohm (from qrc_tech_file)
Site size           : 3.810 um (from lef [tech+cell])

                                   Capacitance  
  Layer                             / Length         Data source:
Name        Direction Utilization  (pF/micron)       user override
------------------------------------------------
<extracted>     U         n/a         0.000190  
<extracted>     V         n/a         0.000166  
<extracted>     H         n/a         0.000214  

                                    Resistance   
  Layer                              / Length         Data source:
Name        Direction Utilization  (ohm/micron)       user override
-------------------------------------------------
<extracted>     U         n/a          0.857257  
<extracted>     V         n/a          0.891368  
<extracted>     H         n/a          0.823146  

                                        Area     
  Layer                               / Length        Data source:
Name (bin)  Direction Utilization     (micron)        lef_library
-------------------------------------------------
li1             V         0.00         0.170000  
met1            H         1.00         0.140000  
met2            V         1.00         0.140000  
met3            H         1.00         0.300000  
met4            V         1.00         0.300000  
met5            H         1.00         1.600000  

(stylus_db): Reading EXTRACTION
There is no ndr for this design!
INFO (IMPEXT-7055): Loading preRoute extraction data from directory '/home/hujinzhao/pro/genus_bs2/genus2invs__3335645_f32480c4-0ec2-48a1-97fe-9f9858c12d7efa_top/invs2genus_final_db/cmn/fa_top.extraction/extraction/' ...

No NDR for EEKit
INFO (IMPEXT-7048): Generating auto layer map file.

INFO (IMPEXT-7026): Loading preRoute extracted patterns from file '/home/hujinzhao/pro/genus_bs2/genus2invs__3335645_f32480c4-0ec2-48a1-97fe-9f9858c12d7efa_top/invs2genus_final_db/cmn/fa_top.extraction/fa_top.techData.gz' ...

INFO (IMPEXT-6209): Completed (cpu: 292556.000000 real: 292556.000000)

There is no ndr for this design!
%# End stylus_db::read (07/06 01:21:14, total cpu=16:01:31, real=16:01:44, peak res=8346.60M, current mem=3864.27M)
      flow.cputime  flow.realtime  timing.setup.tns  timing.setup.wns  snapshot
UM:*                                                                   read_invs2genus_db
(updb): (07/06 01:21:15) Refreshing Timer
Info    : AAE enabled for delay calculation. [TIM-45]
        :  
      flow.cputime  flow.realtime  timing.setup.tns  timing.setup.wns  snapshot
UM:*                                                                   timer_refresh
%# End phys_update_database (07/06 01:21:35, total cpu=16:02:03, real=16:02:05, peak res=8346.60M, current mem=5379.95M)
      flow.cputime  flow.realtime  timing.setup.tns  timing.setup.wns  snapshot
UM:*                                                                   phys_update_database




Finished QoS prediction (command execution time mm:ss (real) = 27:46).

      flow.cputime  flow.realtime  timing.setup.tns  timing.setup.wns  snapshot
UM:*                                                                   predict_qos
  Done placing fa_top.
(syn_opt_placed): Activating iSpatial - opt_spatial_effort standard
  Done spatial mode optimization fa_top.
      flow.cputime  flow.realtime  timing.setup.tns  timing.setup.wns  snapshot
UM:*                                                                   syn_opt_ispatial_standard
@file(run_fa_accel_sky130_sram.tcl) 287: redirect [file join $report_dir timing.rpt] {report timing}
@file(run_fa_accel_sky130_sram.tcl) 288: redirect [file join $report_dir area.rpt] {report area}
@file(run_fa_accel_sky130_sram.tcl) 289: redirect [file join $report_dir power.rpt] {report power}
@file(run_fa_accel_sky130_sram.tcl) 290: redirect [file join $report_dir qor_final.rpt] {report qor}
@file(run_fa_accel_sky130_sram.tcl) 291: redirect [file join $report_dir check_design_post.rpt] {check_design}
@file(run_fa_accel_sky130_sram.tcl) 292: redirect [file join $report_dir hierarchy_final.rpt] {report hierarchy}
@file(run_fa_accel_sky130_sram.tcl) 295: set syn_method_lines {}
@file(run_fa_accel_sky130_sram.tcl) 296: lappend syn_method_lines "SYNTHESIS_METHODOLOGY"
@file(run_fa_accel_sky130_sram.tcl) 297: lappend syn_method_lines "Tool: Genus 25.12"
@file(run_fa_accel_sky130_sram.tcl) 298: if {$physical_mode} {
  lappend syn_method_lines "Physical synthesis: YES (syn_opt -spatial)"
  lappend syn_method_lines "QRC probabilistic extraction: ENABLED"
  lappend syn_method_lines "Floorplan prediction: predict_floorplan"
} else {
  lappend syn_method_lines "Physical synthesis: NO (logical only)"
  lappend syn_method_lines "QRC probabilistic extraction: N/A"
  lappend syn_method_lines "Floorplan prediction: N/A"
}
@file(run_fa_accel_sky130_sram.tcl) 307: lappend syn_method_lines "SPEF annotation: check main log for 'read_spef statistics'"
@file(run_fa_accel_sky130_sram.tcl) 308: lappend syn_method_lines "Verification: grep 'syn_opt -spatial' in Genus log to confirm execution"
@file(run_fa_accel_sky130_sram.tcl) 309: write_text_report [file join $report_dir syn_methodology.rpt] $syn_method_lines
@file(run_fa_accel_sky130_sram.tcl) 310: if {[catch {redirect [file join $report_dir gates.rpt] {report gates}} err]} {
  puts "WARNING: optional gates report failed: $err"
}
@file(run_fa_accel_sky130_sram.tcl) 313: if {[catch {redirect [file join $report_dir cell_usage.rpt] {report cell_usage}} err]} {
  puts "WARNING: optional cell usage report failed: $err"
}
WARNING: optional cell usage report failed: Failed on 'report cell_usage'
@file(run_fa_accel_sky130_sram.tcl) 316: if {[catch {redirect [file join $report_dir unmapped_final.rpt] {report unmapped}} err]} {
  puts "WARNING: optional unmapped final report failed: $err"
}
WARNING: optional unmapped final report failed: Failed on 'report unmapped'
@file(run_fa_accel_sky130_sram.tcl) 320: write_hdl > [file join $output_dir ${top}_mapped.v]
@file(run_fa_accel_sky130_sram.tcl) 321: write_sdc > [file join $output_dir ${top}_mapped.sdc]
Finished SDC export (command execution time mm:ss (real) = 00:02).
@file(run_fa_accel_sky130_sram.tcl) 322: if {[catch {write_db [file join $output_dir ${top}.db]} err]} {
  puts "WARNING: optional write_db failed: $err"
}
INFO (IMPEXT-7027): Saving preRoute extracted patterns in file '/home/hujinzhao/pro/genus_bs2/results/outputs/fa_top/fa_top.db.xdata/fa_top.techData.gz' ...

INFO (IMPEXT-7054): Saving preRoute extraction data in directory '/home/hujinzhao/pro/genus_bs2/results/outputs/fa_top/fa_top.db.xdata/extraction/' ...

Successfully saved preroute extraction data
Finished exporting design database to file '/home/hujinzhao/pro/genus_bs2/results/outputs/fa_top/fa_top.db' for 'fa_top' (command execution time mm:ss cpu = 00:23, real = 00:27).
@file(run_fa_accel_sky130_sram.tcl) 328: set nand2_area [get_db [get_lib_cells sky130_fd_sc_hs__nand2_1] .area]
@file(run_fa_accel_sky130_sram.tcl) 329: redirect -variable area_str {report area}
@file(run_fa_accel_sky130_sram.tcl) 331: if {[regexp {Total Cell Area[:\s]+([0-9.]+)} $area_str -> cell_only]} {
  set nand2_gates [expr {$cell_only / $nand2_area}]
  puts "NAND2_EQ_GATES = [format %.0f $nand2_gates]"
  puts "  NAND2_1 area = $nand2_area um2"
  puts "  Cell area = $cell_only um2"
} else {
  puts "WARNING: Could not parse cell area from report output."
}
WARNING: Could not parse cell area from report output.
@file(run_fa_accel_sky130_sram.tcl) 340: puts "GENUS_DONE $top"
GENUS_DONE fa_top
@file(run_fa_accel_sky130_sram.tcl) 341: exit

Lic Summary:
[01:23:23.006953] Cdslmd servers: sh02lo01
[01:23:23.006995] Feature usage summary:
[01:23:23.006995] Genus_Synthesis  
[01:23:23.006995] Genus_CPU_Opt  
[01:23:23.006995] Genus_Physical_Opt  
=======================
PBS_overall Index: 0.00
=======================
/home/hujinzhao/pro/genus_bs2/.st_launch_sh02lo01_3335645
Normal exit.
