TMPDIR is being set to /tmp/genus_temp_1001821_98bebad6-1f56-4d85-af38-42c022bfcc8a_sh02lo01_hujinzhao_t8nLDe
Cadence Genus(TM) Synthesis Solution.
Copyright 2025 Cadence Design Systems, Inc. All rights reserved worldwide.
Cadence and the Cadence logo are registered trademarks and Genus is a trademark
of Cadence Design Systems, Inc. in the United States and other countries.

[00:27:59.060345] Configured Lic search path (25.01-s002): 5280@sh02lo01

Version: 25.12-s067_1, built Sun Nov 16 21:10:10 PST 2025
Options: -batch -files /home/hujinzhao/pro/genus_bs2_300m/SYN/run_fa_accel_sky130_sram.tcl 
Date:    Tue Jul 07 00:27:59 2026
Host:    sh02lo01 (x86_64 w/Linux 4.18.0-477.10.1.el8_8.x86_64) (18cores*36cpus*2physical cpus*Intel(R) Xeon(R) Gold 6140 CPU @ 2.30GHz 25344KB) (1056000372KB)
PID:     1001821
OS:      Red Hat Enterprise Linux 8.8 (Ootpa)

Checking out license: Genus_Synthesis
[00:28:00.040267] Periodic Lic check successful
[00:28:00.040282] Feature usage summary:
[00:28:00.040283] Genus_Synthesis  
License checkout complete (1 second elapsed).


***********************************************************************************************************
***********************************************************************************************************



Finished executable startup (9 seconds elapsed).

Loading tool scripts...
Finished loading tool scripts (37 seconds elapsed).

#@ Processing -files option
@genus:root: 1> source /home/hujinzhao/pro/genus_bs2_300m/SYN/run_fa_accel_sky130_sram.tcl
#@ Begin verbose source /home/hujinzhao/pro/genus_bs2_300m/SYN/run_fa_accel_sky130_sram.tcl
@file(run_fa_accel_sky130_sram.tcl) 1: set STAGE syn
@file(run_fa_accel_sky130_sram.tcl) 2: set DEFAULT_TOP fa_top
@file(run_fa_accel_sky130_sram.tcl) 4: proc require_file ...
@file(run_fa_accel_sky130_sram.tcl) 12: proc env_or_default ...
@file(run_fa_accel_sky130_sram.tcl) 19: proc require_dir ...
@file(run_fa_accel_sky130_sram.tcl) 27: proc read_path_list ...
@file(run_fa_accel_sky130_sram.tcl) 48: proc write_text_report ...
@file(run_fa_accel_sky130_sram.tcl) 56: proc env_flag ...
@file(run_fa_accel_sky130_sram.tcl) 63: proc env_value ...
@file(run_fa_accel_sky130_sram.tcl) 70: proc run_physical_command ...
@file(run_fa_accel_sky130_sram.tcl) 82: proc configure_multicpu ...
@file(run_fa_accel_sky130_sram.tcl) 98: proc configure_physical_context ...
@file(run_fa_accel_sky130_sram.tcl) 136: set script_dir [file dirname [info script]]
@file(run_fa_accel_sky130_sram.tcl) 137: set bundle_root [env_or_default GENUS_PROJECT_ROOT [file join $script_dir ..]]
@file(run_fa_accel_sky130_sram.tcl) 138: set workspace_dir [env_or_default GENUS_WORKSPACE_DIR [file join $bundle_root workspace]]
@file(run_fa_accel_sky130_sram.tcl) 139: set results_root [env_or_default GENUS_RESULTS_DIR [file join $bundle_root results]]
@file(run_fa_accel_sky130_sram.tcl) 140: set bundle_root [require_dir $bundle_root "Genus project root"]
@file(run_fa_accel_sky130_sram.tcl) 141: set workspace_dir [require_dir $workspace_dir "Genus workspace directory"]
@file(run_fa_accel_sky130_sram.tcl) 142: set filelist_dir [file join $workspace_dir filelists]
@file(run_fa_accel_sky130_sram.tcl) 143: set constraint_dir [file join $workspace_dir constraints]
@file(run_fa_accel_sky130_sram.tcl) 145: set top $DEFAULT_TOP
@file(run_fa_accel_sky130_sram.tcl) 146: if {[info exists ::env(TOP)] && $::env(TOP) ne ""} {
  set top $::env(TOP)
}
@file(run_fa_accel_sky130_sram.tcl) 150: set physical_mode 1
@file(run_fa_accel_sky130_sram.tcl) 151: if {[info exists ::env(GENUS_PHYSICAL)] && $::env(GENUS_PHYSICAL) eq "0"} {
  set physical_mode 0
}
@file(run_fa_accel_sky130_sram.tcl) 155: set allow_physical_fallback [env_flag GENUS_ALLOW_PHYSICAL_FALLBACK 0]
@file(run_fa_accel_sky130_sram.tcl) 157: set read_sram_behav_rtl 0
@file(run_fa_accel_sky130_sram.tcl) 158: if {[info exists ::env(READ_SRAM_BEHAV_RTL)] && $::env(READ_SRAM_BEHAV_RTL) ne "0"} {
  set read_sram_behav_rtl 1
}
@file(run_fa_accel_sky130_sram.tcl) 162: set report_dir [file join $results_root reports $top]
@file(run_fa_accel_sky130_sram.tcl) 163: set output_dir [file join $results_root outputs $top]
@file(run_fa_accel_sky130_sram.tcl) 164: set log_dir [file join $results_root logs]
@file(run_fa_accel_sky130_sram.tcl) 165: file mkdir $report_dir
@file(run_fa_accel_sky130_sram.tcl) 166: file mkdir $output_dir
@file(run_fa_accel_sky130_sram.tcl) 167: file mkdir $log_dir
@file(run_fa_accel_sky130_sram.tcl) 169: set rtl_filelist [env_or_default RTL_FILELIST [file join $filelist_dir rtl.f]]
@file(run_fa_accel_sky130_sram.tcl) 170: set sram_behav_filelist [env_or_default SRAM_BEHAV_RTL_FILELIST [file join $filelist_dir sram_macro_verilog.f]]
@file(run_fa_accel_sky130_sram.tcl) 171: set lib_filelist [env_or_default LIB_FILELIST [file join $filelist_dir libs_tt.f]]
@file(run_fa_accel_sky130_sram.tcl) 172: set lef_filelist [env_or_default LEF_FILELIST [file join $filelist_dir lefs.f]]
@file(run_fa_accel_sky130_sram.tcl) 173: set sdc_file [env_or_default SDC_FILE [file join $constraint_dir timing_300m.sdc]]
@file(run_fa_accel_sky130_sram.tcl) 175: puts "INFO: STAGE=$STAGE"
INFO: STAGE=syn
@file(run_fa_accel_sky130_sram.tcl) 176: puts "INFO: TOP=$top"
INFO: TOP=fa_top
@file(run_fa_accel_sky130_sram.tcl) 177: puts "INFO: PROJECT_ROOT=$bundle_root"
INFO: PROJECT_ROOT=/home/hujinzhao/pro/genus_bs2_300m
@file(run_fa_accel_sky130_sram.tcl) 178: puts "INFO: WORKSPACE_DIR=$workspace_dir"
INFO: WORKSPACE_DIR=/home/hujinzhao/pro/genus_bs2_300m/workspace
@file(run_fa_accel_sky130_sram.tcl) 179: puts "INFO: RESULTS_DIR=$results_root"
INFO: RESULTS_DIR=/home/hujinzhao/pro/genus_bs2_300m/results
@file(run_fa_accel_sky130_sram.tcl) 180: puts "INFO: PHYSICAL_MODE=$physical_mode"
INFO: PHYSICAL_MODE=1
@file(run_fa_accel_sky130_sram.tcl) 181: puts "INFO: READ_SRAM_BEHAV_RTL=$read_sram_behav_rtl"
INFO: READ_SRAM_BEHAV_RTL=0
@file(run_fa_accel_sky130_sram.tcl) 182: puts "INFO: GENUS_ALLOW_PHYSICAL_FALLBACK=$allow_physical_fallback"
INFO: GENUS_ALLOW_PHYSICAL_FALLBACK=0
@file(run_fa_accel_sky130_sram.tcl) 184: configure_multicpu
INFO: GENUS_THREADS=8
  Setting attribute of root '/': 'max_cpus_per_server' = 8
INFO: Applied multi-CPU command: set_db max_cpus_per_server 8
  Setting attribute of root '/': 'auto_super_thread' = true
INFO: Applied multi-CPU command: set_db auto_super_thread true
  Setting attribute of root '/': 'super_thread_servers' = localhost 8
INFO: Applied multi-CPU command: set_db super_thread_servers {localhost 8}
@file(run_fa_accel_sky130_sram.tcl) 186: set lib_files [read_path_list $lib_filelist "Liberty filelist"]
@file(run_fa_accel_sky130_sram.tcl) 187: foreach lib_file $lib_files {
  puts "INFO: LIB=$lib_file"
}
INFO: LIB=/home/share/pdk/ciel/sky130/versions/e8294524e5f67c533c5d0c3afa0bcc5b2a5fa066/sky130A/libs.ref/sky130_fd_sc_hs/lib/sky130_fd_sc_hs__tt_025C_1v80.lib
INFO: LIB=/home/hujinzhao/pro/genus_bs2_300m/workspace/LIBS/sky130_sram_0kbytes_1rw1r_64x32_8_TT_1p8V_25C.lib
INFO: LIB=/home/hujinzhao/pro/genus_bs2_300m/workspace/LIBS/sky130_sram_0kbytes_1rw1r_64x64_8_TT_1p8V_25C.lib
INFO: LIB=/home/hujinzhao/pro/genus_bs2_300m/workspace/LIBS/sky130_sram_0kbytes_1rw1r_128x16_16_TT_1p8V_25C.lib
@file(run_fa_accel_sky130_sram.tcl) 190: eval read_libs $lib_files
Error   : Could not find the look-up table definition. [LBR-517]
        : Template name 'ccsn_dc' used in group 'dc_current' on line 832 is not defined in the library. To fix this issue, define the missing template in the library. (File /home/share/pdk/ciel/sky130/versions/e8294524e5f67c533c5d0c3afa0bcc5b2a5fa066/sky130A/libs.ref/sky130_fd_sc_hs/lib/sky130_fd_sc_hs__tt_025C_1v80.lib)
        : Add the look-up table definition, then reload the library.
Warning : Ignoring the timing group. [LBR-709]
        : The dc_current group 'ccsn_dc' is being ignored due to errors in this group. This group will be excluded for any further library checks. Refer to the previous messages issued for dc_current group 'ccsn_dc' to find the details of the issues in this group. (File /home/share/pdk/ciel/sky130/versions/e8294524e5f67c533c5d0c3afa0bcc5b2a5fa066/sky130A/libs.ref/sky130_fd_sc_hs/lib/sky130_fd_sc_hs__tt_025C_1v80.lib, Line 832)
        : Fix the library cell error and then reload the library.
Error   : Could not find the look-up table definition. [LBR-517]
        : Template name 'ccsn_ovrf' used in group 'vector' on line 884 is not defined in the library. To fix this issue, define the missing template in the library. (File /home/share/pdk/ciel/sky130/versions/e8294524e5f67c533c5d0c3afa0bcc5b2a5fa066/sky130A/libs.ref/sky130_fd_sc_hs/lib/sky130_fd_sc_hs__tt_025C_1v80.lib)
Warning : Ignoring the timing group. [LBR-709]
        : The vector group 'ccsn_ovrf' is being ignored due to errors in this group. This group will be excluded for any further library checks. Refer to the previous messages issued for vector group 'ccsn_ovrf' to find the details of the issues in this group. (File /home/share/pdk/ciel/sky130/versions/e8294524e5f67c533c5d0c3afa0bcc5b2a5fa066/sky130A/libs.ref/sky130_fd_sc_hs/lib/sky130_fd_sc_hs__tt_025C_1v80.lib, Line 884)
Error   : Could not find the look-up table definition. [LBR-517]
        : Template name 'ccsn_ovrf' used in group 'vector' on line 890 is not defined in the library. To fix this issue, define the missing template in the library. (File /home/share/pdk/ciel/sky130/versions/e8294524e5f67c533c5d0c3afa0bcc5b2a5fa066/sky130A/libs.ref/sky130_fd_sc_hs/lib/sky130_fd_sc_hs__tt_025C_1v80.lib)
Warning : Ignoring the timing group. [LBR-709]
        : The vector group 'ccsn_ovrf' is being ignored due to errors in this group. This group will be excluded for any further library checks. Refer to the previous messages issued for vector group 'ccsn_ovrf' to find the details of the issues in this group. (File /home/share/pdk/ciel/sky130/versions/e8294524e5f67c533c5d0c3afa0bcc5b2a5fa066/sky130A/libs.ref/sky130_fd_sc_hs/lib/sky130_fd_sc_hs__tt_025C_1v80.lib, Line 890)
Error   : Could not find the look-up table definition. [LBR-517]
        : Template name 'ccsn_ovrf' used in group 'vector' on line 870 is not defined in the library. To fix this issue, define the missing template in the library. (File /home/share/pdk/ciel/sky130/versions/e8294524e5f67c533c5d0c3afa0bcc5b2a5fa066/sky130A/libs.ref/sky130_fd_sc_hs/lib/sky130_fd_sc_hs__tt_025C_1v80.lib)
Warning : Ignoring the timing group. [LBR-709]
        : The vector group 'ccsn_ovrf' is being ignored due to errors in this group. This group will be excluded for any further library checks. Refer to the previous messages issued for vector group 'ccsn_ovrf' to find the details of the issues in this group. (File /home/share/pdk/ciel/sky130/versions/e8294524e5f67c533c5d0c3afa0bcc5b2a5fa066/sky130A/libs.ref/sky130_fd_sc_hs/lib/sky130_fd_sc_hs__tt_025C_1v80.lib, Line 870)
Error   : Could not find the look-up table definition. [LBR-517]
        : Template name 'ccsn_ovrf' used in group 'vector' on line 876 is not defined in the library. To fix this issue, define the missing template in the library. (File /home/share/pdk/ciel/sky130/versions/e8294524e5f67c533c5d0c3afa0bcc5b2a5fa066/sky130A/libs.ref/sky130_fd_sc_hs/lib/sky130_fd_sc_hs__tt_025C_1v80.lib)
Warning : Ignoring the timing group. [LBR-709]
        : The vector group 'ccsn_ovrf' is being ignored due to errors in this group. This group will be excluded for any further library checks. Refer to the previous messages issued for vector group 'ccsn_ovrf' to find the details of the issues in this group. (File /home/share/pdk/ciel/sky130/versions/e8294524e5f67c533c5d0c3afa0bcc5b2a5fa066/sky130A/libs.ref/sky130_fd_sc_hs/lib/sky130_fd_sc_hs__tt_025C_1v80.lib, Line 876)
Error   : Could not find the look-up table definition. [LBR-517]
        : Template name 'ccsn_pnlh' used in group 'vector' on line 949 is not defined in the library. To fix this issue, define the missing template in the library. (File /home/share/pdk/ciel/sky130/versions/e8294524e5f67c533c5d0c3afa0bcc5b2a5fa066/sky130A/libs.ref/sky130_fd_sc_hs/lib/sky130_fd_sc_hs__tt_025C_1v80.lib)
Warning : Ignoring the timing group. [LBR-709]
        : The vector group 'ccsn_pnlh' is being ignored due to errors in this group. This group will be excluded for any further library checks. Refer to the previous messages issued for vector group 'ccsn_pnlh' to find the details of the issues in this group. (File /home/share/pdk/ciel/sky130/versions/e8294524e5f67c533c5d0c3afa0bcc5b2a5fa066/sky130A/libs.ref/sky130_fd_sc_hs/lib/sky130_fd_sc_hs__tt_025C_1v80.lib, Line 949)
Error   : Could not find the look-up table definition. [LBR-517]
        : Template name 'ccsn_pnlh' used in group 'vector' on line 956 is not defined in the library. To fix this issue, define the missing template in the library. (File /home/share/pdk/ciel/sky130/versions/e8294524e5f67c533c5d0c3afa0bcc5b2a5fa066/sky130A/libs.ref/sky130_fd_sc_hs/lib/sky130_fd_sc_hs__tt_025C_1v80.lib)
Warning : Ignoring the timing group. [LBR-709]
        : The vector group 'ccsn_pnlh' is being ignored due to errors in this group. This group will be excluded for any further library checks. Refer to the previous messages issued for vector group 'ccsn_pnlh' to find the details of the issues in this group. (File /home/share/pdk/ciel/sky130/versions/e8294524e5f67c533c5d0c3afa0bcc5b2a5fa066/sky130A/libs.ref/sky130_fd_sc_hs/lib/sky130_fd_sc_hs__tt_025C_1v80.lib, Line 956)
Error   : Could not find the look-up table definition. [LBR-517]
        : Template name 'ccsn_pnlh' used in group 'vector' on line 963 is not defined in the library. To fix this issue, define the missing template in the library. (File /home/share/pdk/ciel/sky130/versions/e8294524e5f67c533c5d0c3afa0bcc5b2a5fa066/sky130A/libs.ref/sky130_fd_sc_hs/lib/sky130_fd_sc_hs__tt_025C_1v80.lib)
Warning : Ignoring the timing group. [LBR-709]
        : The vector group 'ccsn_pnlh' is being ignored due to errors in this group. This group will be excluded for any further library checks. Refer to the previous messages issued for vector group 'ccsn_pnlh' to find the details of the issues in this group. (File /home/share/pdk/ciel/sky130/versions/e8294524e5f67c533c5d0c3afa0bcc5b2a5fa066/sky130A/libs.ref/sky130_fd_sc_hs/lib/sky130_fd_sc_hs__tt_025C_1v80.lib, Line 963)
Error   : Could not find the look-up table definition. [LBR-517]
        : Template name 'ccsn_pnlh' used in group 'vector' on line 970 is not defined in the library. To fix this issue, define the missing template in the library. (File /home/share/pdk/ciel/sky130/versions/e8294524e5f67c533c5d0c3afa0bcc5b2a5fa066/sky130A/libs.ref/sky130_fd_sc_hs/lib/sky130_fd_sc_hs__tt_025C_1v80.lib)
Warning : Ignoring the timing group. [LBR-709]
        : The vector group 'ccsn_pnlh' is being ignored due to errors in this group. This group will be excluded for any further library checks. Refer to the previous messages issued for vector group 'ccsn_pnlh' to find the details of the issues in this group. (File /home/share/pdk/ciel/sky130/versions/e8294524e5f67c533c5d0c3afa0bcc5b2a5fa066/sky130A/libs.ref/sky130_fd_sc_hs/lib/sky130_fd_sc_hs__tt_025C_1v80.lib, Line 970)
Error   : Could not find the look-up table definition. [LBR-517]
        : Template name 'ccsn_pnlh' used in group 'vector' on line 977 is not defined in the library. To fix this issue, define the missing template in the library. (File /home/share/pdk/ciel/sky130/versions/e8294524e5f67c533c5d0c3afa0bcc5b2a5fa066/sky130A/libs.ref/sky130_fd_sc_hs/lib/sky130_fd_sc_hs__tt_025C_1v80.lib)
Warning : Ignoring the timing group. [LBR-709]
        : The vector group 'ccsn_pnlh' is being ignored due to errors in this group. This group will be excluded for any further library checks. Refer to the previous messages issued for vector group 'ccsn_pnlh' to find the details of the issues in this group. (File /home/share/pdk/ciel/sky130/versions/e8294524e5f67c533c5d0c3afa0bcc5b2a5fa066/sky130A/libs.ref/sky130_fd_sc_hs/lib/sky130_fd_sc_hs__tt_025C_1v80.lib, Line 977)
Error   : Could not find the look-up table definition. [LBR-517]
        : Template name 'ccsn_pnlh' used in group 'vector' on line 984 is not defined in the library. To fix this issue, define the missing template in the library. (File /home/share/pdk/ciel/sky130/versions/e8294524e5f67c533c5d0c3afa0bcc5b2a5fa066/sky130A/libs.ref/sky130_fd_sc_hs/lib/sky130_fd_sc_hs__tt_025C_1v80.lib)
Warning : Ignoring the timing group. [LBR-709]
        : The vector group 'ccsn_pnlh' is being ignored due to errors in this group. This group will be excluded for any further library checks. Refer to the previous messages issued for vector group 'ccsn_pnlh' to find the details of the issues in this group. (File /home/share/pdk/ciel/sky130/versions/e8294524e5f67c533c5d0c3afa0bcc5b2a5fa066/sky130A/libs.ref/sky130_fd_sc_hs/lib/sky130_fd_sc_hs__tt_025C_1v80.lib, Line 984)
Error   : Could not find the look-up table definition. [LBR-517]
        : Template name 'ccsn_pnlh' used in group 'vector' on line 991 is not defined in the library. To fix this issue, define the missing template in the library. (File /home/share/pdk/ciel/sky130/versions/e8294524e5f67c533c5d0c3afa0bcc5b2a5fa066/sky130A/libs.ref/sky130_fd_sc_hs/lib/sky130_fd_sc_hs__tt_025C_1v80.lib)
Warning : Ignoring the timing group. [LBR-709]
        : The vector group 'ccsn_pnlh' is being ignored due to errors in this group. This group will be excluded for any further library checks. Refer to the previous messages issued for vector group 'ccsn_pnlh' to find the details of the issues in this group. (File /home/share/pdk/ciel/sky130/versions/e8294524e5f67c533c5d0c3afa0bcc5b2a5fa066/sky130A/libs.ref/sky130_fd_sc_hs/lib/sky130_fd_sc_hs__tt_025C_1v80.lib, Line 991)
Error   : Could not find the look-up table definition. [LBR-517]
        : Template name 'ccsn_pnlh' used in group 'vector' on line 898 is not defined in the library. To fix this issue, define the missing template in the library. (File /home/share/pdk/ciel/sky130/versions/e8294524e5f67c533c5d0c3afa0bcc5b2a5fa066/sky130A/libs.ref/sky130_fd_sc_hs/lib/sky130_fd_sc_hs__tt_025C_1v80.lib)
Warning : Ignoring the timing group. [LBR-709]
        : The vector group 'ccsn_pnlh' is being ignored due to errors in this group. This group will be excluded for any further library checks. Refer to the previous messages issued for vector group 'ccsn_pnlh' to find the details of the issues in this group. (File /home/share/pdk/ciel/sky130/versions/e8294524e5f67c533c5d0c3afa0bcc5b2a5fa066/sky130A/libs.ref/sky130_fd_sc_hs/lib/sky130_fd_sc_hs__tt_025C_1v80.lib, Line 898)
Error   : Could not find the look-up table definition. [LBR-517]
        : Template name 'ccsn_pnlh' used in group 'vector' on line 905 is not defined in the library. To fix this issue, define the missing template in the library. (File /home/share/pdk/ciel/sky130/versions/e8294524e5f67c533c5d0c3afa0bcc5b2a5fa066/sky130A/libs.ref/sky130_fd_sc_hs/lib/sky130_fd_sc_hs__tt_025C_1v80.lib)
Warning : Ignoring the timing group. [LBR-709]
        : The vector group 'ccsn_pnlh' is being ignored due to errors in this group. This group will be excluded for any further library checks. Refer to the previous messages issued for vector group 'ccsn_pnlh' to find the details of the issues in this group. (File /home/share/pdk/ciel/sky130/versions/e8294524e5f67c533c5d0c3afa0bcc5b2a5fa066/sky130A/libs.ref/sky130_fd_sc_hs/lib/sky130_fd_sc_hs__tt_025C_1v80.lib, Line 905)
Error   : Could not find the look-up table definition. [LBR-517]
        : Template name 'ccsn_pnlh' used in group 'vector' on line 912 is not defined in the library. To fix this issue, define the missing template in the library. (File /home/share/pdk/ciel/sky130/versions/e8294524e5f67c533c5d0c3afa0bcc5b2a5fa066/sky130A/libs.ref/sky130_fd_sc_hs/lib/sky130_fd_sc_hs__tt_025C_1v80.lib)
Warning : Ignoring the timing group. [LBR-709]
        : The vector group 'ccsn_pnlh' is being ignored due to errors in this group. This group will be excluded for any further library checks. Refer to the previous messages issued for vector group 'ccsn_pnlh' to find the details of the issues in this group. (File /home/share/pdk/ciel/sky130/versions/e8294524e5f67c533c5d0c3afa0bcc5b2a5fa066/sky130A/libs.ref/sky130_fd_sc_hs/lib/sky130_fd_sc_hs__tt_025C_1v80.lib, Line 912)
Error   : Could not find the look-up table definition. [LBR-517]
        : Template name 'ccsn_pnlh' used in group 'vector' on line 919 is not defined in the library. To fix this issue, define the missing template in the library. (File /home/share/pdk/ciel/sky130/versions/e8294524e5f67c533c5d0c3afa0bcc5b2a5fa066/sky130A/libs.ref/sky130_fd_sc_hs/lib/sky130_fd_sc_hs__tt_025C_1v80.lib)
Warning : Ignoring the timing group. [LBR-709]
        : The vector group 'ccsn_pnlh' is being ignored due to errors in this group. This group will be excluded for any further library checks. Refer to the previous messages issued for vector group 'ccsn_pnlh' to find the details of the issues in this group. (File /home/share/pdk/ciel/sky130/versions/e8294524e5f67c533c5d0c3afa0bcc5b2a5fa066/sky130A/libs.ref/sky130_fd_sc_hs/lib/sky130_fd_sc_hs__tt_025C_1v80.lib, Line 919)
Error   : Could not find the look-up table definition. [LBR-517]
        : Template name 'ccsn_pnlh' used in group 'vector' on line 926 is not defined in the library. To fix this issue, define the missing template in the library. (File /home/share/pdk/ciel/sky130/versions/e8294524e5f67c533c5d0c3afa0bcc5b2a5fa066/sky130A/libs.ref/sky130_fd_sc_hs/lib/sky130_fd_sc_hs__tt_025C_1v80.lib)
Warning : Ignoring the timing group. [LBR-709]
        : The vector group 'ccsn_pnlh' is being ignored due to errors in this group. This group will be excluded for any further library checks. Refer to the previous messages issued for vector group 'ccsn_pnlh' to find the details of the issues in this group. (File /home/share/pdk/ciel/sky130/versions/e8294524e5f67c533c5d0c3afa0bcc5b2a5fa066/sky130A/libs.ref/sky130_fd_sc_hs/lib/sky130_fd_sc_hs__tt_025C_1v80.lib, Line 926)
Error   : Could not find the look-up table definition. [LBR-517]
        : Template name 'ccsn_pnlh' used in group 'vector' on line 933 is not defined in the library. To fix this issue, define the missing template in the library. (File /home/share/pdk/ciel/sky130/versions/e8294524e5f67c533c5d0c3afa0bcc5b2a5fa066/sky130A/libs.ref/sky130_fd_sc_hs/lib/sky130_fd_sc_hs__tt_025C_1v80.lib)
Warning : Ignoring the timing group. [LBR-709]
        : The vector group 'ccsn_pnlh' is being ignored due to errors in this group. This group will be excluded for any further library checks. Refer to the previous messages issued for vector group 'ccsn_pnlh' to find the details of the issues in this group. (File /home/share/pdk/ciel/sky130/versions/e8294524e5f67c533c5d0c3afa0bcc5b2a5fa066/sky130A/libs.ref/sky130_fd_sc_hs/lib/sky130_fd_sc_hs__tt_025C_1v80.lib, Line 933)
Error   : Could not find the look-up table definition. [LBR-517]
        : Template name 'ccsn_pnlh' used in group 'vector' on line 940 is not defined in the library. To fix this issue, define the missing template in the library. (File /home/share/pdk/ciel/sky130/versions/e8294524e5f67c533c5d0c3afa0bcc5b2a5fa066/sky130A/libs.ref/sky130_fd_sc_hs/lib/sky130_fd_sc_hs__tt_025C_1v80.lib)
Warning : Ignoring the timing group. [LBR-709]
        : The vector group 'ccsn_pnlh' is being ignored due to errors in this group. This group will be excluded for any further library checks. Refer to the previous messages issued for vector group 'ccsn_pnlh' to find the details of the issues in this group. (File /home/share/pdk/ciel/sky130/versions/e8294524e5f67c533c5d0c3afa
  Message Summary for Library all 4 libraries:
  ********************************************
0bcc5b2a5fa066/sky130A/libs.ref/sky130_fd_sc_hs/lib/sky130_fd_sc_hs__tt_025C_1v80.lib, Line 940)
Error   : Could not find the look-up table definition. [LBR-517]
        : Template name 'ccsn_dc' used in group 'dc_current' on line 1002 is not defined in the library. To fix this issue, define the missing template in the library. (File /home/share/pdk/ciel/sky130/versions/e8294524e5f67c533c5d0c3afa0bcc5b2a5fa066/sky130A/libs.ref/sky130_fd_sc_hs/lib/sky130_fd_sc_hs__tt_025C_1v80.lib)
Warning : Ignoring the timing group. [LBR-709]
        : The dc_current group 'ccsn_dc' is being ignored due to errors in this group. This group will be excluded for any further library checks. Refer to the previous messages issued for dc_current group 'ccsn_dc' to find the details of the issues in this group. (File /home/share/pdk/ciel/sky130/versions/e8294524e5f67c533c5d0c3afa0bcc5b2a5fa066/sky130A/libs.ref/sky130_fd_sc_hs/lib/sky130_fd_sc_hs__tt_025C_1v80.lib, Line 1002)
Warning : Maximum message print count reached. [MESG-11]
        : Maximum print count of '20' reached for message 'LBR-517'.
Warning : Maximum message print count reached. [MESG-11]
        : Maximum print count of '20' reached for message 'LBR-709'.
  Ignoring the timing group. [LBR-709]: 96732
  Could not find the look-up table definition. [LBR-517]: 96732
  Missing library level attribute. [LBR-516]: 3
  An unsupported construct was detected in this library. [LBR-40]: 7
  ********************************************
 
Info    : Created nominal operating condition. [LBR-412]
        : Operating condition '_nominal_' was created for the PVT values (1.000000, 1.800000, 25.000000) in library 'sky130_fd_sc_hs__tt_025C_1v80.lib'.
        : The nominal operating condition is represented, either by the nominal PVT values specified in the library source (via nom_process,nom_voltage and nom_temperature respectively), or by the default PVT values (1.0,1.0,1.0).
Info    : Created nominal operating condition. [LBR-412]
        : Operating condition '_nominal_' was created for the PVT values (1.000000, 1.800000, 25.000000) in library 'sky130_sram_0kbytes_1rw1r_64x32_8_TT_1p8V_25C.lib'.
Info    : Created nominal operating condition. [LBR-412]
        : Operating condition '_nominal_' was created for the PVT values (1.000000, 1.800000, 25.000000) in library 'sky130_sram_0kbytes_1rw1r_64x64_8_TT_1p8V_25C.lib'.
Info    : Created nominal operating condition. [LBR-412]
        : Operating condition '_nominal_' was created for the PVT values (1.000000, 1.800000, 25.000000) in library 'sky130_sram_0kbytes_1rw1r_128x16_16_TT_1p8V_25C.lib'.
Warning : Library cell has no output pins defined. [LBR-9]
        : Library cell 'sky130_fd_sc_hs__decap_4' must have an output pin.
        : Add the missing output pin(s), then reload the library. Else the library cell will be marked as timing model i.e. unusable. Timing_model means that the cell does not have any defined function. If there is no output pin, Genus will mark library cell as unusable i.e. the attribute 'usable' will be marked to 'false' on the libcell. Therefore, the cell is not used for mapping and it will not be picked up from the library for synthesis. If you query the attribute 'unusable_reason' on the libcell; result will be: 'Library cell has no output pins.'Note: The message LBR-9 is only for the logical pins and not for the power_ground pins. Genus will depend upon the output function defined in the pin group (output pin) of the cell, to use it for mapping. The pg_pin will not have any function defined.
Warning : Library cell has no output pins defined. [LBR-9]
        : Library cell 'sky130_fd_sc_hs__decap_4' must have an output pin.
Warning : Library cell has no output pins defined. [LBR-9]
        : Library cell 'sky130_fd_sc_hs__decap_8' must have an output pin.
Warning : Library cell has no output pins defined. [LBR-9]
        : Library cell 'sky130_fd_sc_hs__decap_8' must have an output pin.
@file(run_fa_accel_sky130_sram.tcl) 192: set lef_files [read_path_list $lef_filelist "LEF filelist"]
@file(run_fa_accel_sky130_sram.tcl) 193: foreach lef_file $lef_files {
  puts "INFO: LEF=$lef_file"
}
INFO: LEF=/home/hujinzhao/pro/genus_bs2_300m/workspace/LEFS/sky130_fd_sc_hs__nom.tlef
INFO: LEF=/home/hujinzhao/pro/genus_bs2_300m/workspace/LEFS/sky130_fd_sc_hs.lef
INFO: LEF=/home/hujinzhao/pro/genus_bs2_300m/workspace/LEFS/sky130_sram_0kbytes_1rw1r_64x32_8.lef
INFO: LEF=/home/hujinzhao/pro/genus_bs2_300m/workspace/LEFS/sky130_sram_0kbytes_1rw1r_128x16_16.lef
INFO: LEF=/home/hujinzhao/pro/genus_bs2_300m/workspace/LEFS/sky130_sram_0kbytes_1rw1r_64x64_8.lef
@file(run_fa_accel_sky130_sram.tcl) 196: if {[llength $lef_files] > 0} {
  set lef_arg [join $lef_files " "]
  if {[catch {read_physical -lefs $lef_arg} err]} {
    puts "WARNING: read_physical -lefs failed or is unsupported in this Genus setup: $err"
  }
}
Info    : Via with no resistance will have a value of '0.0' assigned for resistance value. [PHYS-129]
        : Via 'L1M1_PR' has no resistance value.
        : If this is the expected behavior, this message can be ignored.
Info    : Via with no resistance will have a value of '0.0' assigned for resistance value. [PHYS-129]
        : Via 'L1M1_PR_R' has no resistance value.
Info    : Via with no resistance will have a value of '0.0' assigned for resistance value. [PHYS-129]
        : Via 'L1M1_PR_M' has no resistance value.
Info    : Via with no resistance will have a value of '0.0' assigned for resistance value. [PHYS-129]
        : Via 'L1M1_PR_MR' has no resistance value.
Info    : Via with no resistance will have a value of '0.0' assigned for resistance value. [PHYS-129]
        : Via 'L1M1_PR_C' has no resistance value.
Info    : Via with no resistance will have a value of '0.0' assigned for resistance value. [PHYS-129]
        : Via 'M1M2_PR' has no resistance value.
Info    : Via with no resistance will have a value of '0.0' assigned for resistance value. [PHYS-129]
        : Via 'M1M2_PR_R' has no resistance value.
Info    : Via with no resistance will have a value of '0.0' assigned for resistance value. [PHYS-129]
        : Via 'M1M2_PR_M' has no resistance value.
Info    : Via with no resistance will have a value of '0.0' assigned for resistance value. [PHYS-129]
        : Via 'M1M2_PR_MR' has no resistance value.
Info    : Via with no resistance will have a value of '0.0' assigned for resistance value. [PHYS-129]
        : Via 'M1M2_PR_C' has no resistance value.
Info    : Via with no resistance will have a value of '0.0' assigned for resistance value. [PHYS-129]
        : Via 'M2M3_PR' has no resistance value.
Info    : Via with no resistance will have a value of '0.0' assigned for resistance value. [PHYS-129]
        : Via 'M2M3_PR_R' has no resistance value.
Info    : Via with no resistance will have a value of '0.0' assigned for resistance value. [PHYS-129]
        : Via 'M2M3_PR_M' has no resistance value.
Info    : Via with no resistance will have a value of '0.0' assigned for resistance value. [PHYS-129]
        : Via 'M2M3_PR_MR' has no resistance value.
Info    : Via with no resistance will have a value of '0.0' assigned for resistance value. [PHYS-129]
        : Via 'M2M3_PR_C' has no resistance value.
Info    : Via with no resistance will have a value of '0.0' assigned for resistance value. [PHYS-129]
        : Via 'M3M4_PR' has no resistance value.
Info    : Via with no resistance will have a value of '0.0' assigned for resistance value. [PHYS-129]
        : Via 'M3M4_PR_R' has no resistance value.
Info    : Via with no resistance will have a value of '0.0' assigned for resistance value. [PHYS-129]
        : Via 'M3M4_PR_M' has no resistance value.
Info    : Via with no resistance will have a value of '0.0' assigned for resistance value. [PHYS-129]
        : Via 'M3M4_PR_MR' has no resistance value.
Info    : Via with no resistance will have a value of '0.0' assigned for resistance value. [PHYS-129]
        : Via 'M3M4_PR_C' has no resistance value.
Warning : Maximum message print count reached. [MESG-11]
        : Maximum print count of '20' reached for message 'PHYS-129'.

  According to lef_library, there are total 6 routing layers [ V(3) / H(3) ]

Warning : The variant range of wire parameters is too large. An example of wire parameters are, a WIDTH for layer, PITCH for layer, MINSPACING for layers, etc. [PHYS-12]
        : The variant range (0.14, 1.6) of 'WIDTH' for layers 'met2' and 'met5' is too large.
        : Check the consistency of the parameters, and see if you can ignore this message or you're using different LEF file with wrong parameters.
Warning : The variant range of wire parameters is too large. An example of wire parameters are, a WIDTH for layer, PITCH for layer, MINSPACING for layers, etc. [PHYS-12]
        : The variant range (0.0285, 12.8) of 'RPERSQ' for layers 'met5' and 'li1' is too large.
Warning : The value of the wire parameter is too big. [PHYS-13]
        : The 'RPERSQ: 12.8' of layer 'li1' is much bigger than others.
        : Check the consistency of the specified wire parameter.
Warning : The variant range of wire parameters is too large. An example of wire parameters are, a WIDTH for layer, PITCH for layer, MINSPACING for layers, etc. [PHYS-12]
        : The variant range (0.14, 1.6) of 'MINSPACING' for layers 'met2' and 'met5' is too large.
Warning : Library cell pin 'use' attribute is inconsistent between lib and LEF. [PHYS-128]
        : Pin 'VNB' of library cell 'sky130_fd_sc_hs__a2bb2o_1' is marked as GROUND in LEF file.
        : Overriding lib value with LEF value. To use .lib as golden do: '::legacy::set_attribute use_power_ground_pin_from_lef false'.
Warning : Library cell pin 'use' attribute is inconsistent between lib and LEF. [PHYS-128]
        : Pin 'VPB' of library cell 'sky130_fd_sc_hs__a2bb2o_1' is marked as POWER in LEF file.
Warning : Library cell pin 'use' attribute is inconsistent between lib and LEF. [PHYS-128]
        : Pin 'VNB' of library cell 'sky130_fd_sc_hs__a2bb2o_2' is marked as GROUND in LEF file.
Warning : Library cell pin 'use' attribute is inconsistent between lib and LEF. [PHYS-128]
        : Pin 'VPB' of library cell 'sky130_fd_sc_hs__a2bb2o_2' is marked as POWER in LEF file.
Warning : Library cell pin 'use' attribute is inconsistent between lib and LEF. [PHYS-128]
        : Pin 'VNB' of library cell 'sky130_fd_sc_hs__a2bb2o_4' is marked as GROUND in LEF file.
Warning : Library cell pin 'use' attribute is inconsistent between lib and LEF. [PHYS-128]
        : Pin 'VPB' of library cell 'sky130_fd_sc_hs__a2bb2o_4' is marked as POWER in LEF file.
Warning : Library cell pin 'use' attribute is inconsistent between lib and LEF. [PHYS-128]
        : Pin 'VNB' of library cell 'sky130_fd_sc_hs__a2bb2oi_1' is marked as GROUND in LEF file.
Warning : Library cell pin 'use' attribute is inconsistent between lib and LEF. [PHYS-128]
        : Pin 'VPB' of library cell 'sky130_fd_sc_hs__a2bb2oi_1' is marked as POWER in LEF file.
Warning : Library cell pin 'use' attribute is inconsistent between lib and LEF. [PHYS-128]
        : Pin 'VNB' of library cell 'sky130_fd_sc_hs__a2bb2oi_2' is marked as GROUND in LEF file.
Warning : Library cell pin 'use' attribute is inconsistent between lib and LEF. [PHYS-128]
        : Pin 'VPB' of library cell 'sky130_fd_sc_hs__a2bb2oi_2' is marked as POWER in LEF file.
Warning : Library cell pin 'use' attribute is inconsistent between lib and LEF. [PHYS-128]
        : Pin 'VNB' of library cell 'sky130_fd_sc_hs__a2bb2oi_4' is marked as GROUND in LEF file.
Warning : Library cell pin 'use' attribute is inconsistent between lib and LEF. [PHYS-128]
        : Pin 'VPB' of library cell 'sky130_fd_sc_hs__a2bb2oi_4' is marked as POWER in LEF file.
Warning : Library cell pin 'use' attribute is inconsistent between lib and LEF. [PHYS-128]
        : Pin 'VNB' of library cell 'sky130_fd_sc_hs__a21bo_1' is marked as GROUND in LEF file.
Warning : Library cell pin 'use' attribute is inconsistent between lib and LEF. [PHYS-128]
        : Pin 'VPB' of library cell 'sky130_fd_sc_hs__a21bo_1' is marked as POWER in LEF file.
Warning : Library cell pin 'use' attribute is inconsistent between lib and LEF. [PHYS-128]
        : Pin 'VNB' of library cell 'sky130_fd_sc_hs__a21bo_2' is marked as GROUND in LEF file.
Warning : Library cell pin 'use' attribute is inconsistent between lib and LEF. [PHYS-128]
        : Pin 'VPB' of library cell 'sky130_fd_sc_hs__a21bo_2' is marked as POWER in LEF file.
Warning : Library cell pin 'use' attribute is inconsistent between lib and LEF. [PHYS-128]
        : Pin 'VNB' of library cell 'sky130_fd_sc_hs__a21bo_4' is marked as GROUND in LEF file.
Warning : Library cell pin 'use' attribute is inconsistent between lib and LEF. [PHYS-128]
        : Pin 'VPB' of library cell 'sky130_fd_sc_hs__a21bo_4' is marked as POWER in LEF file.
Warning : Library cell pin 'use' attribute is inconsistent between lib and LEF. [PHYS-128]
        : Pin 'VNB' of library cell 'sky130_fd_sc_hs__a21boi_1' is marked as GROUND in LEF file.
Warning : Library cell pin 'use' attribute is inconsistent between lib and LEF. [PHYS-128]
        : Pin 'VPB' of library cell 'sky130_fd_sc_hs__a21boi_1' is marked as POWER in LEF file.
Warning : Maximum message print count reached. [MESG-11]
        : Maximum print count of '20' reached for message 'PHYS-128'.
Warning : Physical cell not defined in library. [PHYS-279]
        : The physical (LEF) cell sky130_fd_sc_hs__diode_2 cannot be found in library.
        : Ensure that the proper library files are available and have been imported.
Warning : Physical cell not defined in library. [PHYS-279]
        : The physical (LEF) cell sky130_fd_sc_hs__fill_1 cannot be found in library.
Warning : Physical cell not defined in library. [PHYS-279]
        : The physical (LEF) cell sky130_fd_sc_hs__fill_2 cannot be found in library.
Warning : Physical cell not defined in library. [PHYS-279]
        : The physical (LEF) cell sky130_fd_sc_hs__fill_4 cannot be found in library.
Warning : Physical cell not defined in library. [PHYS-279]
        : The physical (LEF) cell sky130_fd_sc_hs__fill_8 cannot be found in library.
Warning : Physical cell not defined in library. [PHYS-279]
        : The physical (LEF) cell sky130_fd_sc_hs__fill_diode_2 cannot be found in library.
Warning : Physical cell not defined in library. [PHYS-279]
        : The physical (LEF) cell sky130_fd_sc_hs__fill_diode_4 cannot be found in library.
Warning : Physical cell not defined in library. [PHYS-279]
        : The physical (LEF) cell sky130_fd_sc_hs__fill_diode_8 cannot be found in library.
Warning : Physical cell not defined in library. [PHYS-279]
        : The physical (LEF) cell sky130_fd_sc_hs__tap_1 cannot be found in library.
Warning : Physical cell not defined in library. [PHYS-279]
        : The physical (LEF) cell sky130_fd_sc_hs__tap_2 cannot be found in library.
Warning : Physical cell not defined in library. [PHYS-279]
        : The physical (LEF) cell sky130_fd_sc_hs__tapmet1_2 cannot be found in library.
Warning : Physical cell not defined in library. [PHYS-279]
        : The physical (LEF) cell sky130_fd_sc_hs__tapvgnd2_1 cannot be found in library.
Warning : Physical cell not defined in library. [PHYS-279]
        : The physical (LEF) cell sky130_fd_sc_hs__tapvgnd_1 cannot be found in library.
Warning : Physical cell not defined in library. [PHYS-279]
        : The physical (LEF) cell sky130_fd_sc_hs__tapvpwrvgnd_1 cannot be found in library.
@file(run_fa_accel_sky130_sram.tcl) 203: set_db init_hdl_search_path [list [file join $workspace_dir RTL]]
  Setting attribute of root '/': 'init_hdl_search_path' = /home/hujinzhao/pro/genus_bs2_300m/workspace/RTL
@file(run_fa_accel_sky130_sram.tcl) 204: set_db hdl_language sv
  Setting attribute of root '/': 'hdl_language' = sv
@file(run_fa_accel_sky130_sram.tcl) 205: catch {set_db hdl_track_filename_row_col true}
Info   : Enabled hdl_track_filename_row_col attribute.
       : Setting this attribute to 'true' can have an impact on the run time. Use this attribute only when filename, line number, and column information are needed in reports.
  Setting attribute of root '/': 'hdl_track_filename_row_col' = true
@file(run_fa_accel_sky130_sram.tcl) 206: if {[catch {set_db hdl_resolve_instance_with_libcell true} err]} {
  puts "WARNING: hdl_resolve_instance_with_libcell not accepted: $err"
}
  Setting attribute of root '/': 'hdl_resolve_instance_with_libcell' = true
@file(run_fa_accel_sky130_sram.tcl) 209: puts "INFO: Defining SYNTHESIS for Genus RTL read so SRAM wrappers use unparameterized macro instances."
INFO: Defining SYNTHESIS for Genus RTL read so SRAM wrappers use unparameterized macro instances.
@file(run_fa_accel_sky130_sram.tcl) 211: if {$read_sram_behav_rtl} {
  set sram_behav_files [read_path_list $sram_behav_filelist "SRAM behavioral Verilog filelist"]
  foreach src $sram_behav_files {
    puts "INFO: SRAM_BEHAV_RTL=$src"
  }
  eval read_hdl -sv $sram_behav_files
} else {
  puts "INFO: SRAM behavioral Verilog is packaged but not read by default; Liberty cells resolve SRAM macro instances."
}
INFO: SRAM behavioral Verilog is packaged but not read by default; Liberty cells resolve SRAM macro instances.
@file(run_fa_accel_sky130_sram.tcl) 221: set rtl_files [read_path_list $rtl_filelist "RTL filelist"]
@file(run_fa_accel_sky130_sram.tcl) 222: foreach src $rtl_files {
  puts "INFO: RTL=$src"
}
INFO: RTL=/home/hujinzhao/pro/genus_bs2_300m/workspace/RTL/fa_top.v
INFO: RTL=/home/hujinzhao/pro/genus_bs2_300m/workspace/RTL/dot_frontend.v
INFO: RTL=/home/hujinzhao/pro/genus_bs2_300m/workspace/RTL/packed_compute_core.v
INFO: RTL=/home/hujinzhao/pro/genus_bs2_300m/workspace/RTL/score_scheduler.v
INFO: RTL=/home/hujinzhao/pro/genus_bs2_300m/workspace/RTL/score_exp_pipe.v
INFO: RTL=/home/hujinzhao/pro/genus_bs2_300m/workspace/RTL/score_exp_banked_rom.v
INFO: RTL=/home/hujinzhao/pro/genus_bs2_300m/workspace/RTL/output_norm_pipe.v
INFO: RTL=/home/hujinzhao/pro/genus_bs2_300m/workspace/RTL/reciprocal_approx.v
INFO: RTL=/home/hujinzhao/pro/genus_bs2_300m/workspace/RTL/finalize_cluster.v
INFO: RTL=/home/hujinzhao/pro/genus_bs2_300m/workspace/RTL/update_state_cluster.v
INFO: RTL=/home/hujinzhao/pro/genus_bs2_300m/workspace/RTL/update_token_fifo.v
INFO: RTL=/home/hujinzhao/pro/genus_bs2_300m/workspace/RTL/axi_lite_regs.v
INFO: RTL=/home/hujinzhao/pro/genus_bs2_300m/workspace/RTL/task_ctrl.v
INFO: RTL=/home/hujinzhao/pro/genus_bs2_300m/workspace/RTL/dma_engine.v
INFO: RTL=/home/hujinzhao/pro/genus_bs2_300m/workspace/RTL/dma_cmd_queue.v
INFO: RTL=/home/hujinzhao/pro/genus_bs2_300m/workspace/RTL/dma_read_master.v
INFO: RTL=/home/hujinzhao/pro/genus_bs2_300m/workspace/RTL/dma_write_master.v
INFO: RTL=/home/hujinzhao/pro/genus_bs2_300m/workspace/RTL/q_load_store_adapter.v
INFO: RTL=/home/hujinzhao/pro/genus_bs2_300m/workspace/RTL/qk_sram_cluster.v
INFO: RTL=/home/hujinzhao/pro/genus_bs2_300m/workspace/RTL/v_load_adapter.v
INFO: RTL=/home/hujinzhao/pro/genus_bs2_300m/workspace/RTL/k_load_adapter.v
INFO: RTL=/home/hujinzhao/pro/genus_bs2_300m/workspace/RTL/o_store_adapter.v
INFO: RTL=/home/hujinzhao/pro/genus_bs2_300m/workspace/RTL/v_sram_cluster.v
INFO: RTL=/home/hujinzhao/pro/genus_bs2_300m/workspace/RTL/acc_sram_cluster.v
INFO: RTL=/home/hujinzhao/pro/genus_bs2_300m/workspace/RTL/meta_sram_cluster.v
INFO: RTL=/home/hujinzhao/pro/genus_bs2_300m/workspace/RTL/page_manager.v
INFO: RTL=/home/hujinzhao/pro/genus_bs2_300m/workspace/RTL/perf_counters.v
INFO: RTL=/home/hujinzhao/pro/genus_bs2_300m/workspace/RTL/axi_stream_data_adapter.v
INFO: RTL=/home/hujinzhao/pro/genus_bs2_300m/workspace/RTL/sky130_sram_0kbytes_1rw1r_64x32_8_wrapper.v
INFO: RTL=/home/hujinzhao/pro/genus_bs2_300m/workspace/RTL/sky130_sram_0kbytes_1rw1r_128x16_16_timed_wrapper.v
INFO: RTL=/home/hujinzhao/pro/genus_bs2_300m/workspace/RTL/sky130_sram_0kbytes_1rw1r_64x64_8_wrapper.v
@file(run_fa_accel_sky130_sram.tcl) 225: eval read_hdl -sv -define SYNTHESIS $rtl_files
function signed [33:0] sum_four_products;
              |
Warning : Usage of non-static tasks or functions might result in simulation-synthesis mismatch. [VLOGPT-692]
        : in file '/home/hujinzhao/pro/genus_bs2_300m/workspace/RTL/dot_frontend.v' on line 109, column 15.
        : Use the 'automatic' keyword for declaring functions and tasks.
function [17:0] pack_score_token;
         |
Warning : Usage of non-static tasks or functions might result in simulation-synthesis mismatch. [VLOGPT-692]
        : in file '/home/hujinzhao/pro/genus_bs2_300m/workspace/RTL/packed_compute_core.v' on line 103, column 10.
function signed [48:0] round_shift16;
              |
Warning : Usage of non-static tasks or functions might result in simulation-synthesis mismatch. [VLOGPT-692]
        : in file '/home/hujinzhao/pro/genus_bs2_300m/workspace/RTL/score_exp_pipe.v' on line 65, column 15.
function [15:0] bank0_lookup; input [6:0] addr; begin case (addr)
         |
Warning : Usage of non-static tasks or functions might result in simulation-synthesis mismatch. [VLOGPT-692]
        : in file '/home/hujinzhao/pro/genus_bs2_300m/workspace/RTL/score_exp_banked_rom.v' on line 10, column 10.
function [15:0] bank1_lookup; input [6:0] addr; begin case (addr)
         |
Warning : Usage of non-static tasks or functions might result in simulation-synthesis mismatch. [VLOGPT-692]
        : in file '/home/hujinzhao/pro/genus_bs2_300m/workspace/RTL/score_exp_banked_rom.v' on line 141, column 10.
function [15:0] bank2_lookup; input [6:0] addr; begin case (addr)
         |
Warning : Usage of non-static tasks or functions might result in simulation-synthesis mismatch. [VLOGPT-692]
        : in file '/home/hujinzhao/pro/genus_bs2_300m/workspace/RTL/score_exp_banked_rom.v' on line 272, column 10.
function [15:0] bank3_lookup; input [6:0] addr; begin case (addr)
         |
Warning : Usage of non-static tasks or functions might result in simulation-synthesis mismatch. [VLOGPT-692]
        : in file '/home/hujinzhao/pro/genus_bs2_300m/workspace/RTL/score_exp_banked_rom.v' on line 403, column 10.
function [15:0] bank4_lookup; input [6:0] addr; begin case (addr)
         |
Warning : Usage of non-static tasks or functions might result in simulation-synthesis mismatch. [VLOGPT-692]
        : in file '/home/hujinzhao/pro/genus_bs2_300m/workspace/RTL/score_exp_banked_rom.v' on line 534, column 10.
function [15:0] bank5_lookup; input [6:0] addr; begin case (addr)
         |
Warning : Usage of non-static tasks or functions might result in simulation-synthesis mismatch. [VLOGPT-692]
        : in file '/home/hujinzhao/pro/genus_bs2_300m/workspace/RTL/score_exp_banked_rom.v' on line 665, column 10.
function [15:0] bank6_lookup; input [6:0] addr; begin case (addr)
         |
Warning : Usage of non-static tasks or functions might result in simulation-synthesis mismatch. [VLOGPT-692]
        : in file '/home/hujinzhao/pro/genus_bs2_300m/workspace/RTL/score_exp_banked_rom.v' on line 796, column 10.
function [15:0] bank7_lookup; input [6:0] addr; begin case (addr)
         |
Warning : Usage of non-static tasks or functions might result in simulation-synthesis mismatch. [VLOGPT-692]
        : in file '/home/hujinzhao/pro/genus_bs2_300m/workspace/RTL/score_exp_banked_rom.v' on line 927, column 10.
function [15:0] bank8_lookup; input [6:0] addr; begin case (addr)
         |
Warning : Usage of non-static tasks or functions might result in simulation-synthesis mismatch. [VLOGPT-692]
        : in file '/home/hujinzhao/pro/genus_bs2_300m/workspace/RTL/score_exp_banked_rom.v' on line 1058, column 10.
function [15:0] bank9_lookup; input [6:0] addr; begin case (addr)
         |
Warning : Usage of non-static tasks or functions might result in simulation-synthesis mismatch. [VLOGPT-692]
        : in file '/home/hujinzhao/pro/genus_bs2_300m/workspace/RTL/score_exp_banked_rom.v' on line 1189, column 10.
function [15:0] bank10_lookup; input [6:0] addr; begin case (addr)
         |
Warning : Usage of non-static tasks or functions might result in simulation-synthesis mismatch. [VLOGPT-692]
        : in file '/home/hujinzhao/pro/genus_bs2_300m/workspace/RTL/score_exp_banked_rom.v' on line 1320, column 10.
function [15:0] bank11_lookup; input [6:0] addr; begin case (addr)
         |
Warning : Usage of non-static tasks or functions might result in simulation-synthesis mismatch. [VLOGPT-692]
        : in file '/home/hujinzhao/pro/genus_bs2_300m/workspace/RTL/score_exp_banked_rom.v' on line 1451, column 10.
function [15:0] bank12_lookup; input [6:0] addr; begin case (addr)
         |
Warning : Usage of non-static tasks or functions might result in simulation-synthesis mismatch. [VLOGPT-692]
        : in file '/home/hujinzhao/pro/genus_bs2_300m/workspace/RTL/score_exp_banked_rom.v' on line 1582, column 10.
function [15:0] bank13_lookup; input [6:0] addr; begin case (addr)
         |
Warning : Usage of non-static tasks or functions might result in simulation-synthesis mismatch. [VLOGPT-692]
        : in file '/home/hujinzhao/pro/genus_bs2_300m/workspace/RTL/score_exp_banked_rom.v' on line 1713, column 10.
function [15:0] bank14_lookup; input [6:0] addr; begin case (addr)
         |
Warning : Usage of non-static tasks or functions might result in simulation-synthesis mismatch. [VLOGPT-692]
        : in file '/home/hujinzhao/pro/genus_bs2_300m/workspace/RTL/score_exp_banked_rom.v' on line 1844, column 10.
function [15:0] bank15_lookup; input [6:0] addr; begin case (addr)
         |
Warning : Usage of non-static tasks or functions might result in simulation-synthesis mismatch. [VLOGPT-692]
        : in file '/home/hujinzhao/pro/genus_bs2_300m/workspace/RTL/score_exp_banked_rom.v' on line 1975, column 10.
function signed [SHIFTED_WIDTH-1:0] round_shift_product;
              |
Warning : Usage of non-static tasks or functions might result in simulation-synthesis mismatch. [VLOGPT-692]
        : in file '/home/hujinzhao/pro/genus_bs2_300m/workspace/RTL/output_norm_pipe.v' on line 60, column 15.
Warning : Maximum message print count reached. [MESG-11]
        : Maximum print count of '20' reached for message 'VLOGPT-692'.
@file(run_fa_accel_sky130_sram.tcl) 227: elaborate $top
  Libraries have 305 usable logic and 62 usable sequential lib-cells.
Warning : Non-monotonic wireload model found. [LBR-81]
        : 'Length' table in wireload model 'Huge' is non-monotonic.
        : Non-monotonic wireload models can cause problems during synthesis and/or mapping.  Raising some of the points in the curve to give it a monotonic shape.
Warning : Non-monotonic wireload model found. [LBR-81]
        : 'Length' table in wireload model 'Huge' is non-monotonic.
Warning : Non-monotonic wireload model found. [LBR-81]
        : 'Length' table in wireload model 'Huge' is non-monotonic.
Warning : Non-monotonic wireload model found. [LBR-81]
        : 'Length' table in wireload model 'Large' is non-monotonic.
Warning : Non-monotonic wireload model found. [LBR-81]
        : 'Length' table in wireload model 'Large' is non-monotonic.
Warning : Non-monotonic wireload model found. [LBR-81]
        : 'Length' table in wireload model 'Large' is non-monotonic.
Warning : Non-monotonic wireload model found. [LBR-81]
        : 'Length' table in wireload model 'Medium' is non-monotonic.
Warning : Non-monotonic wireload model found. [LBR-81]
        : 'Length' table in wireload model 'Medium' is non-monotonic.
Warning : Non-monotonic wireload model found. [LBR-81]
        : 'Length' table in wireload model 'Medium' is non-monotonic.
Warning : Non-monotonic wireload model found. [LBR-81]
        : 'Length' table in wireload model 'Small' is non-monotonic.
Warning : Non-monotonic wireload model found. [LBR-81]
        : 'Length' table in wireload model 'Small' is non-monotonic.
Warning : Non-monotonic wireload model found. [LBR-81]
        : 'Length' table in wireload model 'Small' is non-monotonic.
Info    : Elaborating Design. [ELAB-1]
        : Elaborating top-level block 'fa_top' from file '/home/hujinzhao/pro/genus_bs2_300m/workspace/RTL/fa_top.v'.
Warning : Unreachable statements for case item. [CDFG-472]
        : Case item 'default' in module 'dma_write_master_ADDR_WIDTH64_DATA_WIDTH128_TAG_WIDTH8' in file '/home/hujinzhao/pro/genus_bs2_300m/workspace/RTL/dma_write_master.v' on line 101.
Warning : Unreachable statements for case item. [CDFG-472]
        : Case item 'default' in module 'score_scheduler' in file '/home/hujinzhao/pro/genus_bs2_300m/workspace/RTL/score_scheduler.v' on line 156.
Warning : Removing unused register. [CDFG-508]
        : Removing unused flip-flop register 'issued_last_reg' in module 'score_scheduler' in file '/home/hujinzhao/pro/genus_bs2_300m/workspace/RTL/score_scheduler.v' on line 161.
        : Genus removes the flip-flop or latch inferred for an unused signal or variable. To preserve the flip-flop or latch, set the hdl_preserve_unused_registers attribute to true or use a pragma in the RTL.
Warning : Unreachable statements for case item. [CDFG-472]
        : Case item 'default' in module 'score_exp_banked_rom_bank0_lookup_score_exp_banked_rom' in file '/home/hujinzhao/pro/genus_bs2_300m/workspace/RTL/score_exp_banked_rom.v' on line 10.
Warning : Unreachable statements for case item. [CDFG-472]
        : Case item 'default' in module 'score_exp_banked_rom_bank1_lookup_score_exp_banked_rom' in file '/home/hujinzhao/pro/genus_bs2_300m/workspace/RTL/score_exp_banked_rom.v' on line 141.
Warning : Unreachable statements for case item. [CDFG-472]
        : Case item 'default' in module 'score_exp_banked_rom_bank2_lookup_score_exp_banked_rom' in file '/home/hujinzhao/pro/genus_bs2_300m/workspace/RTL/score_exp_banked_rom.v' on line 272.
Warning : Unreachable statements for case item. [CDFG-472]
        : Case item 'default' in module 'score_exp_banked_rom_bank3_lookup_score_exp_banked_rom' in file '/home/hujinzhao/pro/genus_bs2_300m/workspace/RTL/score_exp_banked_rom.v' on line 403.
Warning : Unreachable statements for case item. [CDFG-472]
        : Case item 'default' in module 'score_exp_banked_rom_bank4_lookup_score_exp_banked_rom' in file '/home/hujinzhao/pro/genus_bs2_300m/workspace/RTL/score_exp_banked_rom.v' on line 534.
Warning : Unreachable statements for case item. [CDFG-472]
        : Case item 'default' in module 'score_exp_banked_rom_bank5_lookup_score_exp_banked_rom' in file '/home/hujinzhao/pro/genus_bs2_300m/workspace/RTL/score_exp_banked_rom.v' on line 665.
Warning : Unreachable statements for case item. [CDFG-472]
        : Case item 'default' in module 'score_exp_banked_rom_bank6_lookup_score_exp_banked_rom' in file '/home/hujinzhao/pro/genus_bs2_300m/workspace/RTL/score_exp_banked_rom.v' on line 796.
Warning : Unreachable statements for case item. [CDFG-472]
        : Case item 'default' in module 'score_exp_banked_rom_bank7_lookup_score_exp_banked_rom' in file '/home/hujinzhao/pro/genus_bs2_300m/workspace/RTL/score_exp_banked_rom.v' on line 927.
Warning : Unreachable statements for case item. [CDFG-472]
        : Case item 'default' in module 'score_exp_banked_rom_bank8_lookup_score_exp_banked_rom' in file '/home/hujinzhao/pro/genus_bs2_300m/workspace/RTL/score_exp_banked_rom.v' on line 1058.
Warning : Unreachable statements for case item. [CDFG-472]
        : Case item 'default' in module 'score_exp_banked_rom_bank9_lookup_score_exp_banked_rom' in file '/home/hujinzhao/pro/genus_bs2_300m/workspace/RTL/score_exp_banked_rom.v' on line 1189.
Warning : Unreachable statements for case item. [CDFG-472]
        : Case item 'default' in module 'score_exp_banked_rom_bank10_lookup_score_exp_banked_rom' in file '/home/hujinzhao/pro/genus_bs2_300m/workspace/RTL/score_exp_banked_rom.v' on line 1320.
Warning : Unreachable statements for case item. [CDFG-472]
        : Case item 'default' in module 'score_exp_banked_rom_bank11_lookup_score_exp_banked_rom' in file '/home/hujinzhao/pro/genus_bs2_300m/workspace/RTL/score_exp_banked_rom.v' on line 1451.
Warning : Unreachable statements for case item. [CDFG-472]
        : Case item 'default' in module 'score_exp_banked_rom_bank12_lookup_score_exp_banked_rom' in file '/home/hujinzhao/pro/genus_bs2_300m/workspace/RTL/score_exp_banked_rom.v' on line 1582.
Warning : Unreachable statements for case item. [CDFG-472]
        : Case item 'default' in module 'score_exp_banked_rom_bank13_lookup_score_exp_banked_rom' in file '/home/hujinzhao/pro/genus_bs2_300m/workspace/RTL/score_exp_banked_rom.v' on line 1713.
Warning : Unreachable statements for case item. [CDFG-472]
        : Case item 'default' in module 'score_exp_banked_rom_bank14_lookup_score_exp_banked_rom' in file '/home/hujinzhao/pro/genus_bs2_300m/workspace/RTL/score_exp_banked_rom.v' on line 1844.
Warning : Unreachable statements for case item. [CDFG-472]
        : Case item 'default' in module 'score_exp_banked_rom_bank15_lookup_score_exp_banked_rom' in file '/home/hujinzhao/pro/genus_bs2_300m/workspace/RTL/score_exp_banked_rom.v' on line 1975.
Warning : Unreachable statements for case item. [CDFG-472]
        : Case item 'default' in module 'score_exp_banked_rom' in file '/home/hujinzhao/pro/genus_bs2_300m/workspace/RTL/score_exp_banked_rom.v' on line 2146.
Warning : Removing unused register. [CDFG-508]
        : Removing unused flip-flop register 'pending_meta_valid_reg' in module 'update_state_cluster_TOKEN_WIDTH18' in file '/home/hujinzhao/pro/genus_bs2_300m/workspace/RTL/update_state_cluster.v' on line 473.
Warning : Removing unused register. [CDFG-508]
        : Removing unused flip-flop register 'overflow_reg' in module 'reciprocal_approx_TOKEN_WIDTH3' in file '/home/hujinzhao/pro/genus_bs2_300m/workspace/RTL/reciprocal_approx.v' on line 92.
Warning : Undriven module input port. [ELABUTL-127]
        : Undriven bits of port 'wr_valid' of instance 'u_stream' of module 'axi_stream_data_adapter' in file '/home/hujinzhao/pro/genus_bs2_300m/workspace/RTL/fa_top.v' on line 392, column 34, hid = 0.
        : Run check_design to check 'Undriven Port(s)/Pin(s)' section for all undriven module input ports. It is better to double confirm with designer if these undriven ports are expected. During syn_gen the undriven ports are controlled by attribute 'hdl_unconnected_value', the default value is 0.
Warning : Undriven module input port. [ELABUTL-127]
        : Undriven bits of port 'wr_data' of instance 'u_stream' of module 'axi_stream_data_adapter' in file '/home/hujinzhao/pro/genus_bs2_300m/workspace/RTL/fa_top.v' on line 392, column 34, hid = 0.
Warning : Undriven module input port. [ELABUTL-127]
        : Undriven bits of port 'wr_strb' of instance 'u_stream' of module 'axi_stream_data_adapter' in file '/home/hujinzhao/pro/genus_bs2_300m/workspace/RTL/fa_top.v' on line 392, column 34, hid = 0.
Warning : Undriven module input port. [ELABUTL-127]
        : Undriven bits of port 'wr_last' of instance 'u_stream' of module 'axi_stream_data_adapter' in file '/home/hujinzhao/pro/genus_bs2_300m/workspace/RTL/fa_top.v' on line 392, column 34, hid = 0.
Warning : Undriven signal detected. [ELABUTL-125]
        : Undriven bits of signal 'strm_wr_valid' in module 'fa_top' in file '/home/hujinzhao/pro/genus_bs2_300m/workspace/RTL/fa_top.v' on line 280, column 27, hid = 0.
        : The undriven signal handling can be controlled by setting the attribute 'hdl_unconnected_value' before syn_generic command.
Warning : Undriven signal detected. [ELABUTL-125]
        : Undriven bits of signal 'strm_wr_data' in module 'fa_top' in file '/home/hujinzhao/pro/genus_bs2_300m/workspace/RTL/fa_top.v' on line 281, column 27, hid = 0.
Warning : Undriven signal detected. [ELABUTL-125]
        : Undriven bits of signal 'strm_wr_strb' in module 'fa_top' in file '/home/hujinzhao/pro/genus_bs2_300m/workspace/RTL/fa_top.v' on line 282, column 27, hid = 0.
Warning : Undriven signal detected. [ELABUTL-125]
        : Undriven bits of signal 'strm_wr_last' in module 'fa_top' in file '/home/hujinzhao/pro/genus_bs2_300m/workspace/RTL/fa_top.v' on line 283, column 27, hid = 0.
Warning : Signal or variable has multiple drivers. [CDFG2G-622]
        : 'strm_wr_ready' in module 'fa_top'.
        : This may cause simulation mismatches between the original and synthesized designs.
Info    : Done Elaborating Design. [ELAB-3]
        : Done elaborating 'fa_top'.
Checking for source RTL...
Check completed for source RTL.
Running Unified Mux Engine Tricks...
Completed Unified Mux Engine Tricks

Stage: post_elab
-------------------------------------------------------
| Trick             | Accepts | Rejects | Runtime (s) | 
-------------------------------------------------------
| ume_constant_bmux |       0 |       0 |        0.00 | 
| ume_merge         |       0 |       0 |        0.00 | 
| ume_ssm           |       0 |       0 |        0.04 | 
| ume_cse           |       1 |       0 |        0.84 | 
| ume_shrink        |       4 |       0 |        0.01 | 
| ume_sweep         |       0 |       0 |        0.01 | 
| ume_constant_bmux |       0 |       0 |        0.00 | 
| ume_merge         |       0 |       0 |        0.00 | 
| ume_ssm           |       0 |       0 |        0.04 | 
| ume_cse           |       0 |       0 |        0.55 | 
| ume_shrink        |       0 |       0 |        0.01 | 
| ume_sweep         |       0 |       0 |        0.01 | 
-------------------------------------------------------
Starting optimize datapath shifters [v1.0] (stage: post_elab, startdef: fa_top, recur: true)
Completed optimize datapath shifters (accepts: 0, rejects: 0, runtime: 0.004s)
Starting clip mux common data inputs [v1.0] (stage: post_elab, startdef: fa_top, recur: true)
Completed clip mux common data inputs (accepts: 1, rejects: 0, runtime: 0.010s)
Starting clip the non-user hierarchies [v2.0] (stage: post_elab, startdef: fa_top, recur: true)
Completed clip the non-user hierarchies (accepts: 2, rejects: 0, runtime: 0.116s)
Starting basic netlist cleanup [v1.0] (stage: post_elab, startdef: fa_top, recur: true)
Completed basic netlist cleanup (accepts: 0, rejects: 0, runtime: 0.004s)

Stage: post_elab
--------------------------------------------------------------------
| Transform                      | Accepts | Rejects | Runtime (s) | 
--------------------------------------------------------------------
| hlo_optimize_datapath_shifters |       0 |       0 |        0.00 | 
| hlo_clip_mux_input             |       1 |       0 |        0.01 | 
| hlo_clip                       |       2 |       0 |        0.12 | 
| hlo_cleanup                    |       0 |       0 |        0.00 | 
--------------------------------------------------------------------
UM:   flow.cputime  flow.realtime  timing.setup.tns  timing.setup.wns  snapshot
UM:*                                                                   elaborate
@file(run_fa_accel_sky130_sram.tcl) 229: set sram_refs [list \
  sky130_sram_0kbytes_1rw1r_64x32_8 \
  sky130_sram_0kbytes_1rw1r_64x64_8 \
  sky130_sram_0kbytes_1rw1r_128x16_16]
@file(run_fa_accel_sky130_sram.tcl) 233: set sram_report_lines {}
@file(run_fa_accel_sky130_sram.tcl) 234: set total_sram_insts 0
@file(run_fa_accel_sky130_sram.tcl) 235: foreach ref $sram_refs {
  set insts [get_cells -hier -filter "ref_name == $ref"]
  set count [sizeof_collection $insts]
  lappend sram_report_lines "$ref $count"
  puts "INFO: SRAM_COUNT $ref = $count"
  if {$count > 0} {
    catch {set_db $insts .preserve true}
    catch {set_db $insts .dont_touch true}
    set total_sram_insts [expr {$total_sram_insts + $count}]
  }
}
INFO: SRAM_COUNT sky130_sram_0kbytes_1rw1r_64x32_8 = 36
  Setting attribute of inst 'u_mem': 'preserve' = true
  Setting attribute of inst 'u_mem': 'preserve' = true
  Setting attribute of inst 'u_mem': 'preserve' = true
  Setting attribute of inst 'u_mem': 'preserve' = true
  Setting attribute of inst 'u_mem': 'preserve' = true
  Setting attribute of inst 'u_mem': 'preserve' = true
  Setting attribute of inst 'u_mem': 'preserve' = true
  Setting attribute of inst 'u_mem': 'preserve' = true
  Setting attribute of inst 'u_mem': 'preserve' = true
  Setting attribute of inst 'u_mem': 'preserve' = true
  Setting attribute of inst 'u_mem': 'preserve' = true
  Setting attribute of inst 'u_mem': 'preserve' = true
  Setting attribute of inst 'u_mem': 'preserve' = true
  Setting attribute of inst 'u_mem': 'preserve' = true
  Setting attribute of inst 'u_mem': 'preserve' = true
  Setting attribute of inst 'u_mem': 'preserve' = true
  Setting attribute of inst 'u_mem': 'preserve' = true
  Setting attribute of inst 'u_mem': 'preserve' = true
  Setting attribute of inst 'u_mem': 'preserve' = true
  Setting attribute of inst 'u_mem': 'preserve' = true
  Setting attribute of inst 'u_mem': 'preserve' = true
  Setting attribute of inst 'u_mem': 'preserve' = true
  Setting attribute of inst 'u_mem': 'preserve' = true
  Setting attribute of inst 'u_mem': 'preserve' = true
  Setting attribute of inst 'u_mem': 'preserve' = true
  Setting attribute of inst 'u_mem': 'preserve' = true
  Setting attribute of inst 'u_mem': 'preserve' = true
  Setting attribute of inst 'u_mem': 'preserve' = true
  Setting attribute of inst 'u_mem': 'preserve' = true
  Setting attribute of inst 'u_mem': 'preserve' = true
  Setting attribute of inst 'u_mem': 'preserve' = true
  Setting attribute of inst 'u_mem': 'preserve' = true
  Setting attribute of inst 'u_mem': 'preserve' = true
  Setting attribute of inst 'u_mem': 'preserve' = true
  Setting attribute of inst 'u_mem': 'preserve' = true
  Setting attribute of inst 'u_mem': 'preserve' = true
  Setting attribute of inst 'u_mem': 'dont_touch' = true
  Setting attribute of inst 'u_mem': 'dont_touch' = true
  Setting attribute of inst 'u_mem': 'dont_touch' = true
  Setting attribute of inst 'u_mem': 'dont_touch' = true
  Setting attribute of inst 'u_mem': 'dont_touch' = true
  Setting attribute of inst 'u_mem': 'dont_touch' = true
  Setting attribute of inst 'u_mem': 'dont_touch' = true
  Setting attribute of inst 'u_mem': 'dont_touch' = true
  Setting attribute of inst 'u_mem': 'dont_touch' = true
  Setting attribute of inst 'u_mem': 'dont_touch' = true
  Setting attribute of inst 'u_mem': 'dont_touch' = true
  Setting attribute of inst 'u_mem': 'dont_touch' = true
  Setting attribute of inst 'u_mem': 'dont_touch' = true
  Setting attribute of inst 'u_mem': 'dont_touch' = true
  Setting attribute of inst 'u_mem': 'dont_touch' = true
  Setting attribute of inst 'u_mem': 'dont_touch' = true
  Setting attribute of inst 'u_mem': 'dont_touch' = true
  Setting attribute of inst 'u_mem': 'dont_touch' = true
  Setting attribute of inst 'u_mem': 'dont_touch' = true
  Setting attribute of inst 'u_mem': 'dont_touch' = true
  Setting attribute of inst 'u_mem': 'dont_touch' = true
  Setting attribute of inst 'u_mem': 'dont_touch' = true
  Setting attribute of inst 'u_mem': 'dont_touch' = true
  Setting attribute of inst 'u_mem': 'dont_touch' = true
  Setting attribute of inst 'u_mem': 'dont_touch' = true
  Setting attribute of inst 'u_mem': 'dont_touch' = true
  Setting attribute of inst 'u_mem': 'dont_touch' = true
  Setting attribute of inst 'u_mem': 'dont_touch' = true
  Setting attribute of inst 'u_mem': 'dont_touch' = true
  Setting attribute of inst 'u_mem': 'dont_touch' = true
  Setting attribute of inst 'u_mem': 'dont_touch' = true
  Setting attribute of inst 'u_mem': 'dont_touch' = true
  Setting attribute of inst 'u_mem': 'dont_touch' = true
  Setting attribute of inst 'u_mem': 'dont_touch' = true
  Setting attribute of inst 'u_mem': 'dont_touch' = true
  Setting attribute of inst 'u_mem': 'dont_touch' = true
Warning : Could not find requested search value. [SDC-208] [get_cells]
        : The 'get_cells' command  cannot find any cells for the filter expression 'ref_name == sky130_sram_0kbytes_1rw1r_64x64_8'
        : Use get_* commands to find the objects along with a wild card entry in the name of the object to check if the object is existing with different naming style.
INFO: SRAM_COUNT sky130_sram_0kbytes_1rw1r_64x64_8 = 0
INFO: SRAM_COUNT sky130_sram_0kbytes_1rw1r_128x16_16 = 1
  Setting attribute of inst 'u_mem': 'preserve' = true
  Setting attribute of inst 'u_mem': 'dont_touch' = true
@file(run_fa_accel_sky130_sram.tcl) 246: lappend sram_report_lines "TOTAL $total_sram_insts"
@file(run_fa_accel_sky130_sram.tcl) 247: write_text_report [file join $report_dir sram_macro_instances.rpt] $sram_report_lines
@file(run_fa_accel_sky130_sram.tcl) 248: if {$total_sram_insts == 0} {
  error "No SRAM macro instances were found after elaboration; check Liberty names and wrapper RTL."
}
@file(run_fa_accel_sky130_sram.tcl) 252: read_sdc [require_file $sdc_file "timing SDC"]
Statistics for commands executed by read_sdc:
 "all_inputs"               - successful      1 , failed      0 (runtime  0.00)
 "all_outputs"              - successful      1 , failed      0 (runtime  0.00)
 "create_clock"             - successful      1 , failed      0 (runtime  0.01)
 "get_ports"                - successful      2 , failed      0 (runtime  0.01)
 "remove_from_collection"   - successful      1 , failed      0 (runtime  0.00)
 "set_input_delay"          - successful      1 , failed      0 (runtime  0.01)
 "set_output_delay"         - successful      1 , failed      0 (runtime  0.00)
read_sdc completed in 00:00:00 (hh:mm:ss)
@file(run_fa_accel_sky130_sram.tcl) 254: redirect [file join $report_dir check_design_pre.rpt] {check_design}
@file(run_fa_accel_sky130_sram.tcl) 255: redirect [file join $report_dir hierarchy_pre.rpt] {report hierarchy}
@file(run_fa_accel_sky130_sram.tcl) 256: if {[catch {redirect [file join $report_dir timing_lint_pre.rpt] {report timing -lint}} err]} {
  puts "WARNING: optional timing lint report failed: $err"
}
@file(run_fa_accel_sky130_sram.tcl) 259: if {[catch {redirect [file join $report_dir unmapped_pre.rpt] {report unmapped}} err]} {
  puts "WARNING: optional unmapped pre-synth report failed: $err"
}
WARNING: optional unmapped pre-synth report failed: Failed on 'report unmapped'
@file(run_fa_accel_sky130_sram.tcl) 263: if {$physical_mode} {
  puts "INFO: Preparing floorplan before physical-aware synthesis."
  set physical_floorplan_ready [configure_physical_context $output_dir $top $allow_physical_fallback]
  if {!$physical_floorplan_ready && !$allow_physical_fallback} {
    error "GENUS_PHYSICAL=1 requires a successful predict_floorplan result. Set GENUS_ALLOW_PHYSICAL_FALLBACK=1 only for debug logical fallback runs."
  }
  puts "INFO: Running physical-aware synthesis stages."
  run_physical_command {syn_generic -physical} {syn_generic} "syn_generic -physical" $allow_physical_fallback
  redirect [file join $report_dir qor_generic.rpt] {report qor}
  run_physical_command {syn_map -physical} {syn_map} "syn_map -physical" $allow_physical_fallback
  redirect [file join $report_dir qor_mapped.rpt] {report qor}
  # Re-assert QRC extraction (may be reset by syn_map)
  set_db probabilistic_extraction true
  puts "INFO: Re-asserting probabilistic_extraction before syn_opt -spatial."
  run_physical_command {syn_opt -spatial} {syn_opt} "syn_opt -spatial" $allow_physical_fallback
} else {
  puts "INFO: Running logical synthesis stages."
  syn_generic
  redirect [file join $report_dir qor_generic.rpt] {report qor}
  syn_map
  redirect [file join $report_dir qor_mapped.rpt] {report qor}
  syn_opt
}
INFO: Preparing floorplan before physical-aware synthesis.
INFO: QRC tech file: /home/share/pdk/sky130A/libs.tech/cadence/qrcTechFile
There is no ndr for this design!
INFO (IMPEXT-7048): Generating auto layer map file.

INFO (IMPEXT-6188): Importing multi-corner technology file(s) for preRoute extraction...

INFO (IMPEXT-5003): /home/share/pdk/sky130A/libs.tech/cadence/qrcTechFile

INFO (IMPEXT-7048): Generating auto layer map file.

INFO (IMPEXT-6209): Completed (cpu: 1507441.000000 real: 1507441.000000)


  According to qrc_tech_file, there are total 6 routing layers [ V(3) / H(3) ]

  Setting attribute of root '/': 'qrc_tech_file' = /home/share/pdk/sky130A/libs.tech/cadence/qrcTechFile
INFO: QRC tech file loaded.
  Setting attribute of root '/': 'probabilistic_extraction' = true
INFO: probabilistic_extraction enabled.
INFO: GENUS_FP_UTIL=0.55 GENUS_FP_ASPECT_RATIO=1.0 GENUS_FP_CORE_MARGIN=20.0
INFO: Attempting: predict_floorplan -utilization 0.55 -aspect_ratio 1.0 -core_margin 20.0
Error   : An invalid option was specified. [TUI-204] [parse_options]
        : An option named '-utilization' could not be found.
        : Run 'command_name -help' to check all valid options. To correct the option and rerun the command.
  predict_floorplan: predicts design floorplan 

Usage: predict_floorplan [-constraints <string>] [-script <string>] [<design>]

    [-constraints <string>]:
        constraints file for planDesign 
    [-script <string>]:
        script file for Master Plan 
    [<design>]:
        design 
WARNING: predict_floorplan attempt failed: Failed on predict_floorplan
INFO: Attempting: predict_floorplan -utilization 0.55 -aspect_ratio 1.0
Error   : An invalid option was specified. [TUI-204] [parse_options]
        : An option named '-utilization' could not be found.
  predict_floorplan: predicts design floorplan 

Usage: predict_floorplan [-constraints <string>] [-script <string>] [<design>]

    [-constraints <string>]:
        constraints file for planDesign 
    [-script <string>]:
        script file for Master Plan 
    [<design>]:
        design 
WARNING: predict_floorplan attempt failed: Failed on predict_floorplan
INFO: Attempting: predict_floorplan
Starting floorplan prediction for fa_top...
Warning : Non-monotonic wireload model found. [LBR-81]
        : 'Length' table in wireload model 'Huge' is non-monotonic.
Warning : Non-monotonic wireload model found. [LBR-81]
        : 'Length' table in wireload model 'Huge' is non-monotonic.
Warning : Non-monotonic wireload model found. [LBR-81]
        : 'Length' table in wireload model 'Huge' is non-monotonic.
Warning : Non-monotonic wireload model found. [LBR-81]
        : 'Length' table in wireload model 'Large' is non-monotonic.
Warning : Non-monotonic wireload model found. [LBR-81]
        : 'Length' table in wireload model 'Large' is non-monotonic.
Warning : Non-monotonic wireload model found. [LBR-81]
        : 'Length' table in wireload model 'Large' is non-monotonic.
Warning : Non-monotonic wireload model found. [LBR-81]
        : 'Length' table in wireload model 'Medium' is non-monotonic.
Warning : Non-monotonic wireload model found. [LBR-81]
        : 'Length' table in wireload model 'Medium' is non-monotonic.
Warning : Maximum message print count reached. [MESG-11]
        : Maximum print count of '20' reached for message 'LBR-81'.
Warning : This attribute will be obsolete in a next major release. [TUI-32]
        : attribute: 'invs_wnm_original_name_phase_inverted_flow', object type: 'root'
Checking out license: Genus_Physical_Opt
[00:29:22.277016] Periodic Lic check successful
[00:29:22.277043] Feature usage summary:
[00:29:22.277043] Genus_Synthesis  
[00:29:22.277043] Genus_Physical_Opt  
License checkout complete (0 seconds elapsed).
  Setting attribute of root '/': 'invs_temp_dir' = ./genus2invs__1001821_98bebad6-1f56-4d85-af38-42c022bfcc8afa_top
(write_design): Writing Innovus content. Constraint interface is: 'mmmc2'
(write_design): Writing Genus content. Constraint interface is 'smsc'
Warning : Attribute design_process_node is not set for this design. [PHYS-1011]
        : Missing data.
        : When attribute design_process_node is not set to an appropriate integer value >=1 and <=250, then Innovus will assume its own default value for the design process node. See the Innovus setDesignMode -process <> command for more information about what this setting does.
Warning : Option ignored. [PHYS-58]
        : -ignore_scan_chains option ignored for Genus fileset generation
        : The specified option will be treated as indicated above.
Warning : Option ignored. [PHYS-58]
        : -ignore_msv option ignored for Genus fileset generation
Exporting design data for 'fa_top' to ./genus2invs__1001821_98bebad6-1f56-4d85-af38-42c022bfcc8afa_top/genus2invs...
%# Begin write_design (07/07 00:29:32, mem=2634.87M)
      flow.cputime  flow.realtime  timing.setup.tns  timing.setup.wns  snapshot
UM:*                                                                   write_design
  Setting attribute of root '/': 'set_boundary_change' = 
**INFO: (write_design): Any loop-breaker instances will be included in SDC constraints.
File ./genus2invs__1001821_98bebad6-1f56-4d85-af38-42c022bfcc8afa_top/genus2invs.mmmc.tcl has been written.
Finished SDC export (command execution time mm:ss (real) = 00:08).
Info: file ./genus2invs__1001821_98bebad6-1f56-4d85-af38-42c022bfcc8afa_top/genus2invs.default_emulate_constraint_mode.sdc has been written
Info: file ./genus2invs__1001821_98bebad6-1f56-4d85-af38-42c022bfcc8afa_top/genus2invs.default_emulate_constraint_mode.sdc has been written


Number of user defined NDR nets found: 0

Number of NDR nets found: 0
Number of nets with minimum layer assignments: 0

** To load the database source ./genus2invs__1001821_98bebad6-1f56-4d85-af38-42c022bfcc8afa_top/genus2invs.invs_setup.tcl in an Innovus session.
** To load the database source ./genus2invs__1001821_98bebad6-1f56-4d85-af38-42c022bfcc8afa_top/genus2invs.genus_setup.tcl in an Genus(TM) Synthesis Solution session.
Finished exporting design data for 'fa_top' (command execution time mm:ss cpu = 01:33, real = 01:58).
.
%# End write_design (07/07 00:31:30, total cpu=16:01:33, real=16:01:58, peak res=2631.50M, current mem=2699.87M)
%# Begin launch_innovus (07/07 00:31:35, mem=2865.95M)
Info    : Beta feature. [LIC-2]
        : Beta feature 'do_not_encrypt_genus2invs.top.tcl' request.
        : Final production licensing of this beta feature has not been determined and is subject to change. Usage and support of this beta feature are subject to prior agreement with Cadence. In addition, Cadence assumes you understand the feature limitations and expected results. Contact your Cadence representative if you have any questions.
Launching batch session (07/07/2026 00:31:36)...

Cadence Innovus(TM) Implementation System.
Copyright 2025 Cadence Design Systems, Inc. All rights reserved worldwide.

Version:	v25.12-s079_1, built Tue Nov 18 12:56:37 PST 2025
Options:	-init /home/hujinzhao/pro/genus_bs2_300m/genus2invs__1001821_98bebad6-1f56-4d85-af38-42c022bfcc8afa_top/genus2invs.top.tcl -nowin -log ./genus2invs__1001821_98bebad6-1f56-4d85-af38-42c022bfcc8afa_top/innovus.log -cmd ./genus2invs__1001821_98bebad6-1f56-4d85-af38-42c022bfcc8afa_top/innovus.cmd -overwrite -execute set_db source_verbose false -stylus -x 0001A72991... 
Date:		Tue Jul  7 00:31:38 2026
Host:		sh02lo01 (x86_64 w/Linux 4.18.0-477.10.1.el8_8.x86_64) (18cores*36cpus*Intel(R) Xeon(R) Gold 6140 CPU @ 2.30GHz 25344KB)
OS:		Red Hat Enterprise Linux 8.8 (Ootpa)

License:
		[00:31:38.060281] Configured Lic search path (25.01-s002): 5280@sh02lo01

		Running innovus (-x) with FE_GPS capability.
		Extra license Encounter_NG100
		Extra license Genus_Synthesis
		Extra license Genus_Physical_Opt
		Extra license Innovus_2nm_GAA_Opt
		8 CPU jobs allowed with the current license(s). Use set_multi_cpu_usage to set your required CPU count.


Create and set the environment variable TMPDIR to /tmp/genus_temp_1001821_98bebad6-1f56-4d85-af38-42c022bfcc8a_sh02lo01_hujinzhao_t8nLDe/innovus_temp_1011836_01d0e174-7bcb-4a51-a46c-edc921acc1e5_sh02lo01_hujinzhao_HYrvz2.

The soft stacksize limit is either up to the hard limit or larger than 0.2% of RAM. No change is needed.
Info: Process UID = 1011836 / 01d0e174-7bcb-4a51-a46c-edc921acc1e5 / kzZ85ROkDs

**INFO:  MMMC transition support version v31-84 

#@ Processing -execute option
@innovus 1> set_db source_verbose false
#@ Processing -files option
@innovus 2> source /home/hujinzhao/pro/genus_bs2_300m/genus2invs__1001821_98bebad6-1f56-4d85-af38-42c022bfcc8afa_top/genus2invs.top.tcl
Checking Innovus major version against Genus expectations ...
%# Design Import Start (07/07 00:32:16, mem=1916.79M)
#@ Begin verbose source ./genus2invs__1001821_98bebad6-1f56-4d85-af38-42c022bfcc8afa_top/genus2invs.invs_setup.tcl (pre)
@file 1: ################################################################################
@file 2: #
@file 3: # Innovus setup file
@file 4: # Created by Genus(TM) Synthesis Solution 25.12-s067_1
@file 5: #   on 07/07/2026 00:31:28
@file 6: #
@file 7: ################################################################################
@file 8: #
@file 9: # Genus(TM) Synthesis Solution setup file
@file 10: # This file can only be run in Innovus Common UI mode.
@file 11: #
@file 12: ################################################################################
@file 13:
@file 14:
@file 15: # Version Check
@file 16: ###########################################################
@file 17:
@file 18: namespace eval ::genus_innovus_version_check { 
        set minimum_version 25
        set maximum_version 26
        regexp {\d\d} [get_db program_version] this_version
        puts "Checking Innovus major version against Genus expectations ..."
        if { $this_version < $minimum_version || $this_version > $maximum_version } {
          error "**ERROR: this operation requires Innovus major version to be between '$minimum_version' and '$maximum_version'."
        }
      }
Checking Innovus major version against Genus expectations ...
@file 27:
@file 28: set _t0 [clock seconds]
@file 29: puts [format  {%%%s Begin Genus to Innovus Setup (%s)} \# [clock format $_t0 -format {%m/%d %H:%M:%S}]]
%# Begin Genus to Innovus Setup (07/07 00:32:16)
@@file 30: set_db read_physical_allow_multiple_port_pin_without_must_join true
@@file 31: set_db must_join_all_ports true
@@file 32: set_db timing_cap_unit 1pf
@@file 33: set_db timing_time_unit 1ns
@@file 34: eval_legacy {setMultiCpuUsage -localCpu 8}
@file 35:
@file 36:
@file 37: # Design Import
@file 38: ################################################################################
@file 39: source -quiet /apps/DDI251/25.12.000/GENUS251/tools.lnx86/lib/cdn/rc/edi/innovus_procs_common_ui.tcl
@file 40: ## Set read_taf debug value from Genus
@file 41: pqos_eval {variable rcp::read_taf_num_debug}
@file 42: pqos_eval {set rcp::read_taf_num_debug 10}
@file 43: ## Preload Innovus Mode attributes file
@file 44: pqos_eval {rcp::read_taf ./genus2invs__1001821_98bebad6-1f56-4d85-af38-42c022bfcc8afa_top/genus2invs.mode_attributes.taf.gz}
%# Begin ::rcp::silent_eval (07/07 00:32:16, mem=1915.79M)
%# End ::rcp::silent_eval (07/07 00:32:16, total cpu=16:00:00, real=16:00:00, peak res=1920.90M, current mem=1915.79M)
(genus2invs.mode_attributes.taf.gz): Summary count of attributes that could be applied
could_apply(design_bottom_routing_layer)       = 1
could_apply(extract_rc_assume_metal_fill)      = 1
could_apply(timing_report_enable_novus_header) = 1

[genus2invs.mode_attributes.taf.gz]: applied 3 attributes with 0 problems.
@file 45: ## Reading FlowKit settings file
@file 46: source ./genus2invs__1001821_98bebad6-1f56-4d85-af38-42c022bfcc8afa_top/genus2invs.flowkit_settings.tcl
@file 47:
@file 48: source ./genus2invs__1001821_98bebad6-1f56-4d85-af38-42c022bfcc8afa_top/genus2invs.invs_init.tcl
Starting library reading in 'Multi-threaded flow' (with '8' threads)
Reading default_emulate_libset_max timing library /home/share/pdk/ciel/sky130/versions/e8294524e5f67c533c5d0c3afa0bcc5b2a5fa066/sky130A/libs.ref/sky130_fd_sc_hs/lib/sky130_fd_sc_hs__tt_025C_1v80.lib.
**ERROR: (TECHLIB-1175):	Template name 'ccsn_dc' used in group 'dc_current' on line 832 is not defined in the library. To fix this issue, define the missing template in the library. (File /home/share/pdk/ciel/sky130/versions/e8294524e5f67c533c5d0c3afa0bcc5b2a5fa066/sky130A/libs.ref/sky130_fd_sc_hs/lib/sky130_fd_sc_hs__tt_025C_1v80.lib)
**ERROR: (TECHLIB-1256):	The dc_current group 'ccsn_dc' is being ignored due to errors in this group. This group will be excluded for any further library checks. Refer to the previous messages issued for dc_current group 'ccsn_dc' to find the details of the issues in this group. (File /home/share/pdk/ciel/sky130/versions/e8294524e5f67c533c5d0c3afa0bcc5b2a5fa066/sky130A/libs.ref/sky130_fd_sc_hs/lib/sky130_fd_sc_hs__tt_025C_1v80.lib, Line 832)
**ERROR: (TECHLIB-1175):	Template name 'ccsn_ovrf' used in group 'vector' on line 884 is not defined in the library. To fix this issue, define the missing template in the library. (File /home/share/pdk/ciel/sky130/versions/e8294524e5f67c533c5d0c3afa0bcc5b2a5fa066/sky130A/libs.ref/sky130_fd_sc_hs/lib/sky130_fd_sc_hs__tt_025C_1v80.lib)
**ERROR: (TECHLIB-1256):	The vector group 'ccsn_ovrf' is being ignored due to errors in this group. This group will be excluded for any further library checks. Refer to the previous messages issued for vector group 'ccsn_ovrf' to find the details of the issues in this group. (File /home/share/pdk/ciel/sky130/versions/e8294524e5f67c533c5d0c3afa0bcc5b2a5fa066/sky130A/libs.ref/sky130_fd_sc_hs/lib/sky130_fd_sc_hs__tt_025C_1v80.lib, Line 884)
**ERROR: (TECHLIB-1175):	Template name 'ccsn_ovrf' used in group 'vector' on line 890 is not defined in the library. To fix this issue, define the missing template in the library. (File /home/share/pdk/ciel/sky130/versions/e8294524e5f67c533c5d0c3afa0bcc5b2a5fa066/sky130A/libs.ref/sky130_fd_sc_hs/lib/sky130_fd_sc_hs__tt_025C_1v80.lib)
**ERROR: (TECHLIB-1256):	The vector group 'ccsn_ovrf' is being ignored due to errors in this group. This group will be excluded for any further library checks. Refer to the previous messages issued for vector group 'ccsn_ovrf' to find the details of the issues in this group. (File /home/share/pdk/ciel/sky130/versions/e8294524e5f67c533c5d0c3afa0bcc5b2a5fa066/sky130A/libs.ref/sky130_fd_sc_hs/lib/sky130_fd_sc_hs__tt_025C_1v80.lib, Line 890)
**ERROR: (TECHLIB-1175):	Template name 'ccsn_ovrf' used in group 'vector' on line 870 is not defined in the library. To fix this issue, define the missing template in the library. (File /home/share/pdk/ciel/sky130/versions/e8294524e5f67c533c5d0c3afa0bcc5b2a5fa066/sky130A/libs.ref/sky130_fd_sc_hs/lib/sky130_fd_sc_hs__tt_025C_1v80.lib)
**ERROR: (TECHLIB-1256):	The vector group 'ccsn_ovrf' is being ignored due to errors in this group. This group will be excluded for any further library checks. Refer to the previous messages issued for vector group 'ccsn_ovrf' to find the details of the issues in this group. (File /home/share/pdk/ciel/sky130/versions/e8294524e5f67c533c5d0c3afa0bcc5b2a5fa066/sky130A/libs.ref/sky130_fd_sc_hs/lib/sky130_fd_sc_hs__tt_025C_1v80.lib, Line 870)
**ERROR: (TECHLIB-1175):	Template name 'ccsn_ovrf' used in group 'vector' on line 876 is not defined in the library. To fix this issue, define the missing template in the library. (File /home/share/pdk/ciel/sky130/versions/e8294524e5f67c533c5d0c3afa0bcc5b2a5fa066/sky130A/libs.ref/sky130_fd_sc_hs/lib/sky130_fd_sc_hs__tt_025C_1v80.lib)
**ERROR: (TECHLIB-1256):	The vector group 'ccsn_ovrf' is being ignored due to errors in this group. This group will be excluded for any further library checks. Refer to the previous messages issued for vector group 'ccsn_ovrf' to find the details of the issues in this group. (File /home/share/pdk/ciel/sky130/versions/e8294524e5f67c533c5d0c3afa0bcc5b2a5fa066/sky130A/libs.ref/sky130_fd_sc_hs/lib/sky130_fd_sc_hs__tt_025C_1v80.lib, Line 876)
**ERROR: (TECHLIB-1175):	Template name 'ccsn_pnlh' used in group 'vector' on line 949 is not defined in the library. To fix this issue, define the missing template in the library. (File /home/share/pdk/ciel/sky130/versions/e8294524e5f67c533c5d0c3afa0bcc5b2a5fa066/sky130A/libs.ref/sky130_fd_sc_hs/lib/sky130_fd_sc_hs__tt_025C_1v80.lib)
**ERROR: (TECHLIB-1256):	The vector group 'ccsn_pnlh' is being ignored due to errors in this group. This group will be excluded for any further library checks. Refer to the previous messages issued for vector group 'ccsn_pnlh' to find the details of the issues in this group. (File /home/share/pdk/ciel/sky130/versions/e8294524e5f67c533c5d0c3afa0bcc5b2a5fa066/sky130A/libs.ref/sky130_fd_sc_hs/lib/sky130_fd_sc_hs__tt_025C_1v80.lib, Line 949)
**ERROR: (TECHLIB-1175):	Template name 'ccsn_pnlh' used in group 'vector' on line 956 is not defined in the library. To fix this issue, define the missing template in the library. (File /home/share/pdk/ciel/sky130/versions/e8294524e5f67c533c5d0c3afa0bcc5b2a5fa066/sky130A/libs.ref/sky130_fd_sc_hs/lib/sky130_fd_sc_hs__tt_025C_1v80.lib)
**ERROR: (TECHLIB-1256):	The vector group 'ccsn_pnlh' is being ignored due to errors in this group. This group will be excluded for any further library checks. Refer to the previous messages issued for vector group 'ccsn_pnlh' to find the details of the issues in this group. (File /home/share/pdk/ciel/sky130/versions/e8294524e5f67c533c5d0c3afa0bcc5b2a5fa066/sky130A/libs.ref/sky130_fd_sc_hs/lib/sky130_fd_sc_hs__tt_025C_1v80.lib, Line 956)
**ERROR: (TECHLIB-1175):	Template name 'ccsn_pnlh' used in group 'vector' on line 963 is not defined in the library. To fix this issue, define the missing template in the library. (File /home/share/pdk/ciel/sky130/versions/e8294524e5f67c533c5d0c3afa0bcc5b2a5fa066/sky130A/libs.ref/sky130_fd_sc_hs/lib/sky130_fd_sc_hs__tt_025C_1v80.lib)
**ERROR: (TECHLIB-1256):	The vector group 'ccsn_pnlh' is being ignored due to errors in this group. This group will be excluded for any further library checks. Refer to the previous messages issued for vector group 'ccsn_pnlh' to find the details of the issues in this group. (File /home/share/pdk/ciel/sky130/versions/e8294524e5f67c533c5d0c3afa0bcc5b2a5fa066/sky130A/libs.ref/sky130_fd_sc_hs/lib/sky130_fd_sc_hs__tt_025C_1v80.lib, Line 963)
**ERROR: (TECHLIB-1175):	Template name 'ccsn_pnlh' used in group 'vector' on line 970 is not defined in the library. To fix this issue, define the missing template in the library. (File /home/share/pdk/ciel/sky130/versions/e8294524e5f67c533c5d0c3afa0bcc5b2a5fa066/sky130A/libs.ref/sky130_fd_sc_hs/lib/sky130_fd_sc_hs__tt_025C_1v80.lib)
**ERROR: (TECHLIB-1256):	The vector group 'ccsn_pnlh' is being ignored due to errors in this group. This group will be excluded for any further library checks. Refer to the previous messages issued for vector group 'ccsn_pnlh' to find the details of the issues in this group. (File /home/share/pdk/ciel/sky130/versions/e8294524e5f67c533c5d0c3afa0bcc5b2a5fa066/sky130A/libs.ref/sky130_fd_sc_hs/lib/sky130_fd_sc_hs__tt_025C_1v80.lib, Line 970)
**ERROR: (TECHLIB-1175):	Template name 'ccsn_pnlh' used in group 'vector' on line 977 is not defined in the library. To fix this issue, define the missing template in the library. (File /home/share/pdk/ciel/sky130/versions/e8294524e5f67c533c5d0c3afa0bcc5b2a5fa066/sky130A/libs.ref/sky130_fd_sc_hs/lib/sky130_fd_sc_hs__tt_025C_1v80.lib)
**ERROR: (TECHLIB-1256):	The vector group 'ccsn_pnlh' is being ignored due to errors in this group. This group will be excluded for any further library checks. Refer to the previous messages issued for vector group 'ccsn_pnlh' to find the details of the issues in this group. (File /home/share/pdk/ciel/sky130/versions/e8294524e5f67c533c5d0c3afa0bcc5b2a5fa066/sky130A/libs.ref/sky130_fd_sc_hs/lib/sky130_fd_sc_hs__tt_025C_1v80.lib, Line 977)
**ERROR: (TECHLIB-1175):	Template name 'ccsn_pnlh' used in group 'vector' on line 984 is not defined in the library. To fix this issue, define the missing template in the library. (File /home/share/pdk/ciel/sky130/versions/e8294524e5f67c533c5d0c3afa0bcc5b2a5fa066/sky130A/libs.ref/sky130_fd_sc_hs/lib/sky130_fd_sc_hs__tt_025C_1v80.lib)
**ERROR: (TECHLIB-1256):	The vector group 'ccsn_pnlh' is being ignored due to errors in this group. This group will be excluded for any further library checks. Refer to the previous messages issued for vector group 'ccsn_pnlh' to find the details of the issues in this group. (File /home/share/pdk/ciel/sky130/versions/e8294524e5f67c533c5d0c3afa0bcc5b2a5fa066/sky130A/libs.ref/sky130_fd_sc_hs/lib/sky130_fd_sc_hs__tt_025C_1v80.lib, Line 984)
**ERROR: (TECHLIB-1175):	Template name 'ccsn_pnlh' used in group 'vector' on line 991 is not defined in the library. To fix this issue, define the missing template in the library. (File /home/share/pdk/ciel/sky130/versions/e8294524e5f67c533c5d0c3afa0bcc5b2a5fa066/sky130A/libs.ref/sky130_fd_sc_hs/lib/sky130_fd_sc_hs__tt_025C_1v80.lib)
**ERROR: (TECHLIB-1256):	The vector group 'ccsn_pnlh' is being ignored due to errors in this group. This group will be excluded for any further library checks. Refer to the previous messages issued for vector group 'ccsn_pnlh' to find the details of the issues in this group. (File /home/share/pdk/ciel/sky130/versions/e8294524e5f67c533c5d0c3afa0bcc5b2a5fa066/sky130A/libs.ref/sky130_fd_sc_hs/lib/sky130_fd_sc_hs__tt_025C_1v80.lib, Line 991)
**ERROR: (TECHLIB-1175):	Template name 'ccsn_pnlh' used in group 'vector' on line 898 is not defined in the library. To fix this issue, define the missing template in the library. (File /home/share/pdk/ciel/sky130/versions/e8294524e5f67c533c5d0c3afa0bcc5b2a5fa066/sky130A/libs.ref/sky130_fd_sc_hs/lib/sky130_fd_sc_hs__tt_025C_1v80.lib)
**ERROR: (TECHLIB-1256):	The vector group 'ccsn_pnlh' is being ignored due to errors in this group. This group will be excluded for any further library checks. Refer to the previous messages issued for vector group 'ccsn_pnlh' to find the details of the issues in this group. (File /home/share/pdk/ciel/sky130/versions/e8294524e5f67c533c5d0c3afa0bcc5b2a5fa066/sky130A/libs.ref/sky130_fd_sc_hs/lib/sky130_fd_sc_hs__tt_025C_1v80.lib, Line 898)
**ERROR: (TECHLIB-1175):	Template name 'ccsn_pnlh' used in group 'vector' on line 905 is not defined in the library. To fix this issue, define the missing template in the library. (File /home/share/pdk/ciel/sky130/versions/e8294524e5f67c533c5d0c3afa0bcc5b2a5fa066/sky130A/libs.ref/sky130_fd_sc_hs/lib/sky130_fd_sc_hs__tt_025C_1v80.lib)
**ERROR: (TECHLIB-1256):	The vector group 'ccsn_pnlh' is being ignored due to errors in this group. This group will be excluded for any further library checks. Refer to the previous messages issued for vector group 'ccsn_pnlh' to find the details of the issues in this group. (File /home/share/pdk/ciel/sky130/versions/e8294524e5f67c533c5d0c3afa0bcc5b2a5fa066/sky130A/libs.ref/sky130_fd_sc_hs/lib/sky130_fd_sc_hs__tt_025C_1v80.lib, Line 905)
**ERROR: (TECHLIB-1175):	Template name 'ccsn_pnlh' used in group 'vector' on line 912 is not defined in the library. To fix this issue, define the missing template in the library. (File /home/share/pdk/ciel/sky130/versions/e8294524e5f67c533c5d0c3afa0bcc5b2a5fa066/sky130A/libs.ref/sky130_fd_sc_hs/lib/sky130_fd_sc_hs__tt_025C_1v80.lib)
**ERROR: (TECHLIB-1256):	The vector group 'ccsn_pnlh' is being ignored due to errors in this group. This group will be excluded for any further library checks. Refer to the previous messages issued for vector group 'ccsn_pnlh' to find the details of the issues in this group. (File /home/share/pdk/ciel/sky130/versions/e8294524e5f67c533c5d0c3afa0bcc5b2a5fa066/sky130A/libs.ref/sky130_fd_sc_hs/lib/sky130_fd_sc_hs__tt_025C_1v80.lib, Line 912)
**ERROR: (TECHLIB-1175):	Template name 'ccsn_pnlh' used in group 'vector' on line 919 is not defined in the library. To fix this issue, define the missing template in the library. (File /home/share/pdk/ciel/sky130/versions/e8294524e5f67c533c5d0c3afa0bcc5b2a5fa066/sky130A/libs.ref/sky130_fd_sc_hs/lib/sky130_fd_sc_hs__tt_025C_1v80.lib)
**ERROR: (TECHLIB-1256):	The vector group 'ccsn_pnlh' is being ignored due to errors in this group. This group will be excluded for any further library checks. Refer to the previous messages issued for vector group 'ccsn_pnlh' to find the details of the issues in this group. (File /home/share/pdk/ciel/sky130/versions/e8294524e5f67c533c5d0c3afa0bcc5b2a5fa066/sky130A/libs.ref/sky130_fd_sc_hs/lib/sky130_fd_sc_hs__tt_025C_1v80.lib, Line 919)
**ERROR: (TECHLIB-1175):	Template name 'ccsn_pnlh' used in group 'vector' on line 926 is not defined in the library. To fix this issue, define the missing template in the library. (File /home/share/pdk/ciel/sky130/versions/e8294524e5f67c533c5d0c3afa0bcc5b2a5fa066/sky130A/libs.ref/sky130_fd_sc_hs/lib/sky130_fd_sc_hs__tt_025C_1v80.lib)
**ERROR: (TECHLIB-1256):	The vector group 'ccsn_pnlh' is being ignored due to errors in this group. This group will be excluded for any further library checks. Refer to the previous messages issued for vector group 'ccsn_pnlh' to find the details of the issues in this group. (File /home/share/pdk/ciel/sky130/versions/e8294524e5f67c533c5d0c3afa0bcc5b2a5fa066/sky130A/libs.ref/sky130_fd_sc_hs/lib/sky130_fd_sc_hs__tt_025C_1v80.lib, Line 926)
**ERROR: (TECHLIB-1175):	Template name 'ccsn_pnlh' used in group 'vector' on line 933 is not defined in the library. To fix this issue, define the missing template in the library. (File /home/share/pdk/ciel/sky130/versions/e8294524e5f67c533c5d0c3afa0bcc5b2a5fa066/sky130A/libs.ref/sky130_fd_sc_hs/lib/sky130_fd_sc_hs__tt_025C_1v80.lib)
**ERROR: (TECHLIB-1256):	The vector group 'ccsn_pnlh' is being ignored due to errors in this group. This group will be excluded for any further library checks. Refer to the previous messages issued for vector group 'ccsn_pnlh' to find the details of the issues in this group. (File /home/share/pdk/ciel/sky130/versions/e8294524e5f67c533c5d0c3afa0bcc5b2a5fa066/sky130A/libs.ref/sky130_fd_sc_hs/lib/sky130_fd_sc_hs__tt_025C_1v80.lib, Line 933)
**ERROR: (TECHLIB-1175):	Template name 'ccsn_pnlh' used in group 'vector' on line 940 is not defined in the library. To fix this issue, define the missing template in the library. (File /home/share/pdk/ciel/sky130/versions/e8294524e5f67c533c5d0c3afa0bcc5b2a5fa066/sky130A/libs.ref/sky130_fd_sc_hs/lib/sky130_fd_sc_hs__tt_025C_1v80.lib)
**ERROR: (TECHLIB-1256):	The vector group 'ccsn_pnlh' is being ignored due to errors in this group. This group will be excluded for any further library checks. Refer to the previous messages issued for vector group 'ccsn_pnlh' to find the details of the issues in this group. (File /home/share/pdk/ciel/sky130/versions/e8294524e5f67c533c5d0c3afa0bcc5b2a5fa066/sky130A/libs.ref/sky130_fd_sc_hs/lib/sky130_fd_sc_hs__tt_025C_1v80.lib, Line 940)
**ERROR: (TECHLIB-1173):	The 'dc_current' attribute has not been defined for group 'ccsn_first_stage' on line 831. This may lead to undesirable analysis results. To fix this issue, define the missing attribute in library. (File /home/share/pdk/ciel/sky130/versions/e8294524e5f67c533c5d0c3afa0bcc5b2a5fa066/sky130A/libs.ref/sky130_fd_sc_hs/lib/sky130_fd_sc_hs__tt_025C_1v80.lib)
**ERROR: (TECHLIB-1175):	Template name 'ccsn_dc' used in group 'dc_current' on line 1002 is not defined in the library. To fix this issue, define the missing template in the library. (File /home/share/pdk/ciel/sky130/versions/e8294524e5f67c533c5d0c3afa0bcc5b2a5fa066/sky130A/libs.ref/sky130_fd_sc_hs/lib/sky130_fd_sc_hs__tt_025C_1v80.lib)
**ERROR: (TECHLIB-1256):	The dc_current group 'ccsn_dc' is being ignored due to errors in this group. This group will be excluded for any further library checks. Refer to the previous messages issued for dc_current group 'ccsn_dc' to find the details of the issues in this group. (File /home/share/pdk/ciel/sky130/versions/e8294524e5f67c533c5d0c3afa0bcc5b2a5fa066/sky130A/libs.ref/sky130_fd_sc_hs/lib/sky130_fd_sc_hs__tt_025C_1v80.lib, Line 1002)
Message <TECHLIB-1175> has exceeded the message display limit of '20'. Use 'set_message -no_limit -id list_of_msgIDs' to reset the message limit.
Message <TECHLIB-1256> has exceeded the message display limit of '20'. Use 'set_message -no_limit -id list_of_msgIDs' to reset the message limit.
**ERROR: (TECHLIB-1173):	The 'dc_current' attribute has not been defined for group 'ccsn_last_stage' on line 1001. This may lead to undesirable analysis results. To fix this issue, define the missing attribute in library. (File /home/share/pdk/ciel/sky130/versions/e8294524e5f67c533c5d0c3afa0bcc5b2a5fa066/sky130A/libs.ref/sky130_fd_sc_hs/lib/sky130_fd_sc_hs__tt_025C_1v80.lib)
**ERROR: (TECHLIB-1173):	The 'dc_current' attribute has not been defined for group 'ccsn_first_stage' on line 1267. This may lead to undesirable analysis results. To fix this issue, define the missing attribute in library. (File /home/share/pdk/ciel/sky130/versions/e8294524e5f67c533c5d0c3afa0bcc5b2a5fa066/sky130A/libs.ref/sky130_fd_sc_hs/lib/sky130_fd_sc_hs__tt_025C_1v80.lib)
**ERROR: (TECHLIB-1173):	The 'dc_current' attribute has not been defined for group 'ccsn_last_stage' on line 1437. This may lead to undesirable analysis results. To fix this issue, define the missing attribute in library. (File /home/share/pdk/ciel/sky130/versions/e8294524e5f67c533c5d0c3afa0bcc5b2a5fa066/sky130A/libs.ref/sky130_fd_sc_hs/lib/sky130_fd_sc_hs__tt_025C_1v80.lib)
**ERROR: (TECHLIB-1173):	The 'dc_current' attribute has not been defined for group 'ccsn_first_stage' on line 1703. This may lead to undesirable analysis results. To fix this issue, define the missing attribute in library. (File /home/share/pdk/ciel/sky130/versions/e8294524e5f67c533c5d0c3afa0bcc5b2a5fa066/sky130A/libs.ref/sky130_fd_sc_hs/lib/sky130_fd_sc_hs__tt_025C_1v80.lib)
**ERROR: (TECHLIB-1173):	The 'dc_current' attribute has not been defined for group 'ccsn_last_stage' on line 1874. This may lead to undesirable analysis results. To fix this issue, define the missing attribute in library. (File /home/share/pdk/ciel/sky130/versions/e8294524e5f67c533c5d0c3afa0bcc5b2a5fa066/sky130A/libs.ref/sky130_fd_sc_hs/lib/sky130_fd_sc_hs__tt_025C_1v80.lib)
**ERROR: (TECHLIB-1173):	The 'dc_current' attribute has not been defined for group 'ccsn_first_stage' on line 2143. This may lead to undesirable analysis results. To fix this issue, define the missing attribute in library. (File /home/share/pdk/ciel/sky130/versions/e8294524e5f67c533c5d0c3afa0bcc5b2a5fa066/sky130A/libs.ref/sky130_fd_sc_hs/lib/sky130_fd_sc_hs__tt_025C_1v80.lib)
**ERROR: (TECHLIB-1173):	The 'dc_current' attribute has not been defined for group 'ccsn_last_stage' on line 2314. This may lead to undesirable analysis results. To fix this issue, define the missing attribute in library. (File /home/share/pdk/ciel/sky130/versions/e8294524e5f67c533c5d0c3afa0bcc5b2a5fa066/sky130A/libs.ref/sky130_fd_sc_hs/lib/sky130_fd_sc_hs__tt_025C_1v80.lib)
**ERROR: (TECHLIB-1173):	The 'dc_current' attribute has not been defined for group 'ccsn_first_stage' on line 2583. This may lead to undesirable analysis results. To fix this issue, define the missing attribute in library. (File /home/share/pdk/ciel/sky130/versions/e8294524e5f67c533c5d0c3afa0bcc5b2a5fa066/sky130A/libs.ref/sky130_fd_sc_hs/lib/sky130_fd_sc_hs__tt_025C_1v80.lib)
**ERROR: (TECHLIB-1173):	The 'dc_current' attribute has not been defined for group 'ccsn_last_stage' on line 2754. This may lead to undesirable analysis results. To fix this issue, define the missing attribute in library. (File /home/share/pdk/ciel/sky130/versions/e8294524e5f67c533c5d0c3afa0bcc5b2a5fa066/sky130A/libs.ref/sky130_fd_sc_hs/lib/sky130_fd_sc_hs__tt_025C_1v80.lib)
**ERROR: (TECHLIB-1173):	The 'dc_current' attribute has not been defined for group 'ccsn_first_stage' on line 3023. This may lead to undesirable analysis results. To fix this issue, define the missing attribute in library. (File /home/share/pdk/ciel/sky130/versions/e8294524e5f67c533c5d0c3afa0bcc5b2a5fa066/sky130A/libs.ref/sky130_fd_sc_hs/lib/sky130_fd_sc_hs__tt_025C_1v80.lib)
**ERROR: (TECHLIB-1173):	The 'dc_current' attribute has not been defined for group 'ccsn_last_stage' on line 3194. This may lead to undesirable analysis results. To fix this issue, define the missing attribute in library. (File /home/share/pdk/ciel/sky130/versions/e8294524e5f67c533c5d0c3afa0bcc5b2a5fa066/sky130A/libs.ref/sky130_fd_sc_hs/lib/sky130_fd_sc_hs__tt_025C_1v80.lib)
**ERROR: (TECHLIB-1173):	The 'dc_current' attribute has not been defined for group 'ccsn_first_stage' on line 3463. This may lead to undesirable analysis results. To fix this issue, define the missing attribute in library. (File /home/share/pdk/ciel/sky130/versions/e8294524e5f67c533c5d0c3afa0bcc5b2a5fa066/sky130A/libs.ref/sky130_fd_sc_hs/lib/sky130_fd_sc_hs__tt_025C_1v80.lib)
**ERROR: (TECHLIB-1173):	The 'dc_current' attribute has not been defined for group 'ccsn_last_stage' on line 3634. This may lead to undesirable analysis results. To fix this issue, define the missing attribute in library. (File /home/share/pdk/ciel/sky130/versions/e8294524e5f67c533c5d0c3afa0bcc5b2a5fa066/sky130A/libs.ref/sky130_fd_sc_hs/lib/sky130_fd_sc_hs__tt_025C_1v80.lib)
**ERROR: (TECHLIB-1173):	The 'dc_current' attribute has not been defined for group 'ccsn_first_stage' on line 3903. This may lead to undesirable analysis results. To fix this issue, define the missing attribute in library. (File /home/share/pdk/ciel/sky130/versions/e8294524e5f67c533c5d0c3afa0bcc5b2a5fa066/sky130A/libs.ref/sky130_fd_sc_hs/lib/sky130_fd_sc_hs__tt_025C_1v80.lib)
**ERROR: (TECHLIB-1173):	The 'dc_current' attribute has not been defined for group 'ccsn_last_stage' on line 4074. This may lead to undesirable analysis results. To fix this issue, define the missing attribute in library. (File /home/share/pdk/ciel/sky130/versions/e8294524e5f67c533c5d0c3afa0bcc5b2a5fa066/sky130A/libs.ref/sky130_fd_sc_hs/lib/sky130_fd_sc_hs__tt_025C_1v80.lib)
**ERROR: (TECHLIB-1173):	The 'dc_current' attribute has not been defined for group 'ccsn_first_stage' on line 4343. This may lead to undesirable analysis results. To fix this issue, define the missing attribute in library. (File /home/share/pdk/ciel/sky130/versions/e8294524e5f67c533c5d0c3afa0bcc5b2a5fa066/sky130A/libs.ref/sky130_fd_sc_hs/lib/sky130_fd_sc_hs__tt_025C_1v80.lib)
**ERROR: (TECHLIB-1173):	The 'dc_current' attribute has not been defined for group 'ccsn_last_stage' on line 4514. This may lead to undesirable analysis results. To fix this issue, define the missing attribute in library. (File /home/share/pdk/ciel/sky130/versions/e8294524e5f67c533c5d0c3afa0bcc5b2a5fa066/sky130A/libs.ref/sky130_fd_sc_hs/lib/sky130_fd_sc_hs__tt_025C_1v80.lib)
**ERROR: (TECHLIB-1173):	The 'dc_current' attribute has not been defined for group 'ccsn_first_stage' on line 4783. This may lead to undesirable analysis results. To fix this issue, define the missing attribute in library. (File /home/share/pdk/ciel/sky130/versions/e8294524e5f67c533c5d0c3afa0bcc5b2a5fa066/sky130A/libs.ref/sky130_fd_sc_hs/lib/sky130_fd_sc_hs__tt_025C_1v80.lib)
**ERROR: (TECHLIB-1173):	The 'dc_current' attribute has not been defined for group 'ccsn_last_stage' on line 4954. This may lead to undesirable analysis results. To fix this issue, define the missing attribute in library. (File /home/share/pdk/ciel/sky130/versions/e8294524e5f67c533c5d0c3afa0bcc5b2a5fa066/sky130A/libs.ref/sky130_fd_sc_hs/lib/sky130_fd_sc_hs__tt_025C_1v80.lib)
Message <TECHLIB-1173> has exceeded the message display limit of '20'. Use 'set_message -no_limit -id list_of_msgIDs' to reset the message limit.
**WARN: (TECHLIB-302):	No function defined for cell 'sky130_fd_sc_hs__decap_8'. The cell will only be used for analysis. (File /home/share/pdk/ciel/sky130/versions/e8294524e5f67c533c5d0c3afa0bcc5b2a5fa066/sky130A/libs.ref/sky130_fd_sc_hs/lib/sky130_fd_sc_hs__tt_025C_1v80.lib)
**WARN: (TECHLIB-302):	No function defined for cell 'sky130_fd_sc_hs__decap_4'. The cell will only be used for analysis. (File /home/share/pdk/ciel/sky130/versions/e8294524e5f67c533c5d0c3afa0bcc5b2a5fa066/sky130A/libs.ref/sky130_fd_sc_hs/lib/sky130_fd_sc_hs__tt_025C_1v80.lib)
Read 376 cells in library sky130_fd_sc_hs__tt_025C_1v80.
Reading default_emulate_libset_max timing library /home/hujinzhao/pro/genus_bs2_300m/workspace/LIBS/sky130_sram_0kbytes_1rw1r_64x32_8_TT_1p8V_25C.lib.
Read 1 cells in library sky130_sram_0kbytes_1rw1r_64x32_8_TT_1p8V_25C_lib.
Reading default_emulate_libset_max timing library /home/hujinzhao/pro/genus_bs2_300m/workspace/LIBS/sky130_sram_0kbytes_1rw1r_64x64_8_TT_1p8V_25C.lib.
Read 1 cells in library sky130_sram_0kbytes_1rw1r_64x64_8_TT_1p8V_25C_lib.
Reading default_emulate_libset_max timing library /home/hujinzhao/pro/genus_bs2_300m/workspace/LIBS/sky130_sram_0kbytes_1rw1r_128x16_16_TT_1p8V_25C.lib.
Read 1 cells in library sky130_sram_0kbytes_1rw1r_128x16_16_TT_1p8V_25C_lib.
Reading default_emulate_libset_max timing library /home/hujinzhao/pro/genus_bs2_300m/genus2invs__1001821_98bebad6-1f56-4d85-af38-42c022bfcc8afa_top/genus2invs.gen.lib.
**WARN: (TECHLIB-9018):	Nominal Condition 'nom_process' is not defined in timing library. Assuming default value '1.000000'. Setting this attribute is recommended as it can impact timing and SI results. (File /home/hujinzhao/pro/genus_bs2_300m/genus2invs__1001821_98bebad6-1f56-4d85-af38-42c022bfcc8afa_top/genus2invs.gen.lib)
**WARN: (TECHLIB-9018):	Nominal Condition 'nom_voltage' is not defined in timing library. Assuming default value '1.800000'. Setting this attribute is recommended as it can impact timing and SI results. (File /home/hujinzhao/pro/genus_bs2_300m/genus2invs__1001821_98bebad6-1f56-4d85-af38-42c022bfcc8afa_top/genus2invs.gen.lib)
**WARN: (TECHLIB-9018):	Nominal Condition 'nom_temperature' is not defined in timing library. Assuming default value '25.000000'. Setting this attribute is recommended as it can impact timing and SI results. (File /home/hujinzhao/pro/genus_bs2_300m/genus2invs__1001821_98bebad6-1f56-4d85-af38-42c022bfcc8afa_top/genus2invs.gen.lib)
**WARN: (TECHLIB-9108):	 'input_threshold_pct_rise' not specified in the library, using .lib default of '50%'. (File /home/hujinzhao/pro/genus_bs2_300m/genus2invs__1001821_98bebad6-1f56-4d85-af38-42c022bfcc8afa_top/genus2invs.gen.lib, Line 1)
**WARN: (TECHLIB-9108):	 'input_threshold_pct_fall' not specified in the library, using .lib default of '50%'. (File /home/hujinzhao/pro/genus_bs2_300m/genus2invs__1001821_98bebad6-1f56-4d85-af38-42c022bfcc8afa_top/genus2invs.gen.lib, Line 1)
**WARN: (TECHLIB-9108):	 'output_threshold_pct_rise' not specified in the library, using .lib default of '50%'. (File /home/hujinzhao/pro/genus_bs2_300m/genus2invs__1001821_98bebad6-1f56-4d85-af38-42c022bfcc8afa_top/genus2invs.gen.lib, Line 1)
**WARN: (TECHLIB-9108):	 'output_threshold_pct_fall' not specified in the library, using .lib default of '50%'. (File /home/hujinzhao/pro/genus_bs2_300m/genus2invs__1001821_98bebad6-1f56-4d85-af38-42c022bfcc8afa_top/genus2invs.gen.lib, Line 1)
**WARN: (TECHLIB-9108):	 'slew_lower_threshold_pct_rise' not specified in the library, using .lib default of '20%'. (File /home/hujinzhao/pro/genus_bs2_300m/genus2invs__1001821_98bebad6-1f56-4d85-af38-42c022bfcc8afa_top/genus2invs.gen.lib, Line 1)
**WARN: (TECHLIB-9108):	 'slew_lower_threshold_pct_fall' not specified in the library, using .lib default of '20%'. (File /home/hujinzhao/pro/genus_bs2_300m/genus2invs__1001821_98bebad6-1f56-4d85-af38-42c022bfcc8afa_top/genus2invs.gen.lib, Line 1)
**WARN: (TECHLIB-9108):	 'slew_upper_threshold_pct_rise' not specified in the library, using .lib default of '80%'. (File /home/hujinzhao/pro/genus_bs2_300m/genus2invs__1001821_98bebad6-1f56-4d85-af38-42c022bfcc8afa_top/genus2invs.gen.lib, Line 1)
**WARN: (TECHLIB-9108):	 'slew_upper_threshold_pct_fall' not specified in the library, using .lib default of '80%'. (File /home/hujinzhao/pro/genus_bs2_300m/genus2invs__1001821_98bebad6-1f56-4d85-af38-42c022bfcc8afa_top/genus2invs.gen.lib, Line 1)
Read 40 cells in library abstract_techlib.
Library reading multithread flow ended.

Loading LEF file /home/hujinzhao/pro/genus_bs2_300m/workspace/LEFS/sky130_fd_sc_hs__nom.tlef ...

Loading LEF file /home/hujinzhao/pro/genus_bs2_300m/workspace/LEFS/sky130_fd_sc_hs.lef ...
WARNING (LEFPARS-2008): NOWIREEXTENSIONATPIN statement is obsolete in version 5.6 or later.
The NOWIREEXTENSIONATPIN statement will be ignored. See file /home/hujinzhao/pro/genus_bs2_300m/workspace/LEFS/sky130_fd_sc_hs.lef at line 2.
**WARN: (IMPLF-108):	There is no overlap layer defined in any LEF file
so you are unable to create rectilinear partition in a hierarchical flow.
Set DBUPerIGU to M1 pitch 480.

Loading LEF file /home/hujinzhao/pro/genus_bs2_300m/workspace/LEFS/sky130_sram_0kbytes_1rw1r_64x32_8.lef ...
**WARN: (IMPLF-246):	The 'UNITS' attribute is only allowed to be set in the first LEF file (technology LEF). The attribute was found in this LEF file, and will be ignored.

Loading LEF file /home/hujinzhao/pro/genus_bs2_300m/workspace/LEFS/sky130_sram_0kbytes_1rw1r_128x16_16.lef ...
**WARN: (IMPLF-246):	The 'UNITS' attribute is only allowed to be set in the first LEF file (technology LEF). The attribute was found in this LEF file, and will be ignored.

Loading LEF file /home/hujinzhao/pro/genus_bs2_300m/workspace/LEFS/sky130_sram_0kbytes_1rw1r_64x64_8.lef ...
**WARN: (IMPLF-246):	The 'UNITS' attribute is only allowed to be set in the first LEF file (technology LEF). The attribute was found in this LEF file, and will be ignored.

Loading LEF file ./genus2invs__1001821_98bebad6-1f56-4d85-af38-42c022bfcc8afa_top/genus2invs.gen.lef ...
WARNING (LEFPARS-2001): No VERSION statement found, using the default value 5.8. See file ./genus2invs__1001821_98bebad6-1f56-4d85-af38-42c022bfcc8afa_top/genus2invs.gen.lef at line 5399.
**WARN: (IMPLF-200):	Pin 'clk' in macro 'flop_srd' has no ANTENNAGATEAREA value defined. The library data is incomplete and some process antenna rules will not be checked correctly.
Type 'man IMPLF-200' for more detail.
**WARN: (IMPLF-200):	Pin 'd' in macro 'flop_srd' has no ANTENNAGATEAREA value defined. The library data is incomplete and some process antenna rules will not be checked correctly.
Type 'man IMPLF-200' for more detail.
**WARN: (IMPLF-200):	Pin 'srd' in macro 'flop_srd' has no ANTENNAGATEAREA value defined. The library data is incomplete and some process antenna rules will not be checked correctly.
Type 'man IMPLF-200' for more detail.
**WARN: (IMPLF-201):	Pin 'q' in macro 'flop_srd' has no ANTENNADIFFAREA value defined. The library data is incomplete and some process antenna rules will not be checked correctly.
Type 'man IMPLF-201' for more detail.
**WARN: (IMPLF-201):	Pin 'z' in macro 'CDN_mux128' has no ANTENNADIFFAREA value defined. The library data is incomplete and some process antenna rules will not be checked correctly.
Type 'man IMPLF-201' for more detail.
**WARN: (IMPLF-200):	Pin 'sel0' in macro 'CDN_mux128' has no ANTENNAGATEAREA value defined. The library data is incomplete and some process antenna rules will not be checked correctly.
Type 'man IMPLF-200' for more detail.
**WARN: (IMPLF-200):	Pin 'data0' in macro 'CDN_mux128' has no ANTENNAGATEAREA value defined. The library data is incomplete and some process antenna rules will not be checked correctly.
Type 'man IMPLF-200' for more detail.
**WARN: (IMPLF-200):	Pin 'sel1' in macro 'CDN_mux128' has no ANTENNAGATEAREA value defined. The library data is incomplete and some process antenna rules will not be checked correctly.
Type 'man IMPLF-200' for more detail.
**WARN: (IMPLF-200):	Pin 'data1' in macro 'CDN_mux128' has no ANTENNAGATEAREA value defined. The library data is incomplete and some process antenna rules will not be checked correctly.
Type 'man IMPLF-200' for more detail.
**WARN: (IMPLF-200):	Pin 'sel2' in macro 'CDN_mux128' has no ANTENNAGATEAREA value defined. The library data is incomplete and some process antenna rules will not be checked correctly.
Type 'man IMPLF-200' for more detail.
**WARN: (IMPLF-200):	Pin 'data2' in macro 'CDN_mux128' has no ANTENNAGATEAREA value defined. The library data is incomplete and some process antenna rules will not be checked correctly.
Type 'man IMPLF-200' for more detail.
**WARN: (IMPLF-200):	Pin 'sel3' in macro 'CDN_mux128' has no ANTENNAGATEAREA value defined. The library data is incomplete and some process antenna rules will not be checked correctly.
Type 'man IMPLF-200' for more detail.
**WARN: (IMPLF-200):	Pin 'data3' in macro 'CDN_mux128' has no ANTENNAGATEAREA value defined. The library data is incomplete and some process antenna rules will not be checked correctly.
Type 'man IMPLF-200' for more detail.
**WARN: (IMPLF-200):	Pin 'sel4' in macro 'CDN_mux128' has no ANTENNAGATEAREA value defined. The library data is incomplete and some process antenna rules will not be checked correctly.
Type 'man IMPLF-200' for more detail.
**WARN: (IMPLF-200):	Pin 'data4' in macro 'CDN_mux128' has no ANTENNAGATEAREA value defined. The library data is incomplete and some process antenna rules will not be checked correctly.
Type 'man IMPLF-200' for more detail.
**WARN: (IMPLF-200):	Pin 'sel5' in macro 'CDN_mux128' has no ANTENNAGATEAREA value defined. The library data is incomplete and some process antenna rules will not be checked correctly.
Type 'man IMPLF-200' for more detail.
**WARN: (IMPLF-200):	Pin 'data5' in macro 'CDN_mux128' has no ANTENNAGATEAREA value defined. The library data is incomplete and some process antenna rules will not be checked correctly.
Type 'man IMPLF-200' for more detail.
**WARN: (IMPLF-200):	Pin 'sel6' in macro 'CDN_mux128' has no ANTENNAGATEAREA value defined. The library data is incomplete and some process antenna rules will not be checked correctly.
Type 'man IMPLF-200' for more detail.
**WARN: (IMPLF-200):	Pin 'data6' in macro 'CDN_mux128' has no ANTENNAGATEAREA value defined. The library data is incomplete and some process antenna rules will not be checked correctly.
Type 'man IMPLF-200' for more detail.
**WARN: (IMPLF-200):	Pin 'sel7' in macro 'CDN_mux128' has no ANTENNAGATEAREA value defined. The library data is incomplete and some process antenna rules will not be checked correctly.
Type 'man IMPLF-200' for more detail.
**WARN: (IMPLF-200):	Pin 'data7' in macro 'CDN_mux128' has no ANTENNAGATEAREA value defined. The library data is incomplete and some process antenna rules will not be checked correctly.
Type 'man IMPLF-200' for more detail.
**WARN: (IMPLF-200):	Pin 'sel8' in macro 'CDN_mux128' has no ANTENNAGATEAREA value defined. The library data is incomplete and some process antenna rules will not be checked correctly.
Type 'man IMPLF-200' for more detail.
**WARN: (EMS-27):	Message (IMPLF-200) has exceeded the current message display limit of 20.
To increase the message display limit, refer to the product command reference manual.
**WARN: (IMPLF-201):	Pin 'z' in macro 'CDN_mux8' has no ANTENNADIFFAREA value defined. The library data is incomplete and some process antenna rules will not be checked correctly.
Type 'man IMPLF-201' for more detail.
**WARN: (IMPLF-201):	Pin 'q' in macro 'flop' has no ANTENNADIFFAREA value defined. The library data is incomplete and some process antenna rules will not be checked correctly.
Type 'man IMPLF-201' for more detail.
**WARN: (IMPLF-201):	Pin 'q' in macro 'flop_srl_srd' has no ANTENNADIFFAREA value defined. The library data is incomplete and some process antenna rules will not be checked correctly.
Type 'man IMPLF-201' for more detail.
**WARN: (IMPLF-201):	Pin 'z' in macro 'CDN_bmux4' has no ANTENNADIFFAREA value defined. The library data is incomplete and some process antenna rules will not be checked correctly.
Type 'man IMPLF-201' for more detail.
**WARN: (IMPLF-201):	Pin 'z' in macro 'CDN_bmux3' has no ANTENNADIFFAREA value defined. The library data is incomplete and some process antenna rules will not be checked correctly.
Type 'man IMPLF-201' for more detail.
**WARN: (IMPLF-201):	Pin 'z' in macro 'nor4' has no ANTENNADIFFAREA value defined. The library data is incomplete and some process antenna rules will not be checked correctly.
Type 'man IMPLF-201' for more detail.
**WARN: (IMPLF-201):	Pin 'z' in macro 'and3' has no ANTENNADIFFAREA value defined. The library data is incomplete and some process antenna rules will not be checked correctly.
Type 'man IMPLF-201' for more detail.
**WARN: (IMPLF-201):	Pin 'z' in macro 'CDN_bmux16' has no ANTENNADIFFAREA value defined. The library data is incomplete and some process antenna rules will not be checked correctly.
Type 'man IMPLF-201' for more detail.
**WARN: (IMPLF-201):	Pin 'z' in macro 'or3' has no ANTENNADIFFAREA value defined. The library data is incomplete and some process antenna rules will not be checked correctly.
Type 'man IMPLF-201' for more detail.
**WARN: (IMPLF-201):	Pin 'z' in macro 'CDN_mux4' has no ANTENNADIFFAREA value defined. The library data is incomplete and some process antenna rules will not be checked correctly.
Type 'man IMPLF-201' for more detail.
**WARN: (IMPLF-201):	Pin 'z' in macro 'CDN_mux7' has no ANTENNADIFFAREA value defined. The library data is incomplete and some process antenna rules will not be checked correctly.
Type 'man IMPLF-201' for more detail.
**WARN: (IMPLF-201):	Pin 'z' in macro 'CDN_mux5' has no ANTENNADIFFAREA value defined. The library data is incomplete and some process antenna rules will not be checked correctly.
Type 'man IMPLF-201' for more detail.
**WARN: (IMPLF-201):	Pin 'z' in macro 'CDN_mux13' has no ANTENNADIFFAREA value defined. The library data is incomplete and some process antenna rules will not be checked correctly.
Type 'man IMPLF-201' for more detail.
**WARN: (IMPLF-201):	Pin 'z' in macro 'or4' has no ANTENNADIFFAREA value defined. The library data is incomplete and some process antenna rules will not be checked correctly.
Type 'man IMPLF-201' for more detail.
**WARN: (IMPLF-201):	Pin 'q' in macro 'flop_srl_srdH' has no ANTENNADIFFAREA value defined. The library data is incomplete and some process antenna rules will not be checked correctly.
Type 'man IMPLF-201' for more detail.
**WARN: (IMPLF-201):	Pin 'z' in macro 'CDN_mux6' has no ANTENNADIFFAREA value defined. The library data is incomplete and some process antenna rules will not be checked correctly.
Type 'man IMPLF-201' for more detail.
**WARN: (IMPLF-201):	Pin 'z' in macro 'and4' has no ANTENNADIFFAREA value defined. The library data is incomplete and some process antenna rules will not be checked correctly.
Type 'man IMPLF-201' for more detail.
**WARN: (IMPLF-201):	Pin 'z' in macro 'nor3' has no ANTENNADIFFAREA value defined. The library data is incomplete and some process antenna rules will not be checked correctly.
Type 'man IMPLF-201' for more detail.
**WARN: (EMS-27):	Message (IMPLF-201) has exceeded the current message display limit of 20.
To increase the message display limit, refer to the product command reference manual.

##  Check design process and node:  
##  Both design process and tech node are not set.

#% Begin Load netlist data ... (date=07/07 00:32:18, mem=1953.2M)
*** Begin netlist parsing (mem=1953.2M) ***
Created 419 new cells from 5 timing libraries.
Reading netlist ...
Backslashed names will retain backslash and a trailing blank character.
Reading verilog netlist './genus2invs__1001821_98bebad6-1f56-4d85-af38-42c022bfcc8afa_top/genus2invs.v.gz'

*** Memory Usage v#3 (Current mem = 2020.500M, initial mem = 959.250M) ***
*** End netlist parsing (cpu=0:00:00.6, real=0:00:01.0, mem=2020.5M) ***
#% End Load netlist data ... (date=07/07 00:32:19, total cpu=0:00:00.6, real=0:00:01.0, peak res=2020.3M, current mem=2020.3M)
Top level cell is fa_top.
Hooked 419 DB cells to tlib cells.
Starting recursive module instantiation check.
No recursion found.
Building hierarchical netlist for Cell fa_top ...
***** UseNewTieNetMode *****.
**WARN: (IMPECO-560):	The netlist is not unique, because the module 'add_unsigned' is instantiated multiple times. Make the netlist unique by running 'set_db init_design_uniquify true' before loading the design to avoid the problem.
Type 'man IMPECO-560' for more detail.
*** Netlist is NOT unique.
** info: there are 666 modules.
** info: there are 364309 stdCell insts.
** info: there are 364309 stdCell insts with at least one signal pin.
** info: there are 37 macros.
** info: there are 124 multi-height stdCell insts (2 stdCells)

*** Memory Usage v#3 (Current mem = 2213.191M, initial mem = 959.250M) ***
**WARN: (IMPFP-3961):	The techSite 'unitdbl' has no related standard cells in the LEF/OA library. The calculations for this site type cannot be made unless standard cell models of this type exist in the LEF/OA library. Ignore this warning if the SITE is not used by the library. Alternatively, remove the SITE definition for the LEF/OA library to avoid this message.
Type 'man IMPFP-3961' for more detail.
**WARN: (IMPFP-3961):	The techSite 'unit' has no related standard cells in the LEF/OA library. The calculations for this site type cannot be made unless standard cell models of this type exist in the LEF/OA library. Ignore this warning if the SITE is not used by the library. Alternatively, remove the SITE definition for the LEF/OA library to avoid this message.
Type 'man IMPFP-3961' for more detail.
**WARN: (IMPFP-3961):	The techSite 'unitdbl' has no related standard cells in the LEF/OA library. The calculations for this site type cannot be made unless standard cell models of this type exist in the LEF/OA library. Ignore this warning if the SITE is not used by the library. Alternatively, remove the SITE definition for the LEF/OA library to avoid this message.
Type 'man IMPFP-3961' for more detail.
**WARN: (IMPFP-3961):	The techSite 'unit' has no related standard cells in the LEF/OA library. The calculations for this site type cannot be made unless standard cell models of this type exist in the LEF/OA library. Ignore this warning if the SITE is not used by the library. Alternatively, remove the SITE definition for the LEF/OA library to avoid this message.
Type 'man IMPFP-3961' for more detail.
Horizontal Layer M2 offset = 185 (derived)
Vertical Layer M1 offset = 240 (derived)
Start create_tracks
Generated pitch 3.66 in met5 is different from 3.33 defined in technology file in preferred direction.
Generated pitch 0.72 in met4 is different from 0.96 defined in technology file in preferred direction.
Generated pitch 0.61 in met3 is different from 0.74 defined in technology file in preferred direction.
Extraction setup Started for TopCell fa_top 
Initializing multi-corner RC extraction with 1 active RC Corners ...
Captable file(s) not specified in multi-corner setup. PreRoute extraction will use technology file. For post_route extraction, default value for effort level would be 'medium' and effort level 'low' would not be allowed.
Generating auto layer map file.
Importing multi-corner technology file(s) for preRoute extraction...
/home/share/pdk/sky130A/libs.tech/cadence/qrcTechFile
Generating auto layer map file.
Completed (cpu: 0:00:01.4 real: 0:00:03.0)
Set Shrink Factor to 1.00000
Summary of Active RC-Corners : 
 
 Analysis View: default_emulate_view
    RC-Corner Name        : default_emulate_rc_corner
    RC-Corner Index       : 0
    RC-Corner Temperature : 25 Celsius
    RC-Corner Cap Table   : ''
    RC-Corner PreRoute Res Factor         : 1
    RC-Corner PreRoute Cap Factor         : 1
    RC-Corner PostRoute Res Factor        : 1 {1 1 1}
    RC-Corner PostRoute Cap Factor        : 1 {1 1 1}
    RC-Corner PostRoute XCap Factor       : 1 {1 1 1}
    RC-Corner PreRoute Clock Res Factor   : 1	[Derived from postRoute_res (effortLevel low)]
    RC-Corner PreRoute Clock Cap Factor   : 1	[Derived from postRoute_cap (effortLevel low)]
    RC-Corner PostRoute Clock Cap Factor  : 1 {1 1 1} 
    RC-Corner PostRoute Clock Res Factor  : 1 {1 1 1} 
    RC-Corner PostRoute Clock coupling capacitance Factor : 1 {1 1 1} 
    RC-Corner Technology file: '/home/share/pdk/sky130A/libs.tech/cadence/qrcTechFile'
Updating RC Grid density data for preRoute extraction ...
Initializing multi-corner resistance tables ...
Default value for post_route extraction mode's extract_rc_effort_level (extract_rc_effort_level option of set_db) changed to 'medium'.
*Info: initialize multi-corner CTS.
Total number of combinational cells: 325
Total number of sequential cells: 77
Total number of tristate cells: 12
Total number of level shifter cells: 0
Total number of power gating cells: 0
Total number of isolation cells: 0
Total number of power switch cells: 0
Total number of pulse generator cells: 0
Total number of always on buffers: 0
Total number of retention cells: 0
Total number of physical cells: 2
List of usable buffers: sky130_fd_sc_hs__clkbuf_2 sky130_fd_sc_hs__clkbuf_1 sky130_fd_sc_hs__buf_1 sky130_fd_sc_hs__buf_2 sky130_fd_sc_hs__clkbuf_4 sky130_fd_sc_hs__buf_4 sky130_fd_sc_hs__dlymetal6s2s_1 sky130_fd_sc_hs__clkbuf_8 sky130_fd_sc_hs__buf_8 sky130_fd_sc_hs__clkbuf_16 sky130_fd_sc_hs__buf_16
Total number of usable buffers: 11
List of unusable buffers:
Total number of unusable buffers: 0
List of usable inverters: sky130_fd_sc_hs__inv_2 sky130_fd_sc_hs__inv_1 sky130_fd_sc_hs__clkinv_1 sky130_fd_sc_hs__clkinv_2 sky130_fd_sc_hs__inv_4 sky130_fd_sc_hs__clkdlyinv3sd3_1 sky130_fd_sc_hs__clkdlyinv3sd2_1 sky130_fd_sc_hs__clkdlyinv3sd1_1 sky130_fd_sc_hs__clkinv_4 sky130_fd_sc_hs__inv_8 sky130_fd_sc_hs__clkdlyinv5sd3_1 sky130_fd_sc_hs__clkdlyinv5sd2_1 sky130_fd_sc_hs__clkdlyinv5sd1_1 sky130_fd_sc_hs__clkinv_8 sky130_fd_sc_hs__bufinv_8 sky130_fd_sc_hs__inv_16 sky130_fd_sc_hs__clkinv_16 sky130_fd_sc_hs__bufinv_16 not1
Total number of usable inverters: 19
List of unusable inverters:
Total number of unusable inverters: 0
List of identified usable delay cells: sky130_fd_sc_hs__dlygate4sd3_1 sky130_fd_sc_hs__dlygate4sd2_1 sky130_fd_sc_hs__dlygate4sd1_1 sky130_fd_sc_hs__dlymetal6s6s_1 sky130_fd_sc_hs__dlymetal6s4s_1 sky130_fd_sc_hs__bufbuf_8 sky130_fd_sc_hs__bufbuf_16
Total number of identified usable delay cells: 7
List of identified unusable delay cells:
Total number of identified unusable delay cells: 0
Multithreaded Timing Analysis is initialized with 8 threads

Reading timing constraints file './genus2invs__1001821_98bebad6-1f56-4d85-af38-42c022bfcc8afa_top/genus2invs.default_emulate_constraint_mode.sdc' ...
Current (total cpu=0:00:42.9, real=0:00:48.0, peak res=2906.4M, current mem=2906.4M)
fa_top
INFO (CTE): Constraints read successfully.
Ending "Constraint file reading stats" (total cpu=0:00:00.2, real=0:00:00.0, peak res=2923.6M, current mem=2923.6M)
Current (total cpu=0:00:43.2, real=0:00:48.0, peak res=2923.6M, current mem=2923.6M)
@file 49:
@file 50: # Reading metrics file
@file 51: ################################################################################
@@file 52: read_metric -id current ./genus2invs__1001821_98bebad6-1f56-4d85-af38-42c022bfcc8afa_top/genus2invs.metrics.json
@file 53:
@file 54: ## Reading common preserve file for dont_touch and dont_use preserve settings
@file 55: source -quiet ./genus2invs__1001821_98bebad6-1f56-4d85-af38-42c022bfcc8afa_top/genus2invs.preserve.tcl
@file 56:
@file 57: ## Reading Innovus Mode attributes file
@file 58: pqos_eval {rcp::read_taf ./genus2invs__1001821_98bebad6-1f56-4d85-af38-42c022bfcc8afa_top/genus2invs.mode_attributes.taf.gz}
%# Begin ::rcp::silent_eval (07/07 00:32:26, mem=2942.73M)
%# End ::rcp::silent_eval (07/07 00:32:26, total cpu=16:00:00, real=16:00:00, peak res=2944.73M, current mem=2942.80M)
(genus2invs.mode_attributes.taf.gz): Summary count of attributes that could be applied
could_apply(design_bottom_routing_layer)       = 1
could_apply(extract_rc_assume_metal_fill)      = 1
could_apply(timing_report_enable_novus_header) = 1

[genus2invs.mode_attributes.taf.gz]: applied 3 attributes with 0 problems.
@file 59:
@file 60:
@file 61: # Mode Setup
@file 62: ################################################################################
@file 63: source ./genus2invs__1001821_98bebad6-1f56-4d85-af38-42c022bfcc8afa_top/genus2invs.mode
@file 64:
@file 65:
@file 66: # MSV Setup
@file 67: ################################################################################
@file 68:
@file 69: # Reading NDR file
@file 70: source ./genus2invs__1001821_98bebad6-1f56-4d85-af38-42c022bfcc8afa_top/genus2invs.ndr.tcl
@file 71:
@file 72: # Reading Safety file
@file 73: pqos_eval { rcp::read_taf ./genus2invs__1001821_98bebad6-1f56-4d85-af38-42c022bfcc8afa_top/genus2invs.safety.taf.gz}
[genus2invs.safety.taf.gz]: empty.
@file 74:
@file 75: # Reading Instance Attributes file
@file 76: pqos_eval { rcp::read_taf ./genus2invs__1001821_98bebad6-1f56-4d85-af38-42c022bfcc8afa_top/genus2invs.inst_attributes.taf.gz}
[genus2invs.inst_attributes.taf.gz]: empty.
@file 77:
@file 78: # Reading subdesign attributes file
@file 79: pqos_eval { rcp::read_taf ./genus2invs__1001821_98bebad6-1f56-4d85-af38-42c022bfcc8afa_top/genus2invs.subdesign_attributes.taf.gz}
%# Begin ::rcp::silent_eval (07/07 00:32:26, mem=2948.71M)
%# End ::rcp::silent_eval (07/07 00:32:27, total cpu=16:00:00, real=16:00:01, peak res=2948.73M, current mem=2948.73M)
(genus2invs.subdesign_attributes.taf.gz): Summary count of attributes that could be applied
could_apply(comp_builder_info)        = 193
could_apply(gb_gdef_type)             = 204
could_apply(super_thread_speed_grade) = 193

[genus2invs.subdesign_attributes.taf.gz]: applied 590 attributes with 0 problems.
@file 80:
@file 81: # Reading minimum routing layer data file
@file 82: ################################################################################
@file 83: pqos_eval {rcp::load_min_layer_file ./genus2invs__1001821_98bebad6-1f56-4d85-af38-42c022bfcc8afa_top/genus2invs.min_layer {li1 met1 met2 met3 met4 met5} {1 2 3 4 5 6}}
%# Begin rcp::load_min_layer_file (07/07 00:32:27, mem=2948.74M)
Read 0 nets
%# End rcp::load_min_layer_file (07/07 00:32:27, total cpu=16:00:00, real=16:00:00, peak res=2948.87M, current mem=2948.87M)
@@file 84: eval_legacy {set edi_pe::pegConsiderMacroLayersUnblocked 1}
@@file 85: eval_legacy {set edi_pe::pegPreRouteWireWidthBasedDensityCalModel 1}
Updating RC Grid density data for preRoute extraction ...
Initializing multi-corner resistance tables ...
@file 86:
@file 87: set _t1 [clock seconds]
@file 88: puts [format  {%%%s End Genus to Innovus Setup (%s, real=%s)} \# [clock format $_t1 -format {%m/%d %H:%M:%S}] [clock format [expr {28800 + $_t1 - $_t0}] -format {%H:%M:%S}]]
%# End Genus to Innovus Setup (07/07 00:32:27, real=16:00:11)
@file 89:
#@ End verbose source ./genus2invs__1001821_98bebad6-1f56-4d85-af38-42c022bfcc8afa_top/genus2invs.invs_setup.tcl
UM:   flow.cputime  flow.realtime  timing.setup.tns  timing.setup.wns  snapshot
UM:*                                                                   genus2invs_setup
%# Design Import Complete (07/07 00:32:27, mem=2949.04M)
%# Begin ::rcp::predict_floorplan_control (07/07 00:32:27, mem=2949.07M)
Configuring predict_floorplan control settings
%# End ::rcp::predict_floorplan_control (07/07 00:32:27, total cpu=16:00:00, real=16:00:00, peak res=2950.07M, current mem=2949.07M)
**WARN: (IMPTCM-77):	Option "-fixPlacedMacros" for command setPlanDesignMode is obsolete and will be removed in a future release. The obsolete option still works in this release but to avoid this warning and to ensure compatibility with future releases, remove the obsolete option from your script.
**WARN: (IMPDBTCL-321):	The attribute 'plan_design_fix_placed_macros' still works but will be obsolete in a future major release. You should remove it from your script before the next major release to avoid errors.
**WARN: (IMPAFP-9024):	This command is hidden and will be obsolete in the next major release. For module placement, use proto_design instead. For macro placement, use place_design -concurrent_macros to place both standard cells and macros together.
**WARN: (IMPAFP-9024):	This command is hidden and will be obsolete in the next major release. For module placement, use proto_design instead. For macro placement, use place_design -concurrent_macros to place both standard cells and macros together.
**WARN: (IMPAFP-9024):	This command is hidden and will be obsolete in the next major release. For module placement, use proto_design instead. For macro placement, use place_design -concurrent_macros to place both standard cells and macros together.
**WARN: (IMPTCM-77):	Option "-honorOrientation" for command getPlanDesignMode is obsolete and will be removed in a future release. The obsolete option still works in this release but to avoid this warning and to ensure compatibility with future releases, remove the obsolete option from your script.
**WARN: (IMPAFP-9024):	This command is hidden and will be obsolete in the next major release. For module placement, use proto_design instead. For macro placement, use place_design -concurrent_macros to place both standard cells and macros together.
**WARN: (IMPTCM-77):	Option "-savePlacement" for command getPlanDesignMode is obsolete and will be removed in a future release. The obsolete option still works in this release but to avoid this warning and to ensure compatibility with future releases, remove the obsolete option from your script.
**WARN: (IMPAFP-9024):	This command is hidden and will be obsolete in the next major release. For module placement, use proto_design instead. For macro placement, use place_design -concurrent_macros to place both standard cells and macros together.
**WARN: (IMPTCM-77):	Option "-moduleAware" for command getPlanDesignMode is obsolete and will be removed in a future release. The obsolete option still works in this release but to avoid this warning and to ensure compatibility with future releases, remove the obsolete option from your script.
 *** Starting placeMacroHigh flow *** 
***** New seed flow = 1. *****  
Auto Seed: u_core/u_dot
Auto Seed: u_core/u_update
Auto Macro Seed: u_core/u_update/u_acc_sram
Auto Macro Seed: u_core/u_update/u_v_sram
Auto Macro Seed: u_core/u_update
Auto Macro Seed: u_core/u_dot/u_k_sram
Auto Macro Seed: u_core/u_dot/u_q_sram
Ignore PD Guides: numIgnoredGuide = 0 
INFO: #ExclusiveGroups=0
INFO: There are no Exclusive Groups.
Extracting standard cell pins and blockage ...... 
Pin and blockage extraction finished
Extracting macro/IO cell pins and blockage ...... 
Pin and blockage extraction finished
*** Starting "NanoPlace(TM) placement v#12 (mem=2954.4M)" ...
Estimated loop count for BSM: 44319
*** Build Buffered Sizing Timing Model
(cpu=0:00:01.3 mem=2971.7M) ***
*** Build Virtual Sizing Timing Model
(cpu=0:00:01.6 mem=2986.0M) ***
No user-set net weight.
Net fanout histogram:
2		: 239443 (65.1%) nets
3		: 60771 (16.5%) nets
4     -	14	: 64201 (17.5%) nets
15    -	39	: 2214 (0.6%) nets
40    -	79	: 546 (0.1%) nets
80    -	159	: 350 (0.1%) nets
160   -	319	: 25 (0.0%) nets
320   -	639	: 3 (0.0%) nets
640   -	1279	: 18 (0.0%) nets
1280  -	2559	: 1 (0.0%) nets
2560  -	5119	: 1 (0.0%) nets
5120+		: 1 (0.0%) nets
#std cell=364309 (0 fixed + 364309 movable) #buf cell=0 #inv cell=54496 #block=37 (37 floating + 0 preplaced)
#ioInst=0 #net=367574 #term=1109099 #term/net=3.02, #fixedIo=0, #floatIo=0, #fixedPin=0, #floatPin=821
stdCell: 364185 single + 32 double + 92 multi
Total standard cell length = 916.7395 (mm), area = 3.1329 (mm^2)
Average module density = 0.695.
Density for the design = 0.695.
       = (stdcell_area 1960046 sites (3132938 um^2) + block_area 2790017 sites (4459563 um^2)) / alloc_area 6834880 sites (10924872 um^2).
Pin Density = 0.1623.
            = total # of pins 1109099 / total area 6834880.
Fence Initialization: numPrefixFence = 0,  numAutoFence = 0, numPrefixGuide = 0  numAutoGuide = 0 numNoCon = 0 
Enabling multi-CPU acceleration with 8 CPU(s) for placement
=== lastAutoLevel = 11 
[spp] 0
Iteration  1: Total net bbox = 2.827e+06 (1.03e+06 1.80e+06)
              Est.  stn bbox = 2.956e+06 (1.08e+06 1.88e+06)
              cpu = 0:00:06.5 real = 0:00:04.0 mem = 3576.8M
User specified -module_cluster_mode =  0 

Iteration  2: Total net bbox = 2.828e+06 (1.03e+06 1.80e+06)
              Est.  stn bbox = 2.958e+06 (1.08e+06 1.88e+06)
              cpu = 0:00:00.3 real = 0:00:00.0 mem = 3637.6M
Iteration  3: Total net bbox = 3.896e+06 (1.62e+06 2.28e+06)
              Est.  stn bbox = 4.154e+06 (1.73e+06 2.43e+06)
              cpu = 0:00:01.4 real = 0:00:01.0 mem = 4205.9M


Iteration  4: Total net bbox = 7.644e+06 (1.96e+06 5.69e+06)
              Est.  stn bbox = 8.938e+06 (2.37e+06 6.56e+06)
              cpu = 0:01:07 real = 0:00:22.0 mem = 4233.2M


Iteration  5: Total net bbox = 9.160e+06 (4.13e+06 5.03e+06)
              Est.  stn bbox = 1.056e+07 (4.81e+06 5.75e+06)
              cpu = 0:00:52.0 real = 0:00:16.0 mem = 4251.3M


Iteration  6: Total net bbox = 1.097e+07 (5.17e+06 5.79e+06)
              Est.  stn bbox = 1.240e+07 (5.88e+06 6.52e+06)
              cpu = 0:03:12 real = 0:01:29 mem = 4513.8M
Iteration  7: Total net bbox = 1.360e+07 (7.46e+06 6.15e+06)
              Est.  stn bbox = 1.571e+07 (8.68e+06 7.03e+06)
              cpu = 0:02:09 real = 0:00:40.0 mem = 5018.3M
Iteration  8: Total net bbox = 1.360e+07 (7.46e+06 6.15e+06)
              Est.  stn bbox = 1.571e+07 (8.68e+06 7.03e+06)
              cpu = 0:00:55.7 real = 0:00:37.0 mem = 3747.0M
Iteration  9: Total net bbox = 1.277e+07 (7.13e+06 5.64e+06)
              Est.  stn bbox = 1.487e+07 (8.38e+06 6.49e+06)
              cpu = 0:02:06 real = 0:00:38.0 mem = 4535.5M
 RelinkConst: Total constraint = 2, Relinked 2 constraints . 
User specified -fenceSpacing =  -1.0000 
User specified fence spacing: -1.0000 um
===== HInst FP constraint u_core/u_update HInst utilization 1.000001, conUtil 0.737721 
===== HInst FP constraint u_core/u_dot HInst utilization 1.000002, conUtil 0.737722 
*** The nonConstraint instance area ratio is 0.694962 
*** The prefixed-fenceArea/coreBoxArea is 0.000000, The auto-ConstraintArea/coreBoxArea is 0.821576 
*** Total utilization of core box is 1.516539 
Start Auto fence creation, hasNoConInst = 1  .

================== Start Auto-Fence Creation ==================
User define fence spacing: -1.0000 um
Number of Movable Guide      : 0
Number of Movable Region     : 0
Number of Movable Fence      : 0
Number of Movable Soft Guide : 0
Total Movable Objects        : 0 (non-group: 0, group: 0)
Total Prefixed Objects       : 0
Total Partition Cut Objects  : 0



Number of Nested Objects    : 0
Number of Non-Nested Objects: 0
Number of Nested Sets       : 0
Number of Master&Clone Pairs: 0

Fence Spacing: 2.0000 um
Snap Spacing: X(0.4800 um), Y(3.3300 um)
Fence2Core Spaceing: 0.0000 um

==== Design Information ====
Core site: (0, 0) - (3307255, 3303360)
Design Whitespace: 100.00%
Maximum Logical Level: 0
Has Non-constraint Instance: 1
Allow Disjoint Whitespace: 0

==To Place Non-Nested Objects==
Targets: 
Number of Total Targets: 0

================== Finished Auto-Fence Creation ===============
*** Done Auto-Fence Creation, (cpu = 0:00:00.0, mem = 4539.4M, mem_delta = 3.9M) ***
End Auto fence creation 1.
New Seed Flow: add u_core/u_dot as hinst seed
New Seed Flow: add u_core/u_dot/u_q_sram as hinst seed
New Seed Flow: add u_core/u_dot/u_k_sram as hinst seed
New Seed Flow: add u_core/u_update as hinst seed
New Seed Flow: add u_core/u_update/u_v_sram as hinst seed
New Seed Flow: add u_core/u_update/u_acc_sram as hinst seed
MacroPlacer: Options: -pathConnWeight 1.000000 -bp 6 
MacroPlacer: Reading Data for Block Placer
MacroPlacer: total number of seeds contain macros: 5
MacroPlacer: total number of seeds:                6
MacroPlacer: total number of macros:               37
MacroPlacer: total number of clusters:             7
MacroPlacer: total number of std::ios:                  847
MacroPlacer: total number of nets:                 6355
MacroPlacer: total number of keepouts:             0
MacroPlacer: total number of fences:               0
MacroPlacer: total number of fixed macros:         0
MacroPlacer:           5878 2-pins nets
MacroPlacer:              0 3-pins nets
MacroPlacer:             32 4-pins nets
MacroPlacer:            410 5-pins nets
MacroPlacer: Merging nets.
MacroPlacer: total number of merged nets: 118
-maxRouteLayer is specified which turned on auto macro spacing estimation.
Macro spacing is determined by auto spacing estimation, ..., see documentation for details.
MacroPlacer: Finished data reading for Block Placer
... in Multi-Level Module Mode...
Start generating contour.
Completed data preparation.

================== Start to Place This Module ===============

==== Design Information ====
Core site: (0, 0) - (3307255, 3303360)
Num of Blocks 37 (M: 37, F: 0, O: 0)
 Generating virtual wall for each modules
...
Calling Macro Packer
...
	 Packing whole design.

== Macro Placement Stage 0 (7)==

---Succeed on placing blocks!
*** Done Macro Placing, (cpu = 0:00:00.0, mem = 4542.7M, mem_delta = 0.8M) ***
Num of placed blocks:   37 / 37
Num of unplaced blocks: 0

================== Done Placing This Module ===============
Placing Macro with -bp mode 6.
*** Done refineMacro, (cpu = 0:00:01.1, mem = 4542.1M, mem_delta = 2.7M) ***
$$$$ RefineAll 37  macros
Iteration 10: Total net bbox = 2.839e+07 (1.52e+07 1.32e+07)
              Est.  stn bbox = 3.058e+07 (1.65e+07 1.41e+07)
              cpu = 0:08:26 real = 0:03:29 mem = 4542.1M
*** cost = 2.839e+07 (1.52e+07 1.32e+07) (cpu for global=0:08:26) real=495376:36:03***
Placement multithread real runtime: 495376:36:03 with 8 threads.
Solver runtime cpu: 0:05:59 real: 0:01:43
Core Placement runtime cpu: 0:06:31 real: 0:02:09
*** Free Virtual Timing Model ...(mem=4542.1M)
      flow.cputime  flow.realtime  timing.setup.tns  timing.setup.wns  snapshot
UM:*                                                                   final
      flow.cputime  flow.realtime  timing.setup.tns  timing.setup.wns  snapshot
UM:*                                                                   global_place
*** Finishing placeMacroHigh flow ***
***** runMacroHigh mode(initial) =   0 
checkFence: found no fence violation.
Checking routing tracks.....
Checking other grids.....
Checking FINFET Grid is on Manufacture Grid.....
Checking core/die box is on Grid.....
**WARN: (IMPFP-7235):	DIE's corner: (3307.2550000000 , 3303.3600000000) is NOT on PlacementGrid,  Please use command get_db to check current Grid settings, use command set_db to change which grid to snap to. And use command get_db floorplan_*_grid to get grids' offset and pitch. Command create_floorplan can be used to fix this issue.
**WARN: (IMPFP-7237):	CORE's corner: (3307.2550000000 , 3303.3600000000) is NOT on PlacementGrid,  Please use command get_db to check current Grid settings, use command set_db to change which grid to snap to. And use command get_db floorplan_*_grid to get grids' offset and pitch. Command create_floorplan can be used to fix this issue.
Checking snap rule ......
Checking Row is on grid......
Checking AreaIO row.....
Checking row out of die ...
Checking row across power domain ...
Checking routing blockage.....
Checking placement blockage.....
placeBlkGrid grid_type = 1 
Checking components.....
**WARN: (IMPFP-10013):	Halo should be created around block u_core/u_dot/u_q_sram/g_bank[0].u_bank/u_mem and snapping rules are not checked since it's width is not multiple of default tech site's width.
**WARN: (IMPFP-10013):	Halo should be created around block u_core/u_dot/u_q_sram/g_bank[0].u_bank/u_mem and snapping rules are not checked since it's height is not multiple of default tech site's height.
**WARN: (IMPFP-10013):	Halo should be created around block u_core/u_dot/u_q_sram/g_bank[1].u_bank/u_mem and snapping rules are not checked since it's width is not multiple of default tech site's width.
**WARN: (IMPFP-10013):	Halo should be created around block u_core/u_dot/u_q_sram/g_bank[1].u_bank/u_mem and snapping rules are not checked since it's height is not multiple of default tech site's height.
**WARN: (IMPFP-10013):	Halo should be created around block u_core/u_dot/u_q_sram/g_bank[2].u_bank/u_mem and snapping rules are not checked since it's width is not multiple of default tech site's width.
**WARN: (IMPFP-10013):	Halo should be created around block u_core/u_dot/u_q_sram/g_bank[2].u_bank/u_mem and snapping rules are not checked since it's height is not multiple of default tech site's height.
**WARN: (IMPFP-10013):	Halo should be created around block u_core/u_dot/u_q_sram/g_bank[3].u_bank/u_mem and snapping rules are not checked since it's width is not multiple of default tech site's width.
**WARN: (IMPFP-10013):	Halo should be created around block u_core/u_dot/u_q_sram/g_bank[3].u_bank/u_mem and snapping rules are not checked since it's height is not multiple of default tech site's height.
**WARN: (IMPFP-10013):	Halo should be created around block u_core/u_dot/u_q_sram/g_bank[4].u_bank/u_mem and snapping rules are not checked since it's width is not multiple of default tech site's width.
**WARN: (IMPFP-10013):	Halo should be created around block u_core/u_dot/u_q_sram/g_bank[4].u_bank/u_mem and snapping rules are not checked since it's height is not multiple of default tech site's height.
**WARN: (IMPFP-10013):	Halo should be created around block u_core/u_dot/u_q_sram/g_bank[5].u_bank/u_mem and snapping rules are not checked since it's width is not multiple of default tech site's width.
**WARN: (IMPFP-10013):	Halo should be created around block u_core/u_dot/u_q_sram/g_bank[5].u_bank/u_mem and snapping rules are not checked since it's height is not multiple of default tech site's height.
**WARN: (IMPFP-10013):	Halo should be created around block u_core/u_dot/u_q_sram/g_bank[6].u_bank/u_mem and snapping rules are not checked since it's width is not multiple of default tech site's width.
**WARN: (IMPFP-10013):	Halo should be created around block u_core/u_dot/u_q_sram/g_bank[6].u_bank/u_mem and snapping rules are not checked since it's height is not multiple of default tech site's height.
**WARN: (IMPFP-10013):	Halo should be created around block u_core/u_dot/u_q_sram/g_bank[7].u_bank/u_mem and snapping rules are not checked since it's width is not multiple of default tech site's width.
**WARN: (IMPFP-10013):	Halo should be created around block u_core/u_dot/u_q_sram/g_bank[7].u_bank/u_mem and snapping rules are not checked since it's height is not multiple of default tech site's height.
**WARN: (IMPFP-10013):	Halo should be created around block u_core/u_dot/u_k_sram/g_bank[0].u_bank/u_mem and snapping rules are not checked since it's width is not multiple of default tech site's width.
**WARN: (IMPFP-10013):	Halo should be created around block u_core/u_dot/u_k_sram/g_bank[0].u_bank/u_mem and snapping rules are not checked since it's height is not multiple of default tech site's height.
**WARN: (IMPFP-10013):	Halo should be created around block u_core/u_dot/u_k_sram/g_bank[1].u_bank/u_mem and snapping rules are not checked since it's width is not multiple of default tech site's width.
**WARN: (IMPFP-10013):	Halo should be created around block u_core/u_dot/u_k_sram/g_bank[1].u_bank/u_mem and snapping rules are not checked since it's height is not multiple of default tech site's height.
**WARN: (EMS-27):	Message (IMPFP-10013) has exceeded the current message display limit of 20.
To increase the message display limit, refer to the product command reference manual.
Checking IO Pads out of die...
Checking constraints (guide/region/fence).....

Checking Preroutes.....
No. of regular pre-routes not on tracks : 0 

Reporting Utilizations.....

Core utilization  = 69.425683
Effective Utilizations
Average macro density = 0.000.
Average module density = 0.486.
Pure std cell Density 0.486387
 Density for the design = 0.486.
       = stdcell_area 1960046 sites (3132938 um^2) / alloc_area 4029804 sites (6441239 um^2).
Pin Density = 0.1626.
            = total # of pins 1111181 / total area 6834880.

*** Summary of all messages that are not suppressed in this session:
Severity  ID               Count  Summary                                  
WARNING   IMPFP-7237           1  CORE's corner: %s is NOT on %s,  Please ...
WARNING   IMPFP-7235           1  DIE's corner: %s is NOT on %s,  Please u...
WARNING   IMPFP-10013         74  Halo should be created around block %s a...
WARNING   IMPAFP-9024          3  This command is hidden and will be obsol...
WARNING   IMPTCM-77            3  Option "%s" for command %s is obsolete a...
*** Message Summary: 82 warning(s), 0 error(s)

Starting IO pin assignment...
The design is not placed. Using create_floorplan based method for pin assignment.
**WARN: (IMPPTN-1754):	89.96% of possible pin-positions on layer [3] on the top side of partition [fa_top] from (2534.64, 3303.36) to (3069.36, 3303.36) are blocked due to an instance [u_core/u_dot/u_q_sram/g_bank[6].u_bank/u_mem] at [5.68] microns from partition boundary. This may affect the quality of pin assignment. Use set_db assign_pins_restricted_boundary_macro_distance and set_db assign_pins_blocked_boundary_macro_distance with smaller distance to remove influence of this modes in pin assignment.
**WARN: (IMPPTN-1754):	89.92% of possible pin-positions on layer [5] on the top side of partition [fa_top] from (2534.64, 3303.36) to (3069.60, 3303.36) are blocked due to an instance [u_core/u_dot/u_q_sram/g_bank[6].u_bank/u_mem] at [5.68] microns from partition boundary. This may affect the quality of pin assignment. Use set_db assign_pins_restricted_boundary_macro_distance and set_db assign_pins_blocked_boundary_macro_distance with smaller distance to remove influence of this modes in pin assignment.
**WARN: (IMPPTN-1754):	89.98% of possible pin-positions on layer [2] on the left side of partition [fa_top] from (0.00, 2767.41) to (0.00, 3302.43) are blocked due to an instance [u_core/u_update/u_v_sram/g_bank[0].u_bank_p0/u_mem] at [5.68] microns from partition boundary. This may affect the quality of pin assignment. Use set_db assign_pins_restricted_boundary_macro_distance and set_db assign_pins_blocked_boundary_macro_distance with smaller distance to remove influence of this modes in pin assignment.
**WARN: (IMPPTN-1754):	89.98% of possible pin-positions on layer [4] on the left side of partition [fa_top] from (0.00, 2767.14) to (0.00, 3302.12) are blocked due to an instance [u_core/u_update/u_v_sram/g_bank[0].u_bank_p0/u_mem] at [5.68] microns from partition boundary. This may affect the quality of pin assignment. Use set_db assign_pins_restricted_boundary_macro_distance and set_db assign_pins_blocked_boundary_macro_distance with smaller distance to remove influence of this modes in pin assignment.
**WARN: (IMPPTN-1754):	89.98% of possible pin-positions on layer [2] on the left side of partition [fa_top] from (0.00, 0.18) to (0.00, 535.21) are blocked due to an instance [u_core/u_update/u_acc_sram/g_bank[0].u_bank/u_mem] at [5.68] microns from partition boundary. This may affect the quality of pin assignment. Use set_db assign_pins_restricted_boundary_macro_distance and set_db assign_pins_blocked_boundary_macro_distance with smaller distance to remove influence of this modes in pin assignment.
**WARN: (IMPPTN-1754):	89.97% of possible pin-positions on layer [4] on the left side of partition [fa_top] from (0.00, 0.80) to (0.00, 535.15) are blocked due to an instance [u_core/u_update/u_acc_sram/g_bank[0].u_bank/u_mem] at [5.68] microns from partition boundary. This may affect the quality of pin assignment. Use set_db assign_pins_restricted_boundary_macro_distance and set_db assign_pins_blocked_boundary_macro_distance with smaller distance to remove influence of this modes in pin assignment.
**WARN: (IMPPTN-1754):	89.98% of possible pin-positions on layer [2] on the left side of partition [fa_top] from (0.00, 536.69) to (0.00, 1071.70) are blocked due to an instance [u_core/u_update/u_acc_sram/g_bank[3].u_bank/u_mem] at [5.68] microns from partition boundary. This may affect the quality of pin assignment. Use set_db assign_pins_restricted_boundary_macro_distance and set_db assign_pins_blocked_boundary_macro_distance with smaller distance to remove influence of this modes in pin assignment.
**WARN: (IMPPTN-1754):	89.98% of possible pin-positions on layer [4] on the left side of partition [fa_top] from (0.00, 536.38) to (0.00, 1071.35) are blocked due to an instance [u_core/u_update/u_acc_sram/g_bank[3].u_bank/u_mem] at [5.68] microns from partition boundary. This may affect the quality of pin assignment. Use set_db assign_pins_restricted_boundary_macro_distance and set_db assign_pins_blocked_boundary_macro_distance with smaller distance to remove influence of this modes in pin assignment.
**WARN: (IMPPTN-1754):	89.98% of possible pin-positions on layer [2] on the left side of partition [fa_top] from (0.00, 1072.82) to (0.00, 1607.84) are blocked due to an instance [u_core/u_update/u_acc_sram/g_bank[6].u_bank/u_mem] at [5.68] microns from partition boundary. This may affect the quality of pin assignment. Use set_db assign_pins_restricted_boundary_macro_distance and set_db assign_pins_blocked_boundary_macro_distance with smaller distance to remove influence of this modes in pin assignment.
**WARN: (IMPPTN-1754):	89.98% of possible pin-positions on layer [4] on the left side of partition [fa_top] from (0.00, 1073.17) to (0.00, 1608.14) are blocked due to an instance [u_core/u_update/u_acc_sram/g_bank[6].u_bank/u_mem] at [5.68] microns from partition boundary. This may affect the quality of pin assignment. Use set_db assign_pins_restricted_boundary_macro_distance and set_db assign_pins_blocked_boundary_macro_distance with smaller distance to remove influence of this modes in pin assignment.
**WARN: (IMPPTN-1754):	89.98% of possible pin-positions on layer [2] on the left side of partition [fa_top] from (0.00, 1609.32) to (0.00, 2144.34) are blocked due to an instance [u_core/u_update/u_acc_sram/g_bank[9].u_bank/u_mem] at [5.68] microns from partition boundary. This may affect the quality of pin assignment. Use set_db assign_pins_restricted_boundary_macro_distance and set_db assign_pins_blocked_boundary_macro_distance with smaller distance to remove influence of this modes in pin assignment.
**WARN: (IMPPTN-1754):	89.98% of possible pin-positions on layer [4] on the left side of partition [fa_top] from (0.00, 1609.37) to (0.00, 2144.34) are blocked due to an instance [u_core/u_update/u_acc_sram/g_bank[9].u_bank/u_mem] at [5.68] microns from partition boundary. This may affect the quality of pin assignment. Use set_db assign_pins_restricted_boundary_macro_distance and set_db assign_pins_blocked_boundary_macro_distance with smaller distance to remove influence of this modes in pin assignment.
Completed IO pin assignment.
There are 0 path_groups defined before optimization.
save_interface_files ...
%# Begin ::rcp_cui::save_interface_files (07/07 00:36:12, mem=3549.00M)
Writing Reduced outputs for Spatial High Effort
Info: Syncronize Metrics ...
UM: Running design category ...
      flow.cputime  flow.realtime  timing.setup.tns  timing.setup.wns  snapshot
UM:          11.48             14                                      invs2genus
rcp_cui::save_interface_file:  flow == 'fplan'
rcp_cui::save_interface_file:  fe_view_list == 'default_emulate_view'
rcp_cui::save_interface_file:  wnm_flow == '0'
rcp_cui::save_interface_file:  shep_write_congestion == '0'
rcp_cui::save_interface_file:  x2def_mode == '0'
rcp_cui::save_interface_file:  iprefix == 'genus2invs'
rcp_cui::save_interface_file:  idir == './genus2invs__1001821_98bebad6-1f56-4d85-af38-42c022bfcc8afa_top'
rcp_cui::save_interface_file:  design == 'design:fa_top'
rcp_cui::save_interface_file:  congestion_include_blockage == '0'
rcp_cui::save_interface_file:  chk_fp == '0'
rcp_cui::save_interface_file:  shep_save_only_db == '0'
rcp_cui::save_interface_file:  fe_colorized == '1'
rcp_cui::save_interface_file:  ndr_only == '1'
rcp_cui::save_interface_file:  innovus_constraint_interface == 'mmmc2'
rcp_cui::save_interface_file:  tim_mode == ''
rcp_cui::save_interface_file:  do_fp == '1'
rcp_cui::save_interface_file:  des_str == 'fa_top'
rcp_cui::save_interface_file:  spatial == '1'
rcp_cui::save_interface_file:  congestion_3d == '0'
rcp_cui::save_interface_file:  cts_effort == ''
rcp_cui::save_interface_file:  fe_use_um == '1'
rcp_cui::save_interface_file:  odir == './genus2invs__1001821_98bebad6-1f56-4d85-af38-42c022bfcc8afa_top'
rcp_cui::save_interface_file:  2d_compression == '0'
rcp_cui::save_interface_file:  do_fe_pd == '0'
rcp_cui::save_interface_file:  fp_mode == '1'
rcp_cui::save_interface_file:  incr_plc == '0'
rcp_cui::save_interface_file:  eco_mode == '0'
rcp_cui::save_interface_file:  cts_clk == ''
rcp_cui::save_interface_file:  oprefix == 'invs2genus'
rcp_cui::save_interface_file:  no_mmmc == '0'
rcp_cui::save_interface_file:  genus_constraint_interface == 'smsc'
rcp_cui::save_interface_file:  no_update == '0'
rcp_cui::save_interface_file:  do_sdp == '0'
rcp_cui::save_interface_file:  invs_ld_pd == '1'
rcp_cui::save_interface_file:  no_msv == '1'
rcp_cui::save_interface_file:  no_spef == '0'
rcp_cui::save_interface_file:  place_effort == ''
rcp_cui::save_interface_file:  tdrc_valid == '0'
rcp_cui::save_interface_file:  save_fe_db == '0'
rcp_cui::save_interface_file:  ispatial == '0'
rcp_cui::save_interface_file:  opt_effort == 'none'
rcp_cui::save_interface_file:  fe_consistency_check == '0'
rcp_cui::save_interface_file:  no_scan == '1'
rcp_cui::save_interface_file:  mem_mode == '0'
rcp_cui::save_interface_file:  del_corner == ''
rcp_cui::save_interface_file:  write_pin_properties == '0'
rcp_cui::save_interface_file:  qos_mode == '0'
rcp_cui::save_interface_file:  hdl_name_flow == '0'
rcp_cui::save_interface_file:  fe_wnm_file == ''
rcp_cui::save_interface_file:  fe_mcmd == './genus2invs__1001821_98bebad6-1f56-4d85-af38-42c022bfcc8afa_top/invs2genus.cmdWarn'
rcp_cui::save_interface_file:  fe_pwr == ''
rcp_cui::save_interface_file:  fe_1801 == ''
rcp_cui::save_interface_file:  fe_flag == './genus2invs__1001821_98bebad6-1f56-4d85-af38-42c022bfcc8afa_top/.invs2genus.encDone'
rcp_cui::save_interface_file:  fe_xdata == './genus2invs__1001821_98bebad6-1f56-4d85-af38-42c022bfcc8afa_top/invs2genus.xdata'
rcp_cui::save_interface_file:  fe_fcmd == './genus2invs__1001821_98bebad6-1f56-4d85-af38-42c022bfcc8afa_top/invs2genus.cmdFail'
rcp_cui::save_interface_file:  fe_sdef == './genus2invs__1001821_98bebad6-1f56-4d85-af38-42c022bfcc8afa_top/invs2genus.scan.def'
rcp_cui::save_interface_file:  fe_load_stat == './genus2invs__1001821_98bebad6-1f56-4d85-af38-42c022bfcc8afa_top/invs2genus_load.stat'
rcp_cui::save_interface_file:  fe_def_lnk == './genus2invs__1001821_98bebad6-1f56-4d85-af38-42c022bfcc8afa_top/invs2genus.def.gz'
rcp_cui::save_interface_file:  fe_ndr == './genus2invs__1001821_98bebad6-1f56-4d85-af38-42c022bfcc8afa_top/invs2genus.ndr.tcl'
rcp_cui::save_interface_file:  fe_pd == ''
rcp_cui::save_interface_file:  fe_globals == './genus2invs__1001821_98bebad6-1f56-4d85-af38-42c022bfcc8afa_top/invs2genus.globals'
rcp_cui::save_interface_file:  fe_tcf == ''
rcp_cui::save_interface_file:  fe_rc == './genus2invs__1001821_98bebad6-1f56-4d85-af38-42c022bfcc8afa_top/invs2genus_final.avgRC'
rcp_cui::save_interface_file:  fe_load_rpt == './genus2invs__1001821_98bebad6-1f56-4d85-af38-42c022bfcc8afa_top/invs2genus_load'
rcp_cui::save_interface_file:  fe_db == './genus2invs__1001821_98bebad6-1f56-4d85-af38-42c022bfcc8afa_top/invs2genus_db'
rcp_cui::save_interface_file:  fe_subdesign_taf == './genus2invs__1001821_98bebad6-1f56-4d85-af38-42c022bfcc8afa_top/invs2genus.subdesign_attributes.taf.gz'
rcp_cui::save_interface_file:  fe_rpt == './genus2invs__1001821_98bebad6-1f56-4d85-af38-42c022bfcc8afa_top/invs2genus_final'
rcp_cui::save_interface_file:  fe_metrics == './genus2invs__1001821_98bebad6-1f56-4d85-af38-42c022bfcc8afa_top/invs2genus.metrics.json'
rcp_cui::save_interface_file:  fe_sdp == ''
rcp_cui::save_interface_file:  fe_def == './genus2invs__1001821_98bebad6-1f56-4d85-af38-42c022bfcc8afa_top/invs2genus.def.gz'
rcp_cui::save_interface_file:  fe_vflag == './genus2invs__1001821_98bebad6-1f56-4d85-af38-42c022bfcc8afa_top/.invs2genus.encVerFail'
rcp_cui::save_interface_file:  fe_inst_taf == './genus2invs__1001821_98bebad6-1f56-4d85-af38-42c022bfcc8afa_top/invs2genus.inst_attributes.taf.gz'
rcp_cui::save_interface_file:  fe_con == './genus2invs__1001821_98bebad6-1f56-4d85-af38-42c022bfcc8afa_top/invs2genus.sdc'
rcp_cui::save_interface_file:  fe_cpf == ''
rcp_cui::save_interface_file:  fe_mmmc == './genus2invs__1001821_98bebad6-1f56-4d85-af38-42c022bfcc8afa_top/invs2genus.mmmc.tcl'
rcp_cui::save_interface_file:  fe_gridinfo == './genus2invs__1001821_98bebad6-1f56-4d85-af38-42c022bfcc8afa_top/invs2genus.gridinfo'
rcp_cui::save_interface_file:  fe_log == './genus2invs__1001821_98bebad6-1f56-4d85-af38-42c022bfcc8afa_top/innovus'
rcp_cui::save_interface_file:  fe_cts == './genus2invs__1001821_98bebad6-1f56-4d85-af38-42c022bfcc8afa_top/invs2genus.ctstch'
rcp_cui::save_interface_file:  fe_nl == './genus2invs__1001821_98bebad6-1f56-4d85-af38-42c022bfcc8afa_top/invs2genus.v.gz'
rcp_cui::save_interface_file:  fe_reportwire == './genus2invs__1001821_98bebad6-1f56-4d85-af38-42c022bfcc8afa_top/invs2genus.reportwire.txt'
rcp_cui::save_interface_file:  fe_svr == './genus2invs__1001821_98bebad6-1f56-4d85-af38-42c022bfcc8afa_top/invs2genus.svr.tcl'
rcp_cui::save_interface_file:  fe_lec == './genus2invs__1001821_98bebad6-1f56-4d85-af38-42c022bfcc8afa_top/invs2genus.lec.taf.gz'
rcp_cui::save_interface_file:  fe_stat == './genus2invs__1001821_98bebad6-1f56-4d85-af38-42c022bfcc8afa_top/invs2genus_final.stat'
rcp_cui::save_interface_file:  fe_basename == './genus2invs__1001821_98bebad6-1f56-4d85-af38-42c022bfcc8afa_top/invs2genus'
rcp_cui::save_interface_file:  fe_lflag == './genus2invs__1001821_98bebad6-1f56-4d85-af38-42c022bfcc8afa_top/.invs2genus.encLicFail'
rcp_cui::save_interface_file:  fe_spef == ''
rcp_cui::save_interface_file:  fe_dotg == './genus2invs__1001821_98bebad6-1f56-4d85-af38-42c022bfcc8afa_top/invs2genus.g.gz'
rcp_cui::save_interface_file:  fe_ndr_taf == './genus2invs__1001821_98bebad6-1f56-4d85-af38-42c022bfcc8afa_top/invs2genus.ndr.taf.gz'
rcp_cui::save_interface_file:  fe_final_db == ''
rcp_cui::save_interface_file:  fe_route_cmap == ''
rcp_cui::save_interface_file:  fe_aae == './genus2invs__1001821_98bebad6-1f56-4d85-af38-42c022bfcc8afa_top/invs2genus.aae_globals.tcl'
STATS: Capture
Writing DEF file './genus2invs__1001821_98bebad6-1f56-4d85-af38-42c022bfcc8afa_top/invs2genus.def.gz', current time is Tue Jul  7 00:36:20 2026 ...
unitPerMicron=1000, dbgMicronPerDBU=0.001000, unitPerDBU=1.000000
DEF file './genus2invs__1001821_98bebad6-1f56-4d85-af38-42c022bfcc8afa_top/invs2genus.def.gz' is written, current time is Tue Jul  7 00:36:20 2026 ...
      flow.cputime  flow.realtime  timing.setup.tns  timing.setup.wns  snapshot
UM:*                                                                   write_def
Resetting transient modes.
%# Begin ::rcp::wait_for_children (07/07 00:36:21, mem=3582.56M)
Starting parallel execution of queued child processes.
%# End ::rcp::wait_for_children (07/07 00:36:21, total cpu=16:00:00, real=16:00:00, peak res=5064.78M, current mem=3582.57M)

Writing out Metrics file - ./genus2invs__1001821_98bebad6-1f56-4d85-af38-42c022bfcc8afa_top/invs2genus.metrics.json
      flow.cputime  flow.realtime  timing.setup.tns  timing.setup.wns  snapshot
UM:*                                                                   invs2genus_export
%# Begin rcp::final_db (07/07 00:36:21, mem=3584.09M)
%# End rcp::final_db (07/07 00:36:21, total cpu=16:00:00, real=16:00:00, peak res=5064.78M, current mem=3584.09M)
%# End ::rcp_cui::save_interface_files (07/07 00:36:21, total cpu=16:00:07, real=16:00:09, peak res=5064.78M, current mem=3584.09M)
Writing extraction data from Innovus to ./genus2invs__1001821_98bebad6-1f56-4d85-af38-42c022bfcc8afa_top/invs2genus.xdata
{100,100}
*** Message Summary: 1591 warning(s), 198020 error(s)


*** Memory Usage v#3 (Current mem = 3585.059M, initial mem = 959.250M) ***
--- Ending "Innovus" (totcpu=0:09:32, real=0:04:44, mem=3585.1M) ---


Finished batch session (command execution time: real mm:ss 04:50).
%# End launch_innovus (07/07 00:36:26, total cpu=16:00:01, real=16:04:51, peak res=5873.40M, current mem=2865.95M)
Updating database...
%# Begin phys_update_database (07/07 00:36:26, mem=2865.95M)
%# Begin preload_script (07/07 00:36:26, mem=2865.95M)
%# End preload_script (07/07 00:36:26, total cpu=16:00:00, real=16:00:00, peak res=5873.40M, current mem=2865.95M)
      flow.cputime  flow.realtime  timing.setup.tns  timing.setup.wns  snapshot
UM:*                                                                   preload_script
%# Begin read_metric (07/07 00:36:26, mem=2865.95M)
%# End read_metric (07/07 00:36:26, total cpu=16:00:00, real=16:00:00, peak res=5873.40M, current mem=2865.95M)
      flow.cputime  flow.realtime  timing.setup.tns  timing.setup.wns  snapshot
UM:*                                                                   read_metric
  Resetting attribute of root '/': 'init_state' = uninitialized
Warning : This attribute will be obsolete in a next major release. [TUI-32]
        : attribute: 'enc_statistics', object type: 'design'
Warning : This attribute will be obsolete in a next major release. [TUI-32]
        : attribute: 'enc_version', object type: 'design'
%# Begin read_sdc (07/07 00:36:27, mem=2865.95M)
%# End read_sdc (07/07 00:36:27, total cpu=16:00:00, real=16:00:00, peak res=5873.40M, current mem=2865.95M)
      flow.cputime  flow.realtime  timing.setup.tns  timing.setup.wns  snapshot
UM:*                                                                   read_sdc
%# Begin read_def (07/07 00:36:27, mem=2865.95M)

Reading and processing DEF file './genus2invs__1001821_98bebad6-1f56-4d85-af38-42c022bfcc8afa_top/invs2genus.def.gz'...
Warning : Enabling message severity downgrade. [TUI-82]
        : Enabling message severity downgrade can result in unexpected tool behavior.
Parsing DEF file...


Done parsing DEF file (wall time: 3s, CPU time: 2517ms).
Processing DEF file...

Creating gcells from DEF (count: 170624)
  Summary report for DEF file './genus2invs__1001821_98bebad6-1f56-4d85-af38-42c022bfcc8afa_top/invs2genus.def.gz'

    Components
    ----------
        Cover:  0
        Fixed: 37
   Soft Fixed:  0
     Physical:  0
         Bump:  0
       Placed:  0
     Unplaced:  0
        TOTAL: 37 (37 are class macro)
   
          Pins
          ----
        Cover:   0
        Fixed: 847
     Physical:   0
       Placed:   0
     Unplaced:   0
        TOTAL: 847
   
          Nets
          ----
         Read: 0
      Skipped: 0
        TOTAL: 0
   
   SpecialNets
   -----------
         Read: 0
      Skipped: 0
        TOTAL: 0
   
       Fences: 0
       Guides: 0
      Regions: 0

Done processing DEF file (wall time: 0s, CPU time: 181ms).
   
  ========================
  Physical Message Summary
  ========================
   
  37 / 0  I  PHYS-181  Full preserve set on instance.
   
Info : Initializing 2-D Early Global router engine...
Info : Installing 2-D Early Global router...
Info : Early Global router engine is using 8 threads.
Info : 2-D Early Global router initialization complete.
Info : 2-D Early Global router installation complete.
Info : Installing 3-D Early Global router...
Info : 3-D Early Global router installation complete.
Warning : Enabling message severity downgrade. [TUI-82]
        : Enabling message severity downgrade can result in unexpected tool behavior.
Done reading and processing DEF file './genus2invs__1001821_98bebad6-1f56-4d85-af38-42c022bfcc8afa_top/invs2genus.def.gz' (wall time: 5s, CPU time: 4397ms).

%# End read_def (07/07 00:36:32, total cpu=16:00:04, real=16:00:05, peak res=5873.40M, current mem=3507.30M)
      flow.cputime  flow.realtime  timing.setup.tns  timing.setup.wns  snapshot
UM:*                                                                   read_def
%# End phys_update_database (07/07 00:36:32, total cpu=16:00:05, real=16:00:06, peak res=5873.40M, current mem=3507.30M)
      flow.cputime  flow.realtime  timing.setup.tns  timing.setup.wns  snapshot
UM:*                                                                   phys_update_database




Finished floorplan prediction (command execution time mm:ss (real) = 07:22).

INFO: predict_floorplan succeeded.
INFO: Running physical-aware synthesis stages.

=============================================================================
  Generated by: Cadence Genus(TM) Synthesis Solution 25.12-s067_1
  Generated on: Jul  7 2026 00:36:43
  Module:       fa_top
=============================================================================

=========================
  check_floorplan SUMMARY
=========================
--------------------------------------------------------------------------------------------------------------
        Floorplan Object  |  Status  | #Violations |   #Total    |    ID     |  Violation Reason 
--------------------------------------------------------------------------------------------------------------
Core/Die Box              |   PASS   |          0  |          1  |           |                                                             
ROW Definitions           |   PASS   |          0  |          1  |           |                                                             
ROW Site References       |   PASS   |          0  |        992  |           |                                                             
Primary Port Placement    |   PASS   |          0  |        847  |           |                                                             
Hard Macro Placement      |   PASS   |          0  |         37  |           |                                                             
Macro Pin Outside Die     |   PASS   |          0  |       8145  |           |                                                             
Sites With No Rows        |   PASS   |          0  |          1  |           |                                                             
--------------------------------------------------------------------------------------------------------------

There is no error or warning detected for the floorplan.

Done checking floorplan - Elapsed time 0s, CPU time: 0.06s

Checking routing resources.

Done checking routing resources.
stamp 'PBS_Generic-Start' being created for table 'pbs_debug'

  Total Time (Wall) |  Stage Time (Wall)  |   % (Wall)   |    Date - Time     |  Memory   | Stage
--------------------+---------------------+--------------+--------------------+-----------+----------------------
 00:03:34(00:08:41) |  00:00:00(00:00:00) |   0.0(  0.0) |    0:36:44 (Jul07) |   2.37 GB | PBS_Generic-Start
--------------------+---------------------+--------------+--------------------+-----------+----------------------
Number of threads: 8 * 2   (id: pbs_debug, time_info v1.57)
Info: (*N*) indicates data that was populated from previously saved time_info database
Info: CPU time includes time of parent + longest thread
Info    : Undriven module input port. [ELABUTL-131]
        : Assuming a logic '0' value for undriven bits of port 'wr_valid' of instance 'u_stream' of module 'axi_stream_data_adapter'.
        : The 'hdl_unconnected_value' attribute controls treatment of undriven input port.
Info    : Undriven module input port. [ELABUTL-131]
        : Assuming a logic '0' value for undriven bits of port 'wr_data' of instance 'u_stream' of module 'axi_stream_data_adapter'.
Info    : Undriven module input port. [ELABUTL-131]
        : Assuming a logic '0' value for undriven bits of port 'wr_strb' of instance 'u_stream' of module 'axi_stream_data_adapter'.
Info    : Undriven module input port. [ELABUTL-131]
        : Assuming a logic '0' value for undriven bits of port 'wr_last' of instance 'u_stream' of module 'axi_stream_data_adapter'.
Info    : Deleting instances not driving any primary outputs. [GLO-34]
        : Deleting 498 sequential instances.
        : Optimizations such as constant propagation or redundancy removal could change the connections so a hierarchical instance does not drive any primary outputs anymore. To see the list of deleted hierarchical instances, set the 'information_level' attribute to 2 or above. If the message is truncated set the message attribute 'truncate' to false to see the complete list. To prevent this optimization, set the 'delete_unloaded_insts' root/subdesign attribute to 'false' or 'preserve' instance attribute to 'true'.
Info    : Deleting instances not driving any primary outputs. [GLO-34]
        : Deleting 26 hierarchical instances.

Stage: pre_early_cg
-----------------------------------------------
| Transform | Accepts | Rejects | Runtime (s) | 
-----------------------------------------------
-----------------------------------------------
Mapping ChipWare ICG instances in fa_top
Found 0 unmapped ChipWare ICG instances
Mapped 0 of 0 ChipWare ICG instances
##Generic Timing Info: typical gate delay  133.9 ps   std_slew:   16.0 ps   std_load:  4.8 fF  for library domain _default_
Starting mux data reorder optimization [v1.0] (stage: pre_to_gen_setup, startdef: fa_top, recur: true)
Completed mux data reorder optimization (accepts: 0, rejects: 0, runtime: 0.005s)

Stage: pre_to_gen_setup
-----------------------------------------------------
| Transform       | Accepts | Rejects | Runtime (s) | 
-----------------------------------------------------
| hlo_mux_reorder |       0 |       0 |        0.00 | 
-----------------------------------------------------
Running DP early constant propagation (netlist fa_top)...
Running DP early redundancy removal
Completed DP early redundancy removal on fa_top (runtime = 1.0s)
Multi-threaded constant propagation [4|0] ...
Info    : Replacing the synchronous part of an always feeding back flip-flop with a logic constant. [GLO-45]
        : The instance is 'u_page/cmd_bytes_reg[15]'. The constant is '0'.
        : To prevent this optimization, set 'optimize_constant_feedback_seqs' root attribute to 'false'. The instance attribute 'optimize_constant_feedback_seq' controls this optimization. 
Info    : Replacing the synchronous part of an always feeding back flip-flop with a logic constant. [GLO-45]
        : The instance is 'u_page/cmd_bytes_reg[14]'. The constant is '0'.
Info    : Replacing the synchronous part of an always feeding back flip-flop with a logic constant. [GLO-45]
        : The instance is 'u_page/cmd_bytes_reg[13]'. The constant is '0'.
Info    : Replacing the synchronous part of an always feeding back flip-flop with a logic constant. [GLO-45]
        : The instance is 'u_page/cmd_bytes_reg[12]'. The constant is '0'.
Info    : Replacing the synchronous part of an always feeding back flip-flop with a logic constant. [GLO-45]
        : The instance is 'u_page/cmd_bytes_reg[11]'. The constant is '0'.
Info    : Replacing the synchronous part of an always feeding back flip-flop with a logic constant. [GLO-45]
        : The instance is 'u_page/cmd_bytes_reg[10]'. The constant is '1'.
Info    : Replacing the synchronous part of an always feeding back flip-flop with a logic constant. [GLO-45]
        : The instance is 'u_page/cmd_bytes_reg[9]'. The constant is '0'.
Info    : Replacing the synchronous part of an always feeding back flip-flop with a logic constant. [GLO-45]
        : The instance is 'u_page/cmd_bytes_reg[8]'. The constant is '0'.
Info    : Replacing the synchronous part of an always feeding back flip-flop with a logic constant. [GLO-45]
        : The instance is 'u_page/cmd_bytes_reg[7]'. The constant is '0'.
Info    : Replacing the synchronous part of an always feeding back flip-flop with a logic constant. [GLO-45]
        : The instance is 'u_page/cmd_bytes_reg[6]'. The constant is '0'.
Info    : Replacing the synchronous part of an always feeding back flip-flop with a logic constant. [GLO-45]
        : The instance is 'u_page/cmd_bytes_reg[5]'. The constant is '0'.
Info    : Replacing the synchronous part of an always feeding back flip-flop with a logic constant. [GLO-45]
        : The instance is 'u_page/cmd_bytes_reg[4]'. The constant is '0'.
Info    : Replacing a flip-flop with a logic constant 0. [GLO-12]
        : The instance is 'u_page/cmd_bytes_reg[4]'.
        : To prevent this optimization, set the 'optimize_constant_0_flops' root attribute to 'false' or 'optimize_constant_0_seq' instance attribute to 'false'. You can also see the complete list of deleted sequential with command "report sequential -deleted" (on Reason "constant0").
Info    : Replacing a flip-flop with a logic constant 0. [GLO-12]
        : The instance is 'u_page/cmd_bytes_reg[5]'.
Info    : Replacing a flip-flop with a logic constant 0. [GLO-12]
        : The instance is 'u_page/cmd_bytes_reg[6]'.
Info    : Replacing a flip-flop with a logic constant 0. [GLO-12]
        : The instance is 'u_page/cmd_bytes_reg[7]'.
Info    : Replacing a flip-flop with a logic constant 0. [GLO-12]
        : The instance is 'u_page/cmd_bytes_reg[8]'.
Info    : Replacing a flip-flop with a logic constant 0. [GLO-12]
        : The instance is 'u_page/cmd_bytes_reg[9]'.
Info    : Replacing a flip-flop with a logic constant 1. [GLO-13]
        : The instance is 'u_page/cmd_bytes_reg[10]'.
        : To prevent this optimization, set the 'optimize_constant_1_flops' root attribute to 'false' or 'optimize_constant_1_seq' instance attribute to 'false'.
Info    : Replacing a flip-flop with a logic constant 0. [GLO-12]
        : The instance is 'u_page/cmd_bytes_reg[11]'.
Info    : Replacing a flip-flop with a logic constant 0. [GLO-12]
        : The instance is 'u_page/cmd_bytes_reg[12]'.
Info    : Replacing a flip-flop with a logic constant 0. [GLO-12]
        : The instance is 'u_page/cmd_bytes_reg[13]'.
Info    : Replacing a flip-flop with a logic constant 0. [GLO-12]
        : The instance is 'u_page/cmd_bytes_reg[14]'.
Info    : Replacing a flip-flop with a logic constant 0. [GLO-12]
        : The instance is 'u_page/cmd_bytes_reg[15]'.
Info    : Replacing the synchronous part of an always feeding back flip-flop with a logic constant. [GLO-45]
        : The instance is 'u_stream/m_axis_tlast_reg'. The constant is '0'.
Info    : Replacing the synchronous part of an always feeding back flip-flop with a logic constant. [GLO-45]
        : The instance is 'u_stream/m_axis_tkeep_reg[15]'. The constant is '0'.
Info    : Replacing the synchronous part of an always feeding back flip-flop with a logic constant. [GLO-45]
        : The instance is 'u_stream/m_axis_tkeep_reg[14]'. The constant is '0'.
Info    : Replacing the synchronous part of an always feeding back flip-flop with a logic constant. [GLO-45]
        : The instance is 'u_stream/m_axis_tkeep_reg[13]'. The constant is '0'.
Info    : Replacing the synchronous part of an always feeding back flip-flop with a logic constant. [GLO-45]
        : The instance is 'u_stream/m_axis_tkeep_reg[12]'. The constant is '0'.
Info    : Replacing the synchronous part of an always feeding back flip-flop with a logic constant. [GLO-45]
        : The instance is 'u_stream/m_axis_tkeep_reg[11]'. The constant is '0'.
Info    : Replacing the synchronous part of an always feeding back flip-flop with a logic constant. [GLO-45]
        : The instance is 'u_stream/m_axis_tkeep_reg[10]'. The constant is '0'.
Info    : Replacing the synchronous part of an always feeding back flip-flop with a logic constant. [GLO-45]
        : The instance is 'u_stream/m_axis_tkeep_reg[9]'. The constant is '0'.
Warning : Maximum message print count reached. [MESG-11]
        : Maximum print count of '20' reached for message 'GLO-45'.
Info    : Replacing a flip-flop with a logic constant 0. [GLO-12]
        : The instance is 'u_stream/m_axis_tvalid_reg'.
Info    : Replacing a flip-flop with a logic constant 0. [GLO-12]
        : The instance is 'u_stream/m_axis_tdata_reg[0]'.
Info    : Replacing a flip-flop with a logic constant 0. [GLO-12]
        : The instance is 'u_stream/m_axis_tdata_reg[1]'.
Info    : Replacing a flip-flop with a logic constant 0. [GLO-12]
        : The instance is 'u_stream/m_axis_tdata_reg[2]'.
Info    : Replacing a flip-flop with a logic constant 0. [GLO-12]
        : The instance is 'u_stream/m_axis_tdata_reg[3]'.
Info    : Replacing a flip-flop with a logic constant 0. [GLO-12]
        : The instance is 'u_stream/m_axis_tdata_reg[4]'.
Info    : Replacing a flip-flop with a logic constant 0. [GLO-12]
        : The instance is 'u_stream/m_axis_tdata_reg[5]'.
Info    : Replacing a flip-flop with a logic constant 0. [GLO-12]
        : The instance is 'u_stream/m_axis_tdata_reg[6]'.
Info    : Replacing a flip-flop with a logic constant 0. [GLO-12]
        : The instance is 'u_stream/m_axis_tdata_reg[7]'.
Info    : Replacing a flip-flop with a logic constant 0. [GLO-12]
        : The instance is 'u_stream/m_axis_tdata_reg[8]'.
Info    : Replacing a flip-flop with a logic constant 0. [GLO-12]
        : The instance is 'u_stream/m_axis_tdata_reg[9]'.
Info    : Replacing a flip-flop with a logic constant 0. [GLO-12]
        : The instance is 'u_stream/m_axis_tdata_reg[10]'.
Info    : Replacing a flip-flop with a logic constant 0. [GLO-12]
        : The instance is 'u_stream/m_axis_tdata_reg[11]'.
Info    : Replacing a flip-flop with a logic constant 0. [GLO-12]
        : The instance is 'u_stream/m_axis_tdata_reg[12]'.
Info    : Replacing a flip-flop with a logic constant 0. [GLO-12]
        : The instance is 'u_stream/m_axis_tdata_reg[13]'.
Info    : Replacing a flip-flop with a logic constant 0. [GLO-12]
        : The instance is 'u_stream/m_axis_tdata_reg[14]'.
Info    : Replacing a flip-flop with a logic constant 0. [GLO-12]
        : The instance is 'u_stream/m_axis_tdata_reg[15]'.
Info    : Replacing a flip-flop with a logic constant 0. [GLO-12]
        : The instance is 'u_stream/m_axis_tdata_reg[16]'.
Info    : Replacing a flip-flop with a logic constant 0. [GLO-12]
        : The instance is 'u_stream/m_axis_tdata_reg[17]'.
Info    : Replacing a flip-flop with a logic constant 0. [GLO-12]
        : The instance is 'u_stream/m_axis_tdata_reg[18]'.
Info    : Replacing a flip-flop with a logic constant 0. [GLO-12]
        : The instance is 'u_stream/m_axis_tdata_reg[19]'.
Info    : Replacing a flip-flop with a logic constant 0. [GLO-12]
        : The instance is 'u_stream/m_axis_tdata_reg[20]'.
Info    : Replacing a flip-flop with a logic constant 0. [GLO-12]
        : The instance is 'u_stream/m_axis_tdata_reg[21]'.
Info    : Replacing a flip-flop with a logic constant 0. [GLO-12]
        : The instance is 'u_stream/m_axis_tdata_reg[22]'.
Info    : Replacing a flip-flop with a logic constant 0. [GLO-12]
        : The instance is 'u_stream/m_axis_tdata_reg[23]'.
Info    : Replacing a flip-flop with a logic constant 0. [GLO-12]
        : The instance is 'u_stream/m_axis_tdata_reg[24]'.
Info    : Replacing a flip-flop with a logic constant 0. [GLO-12]
        : The instance is 'u_stream/m_axis_tdata_reg[25]'.
Info    : Replacing a flip-flop with a logic constant 0. [GLO-12]
        : The instance is 'u_stream/m_axis_tdata_reg[26]'.
Info    : Replacing a flip-flop with a logic constant 0. [GLO-12]
        : The instance is 'u_stream/m_axis_tdata_reg[27]'.
Info    : Replacing a flip-flop with a logic constant 0. [GLO-12]
        : The instance is 'u_stream/m_axis_tdata_reg[28]'.
Info    : Replacing a flip-flop with a logic constant 0. [GLO-12]
        : The instance is 'u_stream/m_axis_tdata_reg[29]'.
Info    : Replacing a flip-flop with a logic constant 0. [GLO-12]
        : The instance is 'u_stream/m_axis_tdata_reg[30]'.
Info    : Replacing a flip-flop with a logic constant 0. [GLO-12]
        : The instance is 'u_stream/m_axis_tdata_reg[31]'.
Info    : Replacing a flip-flop with a logic constant 0. [GLO-12]
        : The instance is 'u_stream/m_axis_tdata_reg[32]'.
Info    : Replacing a flip-flop with a logic constant 0. [GLO-12]
        : The instance is 'u_stream/m_axis_tdata_reg[33]'.
Info    : Replacing a flip-flop with a logic constant 0. [GLO-12]
        : The instance is 'u_stream/m_axis_tdata_reg[34]'.
Info    : Replacing a flip-flop with a logic constant 0. [GLO-12]
        : The instance is 'u_stream/m_axis_tdata_reg[35]'.
Info    : Replacing a flip-flop with a logic constant 0. [GLO-12]
        : The instance is 'u_stream/m_axis_tdata_reg[36]'.
Info    : Replacing a flip-flop with a logic constant 0. [GLO-12]
        : The instance is 'u_stream/m_axis_tdata_reg[37]'.
Info    : Replacing a flip-flop with a logic constant 0. [GLO-12]
        : The instance is 'u_stream/m_axis_tdata_reg[38]'.
Info    : Replacing a flip-flop with a logic constant 0. [GLO-12]
        : The instance is 'u_stream/m_axis_tdata_reg[39]'.
Info    : Replacing a flip-flop with a logic constant 0. [GLO-12]
        : The instance is 'u_stream/m_axis_tdata_reg[40]'.
Info    : Replacing a flip-flop with a logic constant 0. [GLO-12]
        : The instance is 'u_stream/m_axis_tdata_reg[41]'.
Info    : Replacing a flip-flop with a logic constant 0. [GLO-12]
        : The instance is 'u_stream/m_axis_tdata_reg[42]'.
Info    : Replacing a flip-flop with a logic constant 0. [GLO-12]
        : The instance is 'u_stream/m_axis_tdata_reg[43]'.
Info    : Replacing a flip-flop with a logic constant 0. [GLO-12]
        : The instance is 'u_stream/m_axis_tdata_reg[44]'.
Info    : Replacing a flip-flop with a logic constant 0. [GLO-12]
        : The instance is 'u_stream/m_axis_tdata_reg[45]'.
Info    : Replacing a flip-flop with a logic constant 0. [GLO-12]
        : The instance is 'u_stream/m_axis_tdata_reg[46]'.
Info    : Replacing a flip-flop with a logic constant 0. [GLO-12]
        : The instance is 'u_stream/m_axis_tdata_reg[47]'.
Info    : Replacing a flip-flop with a logic constant 0. [GLO-12]
        : The instance is 'u_stream/m_axis_tdata_reg[48]'.
Info    : Replacing a flip-flop with a logic constant 0. [GLO-12]
        : The instance is 'u_stream/m_axis_tdata_reg[49]'.
Info    : Replacing a flip-flop with a logic constant 0. [GLO-12]
        : The instance is 'u_stream/m_axis_tdata_reg[50]'.
Info    : Replacing a flip-flop with a logic constant 0. [GLO-12]
        : The instance is 'u_stream/m_axis_tdata_reg[51]'.
Info    : Replacing a flip-flop with a logic constant 0. [GLO-12]
        : The instance is 'u_stream/m_axis_tdata_reg[52]'.
Info    : Replacing a flip-flop with a logic constant 0. [GLO-12]
        : The instance is 'u_stream/m_axis_tdata_reg[53]'.
Info    : Replacing a flip-flop with a logic constant 0. [GLO-12]
        : The instance is 'u_stream/m_axis_tdata_reg[54]'.
Info    : Replacing a flip-flop with a logic constant 0. [GLO-12]
        : The instance is 'u_stream/m_axis_tdata_reg[55]'.
Info    : Replacing a flip-flop with a logic constant 0. [GLO-12]
        : The instance is 'u_stream/m_axis_tdata_reg[56]'.
Info    : Replacing a flip-flop with a logic constant 0. [GLO-12]
        : The instance is 'u_stream/m_axis_tdata_reg[57]'.
Info    : Replacing a flip-flop with a logic constant 0. [GLO-12]
        : The instance is 'u_stream/m_axis_tdata_reg[58]'.
Info    : Replacing a flip-flop with a logic constant 0. [GLO-12]
        : The instance is 'u_stream/m_axis_tdata_reg[59]'.
Info    : Replacing a flip-flop with a logic constant 0. [GLO-12]
        : The instance is 'u_stream/m_axis_tdata_reg[60]'.
Info    : Replacing a flip-flop with a logic constant 0. [GLO-12]
        : The instance is 'u_stream/m_axis_tdata_reg[61]'.
Info    : Replacing a flip-flop with a logic constant 0. [GLO-12]
        : The instance is 'u_stream/m_axis_tdata_reg[62]'.
Info    : Replacing a flip-flop with a logic constant 0. [GLO-12]
        : The instance is 'u_stream/m_axis_tdata_reg[63]'.
Info    : Replacing a flip-flop with a logic constant 0. [GLO-12]
        : The instance is 'u_stream/m_axis_tdata_reg[64]'.
Info    : Replacing a flip-flop with a logic constant 0. [GLO-12]
        : The instance is 'u_stream/m_axis_tdata_reg[65]'.
Info    : Replacing a flip-flop with a logic constant 0. [GLO-12]
        : The instance is 'u_stream/m_axis_tdata_reg[66]'.
Info    : Replacing a flip-flop with a logic constant 0. [GLO-12]
        : The instance is 'u_stream/m_axis_tdata_reg[67]'.
Info    : Replacing a flip-flop with a logic constant 0. [GLO-12]
        : The instance is 'u_stream/m_axis_tdata_reg[68]'.
Info    : Replacing a flip-flop with a logic constant 0. [GLO-12]
        : The instance is 'u_stream/m_axis_tdata_reg[69]'.
Info    : Replacing a flip-flop with a logic constant 0. [GLO-12]
        : The instance is 'u_stream/m_axis_tdata_reg[70]'.
Info    : Replacing a flip-flop with a logic constant 0. [GLO-12]
        : The instance is 'u_stream/m_axis_tdata_reg[71]'.
Info    : Replacing a flip-flop with a logic constant 0. [GLO-12]
        : The instance is 'u_stream/m_axis_tdata_reg[72]'.
Info    : Replacing a flip-flop with a logic constant 0. [GLO-12]
        : The instance is 'u_stream/m_axis_tdata_reg[73]'.
Info    : Replacing a flip-flop with a logic constant 0. [GLO-12]
        : The instance is 'u_stream/m_axis_tdata_reg[74]'.
Info    : Replacing a flip-flop with a logic constant 0. [GLO-12]
        : The instance is 'u_stream/m_axis_tdata_reg[75]'.
Info    : Replacing a flip-flop with a logic constant 0. [GLO-12]
        : The instance is 'u_stream/m_axis_tdata_reg[76]'.
Info    : Replacing a flip-flop with a logic constant 0. [GLO-12]
        : The instance is 'u_stream/m_axis_tdata_reg[77]'.
Info    : Replacing a flip-flop with a logic constant 0. [GLO-12]
        : The instance is 'u_stream/m_axis_tdata_reg[78]'.
Info    : Replacing a flip-flop with a logic constant 0. [GLO-12]
        : The instance is 'u_stream/m_axis_tdata_reg[79]'.
Info    : Replacing a flip-flop with a logic constant 0. [GLO-12]
        : The instance is 'u_stream/m_axis_tdata_reg[80]'.
Info    : Replacing a flip-flop with a logic constant 0. [GLO-12]
        : The instance is 'u_stream/m_axis_tdata_reg[81]'.
Info    : Replacing a flip-flop with a logic constant 0. [GLO-12]
        : The instance is 'u_stream/m_axis_tdata_reg[82]'.
Info    : Replacing a flip-flop with a logic constant 0. [GLO-12]
        : The instance is 'u_stream/m_axis_tdata_reg[83]'.
Info    : Replacing a flip-flop with a logic constant 0. [GLO-12]
        : The instance is 'u_stream/m_axis_tdata_reg[84]'.
Info    : Replacing a flip-flop with a logic constant 0. [GLO-12]
        : The instance is 'u_stream/m_axis_tdata_reg[85]'.
Info    : Replacing a flip-flop with a logic constant 0. [GLO-12]
        : The instance is 'u_stream/m_axis_tdata_reg[86]'.
Info    : Replacing a flip-flop with a logic constant 0. [GLO-12]
        : The instance is 'u_stream/m_axis_tdata_reg[87]'.
Info    : Replacing a flip-flop with a logic constant 0. [GLO-12]
        : The instance is 'u_stream/m_axis_tdata_reg[88]'.
Info    : Replacing a flip-flop with a logic constant 0. [GLO-12]
        : The instance is 'u_stream/m_axis_tdata_reg[89]'.
Info    : Replacing a flip-flop with a logic constant 0. [GLO-12]
        : The instance is 'u_stream/m_axis_tdata_reg[90]'.
Info    : Replacing a flip-flop with a logic constant 0. [GLO-12]
        : The instance is 'u_stream/m_axis_tdata_reg[91]'.
Info    : Replacing a flip-flop with a logic constant 0. [GLO-12]
        : The instance is 'u_stream/m_axis_tdata_reg[92]'.
Info    : Replacing a flip-flop with a logic constant 0. [GLO-12]
        : The instance is 'u_stream/m_axis_tdata_reg[93]'.
Info    : Replacing a flip-flop with a logic constant 0. [GLO-12]
        : The instance is 'u_stream/m_axis_tdata_reg[94]'.
Info    : Replacing a flip-flop with a logic constant 0. [GLO-12]
        : The instance is 'u_stream/m_axis_tdata_reg[95]'.
Info    : Replacing a flip-flop with a logic constant 0. [GLO-12]
        : The instance is 'u_stream/m_axis_tdata_reg[96]'.
Info    : Replacing a flip-flop with a logic constant 0. [GLO-12]
        : The instance is 'u_stream/m_axis_tdata_reg[97]'.
Info    : Replacing a flip-flop with a logic constant 0. [GLO-12]
        : The instance is 'u_stream/m_axis_tdata_reg[98]'.
Info    : Replacing a flip-flop with a logic constant 0. [GLO-12]
        : The instance is 'u_stream/m_axis_tdata_reg[99]'.
Info    : Replacing a flip-flop with a logic constant 0. [GLO-12]
        : The instance is 'u_stream/m_axis_tdata_reg[100]'.
Info    : Replacing a flip-flop with a logic constant 0. [GLO-12]
        : The instance is 'u_stream/m_axis_tdata_reg[101]'.
Info    : Replacing a flip-flop with a logic constant 0. [GLO-12]
        : The instance is 'u_stream/m_axis_tdata_reg[102]'.
Info    : Replacing a flip-flop with a logic constant 0. [GLO-12]
        : The instance is 'u_stream/m_axis_tdata_reg[103]'.
Info    : Replacing a flip-flop with a logic constant 0. [GLO-12]
        : The instance is 'u_stream/m_axis_tdata_reg[104]'.
Info    : Replacing a flip-flop with a logic constant 0. [GLO-12]
        : The instance is 'u_stream/m_axis_tdata_reg[105]'.
Info    : Replacing a flip-flop with a logic constant 0. [GLO-12]
        : The instance is 'u_stream/m_axis_tdata_reg[106]'.
Info    : Replacing a flip-flop with a logic constant 0. [GLO-12]
        : The instance is 'u_stream/m_axis_tdata_reg[107]'.
Info    : Replacing a flip-flop with a logic constant 0. [GLO-12]
        : The instance is 'u_stream/m_axis_tdata_reg[108]'.
Info    : Replacing a flip-flop with a logic constant 0. [GLO-12]
        : The instance is 'u_stream/m_axis_tdata_reg[109]'.
Info    : Replacing a flip-flop with a logic constant 0. [GLO-12]
        : The instance is 'u_stream/m_axis_tdata_reg[110]'.
Info    : Replacing a flip-flop with a logic constant 0. [GLO-12]
        : The instance is 'u_stream/m_axis_tdata_reg[111]'.
Info    : Replacing a flip-flop with a logic constant 0. [GLO-12]
        : The instance is 'u_stream/m_axis_tdata_reg[112]'.
Info    : Replacing a flip-flop with a logic constant 0. [GLO-12]
        : The instance is 'u_stream/m_axis_tdata_reg[113]'.
Info    : Replacing a flip-flop with a logic constant 0. [GLO-12]
        : The instance is 'u_stream/m_axis_tdata_reg[114]'.
Info    : Replacing a flip-flop with a logic constant 0. [GLO-12]
        : The instance is 'u_stream/m_axis_tdata_reg[115]'.
Info    : Replacing a flip-flop with a logic constant 0. [GLO-12]
        : The instance is 'u_stream/m_axis_tdata_reg[116]'.
Info    : Replacing a flip-flop with a logic constant 0. [GLO-12]
        : The instance is 'u_stream/m_axis_tdata_reg[117]'.
Info    : Replacing a flip-flop with a logic constant 0. [GLO-12]
        : The instance is 'u_stream/m_axis_tdata_reg[118]'.
Info    : Replacing a flip-flop with a logic constant 0. [GLO-12]
        : The instance is 'u_stream/m_axis_tdata_reg[119]'.
Info    : Replacing a flip-flop with a logic constant 0. [GLO-12]
        : The instance is 'u_stream/m_axis_tdata_reg[120]'.
Info    : Replacing a flip-flop with a logic constant 0. [GLO-12]
        : The instance is 'u_stream/m_axis_tdata_reg[121]'.
Info    : Replacing a flip-flop with a logic constant 0. [GLO-12]
        : The instance is 'u_stream/m_axis_tdata_reg[122]'.
Info    : Replacing a flip-flop with a logic constant 0. [GLO-12]
        : The instance is 'u_stream/m_axis_tdata_reg[123]'.
Info    : Replacing a flip-flop with a logic constant 0. [GLO-12]
        : The instance is 'u_stream/m_axis_tdata_reg[124]'.
Info    : Replacing a flip-flop with a logic constant 0. [GLO-12]
        : The instance is 'u_stream/m_axis_tdata_reg[125]'.
Info    : Replacing a flip-flop with a logic constant 0. [GLO-12]
        : The instance is 'u_stream/m_axis_tdata_reg[126]'.
Info    : Replacing a flip-flop with a logic constant 0. [GLO-12]
        : The instance is 'u_stream/m_axis_tdata_reg[127]'.
Info    : Replacing a flip-flop with a logic constant 0. [GLO-12]
        : The instance is 'u_stream/m_axis_tkeep_reg[0]'.
Info    : Replacing a flip-flop with a logic constant 0. [GLO-12]
        : The instance is 'u_stream/m_axis_tkeep_reg[1]'.
Info    : Replacing a flip-flop with a logic constant 0. [GLO-12]
        : The instance is 'u_stream/m_axis_tkeep_reg[2]'.
Info    : Replacing a flip-flop with a logic constant 0. [GLO-12]
        : The instance is 'u_stream/m_axis_tkeep_reg[3]'.
Info    : Replacing a flip-flop with a logic constant 0. [GLO-12]
        : The instance is 'u_stream/m_axis_tkeep_reg[4]'.
Info    : Replacing a flip-flop with a logic constant 0. [GLO-12]
        : The instance is 'u_stream/m_axis_tkeep_reg[5]'.
Info    : Replacing a flip-flop with a logic constant 0. [GLO-12]
        : The instance is 'u_stream/m_axis_tkeep_reg[6]'.
Info    : Replacing a flip-flop with a logic constant 0. [GLO-12]
        : The instance is 'u_stream/m_axis_tkeep_reg[7]'.
Info    : Replacing a flip-flop with a logic constant 0. [GLO-12]
        : The instance is 'u_stream/m_axis_tkeep_reg[8]'.
Info    : Replacing a flip-flop with a logic constant 0. [GLO-12]
        : The instance is 'u_stream/m_axis_tkeep_reg[9]'.
Info    : Replacing a flip-flop with a logic constant 0. [GLO-12]
        : The instance is 'u_stream/m_axis_tkeep_reg[10]'.
Info    : Replacing a flip-flop with a logic constant 0. [GLO-12]
        : The instance is 'u_stream/m_axis_tkeep_reg[11]'.
Info    : Replacing a flip-flop with a logic constant 0. [GLO-12]
        : The instance is 'u_stream/m_axis_tkeep_reg[12]'.
Info    : Replacing a flip-flop with a logic constant 0. [GLO-12]
        : The instance is 'u_stream/m_axis_tkeep_reg[13]'.
Info    : Replacing a flip-flop with a logic constant 0. [GLO-12]
        : The instance is 'u_stream/m_axis_tkeep_reg[14]'.
Info    : Replacing a flip-flop with a logic constant 0. [GLO-12]
        : The instance is 'u_stream/m_axis_tkeep_reg[15]'.
Info    : Replacing a flip-flop with a logic constant 0. [GLO-12]
        : The instance is 'u_stream/m_axis_tlast_reg'.
Info    : Replacing a flip-flop with a logic constant 0. [GLO-12]
        : The instance is 'u_stream/done_error_reg'.
Info    : Replacing a flip-flop with a logic constant 1. [GLO-13]
        : The instance is 'u_q_adapter/q_rw_wmask_reg[0]'.
Info    : Replacing a flip-flop with a logic constant 1. [GLO-13]
        : The instance is 'u_q_adapter/q_rw_wmask_reg[1]'.
Info    : Replacing a flip-flop with a logic constant 1. [GLO-13]
        : The instance is 'u_q_adapter/q_rw_wmask_reg[2]'.
Info    : Replacing a flip-flop with a logic constant 1. [GLO-13]
        : The instance is 'u_q_adapter/q_rw_wmask_reg[3]'.
Info    : Replacing a flip-flop with a logic constant 1. [GLO-13]
        : The instance is 'u_q_adapter/q_rw_wmask_reg[4]'.
Info    : Replacing a flip-flop with a logic constant 1. [GLO-13]
        : The instance is 'u_q_adapter/q_rw_wmask_reg[5]'.
Info    : Replacing a flip-flop with a logic constant 1. [GLO-13]
        : The instance is 'u_q_adapter/q_rw_wmask_reg[6]'.
Info    : Replacing a flip-flop with a logic constant 1. [GLO-13]
        : The instance is 'u_q_adapter/q_rw_wmask_reg[7]'.
Info    : Replacing a flip-flop with a logic constant 1. [GLO-13]
        : The instance is 'u_q_adapter/q_rw_wmask_reg[8]'.
Info    : Replacing a flip-flop with a logic constant 1. [GLO-13]
        : The instance is 'u_q_adapter/q_rw_wmask_reg[9]'.
Info    : Replacing a flip-flop with a logic constant 1. [GLO-13]
        : The instance is 'u_q_adapter/q_rw_wmask_reg[10]'.
Info    : Replacing a flip-flop with a logic constant 1. [GLO-13]
        : The instance is 'u_q_adapter/q_rw_wmask_reg[11]'.
Info    : Replacing a flip-flop with a logic constant 1. [GLO-13]
        : The instance is 'u_q_adapter/q_rw_wmask_reg[12]'.
Info    : Replacing a flip-flop with a logic constant 1. [GLO-13]
        : The instance is 'u_q_adapter/q_rw_wmask_reg[13]'.
Info    : Replacing a flip-flop with a logic constant 1. [GLO-13]
        : The instance is 'u_q_adapter/q_rw_wmask_reg[14]'.
Info    : Replacing a flip-flop with a logic constant 1. [GLO-13]
        : The instance is 'u_q_adapter/q_rw_wmask_reg[15]'.
Info    : Replacing a flip-flop with a logic constant 0. [GLO-12]
        : The instance is 'u_core/u_score_exp/u_exp_rom/bank1_data_s0_reg[14]'.
Info    : Replacing a flip-flop with a logic constant 0. [GLO-12]
        : The instance is 'u_core/u_score_exp/u_exp_rom/bank1_data_s0_reg[15]'.
Info    : Replacing a flip-flop with a logic constant 0. [GLO-12]
        : The instance is 'u_core/u_score_exp/u_exp_rom/bank2_data_s0_reg[13]'.
Info    : Replacing a flip-flop with a logic constant 0. [GLO-12]
        : The instance is 'u_core/u_score_exp/u_exp_rom/bank2_data_s0_reg[14]'.
Info    : Replacing a flip-flop with a logic constant 0. [GLO-12]
        : The instance is 'u_core/u_score_exp/u_exp_rom/bank2_data_s0_reg[15]'.
Info    : Replacing a flip-flop with a logic constant 0. [GLO-12]
        : The instance is 'u_core/u_score_exp/u_exp_rom/bank3_data_s0_reg[11]'.
Info    : Replacing a flip-flop with a logic constant 0. [GLO-12]
        : The instance is 'u_core/u_score_exp/u_exp_rom/bank3_data_s0_reg[12]'.
Info    : Replacing a flip-flop with a logic constant 0. [GLO-12]
        : The instance is 'u_core/u_score_exp/u_exp_rom/bank3_data_s0_reg[13]'.
Info    : Replacing a flip-flop with a logic constant 0. [GLO-12]
        : The instance is 'u_core/u_score_exp/u_exp_rom/bank3_data_s0_reg[14]'.
Info    : Replacing a flip-flop with a logic constant 0. [GLO-12]
        : The instance is 'u_core/u_score_exp/u_exp_rom/bank3_data_s0_reg[15]'.
Info    : Replacing a flip-flop with a logic constant 0. [GLO-12]
        : The instance is 'u_core/u_score_exp/u_exp_rom/bank4_data_s0_reg[10]'.
Info    : Replacing a flip-flop with a logic constant 0. [GLO-12]
        : The instance is 'u_core/u_score_exp/u_exp_rom/bank4_data_s0_reg[11]'.
Info    : Replacing a flip-flop with a logic constant 0. [GLO-12]
        : The instance is 'u_core/u_score_exp/u_exp_rom/bank4_data_s0_reg[12]'.
Info    : Replacing a flip-flop with a logic constant 0. [GLO-12]
        : The instance is 'u_core/u_score_exp/u_exp_rom/bank4_data_s0_reg[13]'.
Info    : Replacing a flip-flop with a logic constant 0. [GLO-12]
        : The instance is 'u_core/u_score_exp/u_exp_rom/bank4_data_s0_reg[14]'.
Info    : Replacing a flip-flop with a logic constant 0. [GLO-12]
        : The instance is 'u_core/u_score_exp/u_exp_rom/bank4_data_s0_reg[15]'.
Info    : Replacing a flip-flop with a logic constant 0. [GLO-12]
        : The instance is 'u_core/u_score_exp/u_exp_rom/bank5_data_s0_reg[8]'.
Info    : Replacing a flip-flop with a logic constant 0. [GLO-12]
        : The instance is 'u_core/u_score_exp/u_exp_rom/bank5_data_s0_reg[9]'.
Info    : Replacing a flip-flop with a logic constant 0. [GLO-12]
        : The instance is 'u_core/u_score_exp/u_exp_rom/bank5_data_s0_reg[10]'.
Info    : Replacing a flip-flop with a logic constant 0. [GLO-12]
        : The instance is 'u_core/u_score_exp/u_exp_rom/bank5_data_s0_reg[11]'.
Info    : Replacing a flip-flop with a logic constant 0. [GLO-12]
        : The instance is 'u_core/u_score_exp/u_exp_rom/bank5_data_s0_reg[12]'.
Info    : Replacing a flip-flop with a logic constant 0. [GLO-12]
        : The instance is 'u_core/u_score_exp/u_exp_rom/bank5_data_s0_reg[13]'.
Info    : Replacing a flip-flop with a logic constant 0. [GLO-12]
        : The instance is 'u_core/u_score_exp/u_exp_rom/bank5_data_s0_reg[14]'.
Info    : Replacing a flip-flop with a logic constant 0. [GLO-12]
        : The instance is 'u_core/u_score_exp/u_exp_rom/bank5_data_s0_reg[15]'.
Info    : Replacing a flip-flop with a logic constant 0. [GLO-12]
        : The instance is 'u_core/u_score_exp/u_exp_rom/bank6_data_s0_reg[7]'.
Info    : Replacing a flip-flop with a logic constant 0. [GLO-12]
        : The instance is 'u_core/u_score_exp/u_exp_rom/bank6_data_s0_reg[8]'.
Info    : Replacing a flip-flop with a logic constant 0. [GLO-12]
        : The instance is 'u_core/u_score_exp/u_exp_rom/bank6_data_s0_reg[9]'.
Info    : Replacing a flip-flop with a logic constant 0. [GLO-12]
        : The instance is 'u_core/u_score_exp/u_exp_rom/bank6_data_s0_reg[10]'.
Info    : Replacing a flip-flop with a logic constant 0. [GLO-12]
        : The instance is 'u_core/u_score_exp/u_exp_rom/bank6_data_s0_reg[11]'.
Info    : Replacing a flip-flop with a logic constant 0. [GLO-12]
        : The instance is 'u_core/u_score_exp/u_exp_rom/bank6_data_s0_reg[12]'.
Info    : Replacing a flip-flop with a logic constant 0. [GLO-12]
        : The instance is 'u_core/u_score_exp/u_exp_rom/bank6_data_s0_reg[13]'.
Info    : Replacing a flip-flop with a logic constant 0. [GLO-12]
        : The instance is 'u_core/u_score_exp/u_exp_rom/bank6_data_s0_reg[14]'.
Info    : Replacing a flip-flop with a logic constant 0. [GLO-12]
        : The instance is 'u_core/u_score_exp/u_exp_rom/bank6_data_s0_reg[15]'.
Info    : Replacing a flip-flop with a logic constant 0. [GLO-12]
        : The instance is 'u_core/u_score_exp/u_exp_rom/bank7_data_s0_reg[5]'.
Info    : Replacing a flip-flop with a logic constant 0. [GLO-12]
        : The instance is 'u_core/u_score_exp/u_exp_rom/bank7_data_s0_reg[6]'.
Info    : Replacing a flip-flop with a logic constant 0. [GLO-12]
        : The instance is 'u_core/u_score_exp/u_exp_rom/bank7_data_s0_reg[7]'.
Info    : Replacing a flip-flop with a logic constant 0. [GLO-12]
        : The instance is 'u_core/u_score_exp/u_exp_rom/bank7_data_s0_reg[8]'.
Info    : Replacing a flip-flop with a logic constant 0. [GLO-12]
        : The instance is 'u_core/u_score_exp/u_exp_rom/bank7_data_s0_reg[9]'.
Info    : Replacing a flip-flop with a logic constant 0. [GLO-12]
        : The instance is 'u_core/u_score_exp/u_exp_rom/bank7_data_s0_reg[10]'.
Info    : Replacing a flip-flop with a logic constant 0. [GLO-12]
        : The instance is 'u_core/u_score_exp/u_exp_rom/bank7_data_s0_reg[11]'.
Info    : Replacing a flip-flop with a logic constant 0. [GLO-12]
        : The instance is 'u_core/u_score_exp/u_exp_rom/bank7_data_s0_reg[12]'.
Info    : Replacing a flip-flop with a logic constant 0. [GLO-12]
        : The instance is 'u_core/u_score_exp/u_exp_rom/bank7_data_s0_reg[13]'.
Info    : Replacing a flip-flop with a logic constant 0. [GLO-12]
        : The instance is 'u_core/u_score_exp/u_exp_rom/bank7_data_s0_reg[14]'.
Info    : Replacing a flip-flop with a logic constant 0. [GLO-12]
        : The instance is 'u_core/u_score_exp/u_exp_rom/bank7_data_s0_reg[15]'.
Info    : Replacing a flip-flop with a logic constant 0. [GLO-12]
        : The instance is 'u_core/u_score_exp/u_exp_rom/bank8_data_s0_reg[4]'.
Info    : Replacing a flip-flop with a logic constant 0. [GLO-12]
        : The instance is 'u_core/u_score_exp/u_exp_rom/bank8_data_s0_reg[5]'.
Info    : Replacing a flip-flop with a logic constant 0. [GLO-12]
        : The instance is 'u_core/u_score_exp/u_exp_rom/bank8_data_s0_reg[6]'.
Info    : Replacing a flip-flop with a logic constant 0. [GLO-12]
        : The instance is 'u_core/u_score_exp/u_exp_rom/bank8_data_s0_reg[7]'.
Info    : Replacing a flip-flop with a logic constant 0. [GLO-12]
        : The instance is 'u_core/u_score_exp/u_exp_rom/bank8_data_s0_reg[8]'.
Info    : Replacing a flip-flop with a logic constant 0. [GLO-12]
        : The instance is 'u_core/u_score_exp/u_exp_rom/bank8_data_s0_reg[9]'.
Info    : Replacing a flip-flop with a logic constant 0. [GLO-12]
        : The instance is 'u_core/u_score_exp/u_exp_rom/bank8_data_s0_reg[10]'.
Info    : Replacing a flip-flop with a logic constant 0. [GLO-12]
        : The instance is 'u_core/u_score_exp/u_exp_rom/bank8_data_s0_reg[11]'.
Info    : Replacing a flip-flop with a logic constant 0. [GLO-12]
        : The instance is 'u_core/u_score_exp/u_exp_rom/bank8_data_s0_reg[12]'.
Info    : Replacing a flip-flop with a logic constant 0. [GLO-12]
        : The instance is 'u_core/u_score_exp/u_exp_rom/bank8_data_s0_reg[13]'.
Info    : Replacing a flip-flop with a logic constant 0. [GLO-12]
        : The instance is 'u_core/u_score_exp/u_exp_rom/bank8_data_s0_reg[14]'.
Info    : Replacing a flip-flop with a logic constant 0. [GLO-12]
        : The instance is 'u_core/u_score_exp/u_exp_rom/bank8_data_s0_reg[15]'.
Info    : Replacing a flip-flop with a logic constant 0. [GLO-12]
        : The instance is 'u_core/u_score_exp/u_exp_rom/bank9_data_s0_reg[3]'.
Info    : Replacing a flip-flop with a logic constant 0. [GLO-12]
        : The instance is 'u_core/u_score_exp/u_exp_rom/bank9_data_s0_reg[4]'.
Info    : Replacing a flip-flop with a logic constant 0. [GLO-12]
        : The instance is 'u_core/u_score_exp/u_exp_rom/bank9_data_s0_reg[5]'.
Info    : Replacing a flip-flop with a logic constant 0. [GLO-12]
        : The instance is 'u_core/u_score_exp/u_exp_rom/bank9_data_s0_reg[6]'.
Info    : Replacing a flip-flop with a logic constant 0. [GLO-12]
        : The instance is 'u_core/u_score_exp/u_exp_rom/bank9_data_s0_reg[7]'.
Info    : Replacing a flip-flop with a logic constant 0. [GLO-12]
        : The instance is 'u_core/u_score_exp/u_exp_rom/bank9_data_s0_reg[8]'.
Info    : Replacing a flip-flop with a logic constant 0. [GLO-12]
        : The instance is 'u_core/u_score_exp/u_exp_rom/bank9_data_s0_reg[9]'.
Info    : Replacing a flip-flop with a logic constant 0. [GLO-12]
        : The instance is 'u_core/u_score_exp/u_exp_rom/bank9_data_s0_reg[10]'.
Info    : Replacing a flip-flop with a logic constant 0. [GLO-12]
        : The instance is 'u_core/u_score_exp/u_exp_rom/bank9_data_s0_reg[11]'.
Info    : Replacing a flip-flop with a logic constant 0. [GLO-12]
        : The instance is 'u_core/u_score_exp/u_exp_rom/bank9_data_s0_reg[12]'.
Info    : Replacing a flip-flop with a logic constant 0. [GLO-12]
        : The instance is 'u_core/u_score_exp/u_exp_rom/bank9_data_s0_reg[13]'.
Info    : Replacing a flip-flop with a logic constant 0. [GLO-12]
        : The instance is 'u_core/u_score_exp/u_exp_rom/bank9_data_s0_reg[14]'.
Info    : Replacing a flip-flop with a logic constant 0. [GLO-12]
        : The instance is 'u_core/u_score_exp/u_exp_rom/bank9_data_s0_reg[15]'.
Info    : Replacing a flip-flop with a logic constant 0. [GLO-12]
        : The instance is 'u_core/u_score_exp/u_exp_rom/bank10_data_s0_reg[1]'.
Info    : Replacing a flip-flop with a logic constant 0. [GLO-12]
        : The instance is 'u_core/u_score_exp/u_exp_rom/bank10_data_s0_reg[2]'.
Info    : Replacing a flip-flop with a logic constant 0. [GLO-12]
        : The instance is 'u_core/u_score_exp/u_exp_rom/bank10_data_s0_reg[3]'.
Info    : Replacing a flip-flop with a logic constant 0. [GLO-12]
        : The instance is 'u_core/u_score_exp/u_exp_rom/bank10_data_s0_reg[4]'.
Info    : Replacing a flip-flop with a logic constant 0. [GLO-12]
        : The instance is 'u_core/u_score_exp/u_exp_rom/bank10_data_s0_reg[5]'.
Info    : Replacing a flip-flop with a logic constant 0. [GLO-12]
        : The instance is 'u_core/u_score_exp/u_exp_rom/bank10_data_s0_reg[6]'.
Info    : Replacing a flip-flop with a logic constant 0. [GLO-12]
        : The instance is 'u_core/u_score_exp/u_exp_rom/bank10_data_s0_reg[7]'.
Info    : Replacing a flip-flop with a logic constant 0. [GLO-12]
        : The instance is 'u_core/u_score_exp/u_exp_rom/bank10_data_s0_reg[8]'.
Info    : Replacing a flip-flop with a logic constant 0. [GLO-12]
        : The instance is 'u_core/u_score_exp/u_exp_rom/bank10_data_s0_reg[9]'.
Info    : Replacing a flip-flop with a logic constant 0. [GLO-12]
        : The instance is 'u_core/u_score_exp/u_exp_rom/bank10_data_s0_reg[10]'.
Info    : Replacing a flip-flop with a logic constant 0. [GLO-12]
        : The instance is 'u_core/u_score_exp/u_exp_rom/bank10_data_s0_reg[11]'.
Info    : Replacing a flip-flop with a logic constant 0. [GLO-12]
        : The instance is 'u_core/u_score_exp/u_exp_rom/bank10_data_s0_reg[12]'.
Info    : Replacing a flip-flop with a logic constant 0. [GLO-12]
        : The instance is 'u_core/u_score_exp/u_exp_rom/bank10_data_s0_reg[13]'.
Info    : Replacing a flip-flop with a logic constant 0. [GLO-12]
        : The instance is 'u_core/u_score_exp/u_exp_rom/bank10_data_s0_reg[14]'.
Info    : Replacing a flip-flop with a logic constant 0. [GLO-12]
        : The instance is 'u_core/u_score_exp/u_exp_rom/bank10_data_s0_reg[15]'.
Info    : Replacing a flip-flop with a logic constant 0. [GLO-12]
        : The instance is 'u_core/u_score_exp/u_exp_rom/bank11_data_s0_reg[1]'.
Info    : Replacing a flip-flop with a logic constant 0. [GLO-12]
        : The instance is 'u_core/u_score_exp/u_exp_rom/bank11_data_s0_reg[2]'.
Info    : Replacing a flip-flop with a logic constant 0. [GLO-12]
        : The instance is 'u_core/u_score_exp/u_exp_rom/bank11_data_s0_reg[3]'.
Info    : Replacing a flip-flop with a logic constant 0. [GLO-12]
        : The instance is 'u_core/u_score_exp/u_exp_rom/bank11_data_s0_reg[4]'.
Info    : Replacing a flip-flop with a logic constant 0. [GLO-12]
        : The instance is 'u_core/u_score_exp/u_exp_rom/bank11_data_s0_reg[5]'.
Info    : Replacing a flip-flop with a logic constant 0. [GLO-12]
        : The instance is 'u_core/u_score_exp/u_exp_rom/bank11_data_s0_reg[6]'.
Info    : Replacing a flip-flop with a logic constant 0. [GLO-12]
        : The instance is 'u_core/u_score_exp/u_exp_rom/bank11_data_s0_reg[7]'.
Info    : Replacing a flip-flop with a logic constant 0. [GLO-12]
        : The instance is 'u_core/u_score_exp/u_exp_rom/bank11_data_s0_reg[8]'.
Info    : Replacing a flip-flop with a logic constant 0. [GLO-12]
        : The instance is 'u_core/u_score_exp/u_exp_rom/bank11_data_s0_reg[9]'.
Info    : Replacing a flip-flop with a logic constant 0. [GLO-12]
        : The instance is 'u_core/u_score_exp/u_exp_rom/bank11_data_s0_reg[10]'.
Info    : Replacing a flip-flop with a logic constant 0. [GLO-12]
        : The instance is 'u_core/u_score_exp/u_exp_rom/bank11_data_s0_reg[11]'.
Info    : Replacing a flip-flop with a logic constant 0. [GLO-12]
        : The instance is 'u_core/u_score_exp/u_exp_rom/bank11_data_s0_reg[12]'.
Info    : Replacing a flip-flop with a logic constant 0. [GLO-12]
        : The instance is 'u_core/u_score_exp/u_exp_rom/bank11_data_s0_reg[13]'.
Info    : Replacing a flip-flop with a logic constant 0. [GLO-12]
        : The instance is 'u_core/u_score_exp/u_exp_rom/bank11_data_s0_reg[14]'.
Info    : Replacing a flip-flop with a logic constant 0. [GLO-12]
        : The instance is 'u_core/u_score_exp/u_exp_rom/bank11_data_s0_reg[15]'.
Info    : Replacing a flip-flop with a logic constant 0. [GLO-12]
        : The instance is 'u_core/u_score_exp/u_exp_rom/bank12_data_s0_reg[0]'.
Info    : Replacing a flip-flop with a logic constant 0. [GLO-12]
        : The instance is 'u_core/u_score_exp/u_exp_rom/bank12_data_s0_reg[1]'.
Info    : Replacing a flip-flop with a logic constant 0. [GLO-12]
        : The instance is 'u_core/u_score_exp/u_exp_rom/bank12_data_s0_reg[2]'.
Info    : Replacing a flip-flop with a logic constant 0. [GLO-12]
        : The instance is 'u_core/u_score_exp/u_exp_rom/bank12_data_s0_reg[3]'.
Info    : Replacing a flip-flop with a logic constant 0. [GLO-12]
        : The instance is 'u_core/u_score_exp/u_exp_rom/bank12_data_s0_reg[4]'.
Info    : Replacing a flip-flop with a logic constant 0. [GLO-12]
        : The instance is 'u_core/u_score_exp/u_exp_rom/bank12_data_s0_reg[5]'.
Info    : Replacing a flip-flop with a logic constant 0. [GLO-12]
        : The instance is 'u_core/u_score_exp/u_exp_rom/bank12_data_s0_reg[6]'.
Info    : Replacing a flip-flop with a logic constant 0. [GLO-12]
        : The instance is 'u_core/u_score_exp/u_exp_rom/bank12_data_s0_reg[7]'.
Info    : Replacing a flip-flop with a logic constant 0. [GLO-12]
        : The instance is 'u_core/u_score_exp/u_exp_rom/bank12_data_s0_reg[8]'.
Info    : Replacing a flip-flop with a logic constant 0. [GLO-12]
        : The instance is 'u_core/u_score_exp/u_exp_rom/bank12_data_s0_reg[9]'.
Info    : Replacing a flip-flop with a logic constant 0. [GLO-12]
        : The instance is 'u_core/u_score_exp/u_exp_rom/bank12_data_s0_reg[10]'.
Info    : Replacing a flip-flop with a logic constant 0. [GLO-12]
        : The instance is 'u_core/u_score_exp/u_exp_rom/bank12_data_s0_reg[11]'.
Info    : Replacing a flip-flop with a logic constant 0. [GLO-12]
        : The instance is 'u_core/u_score_exp/u_exp_rom/bank12_data_s0_reg[12]'.
Info    : Replacing a flip-flop with a logic constant 0. [GLO-12]
        : The instance is 'u_core/u_score_exp/u_exp_rom/bank12_data_s0_reg[13]'.
Info    : Replacing a flip-flop with a logic constant 0. [GLO-12]
        : The instance is 'u_core/u_score_exp/u_exp_rom/bank12_data_s0_reg[14]'.
Info    : Replacing a flip-flop with a logic constant 0. [GLO-12]
        : The instance is 'u_core/u_score_exp/u_exp_rom/bank12_data_s0_reg[15]'.
Info    : Replacing a flip-flop with a logic constant 0. [GLO-12]
        : The instance is 'u_core/u_score_exp/u_exp_rom/bank13_data_s0_reg[0]'.
Info    : Replacing a flip-flop with a logic constant 0. [GLO-12]
        : The instance is 'u_core/u_score_exp/u_exp_rom/bank13_data_s0_reg[1]'.
Info    : Replacing a flip-flop with a logic constant 0. [GLO-12]
        : The instance is 'u_core/u_score_exp/u_exp_rom/bank13_data_s0_reg[2]'.
Info    : Replacing a flip-flop with a logic constant 0. [GLO-12]
        : The instance is 'u_core/u_score_exp/u_exp_rom/bank13_data_s0_reg[3]'.
Info    : Replacing a flip-flop with a logic constant 0. [GLO-12]
        : The instance is 'u_core/u_score_exp/u_exp_rom/bank13_data_s0_reg[4]'.
Info    : Replacing a flip-flop with a logic constant 0. [GLO-12]
        : The instance is 'u_core/u_score_exp/u_exp_rom/bank13_data_s0_reg[5]'.
Info    : Replacing a flip-flop with a logic constant 0. [GLO-12]
        : The instance is 'u_core/u_score_exp/u_exp_rom/bank13_data_s0_reg[6]'.
Info    : Replacing a flip-flop with a logic constant 0. [GLO-12]
        : The instance is 'u_core/u_score_exp/u_exp_rom/bank13_data_s0_reg[7]'.
Info    : Replacing a flip-flop with a logic constant 0. [GLO-12]
        : The instance is 'u_core/u_score_exp/u_exp_rom/bank13_data_s0_reg[8]'.
Info    : Replacing a flip-flop with a logic constant 0. [GLO-12]
        : The instance is 'u_core/u_score_exp/u_exp_rom/bank13_data_s0_reg[9]'.
Info    : Replacing a flip-flop with a logic constant 0. [GLO-12]
        : The instance is 'u_core/u_score_exp/u_exp_rom/bank13_data_s0_reg[10]'.
Info    : Replacing a flip-flop with a logic constant 0. [GLO-12]
        : The instance is 'u_core/u_score_exp/u_exp_rom/bank13_data_s0_reg[11]'.
Info    : Replacing a flip-flop with a logic constant 0. [GLO-12]
        : The instance is 'u_core/u_score_exp/u_exp_rom/bank13_data_s0_reg[12]'.
Info    : Replacing a flip-flop with a logic constant 0. [GLO-12]
        : The instance is 'u_core/u_score_exp/u_exp_rom/bank13_data_s0_reg[13]'.
Info    : Replacing a flip-flop with a logic constant 0. [GLO-12]
        : The instance is 'u_core/u_score_exp/u_exp_rom/bank13_data_s0_reg[14]'.
Info    : Replacing a flip-flop with a logic constant 0. [GLO-12]
        : The instance is 'u_core/u_score_exp/u_exp_rom/bank13_data_s0_reg[15]'.
Info    : Replacing a flip-flop with a logic constant 0. [GLO-12]
        : The instance is 'u_core/u_score_exp/u_exp_rom/bank14_data_s0_reg[0]'.
Info    : Replacing a flip-flop with a logic constant 0. [GLO-12]
        : The instance is 'u_core/u_score_exp/u_exp_rom/bank14_data_s0_reg[1]'.
Info    : Replacing a flip-flop with a logic constant 0. [GLO-12]
        : The instance is 'u_core/u_score_exp/u_exp_rom/bank14_data_s0_reg[2]'.
Info    : Replacing a flip-flop with a logic constant 0. [GLO-12]
        : The instance is 'u_core/u_score_exp/u_exp_rom/bank14_data_s0_reg[3]'.
Info    : Replacing a flip-flop with a logic constant 0. [GLO-12]
        : The instance is 'u_core/u_score_exp/u_exp_rom/bank14_data_s0_reg[4]'.
Info    : Replacing a flip-flop with a logic constant 0. [GLO-12]
        : The instance is 'u_core/u_score_exp/u_exp_rom/bank14_data_s0_reg[5]'.
Info    : Replacing a flip-flop with a logic constant 0. [GLO-12]
        : The instance is 'u_core/u_score_exp/u_exp_rom/bank14_data_s0_reg[6]'.
Info    : Replacing a flip-flop with a logic constant 0. [GLO-12]
        : The instance is 'u_core/u_score_exp/u_exp_rom/bank14_data_s0_reg[7]'.
Info    : Replacing a flip-flop with a logic constant 0. [GLO-12]
        : The instance is 'u_core/u_score_exp/u_exp_rom/bank14_data_s0_reg[8]'.
Info    : Replacing a flip-flop with a logic constant 0. [GLO-12]
        : The instance is 'u_core/u_score_exp/u_exp_rom/bank14_data_s0_reg[9]'.
Info    : Replacing a flip-flop with a logic constant 0. [GLO-12]
        : The instance is 'u_core/u_score_exp/u_exp_rom/bank14_data_s0_reg[10]'.
Info    : Replacing a flip-flop with a logic constant 0. [GLO-12]
        : The instance is 'u_core/u_score_exp/u_exp_rom/bank14_data_s0_reg[11]'.
Info    : Replacing a flip-flop with a logic constant 0. [GLO-12]
        : The instance is 'u_core/u_score_exp/u_exp_rom/bank14_data_s0_reg[12]'.
Info    : Replacing a flip-flop with a logic constant 0. [GLO-12]
        : The instance is 'u_core/u_score_exp/u_exp_rom/bank14_data_s0_reg[13]'.
Info    : Replacing a flip-flop with a logic constant 0. [GLO-12]
        : The instance is 'u_core/u_score_exp/u_exp_rom/bank14_data_s0_reg[14]'.
Info    : Replacing a flip-flop with a logic constant 0. [GLO-12]
        : The instance is 'u_core/u_score_exp/u_exp_rom/bank14_data_s0_reg[15]'.
Info    : Replacing a flip-flop with a logic constant 0. [GLO-12]
        : The instance is 'u_core/u_score_exp/u_exp_rom/bank15_data_s0_reg[0]'.
Info    : Replacing a flip-flop with a logic constant 0. [GLO-12]
        : The instance is 'u_core/u_score_exp/u_exp_rom/bank15_data_s0_reg[1]'.
Info    : Replacing a flip-flop with a logic constant 0. [GLO-12]
        : The instance is 'u_core/u_score_exp/u_exp_rom/bank15_data_s0_reg[2]'.
Info    : Replacing a flip-flop with a logic constant 0. [GLO-12]
        : The instance is 'u_core/u_score_exp/u_exp_rom/bank15_data_s0_reg[3]'.
Info    : Replacing a flip-flop with a logic constant 0. [GLO-12]
        : The instance is 'u_core/u_score_exp/u_exp_rom/bank15_data_s0_reg[4]'.
Info    : Replacing a flip-flop with a logic constant 0. [GLO-12]
        : The instance is 'u_core/u_score_exp/u_exp_rom/bank15_data_s0_reg[5]'.
Info    : Replacing a flip-flop with a logic constant 0. [GLO-12]
        : The instance is 'u_core/u_score_exp/u_exp_rom/bank15_data_s0_reg[6]'.
Info    : Replacing a flip-flop with a logic constant 0. [GLO-12]
        : The instance is 'u_core/u_score_exp/u_exp_rom/bank15_data_s0_reg[7]'.
Info    : Replacing a flip-flop with a logic constant 0. [GLO-12]
        : The instance is 'u_core/u_score_exp/u_exp_rom/bank15_data_s0_reg[8]'.
Info    : Replacing a flip-flop with a logic constant 0. [GLO-12]
        : The instance is 'u_core/u_score_exp/u_exp_rom/bank15_data_s0_reg[9]'.
Info    : Replacing a flip-flop with a logic constant 0. [GLO-12]
        : The instance is 'u_core/u_score_exp/u_exp_rom/bank15_data_s0_reg[10]'.
Info    : Replacing a flip-flop with a logic constant 0. [GLO-12]
        : The instance is 'u_core/u_score_exp/u_exp_rom/bank15_data_s0_reg[11]'.
Info    : Replacing a flip-flop with a logic constant 0. [GLO-12]
        : The instance is 'u_core/u_score_exp/u_exp_rom/bank15_data_s0_reg[12]'.
Info    : Replacing a flip-flop with a logic constant 0. [GLO-12]
        : The instance is 'u_core/u_score_exp/u_exp_rom/bank15_data_s0_reg[13]'.
Info    : Replacing a flip-flop with a logic constant 0. [GLO-12]
        : The instance is 'u_core/u_score_exp/u_exp_rom/bank15_data_s0_reg[14]'.
Info    : Replacing a flip-flop with a logic constant 0. [GLO-12]
        : The instance is 'u_core/u_score_exp/u_exp_rom/bank15_data_s0_reg[15]'.
Info    : Replacing a flip-flop with a logic constant 0. [GLO-12]
        : The instance is 'u_finalize/u_recip/dividend_reg_reg[0]'.
Info    : Replacing a flip-flop with a logic constant 0. [GLO-12]
        : The instance is 'u_finalize/u_norm/shift_m1_reg_reg[0]'.
Info    : Replacing a flip-flop with a logic constant 0. [GLO-12]
        : The instance is 'u_finalize/u_norm/shift_m1_reg_reg[3]'.
Info    : Replacing a flip-flop with a logic constant 0. [GLO-12]
        : The instance is 'u_finalize/u_norm/shift_m2_reg_reg[0]'.
Info    : Replacing a flip-flop with a logic constant 0. [GLO-12]
        : The instance is 'u_finalize/u_norm/shift_m2_reg_reg[3]'.
Info    : Replacing a flip-flop with a logic constant 0. [GLO-12]
        : The instance is 'u_core/u_update/meta_wr_addr_reg[3]'.
Info    : Replacing a flip-flop with a logic constant 0. [GLO-12]
        : The instance is 'u_core/u_update/meta_wr_data_reg[80]'.
Info    : Replacing a flip-flop with a logic constant 0. [GLO-12]
        : The instance is 'u_core/u_update/meta_wr_data_reg[81]'.
Info    : Replacing a flip-flop with a logic constant 0. [GLO-12]
        : The instance is 'u_core/u_update/meta_wr_data_reg[82]'.
Info    : Replacing a flip-flop with a logic constant 0. [GLO-12]
        : The instance is 'u_core/u_update/meta_wr_data_reg[83]'.
Info    : Replacing a flip-flop with a logic constant 0. [GLO-12]
        : The instance is 'u_core/u_update/meta_wr_data_reg[84]'.
Info    : Replacing a flip-flop with a logic constant 0. [GLO-12]
        : The instance is 'u_core/u_update/meta_wr_data_reg[85]'.
Info    : Replacing a flip-flop with a logic constant 0. [GLO-12]
        : The instance is 'u_core/u_update/meta_wr_data_reg[86]'.
Info    : Replacing a flip-flop with a logic constant 0. [GLO-12]
        : The instance is 'u_core/u_update/meta_wr_data_reg[87]'.
Info    : Replacing a flip-flop with a logic constant 0. [GLO-12]
        : The instance is 'u_core/u_update/meta_wr_data_reg[88]'.
Info    : Replacing a flip-flop with a logic constant 0. [GLO-12]
        : The instance is 'u_core/u_update/meta_wr_data_reg[89]'.
Info    : Replacing a flip-flop with a logic constant 0. [GLO-12]
        : The instance is 'u_core/u_update/meta_wr_data_reg[90]'.
Info    : Replacing a flip-flop with a logic constant 0. [GLO-12]
        : The instance is 'u_core/u_update/meta_wr_data_reg[91]'.
Info    : Replacing a flip-flop with a logic constant 0. [GLO-12]
        : The instance is 'u_core/u_update/meta_wr_data_reg[92]'.
Info    : Replacing a flip-flop with a logic constant 0. [GLO-12]
        : The instance is 'u_core/u_update/meta_wr_data_reg[93]'.
Info    : Replacing a flip-flop with a logic constant 0. [GLO-12]
        : The instance is 'u_core/u_update/meta_wr_data_reg[94]'.
Info    : Replacing a flip-flop with a logic constant 0. [GLO-12]
        : The instance is 'u_core/u_update/meta_wr_data_reg[95]'.
Info    : Replacing a flip-flop with a logic constant 0. [GLO-12]
        : The instance is 'u_core/u_update/meta_wr_data_reg[96]'.
Info    : Replacing a flip-flop with a logic constant 0. [GLO-12]
        : The instance is 'u_core/u_update/meta_wr_data_reg[97]'.
Info    : Replacing a flip-flop with a logic constant 0. [GLO-12]
        : The instance is 'u_core/u_update/meta_wr_data_reg[98]'.
Info    : Replacing a flip-flop with a logic constant 0. [GLO-12]
        : The instance is 'u_core/u_update/meta_wr_data_reg[99]'.
Info    : Replacing a flip-flop with a logic constant 0. [GLO-12]
        : The instance is 'u_core/u_update/meta_wr_data_reg[100]'.
Info    : Replacing a flip-flop with a logic constant 0. [GLO-12]
        : The instance is 'u_core/u_update/meta_wr_data_reg[101]'.
Info    : Replacing a flip-flop with a logic constant 0. [GLO-12]
        : The instance is 'u_core/u_update/meta_wr_data_reg[102]'.
Info    : Replacing a flip-flop with a logic constant 0. [GLO-12]
        : The instance is 'u_core/u_update/meta_wr_data_reg[103]'.
Info    : Replacing a flip-flop with a logic constant 0. [GLO-12]
        : The instance is 'u_core/u_update/meta_wr_data_reg[104]'.
Info    : Replacing a flip-flop with a logic constant 0. [GLO-12]
        : The instance is 'u_core/u_update/meta_wr_data_reg[105]'.
Info    : Replacing a flip-flop with a logic constant 0. [GLO-12]
        : The instance is 'u_core/u_update/meta_wr_data_reg[106]'.
Info    : Replacing a flip-flop with a logic constant 0. [GLO-12]
        : The instance is 'u_core/u_update/meta_wr_data_reg[107]'.
Info    : Replacing a flip-flop with a logic constant 0. [GLO-12]
        : The instance is 'u_core/u_update/meta_wr_data_reg[108]'.
Info    : Replacing a flip-flop with a logic constant 0. [GLO-12]
        : The instance is 'u_core/u_update/meta_wr_data_reg[109]'.
Info    : Replacing a flip-flop with a logic constant 0. [GLO-12]
        : The instance is 'u_core/u_update/meta_wr_data_reg[110]'.
Info    : Replacing a flip-flop with a logic constant 0. [GLO-12]
        : The instance is 'u_core/u_update/meta_wr_data_reg[111]'.
Info    : Replacing a flip-flop with a logic constant 0. [GLO-12]
        : The instance is 'u_core/u_update/meta_wr_data_reg[112]'.
Info    : Replacing a flip-flop with a logic constant 0. [GLO-12]
        : The instance is 'u_core/u_update/meta_wr_data_reg[113]'.
Info    : Replacing a flip-flop with a logic constant 0. [GLO-12]
        : The instance is 'u_core/u_update/meta_wr_data_reg[114]'.
Info    : Replacing a flip-flop with a logic constant 0. [GLO-12]
        : The instance is 'u_core/u_update/meta_wr_data_reg[115]'.
Info    : Replacing a flip-flop with a logic constant 0. [GLO-12]
        : The instance is 'u_core/u_update/meta_wr_data_reg[116]'.
Info    : Replacing a flip-flop with a logic constant 0. [GLO-12]
        : The instance is 'u_core/u_update/meta_wr_data_reg[117]'.
Info    : Replacing a flip-flop with a logic constant 0. [GLO-12]
        : The instance is 'u_core/u_update/meta_wr_data_reg[118]'.
Info    : Replacing a flip-flop with a logic constant 0. [GLO-12]
        : The instance is 'u_core/u_update/meta_wr_data_reg[119]'.
Info    : Replacing a flip-flop with a logic constant 0. [GLO-12]
        : The instance is 'u_core/u_update/meta_wr_data_reg[120]'.
Info    : Replacing a flip-flop with a logic constant 0. [GLO-12]
        : The instance is 'u_core/u_update/meta_wr_data_reg[121]'.
Info    : Replacing a flip-flop with a logic constant 0. [GLO-12]
        : The instance is 'u_core/u_update/meta_wr_data_reg[122]'.
Info    : Replacing a flip-flop with a logic constant 0. [GLO-12]
        : The instance is 'u_core/u_update/meta_wr_data_reg[123]'.
Info    : Replacing a flip-flop with a logic constant 0. [GLO-12]
        : The instance is 'u_core/u_update/meta_wr_data_reg[124]'.
Info    : Replacing a flip-flop with a logic constant 0. [GLO-12]
        : The instance is 'u_core/u_update/meta_wr_data_reg[125]'.
Info    : Replacing a flip-flop with a logic constant 0. [GLO-12]
        : The instance is 'u_core/u_update/meta_wr_data_reg[126]'.
Info    : Replacing a flip-flop with a logic constant 0. [GLO-12]
        : The instance is 'u_core/u_update/meta_wr_data_reg[127]'.
Info    : Replacing a flip-flop with a logic constant 0. [GLO-12]
        : The instance is 'u_regs/s_bresp_reg[0]'.
Info    : Replacing a flip-flop with a logic constant 0. [GLO-12]
        : The instance is 'u_regs/s_bresp_reg[1]'.
Info    : Replacing a flip-flop with a logic constant 0. [GLO-12]
        : The instance is 'u_regs/s_rresp_reg[0]'.
Info    : Replacing a flip-flop with a logic constant 0. [GLO-12]
        : The instance is 'u_regs/s_rresp_reg[1]'.
Info    : Replacing a flip-flop with a logic constant 0. [GLO-12]
        : The instance is 'u_perf/update_quarter_count_reg[0]'.
Info    : Replacing a flip-flop with a logic constant 0. [GLO-12]
        : The instance is 'u_perf/update_quarter_count_reg[1]'.
Info    : Replacing a flip-flop with a logic constant 0. [GLO-12]
        : The instance is 'u_perf/update_quarter_count_reg[2]'.
Info    : Replacing a flip-flop with a logic constant 0. [GLO-12]
        : The instance is 'u_perf/update_quarter_count_reg[3]'.
Info    : Replacing a flip-flop with a logic constant 0. [GLO-12]
        : The instance is 'u_perf/update_quarter_count_reg[4]'.
Info    : Replacing a flip-flop with a logic constant 0. [GLO-12]
        : The instance is 'u_perf/update_quarter_count_reg[5]'.
Info    : Replacing a flip-flop with a logic constant 0. [GLO-12]
        : The instance is 'u_perf/update_quarter_count_reg[6]'.
Info    : Replacing a flip-flop with a logic constant 0. [GLO-12]
        : The instance is 'u_perf/update_quarter_count_reg[7]'.
Info    : Replacing a flip-flop with a logic constant 0. [GLO-12]
        : The instance is 'u_perf/update_quarter_count_reg[8]'.
Info    : Replacing a flip-flop with a logic constant 0. [GLO-12]
        : The instance is 'u_perf/update_quarter_count_reg[9]'.
Info    : Replacing a flip-flop with a logic constant 0. [GLO-12]
        : The instance is 'u_perf/update_quarter_count_reg[10]'.
Info    : Replacing a flip-flop with a logic constant 0. [GLO-12]
        : The instance is 'u_perf/update_quarter_count_reg[11]'.
Info    : Replacing a flip-flop with a logic constant 0. [GLO-12]
        : The instance is 'u_perf/update_quarter_count_reg[12]'.
Info    : Replacing a flip-flop with a logic constant 0. [GLO-12]
        : The instance is 'u_perf/update_quarter_count_reg[13]'.
Info    : Replacing a flip-flop with a logic constant 0. [GLO-12]
        : The instance is 'u_perf/update_quarter_count_reg[14]'.
Info    : Replacing a flip-flop with a logic constant 0. [GLO-12]
        : The instance is 'u_perf/update_quarter_count_reg[15]'.
Info    : Replacing a flip-flop with a logic constant 0. [GLO-12]
        : The instance is 'u_perf/update_quarter_count_reg[16]'.
Info    : Replacing a flip-flop with a logic constant 0. [GLO-12]
        : The instance is 'u_perf/update_quarter_count_reg[17]'.
Info    : Replacing a flip-flop with a logic constant 0. [GLO-12]
        : The instance is 'u_perf/update_quarter_count_reg[18]'.
Info    : Replacing a flip-flop with a logic constant 0. [GLO-12]
        : The instance is 'u_perf/update_quarter_count_reg[19]'.
Info    : Replacing a flip-flop with a logic constant 0. [GLO-12]
        : The instance is 'u_perf/update_quarter_count_reg[20]'.
Info    : Replacing a flip-flop with a logic constant 0. [GLO-12]
        : The instance is 'u_perf/update_quarter_count_reg[21]'.
Info    : Replacing a flip-flop with a logic constant 0. [GLO-12]
        : The instance is 'u_perf/update_quarter_count_reg[22]'.
Info    : Replacing a flip-flop with a logic constant 0. [GLO-12]
        : The instance is 'u_perf/update_quarter_count_reg[23]'.
Info    : Replacing a flip-flop with a logic constant 0. [GLO-12]
        : The instance is 'u_perf/update_quarter_count_reg[24]'.
Info    : Replacing a flip-flop with a logic constant 0. [GLO-12]
        : The instance is 'u_perf/update_quarter_count_reg[25]'.
Info    : Replacing a flip-flop with a logic constant 0. [GLO-12]
        : The instance is 'u_perf/update_quarter_count_reg[26]'.
Info    : Replacing a flip-flop with a logic constant 0. [GLO-12]
        : The instance is 'u_perf/update_quarter_count_reg[27]'.
Info    : Replacing a flip-flop with a logic constant 0. [GLO-12]
        : The instance is 'u_perf/update_quarter_count_reg[28]'.
Info    : Replacing a flip-flop with a logic constant 0. [GLO-12]
        : The instance is 'u_perf/update_quarter_count_reg[29]'.
Info    : Replacing a flip-flop with a logic constant 0. [GLO-12]
        : The instance is 'u_perf/update_quarter_count_reg[30]'.
Info    : Replacing a flip-flop with a logic constant 0. [GLO-12]
        : The instance is 'u_perf/update_quarter_count_reg[31]'.
Info    : Replacing a flip-flop with a logic constant 0. [GLO-12]
        : The instance is 'u_perf/update_quarter_count_reg[32]'.
Info    : Replacing a flip-flop with a logic constant 0. [GLO-12]
        : The instance is 'u_perf/update_quarter_count_reg[33]'.
Info    : Replacing a flip-flop with a logic constant 0. [GLO-12]
        : The instance is 'u_perf/update_quarter_count_reg[34]'.
Info    : Replacing a flip-flop with a logic constant 0. [GLO-12]
        : The instance is 'u_perf/update_quarter_count_reg[35]'.
Info    : Replacing a flip-flop with a logic constant 0. [GLO-12]
        : The instance is 'u_perf/update_quarter_count_reg[36]'.
Info    : Replacing a flip-flop with a logic constant 0. [GLO-12]
        : The instance is 'u_perf/update_quarter_count_reg[37]'.
Info    : Replacing a flip-flop with a logic constant 0. [GLO-12]
        : The instance is 'u_perf/update_quarter_count_reg[38]'.
Info    : Replacing a flip-flop with a logic constant 0. [GLO-12]
        : The instance is 'u_perf/update_quarter_count_reg[39]'.
Info    : Replacing a flip-flop with a logic constant 0. [GLO-12]
        : The instance is 'u_perf/update_quarter_count_reg[40]'.
Info    : Replacing a flip-flop with a logic constant 0. [GLO-12]
        : The instance is 'u_perf/update_quarter_count_reg[41]'.
Info    : Replacing a flip-flop with a logic constant 0. [GLO-12]
        : The instance is 'u_perf/update_quarter_count_reg[42]'.
Info    : Replacing a flip-flop with a logic constant 0. [GLO-12]
        : The instance is 'u_perf/update_quarter_count_reg[43]'.
Info    : Replacing a flip-flop with a logic constant 0. [GLO-12]
        : The instance is 'u_perf/update_quarter_count_reg[44]'.
Info    : Replacing a flip-flop with a logic constant 0. [GLO-12]
        : The instance is 'u_perf/update_quarter_count_reg[45]'.
Info    : Replacing a flip-flop with a logic constant 0. [GLO-12]
        : The instance is 'u_perf/update_quarter_count_reg[46]'.
Info    : Replacing a flip-flop with a logic constant 0. [GLO-12]
        : The instance is 'u_perf/update_quarter_count_reg[47]'.
Info    : Replacing a flip-flop with a logic constant 0. [GLO-12]
        : The instance is 'u_perf/update_quarter_count_reg[48]'.
Info    : Replacing a flip-flop with a logic constant 0. [GLO-12]
        : The instance is 'u_perf/update_quarter_count_reg[49]'.
Info    : Replacing a flip-flop with a logic constant 0. [GLO-12]
        : The instance is 'u_perf/update_quarter_count_reg[50]'.
Info    : Replacing a flip-flop with a logic constant 0. [GLO-12]
        : The instance is 'u_perf/update_quarter_count_reg[51]'.
Info    : Replacing a flip-flop with a logic constant 0. [GLO-12]
        : The instance is 'u_perf/update_quarter_count_reg[52]'.
Info    : Replacing a flip-flop with a logic constant 0. [GLO-12]
        : The instance is 'u_perf/update_quarter_count_reg[53]'.
Info    : Replacing a flip-flop with a logic constant 0. [GLO-12]
        : The instance is 'u_perf/update_quarter_count_reg[54]'.
Info    : Replacing a flip-flop with a logic constant 0. [GLO-12]
        : The instance is 'u_perf/update_quarter_count_reg[55]'.
Info    : Replacing a flip-flop with a logic constant 0. [GLO-12]
        : The instance is 'u_perf/update_quarter_count_reg[56]'.
Info    : Replacing a flip-flop with a logic constant 0. [GLO-12]
        : The instance is 'u_perf/update_quarter_count_reg[57]'.
Info    : Replacing a flip-flop with a logic constant 0. [GLO-12]
        : The instance is 'u_perf/update_quarter_count_reg[58]'.
Info    : Replacing a flip-flop with a logic constant 0. [GLO-12]
        : The instance is 'u_perf/update_quarter_count_reg[59]'.
Info    : Replacing a flip-flop with a logic constant 0. [GLO-12]
        : The instance is 'u_perf/update_quarter_count_reg[60]'.
Info    : Replacing a flip-flop with a logic constant 0. [GLO-12]
        : The instance is 'u_perf/update_quarter_count_reg[61]'.
Info    : Replacing a flip-flop with a logic constant 0. [GLO-12]
        : The instance is 'u_perf/update_quarter_count_reg[62]'.
Info    : Replacing a flip-flop with a logic constant 0. [GLO-12]
        : The instance is 'u_perf/update_quarter_count_reg[63]'.
Info    : Replacing a flip-flop with a logic constant 0. [GLO-12]
        : The instance is 'u_finalize/u_recip/dividend_reg_reg[1]'.
Info    : Replacing a flip-flop with a logic constant 0. [GLO-12]
        : The instance is 'u_finalize/u_recip/dividend_reg_reg[2]'.
Info    : Replacing a flip-flop with a logic constant 0. [GLO-12]
        : The instance is 'u_finalize/u_recip/dividend_reg_reg[3]'.
Info    : Replacing a flip-flop with a logic constant 0. [GLO-12]
        : The instance is 'u_finalize/u_recip/dividend_reg_reg[4]'.
Info    : Replacing a flip-flop with a logic constant 0. [GLO-12]
        : The instance is 'u_finalize/u_recip/dividend_reg_reg[5]'.
Info    : Replacing a flip-flop with a logic constant 0. [GLO-12]
        : The instance is 'u_finalize/u_recip/dividend_reg_reg[6]'.
Info    : Replacing a flip-flop with a logic constant 0. [GLO-12]
        : The instance is 'u_finalize/u_recip/dividend_reg_reg[7]'.
Info    : Replacing a flip-flop with a logic constant 0. [GLO-12]
        : The instance is 'u_finalize/u_recip/dividend_reg_reg[8]'.
Info    : Replacing a flip-flop with a logic constant 0. [GLO-12]
        : The instance is 'u_finalize/u_recip/dividend_reg_reg[9]'.
Info    : Replacing a flip-flop with a logic constant 0. [GLO-12]
        : The instance is 'u_finalize/u_recip/dividend_reg_reg[10]'.
Info    : Replacing a flip-flop with a logic constant 0. [GLO-12]
        : The instance is 'u_finalize/u_recip/dividend_reg_reg[11]'.
Info    : Replacing a flip-flop with a logic constant 0. [GLO-12]
        : The instance is 'u_finalize/u_recip/dividend_reg_reg[12]'.
Info    : Replacing a flip-flop with a logic constant 0. [GLO-12]
        : The instance is 'u_finalize/u_recip/dividend_reg_reg[13]'.
Info    : Replacing a flip-flop with a logic constant 0. [GLO-12]
        : The instance is 'u_finalize/u_recip/dividend_reg_reg[14]'.
Info    : Replacing a flip-flop with a logic constant 0. [GLO-12]
        : The instance is 'u_finalize/u_recip/dividend_reg_reg[15]'.
Info    : Replacing a flip-flop with a logic constant 0. [GLO-12]
        : The instance is 'u_finalize/u_recip/dividend_reg_reg[16]'.
Info    : Replacing a flip-flop with a logic constant 0. [GLO-12]
        : The instance is 'u_finalize/u_recip/dividend_reg_reg[17]'.
Info    : Replacing a flip-flop with a logic constant 0. [GLO-12]
        : The instance is 'u_finalize/u_recip/dividend_reg_reg[18]'.
Info    : Replacing a flip-flop with a logic constant 0. [GLO-12]
        : The instance is 'u_finalize/u_recip/dividend_reg_reg[19]'.
Info    : Replacing a flip-flop with a logic constant 0. [GLO-12]
        : The instance is 'u_finalize/u_recip/dividend_reg_reg[20]'.
Info    : Replacing a flip-flop with a logic constant 0. [GLO-12]
        : The instance is 'u_finalize/u_recip/dividend_reg_reg[21]'.
Info    : Replacing a flip-flop with a logic constant 0. [GLO-12]
        : The instance is 'u_finalize/u_recip/dividend_reg_reg[22]'.
Info    : Replacing a flip-flop with a logic constant 0. [GLO-12]
        : The instance is 'u_finalize/u_recip/dividend_reg_reg[23]'.
Info    : Replacing a flip-flop with a logic constant 0. [GLO-12]
        : The instance is 'u_finalize/u_recip/dividend_reg_reg[24]'.
Info    : Replacing a flip-flop with a logic constant 0. [GLO-12]
        : The instance is 'u_finalize/u_recip/dividend_reg_reg[25]'.
Info    : Replacing a flip-flop with a logic constant 0. [GLO-12]
        : The instance is 'u_finalize/u_recip/dividend_reg_reg[26]'.
Info    : Replacing a flip-flop with a logic constant 0. [GLO-12]
        : The instance is 'u_finalize/u_recip/dividend_reg_reg[27]'.
Info    : Replacing a flip-flop with a logic constant 0. [GLO-12]
        : The instance is 'u_finalize/u_recip/dividend_reg_reg[28]'.
Info    : Replacing a flip-flop with a logic constant 0. [GLO-12]
        : The instance is 'u_finalize/u_recip/dividend_reg_reg[29]'.
Info    : Replacing a flip-flop with a logic constant 0. [GLO-12]
        : The instance is 'u_finalize/u_recip/dividend_reg_reg[30]'.
Info    : Replacing a flip-flop with a logic constant 0. [GLO-12]
        : The instance is 'u_finalize/u_recip/dividend_reg_reg[31]'.
Info    : Replacing a flip-flop with a logic constant 0. [GLO-12]
        : The instance is 'u_finalize/u_recip/dividend_reg_reg[32]'.
Info    : Replacing a flip-flop with a logic constant 0. [GLO-12]
        : The instance is 'u_finalize/u_recip/dividend_reg_reg[33]'.
Info    : Replacing a flip-flop with a logic constant 0. [GLO-12]
        : The instance is 'u_finalize/u_recip/dividend_reg_reg[34]'.
Info    : Replacing a flip-flop with a logic constant 0. [GLO-12]
        : The instance is 'u_finalize/u_recip/dividend_reg_reg[35]'.
Info    : Replacing a flip-flop with a logic constant 0. [GLO-12]
        : The instance is 'u_finalize/u_recip/dividend_reg_reg[36]'.
Info    : Replacing a flip-flop with a logic constant 0. [GLO-12]
        : The instance is 'u_finalize/u_recip/dividend_reg_reg[37]'.
Info    : Replacing a flip-flop with a logic constant 0. [GLO-12]
        : The instance is 'u_finalize/u_recip/dividend_reg_reg[38]'.
Info    : Replacing a flip-flop with a logic constant 0. [GLO-12]
        : The instance is 'u_finalize/u_recip/dividend_reg_reg[39]'.
Info    : Replacing a flip-flop with a logic constant 0. [GLO-12]
        : The instance is 'u_finalize/u_recip/dividend_reg_reg[40]'.
Info    : Replacing a flip-flop with a logic constant 0. [GLO-12]
        : The instance is 'u_finalize/u_recip/dividend_reg_reg[41]'.
Info    : Replacing a flip-flop with a logic constant 0. [GLO-12]
        : The instance is 'u_finalize/u_recip/dividend_reg_reg[42]'.
Info    : Replacing a flip-flop with a logic constant 0. [GLO-12]
        : The instance is 'u_finalize/u_recip/dividend_reg_reg[43]'.
Info    : Replacing a flip-flop with a logic constant 0. [GLO-12]
        : The instance is 'u_finalize/u_recip/dividend_reg_reg[44]'.
Info    : Replacing a flip-flop with a logic constant 0. [GLO-12]
        : The instance is 'u_finalize/u_recip/dividend_reg_reg[45]'.
Info    : Replacing a flip-flop with a logic constant 0. [GLO-12]
        : The instance is 'u_finalize/u_recip/dividend_reg_reg[46]'.
Info    : Replacing a flip-flop with a logic constant 0. [GLO-12]
        : The instance is 'u_finalize/u_recip/dividend_reg_reg[47]'.
Info    : Replacing a flip-flop with a logic constant 0. [GLO-12]
        : The instance is 'u_finalize/u_recip/dividend_reg_reg[48]'.
Info    : Replacing a flip-flop with a logic constant 0. [GLO-12]
        : The instance is 'u_finalize/u_recip/dividend_reg_reg[49]'.
Info    : Replacing a flip-flop with a logic constant 0. [GLO-12]
        : The instance is 'u_finalize/u_recip/dividend_reg_reg[50]'.
Info    : Replacing a flip-flop with a logic constant 0. [GLO-12]
        : The instance is 'u_finalize/u_recip/dividend_reg_reg[51]'.
Info    : Replacing a flip-flop with a logic constant 0. [GLO-12]
        : The instance is 'u_finalize/u_recip/dividend_reg_reg[52]'.
Info    : Replacing a flip-flop with a logic constant 0. [GLO-12]
        : The instance is 'u_finalize/u_recip/dividend_reg_reg[53]'.
Info    : Replacing a flip-flop with a logic constant 0. [GLO-12]
        : The instance is 'u_finalize/u_recip/dividend_reg_reg[54]'.
Info    : Replacing a flip-flop with a logic constant 0. [GLO-12]
        : The instance is 'u_finalize/u_recip/dividend_reg_reg[55]'.
Info    : Replacing a flip-flop with a logic constant 0. [GLO-12]
        : The instance is 'u_finalize/u_recip/dividend_reg_reg[56]'.
Info    : Replacing a flip-flop with a logic constant 0. [GLO-12]
        : The instance is 'u_finalize/u_recip/dividend_reg_reg[57]'.
Info    : Replacing a flip-flop with a logic constant 0. [GLO-12]
        : The instance is 'u_finalize/u_recip/dividend_reg_reg[58]'.
Info    : Replacing a flip-flop with a logic constant 0. [GLO-12]
        : The instance is 'u_finalize/u_recip/dividend_reg_reg[59]'.
Info    : Replacing a flip-flop with a logic constant 0. [GLO-12]
        : The instance is 'u_core/u_update/u_acc_sram/g_bank[0].u_bank/rw_rvalid_d1_reg'.
Info    : Replacing a flip-flop with a logic constant 0. [GLO-12]
        : The instance is 'u_core/u_update/u_acc_sram/g_bank[1].u_bank/rw_rvalid_d1_reg'.
Info    : Replacing a flip-flop with a logic constant 0. [GLO-12]
        : The instance is 'u_core/u_update/u_acc_sram/g_bank[2].u_bank/rw_rvalid_d1_reg'.
Info    : Replacing a flip-flop with a logic constant 0. [GLO-12]
        : The instance is 'u_core/u_update/u_acc_sram/g_bank[3].u_bank/rw_rvalid_d1_reg'.
Info    : Replacing a flip-flop with a logic constant 0. [GLO-12]
        : The instance is 'u_core/u_update/u_acc_sram/g_bank[4].u_bank/rw_rvalid_d1_reg'.
Info    : Replacing a flip-flop with a logic constant 0. [GLO-12]
        : The instance is 'u_core/u_update/u_acc_sram/g_bank[5].u_bank/rw_rvalid_d1_reg'.
Info    : Replacing a flip-flop with a logic constant 0. [GLO-12]
        : The instance is 'u_core/u_update/u_acc_sram/g_bank[6].u_bank/rw_rvalid_d1_reg'.
Info    : Replacing a flip-flop with a logic constant 0. [GLO-12]
        : The instance is 'u_core/u_update/u_acc_sram/g_bank[7].u_bank/rw_rvalid_d1_reg'.
Info    : Replacing a flip-flop with a logic constant 0. [GLO-12]
        : The instance is 'u_core/u_update/u_acc_sram/g_bank[8].u_bank/rw_rvalid_d1_reg'.
Info    : Replacing a flip-flop with a logic constant 0. [GLO-12]
        : The instance is 'u_core/u_update/u_acc_sram/g_bank[9].u_bank/rw_rvalid_d1_reg'.
Info    : Replacing a flip-flop with a logic constant 0. [GLO-12]
        : The instance is 'u_core/u_update/u_acc_sram/g_bank[10].u_bank/rw_rvalid_d1_reg'.
Info    : Replacing a flip-flop with a logic constant 0. [GLO-12]
        : The instance is 'u_core/u_update/u_acc_sram/g_bank[11].u_bank/rw_rvalid_d1_reg'.
Info    : Replacing a flip-flop with a logic constant 0. [GLO-12]
        : The instance is 'u_core/u_update/u_acc_sram/g_bank[0].u_bank/rw_rvalid_reg'.
Info    : Replacing a flip-flop with a logic constant 0. [GLO-12]
        : The instance is 'u_core/u_update/u_acc_sram/g_bank[1].u_bank/rw_rvalid_reg'.
Info    : Replacing a flip-flop with a logic constant 0. [GLO-12]
        : The instance is 'u_core/u_update/u_acc_sram/g_bank[2].u_bank/rw_rvalid_reg'.
Info    : Replacing a flip-flop with a logic constant 0. [GLO-12]
        : The instance is 'u_core/u_update/u_acc_sram/g_bank[3].u_bank/rw_rvalid_reg'.
Info    : Replacing a flip-flop with a logic constant 0. [GLO-12]
        : The instance is 'u_core/u_update/u_acc_sram/g_bank[4].u_bank/rw_rvalid_reg'.
Info    : Replacing a flip-flop with a logic constant 0. [GLO-12]
        : The instance is 'u_core/u_update/u_acc_sram/g_bank[5].u_bank/rw_rvalid_reg'.
Info    : Replacing a flip-flop with a logic constant 0. [GLO-12]
        : The instance is 'u_core/u_update/u_acc_sram/g_bank[6].u_bank/rw_rvalid_reg'.
Info    : Replacing a flip-flop with a logic constant 0. [GLO-12]
        : The instance is 'u_core/u_update/u_acc_sram/g_bank[7].u_bank/rw_rvalid_reg'.
Info    : Replacing a flip-flop with a logic constant 0. [GLO-12]
        : The instance is 'u_core/u_update/u_acc_sram/g_bank[8].u_bank/rw_rvalid_reg'.
Info    : Replacing a flip-flop with a logic constant 0. [GLO-12]
        : The instance is 'u_core/u_update/u_acc_sram/g_bank[9].u_bank/rw_rvalid_reg'.
Info    : Replacing a flip-flop with a logic constant 0. [GLO-12]
        : The instance is 'u_core/u_update/u_acc_sram/g_bank[10].u_bank/rw_rvalid_reg'.
Info    : Replacing a flip-flop with a logic constant 0. [GLO-12]
        : The instance is 'u_core/u_update/u_acc_sram/g_bank[11].u_bank/rw_rvalid_reg'.
Info    : Replacing a flip-flop with a logic constant 0. [GLO-12]
        : The instance is 'u_core/u_dot/u_k_sram/rw_read_d1_reg'.
Info    : Replacing a flip-flop with a logic constant 0. [GLO-12]
        : The instance is 'u_core/u_dot/u_k_sram/rw_read_d2_reg'.
Info    : Replacing a flip-flop with a logic constant 0. [GLO-12]
        : The instance is 'u_core/u_dot/u_k_sram/g_bank[0].u_bank/rw_rvalid_d1_reg'.
Info    : Replacing a flip-flop with a logic constant 0. [GLO-12]
        : The instance is 'u_core/u_dot/u_k_sram/g_bank[1].u_bank/rw_rvalid_d1_reg'.
Info    : Replacing a flip-flop with a logic constant 0. [GLO-12]
        : The instance is 'u_core/u_dot/u_k_sram/g_bank[2].u_bank/rw_rvalid_d1_reg'.
Info    : Replacing a flip-flop with a logic constant 0. [GLO-12]
        : The instance is 'u_core/u_dot/u_k_sram/g_bank[3].u_bank/rw_rvalid_d1_reg'.
Info    : Replacing a flip-flop with a logic constant 0. [GLO-12]
        : The instance is 'u_core/u_dot/u_k_sram/g_bank[4].u_bank/rw_rvalid_d1_reg'.
Info    : Replacing a flip-flop with a logic constant 0. [GLO-12]
        : The instance is 'u_core/u_dot/u_k_sram/g_bank[5].u_bank/rw_rvalid_d1_reg'.
Info    : Replacing a flip-flop with a logic constant 0. [GLO-12]
        : The instance is 'u_core/u_dot/u_k_sram/g_bank[6].u_bank/rw_rvalid_d1_reg'.
Info    : Replacing a flip-flop with a logic constant 0. [GLO-12]
        : The instance is 'u_core/u_dot/u_k_sram/g_bank[7].u_bank/rw_rvalid_d1_reg'.
Info    : Replacing a flip-flop with a logic constant 0. [GLO-12]
        : The instance is 'u_core/u_dot/u_k_sram/g_bank[0].u_bank/rw_rvalid_reg'.
Info    : Replacing a flip-flop with a logic constant 0. [GLO-12]
        : The instance is 'u_core/u_dot/u_k_sram/g_bank[1].u_bank/rw_rvalid_reg'.
Info    : Replacing a flip-flop with a logic constant 0. [GLO-12]
        : The instance is 'u_core/u_dot/u_k_sram/g_bank[2].u_bank/rw_rvalid_reg'.
Info    : Replacing a flip-flop with a logic constant 0. [GLO-12]
        : The instance is 'u_core/u_dot/u_k_sram/g_bank[3].u_bank/rw_rvalid_reg'.
Info    : Replacing a flip-flop with a logic constant 0. [GLO-12]
        : The instance is 'u_core/u_dot/u_k_sram/g_bank[4].u_bank/rw_rvalid_reg'.
Info    : Replacing a flip-flop with a logic constant 0. [GLO-12]
        : The instance is 'u_core/u_dot/u_k_sram/g_bank[5].u_bank/rw_rvalid_reg'.
Info    : Replacing a flip-flop with a logic constant 0. [GLO-12]
        : The instance is 'u_core/u_dot/u_k_sram/g_bank[6].u_bank/rw_rvalid_reg'.
Info    : Replacing a flip-flop with a logic constant 0. [GLO-12]
        : The instance is 'u_core/u_dot/u_k_sram/g_bank[7].u_bank/rw_rvalid_reg'.
Info    : Replacing a flip-flop with a logic constant 0. [GLO-12]
        : The instance is 'u_finalize/pack_slot_reg_reg[2]'.
Info    : Replacing a flip-flop with a logic constant 0. [GLO-12]
        : The instance is 'u_dma/u_read/burst_beats_reg_reg[7]'.
...done running DP early constant propagation (62 seconds CPU time, 72 seconds wall time, netlist fa_top).
Info    : Deleting instances not driving any primary outputs. [GLO-34]
        : Deleting 1847 sequential instances.
Info    : Deleting instances not driving any primary outputs. [GLO-34]
        : Deleting 17 hierarchical instances.
Current PLE settings:

Aspect ratio        : 0.999
Shrink factor       : 1.000
Scale of res/length : 1.000
Scale of cap/length : 1.000
Net derating factor : 1.000
Thermal factor      : 1.000
Via Resistance      : 6.862 ohm (from qrc_tech_file)
Site size           : 3.810 um (from lef [tech+cell])

                                   Capacitance  
  Layer                             / Length         Data source:
Name        Direction Utilization  (pF/micron)       qrc_tech_file
------------------------------------------------
li1             V         0.00        0.000204  
met1            H         1.00        0.000303  
met2            V         1.00        0.000295  
met3            H         1.00        0.000342  
met4            V         1.00        0.000322  
met5            H         1.00        0.000304  

                                    Resistance   
  Layer                              / Length         Data source:
Name        Direction Utilization  (ohm/micron)       qrc_tech_file
-------------------------------------------------
li1             V         0.00        68.241675  
met1            H         1.00         1.217961  
met2            V         1.00         1.218041  
met3            H         1.00         0.167980  
met4            V         1.00         0.167980  
met5            H         1.00         0.018544  

                                        Area     
  Layer                               / Length        Data source:
Name        Direction Utilization     (micron)        lef_library
-------------------------------------------------
li1             V         0.00         0.170000  
met1            H         1.00         0.140000  
met2            V         1.00         0.140000  
met3            H         1.00         0.300000  
met4            V         1.00         0.300000  
met5            H         1.00         1.600000  

Info    : Synthesizing. [SYNTH-1]
        : Synthesizing 'fa_top' to generic gates using 'medium' effort.
Warning : This attribute will be obsolete in a next major release. [TUI-32]
        : attribute: 'pam_cone_opt_global_buffering', object type: 'root'
Warning : This attribute will be obsolete in a next major release. [TUI-32]
        : attribute: 'pam_cone_opt_skip_annotation', object type: 'root'
Warning : This attribute will be obsolete in a next major release. [TUI-32]
        : attribute: 'pam_cone_opt_zero_pa', object type: 'root'
Running Synthesis Turbo Flow Version 4.
Info    : Enabling Partition Based Synthesis. [PBS-1]
        : Starting distributed generic optimization.
Processing pre-genopt PAS flow...
Info    : Attempting to launch a super-threading server. [ST-120]
        : Attempting to Launch server 1 of 16.
        : The tool is entering super-threading mode and is launching a CPU server process.  This is enabled by the root attribute 'super_thread_servers' or 'auto_super_thread'.
Info    : Connection established with super-threading server. [ST-110]
        : The server '8_1_0' is forked process '1030226' on machine 'sh02lo01'.
        : The tool is entering super-threading mode and has established a connection with a CPU server process.  This is enabled by the root attributes 'super_thread_servers' or 'auto_super_thread'.
Info    : Attempting to launch a super-threading server. [ST-120]
        : Attempting to Launch server 2 of 16.
Info    : Connection established with super-threading server. [ST-110]
        : The server 'localhost_1_1' is forked process '1030248' on this host.
Info    : Connection established with super-threading server. [ST-110]
        : The server 'localhost_1_2' is forked process '1030320' on this host.
Info    : Connection established with super-threading server. [ST-110]
        : The server 'localhost_1_3' is forked process '1030329' on this host.
Info    : Connection established with super-threading server. [ST-110]
        : The server 'localhost_1_4' is forked process '1030331' on this host.
Info    : Connection established with super-threading server. [ST-110]
        : The server 'localhost_1_5' is forked process '1030333' on this host.
Info    : Connection established with super-threading server. [ST-110]
        : The server 'localhost_1_6' is forked process '1030335' on this host.
Info    : Connection established with super-threading server. [ST-110]
        : The server 'localhost_1_7' is forked process '1030337' on this host.
Checking out license: Genus_CPU_Opt
[00:38:23.078178] Periodic Lic check successful
[00:38:23.602504] Feature usage summary:
[00:38:23.602505] Genus_Synthesis  
[00:38:23.602505] Genus_CPU_Opt  
[00:38:23.602506] Genus_Physical_Opt  
License checkout complete (0 seconds elapsed).
Info    : Connection established with super-threading server. [ST-110]
        : The server 'localhost_1_8' is forked process '1030341' on this host.
Info    : Connection established with super-threading server. [ST-110]
        : The server '8_1_9' is forked process '1030345' on machine 'sh02lo01'.
Info    : Connection established with super-threading server. [ST-110]
        : The server '8_1_10' is forked process '1030347' on machine 'sh02lo01'.
Info    : Connection established with super-threading server. [ST-110]
        : The server '8_1_11' is forked process '1030349' on machine 'sh02lo01'.
Info    : Connection established with super-threading server. [ST-110]
        : The server '8_1_12' is forked process '1030352' on machine 'sh02lo01'.
Info    : Connection established with super-threading server. [ST-110]
        : The server '8_1_13' is forked process '1030354' on machine 'sh02lo01'.
Info    : Connection established with super-threading server. [ST-110]
        : The server '8_1_14' is forked process '1030356' on machine 'sh02lo01'.
Info    : Connection established with super-threading server. [ST-110]
        : The server '8_1_15' is forked process '1030359' on machine 'sh02lo01'.
Start partitioning.  Summary: MEM {curr: 3.6G, peak: 3.6G, phys curr: 2.4G, phys peak: 5.7G}
Start partitioning design fa_top for generic optimization.
Total generic instances for partitioning: 361260
	Generic partition 0: size 61283
	Generic partition 1: size 82605
	Generic partition 2: size 217372
Done partitioning.  Summary: RT {elapsed: 1s, ST: 0s}, MEM {curr: 3.6G, peak: 3.6G, phys curr: 2.4G, phys peak: 5.7G}
Start creating partition netlists.  Summary: MEM {curr: 3.6G, peak: 3.6G, phys curr: 2.4G, phys peak: 5.7G}
Done creating partition netlists.  Summary: RT {elapsed: 8s, ST: 7s}, MEM {curr: 3.6G, peak: 3.6G, phys curr: 3.1G, phys peak: 5.7G}
Start budgeting timing for partitions.  Summary: MEM {curr: 3.6G, peak: 3.6G, phys curr: 3.1G, phys peak: 5.7G}
Done budgeting timing for partitions.  Summary: RT {elapsed: 29s, ST: 25s}, MEM {curr: 4.0G, peak: 4.0G, phys curr: 3.7G, phys peak: 5.7G}
Start deriving partition netlists.  Summary: MEM {curr: 4.0G, peak: 4.0G, phys curr: 3.7G, phys peak: 5.7G}
The inst 'pbs_genopt_0' is selected as pbs candidate. The instance cnt is: '61283'.
The inst 'pbs_genopt_1' is selected as pbs candidate. The instance cnt is: '82605'.
The inst 'pbs_genopt_2' is selected as pbs candidate. The instance cnt is: '217372'.
Done deriving partition netlists.  Summary: RT {elapsed: 22s, ST: 23s}, MEM {curr: 4.1G, peak: 4.1G, phys curr: 3.8G, phys peak: 5.7G}
Wait for super-thread servers to finish loading libraries.
Start super thread servers forking.  Summary: MEM {curr: 4.0G, peak: 4.1G, phys curr: 3.8G, phys peak: 5.7G}
Done super thread servers forking.  Summary: RT {elapsed: 0s, ST: 0s}, MEM {curr: 4.0G, peak: 4.1G, phys curr: 3.8G, phys peak: 5.7G}
        Distributing super-thread jobs: {pbs_genopt_2 ./.pbs_sh02lo01_1001821/pbs_genopt_2.etf} {pbs_genopt_1 ./.pbs_sh02lo01_1001821/pbs_genopt_1.etf} {pbs_genopt_0 ./.pbs_sh02lo01_1001821/pbs_genopt_0.etf}
          Sending 'pbs_genopt_2 ./.pbs_sh02lo01_1001821/pbs_genopt_2.etf' to server '8_1_13'...
            Sent 'pbs_genopt_2 ./.pbs_sh02lo01_1001821/pbs_genopt_2.etf' to server '8_1_13'.
          Sending 'pbs_genopt_1 ./.pbs_sh02lo01_1001821/pbs_genopt_1.etf' to server '8_1_14'...
            Sent 'pbs_genopt_1 ./.pbs_sh02lo01_1001821/pbs_genopt_1.etf' to server '8_1_14'.
          Sending 'pbs_genopt_0 ./.pbs_sh02lo01_1001821/pbs_genopt_0.etf' to server 'localhost_1_7'...
            Sent 'pbs_genopt_0 ./.pbs_sh02lo01_1001821/pbs_genopt_0.etf' to server 'localhost_1_7'.
          Received 'pbs_genopt_1 ./.pbs_sh02lo01_1001821/pbs_genopt_1.etf' from server '8_1_14'. (493668 ms elapsed)
          Received 'pbs_genopt_0 ./.pbs_sh02lo01_1001821/pbs_genopt_0.etf' from server 'localhost_1_7'. (748634 ms elapsed)
       Partition:  pbs_genopt_0 - PBS_Generic_Opt-Distributed_Read_DB - Elapsed_Time 1.00, CPU_Time 1.00
       Partition:  pbs_genopt_0 - PBS_Generic_Opt-Distributed_Generic - Elapsed_Time 706.00, CPU_Time 643.74
       Partition:  pbs_genopt_0 - PBS_Generic_Opt-Distributed_Prop_Const - Elapsed_Time 32.00, CPU_Time 29.00
       Partition:  pbs_genopt_0 - PBS_Generic_Opt-Distributed_Gobble - Elapsed_Time 0.00, CPU_Time 1.00
       Partition:  pbs_genopt_0 - PBS_Generic_Opt-Distributed_Report - Elapsed_Time 0.00, CPU_Time 0.00
       Start - Partition: pbs_genopt_0 Slack: -2928.5 TNS: 336059.3 Cell-Count: 61283 Cell-Area: 965211 
Init-Memory: 2723.68
       Done  - Partition: pbs_genopt_0 Slack: -1348.4 TNS: 157437.4 Cell-Count: 45226 Cell-Area: 831132 
Peak-Memory: 3353.86 Elapsed: 739
       Partition:  pbs_genopt_0 - PBS_Generic_Opt-Distributed_Write_DB - Elapsed_Time 9.00, CPU_Time 6.91
       pbs_genopt_0 - PBS_Generic_Opt-Assembly - Elapsed_Time 3, CPU_Time 3.0
       Partition:  pbs_genopt_0 - Runtime taken by the partition - Elapsed_Time 748.00, CPU_Time 681.65
       Partition:  pbs_genopt_1 - PBS_Generic_Opt-Distributed_Read_DB - Elapsed_Time 1.00, CPU_Time 1.00
       Partition:  pbs_genopt_1 - PBS_Generic_Opt-Distributed_Generic - Elapsed_Time 476.00, CPU_Time 423.76
       Partition:  pbs_genopt_1 - PBS_Generic_Opt-Distributed_Prop_Const - Elapsed_Time 3.00, CPU_Time 3.00
       Partition:  pbs_genopt_1 - PBS_Generic_Opt-Distributed_Gobble - Elapsed_Time 1.00, CPU_Time 0.00
       Partition:  pbs_genopt_1 - PBS_Generic_Opt-Distributed_Report - Elapsed_Time 0.00, CPU_Time 0.00
       Start - Partition: pbs_genopt_1 Slack: -1170.0 TNS: 172551.4 Cell-Count: 82605 Cell-Area: 3044269 
Init-Memory: 2740.68
       Done  - Partition: pbs_genopt_1 Slack: -1602.8 TNS: 151816.0 Cell-Count: 79472 Cell-Area: 2892761 
Peak-Memory: 3609.18 Elapsed: 481
       Partition:  pbs_genopt_1 - PBS_Generic_Opt-Distributed_Write_DB - Elapsed_Time 11.00, CPU_Time 10.94
       pbs_genopt_1 - PBS_Generic_Opt-Assembly - Elapsed_Time 5, CPU_Time 5.0
       Partition:  pbs_genopt_1 - Runtime taken by the partition - Elapsed_Time 492.00, CPU_Time 438.70
          Received 'pbs_genopt_2 ./.pbs_sh02lo01_1001821/pbs_genopt_2.etf' from server '8_1_13'. (1296259 ms elapsed)
       Partition:  pbs_genopt_2 - PBS_Generic_Opt-Distributed_Read_DB - Elapsed_Time 2.00, CPU_Time 2.00
       Partition:  pbs_genopt_2 - PBS_Generic_Opt-Distributed_Generic - Elapsed_Time 1243.00, CPU_Time 1120.00
       Partition:  pbs_genopt_2 - PBS_Generic_Opt-Distributed_Prop_Const - Elapsed_Time 25.00, CPU_Time 19.00
       Partition:  pbs_genopt_2 - PBS_Generic_Opt-Distributed_Gobble - Elapsed_Time 0.00, CPU_Time 1.00
       Partition:  pbs_genopt_2 - PBS_Generic_Opt-Distributed_Report - Elapsed_Time 0.00, CPU_Time 0.00
       Start - Partition: pbs_genopt_2 Slack: -3271.3 TNS: 4102457.6 Cell-Count: 217372 Cell-Area: 5054713 
Init-Memory: 2746.68
       Done  - Partition: pbs_genopt_2 Slack: -804.7 TNS: 818573.8 Cell-Count: 158128 Cell-Area: 4498033 
Peak-Memory: 4889.32 Elapsed: 1270
       Partition:  pbs_genopt_2 - PBS_Generic_Opt-Distributed_Write_DB - Elapsed_Time 24.00, CPU_Time 17.99
       pbs_genopt_2 - PBS_Generic_Opt-Assembly - Elapsed_Time 15, CPU_Time 9.0
       Partition:  pbs_genopt_2 - Runtime taken by the partition - Elapsed_Time 1294.00, CPU_Time 1159.99
Assembled design in-time
Background Table : HLO::pre_to_gen_setup 
--------------------------------------------------------------------
| Transform       | Accepts | Rejects | Runtime (s) | Netlist ID   | 
--------------------------------------------------------------------
| hlo_mux_reorder |       0 |       0 |        0.41 | pbs_genopt_2 | 
| hlo_mux_reorder |       0 |       0 |        0.18 | pbs_genopt_1 | 
| hlo_mux_reorder |       0 |       0 |        0.25 | pbs_genopt_0 | 
--------------------------------------------------------------------
 
Background Table : HLO::post_to_gen_setup 
--------------------------------------------------------------------
| Transform       | Accepts | Rejects | Runtime (s) | Netlist ID   | 
--------------------------------------------------------------------
| hlo_mux_reorder |       0 |       0 |        0.01 | pbs_genopt_2 | 
| hlo_mux_reorder |       0 |       0 |        0.00 | pbs_genopt_1 | 
| hlo_mux_reorder |       0 |       0 |        0.00 | pbs_genopt_0 | 
--------------------------------------------------------------------
 
Background Table : UME::pre_hlo_rtlopt 
--------------------------------------------------------------
| Trick     | Accepts | Rejects | Runtime (s) | Netlist ID   | 
--------------------------------------------------------------
| ume_share |       0 |       0 |        0.01 | pbs_genopt_2 | 
| ume_sweep |       0 |       0 |        0.01 |              |
| ume_ssm   |       0 |       0 |        0.01 |              |
| ume_share |       0 |       0 |        0.00 | pbs_genopt_1 | 
| ume_sweep |       0 |       0 |        0.00 |              |
| ume_ssm   |       0 |       0 |        0.00 |              |
| ume_share |       0 |       0 |        0.00 | pbs_genopt_0 | 
| ume_sweep |       0 |       0 |        0.01 |              |
| ume_ssm   |       0 |       0 |        0.00 |              |
--------------------------------------------------------------
 
Background Table : HLO::pre_rtlopt 
--------------------------------------------------------------------------------
| Transform                   | Accepts | Rejects | Runtime (s) | Netlist ID   | 
--------------------------------------------------------------------------------
| hlo_cleanup                 |       0 |       0 |        0.01 | pbs_genopt_2 | 
| hlo_clip                    |       0 |       0 |        0.01 |              |
| hlo_clip_mux_input          |       0 |       0 |        0.01 |              |
| hlo_redundancy_removal_word |       0 |       0 |       48.17 |              |
| hlo_datapath_recast         |       0 |       0 |        0.01 |              |
| hlo_optimize_datapath       |       0 |       0 |        0.01 |              |
| hlo_mux_consolidation       |       0 |       0 |        0.01 |              |
| hlo_mux_cascade_opt         |       0 |       0 |        0.01 |              |
| hlo_reduce_operator_chain   |       0 |       0 |        0.01 |              |
| hlo_identity_transform      |       0 |       0 |        0.02 |              |
| hlo_restructure             |       0 |       0 |        0.05 |              |
| hlo_reconv_opt              |       0 |       0 |        0.01 |              |
| hlo_inequality_transform    |       0 |       0 |        0.56 |              |
| hlo_constant_mux_opt        |       0 |       0 |        0.01 |              |
| hlo_mux_consolidation       |       0 |       0 |        0.01 |              |
| hlo_mux_cascade_opt         |       0 |       0 |        0.01 |              |
| hlo_chop_mux                |       0 |       0 |        0.01 |              |
| hlo_mux_decode              |       0 |       0 |        0.01 |              |
| hlo_decode_mux_sandwich     |       0 |       0 |        0.01 |              |
| hlo_infer_macro             |       0 |       0 |        0.55 |              |
| hlo_recase_casebox          |       0 |       0 |        0.34 |              |
| hlo_timing_reorder          |       0 |       0 |        4.64 |              |
| hlo_cleanup                 |       0 |       0 |        0.00 | pbs_genopt_1 | 
| hlo_clip                    |       0 |       0 |        0.00 |              |
| hlo_clip_mux_input          |       0 |       0 |        0.00 |              |
| hlo_redundancy_removal_word |       0 |       0 |       10.81 |              |
| hlo_datapath_recast         |       0 |       0 |        0.00 |              |
| hlo_optimize_datapath       |       0 |       0 |        0.00 |              |
| hlo_mux_consolidation       |       0 |       0 |        0.01 |              |
| hlo_mux_cascade_opt         |       0 |       0 |        0.00 |              |
| hlo_reduce_operator_chain   |       0 |       0 |        0.00 |              |
| hlo_identity_transform      |       0 |       0 |        0.01 |              |
| hlo_restructure             |       0 |       0 |        0.03 |              |
| hlo_reconv_opt              |       0 |       0 |        0.00 |              |
| hlo_inequality_transform    |       0 |       0 |        0.25 |              |
| hlo_constant_mux_opt        |       0 |       0 |        0.00 |              |
| hlo_mux_consolidation       |       0 |       0 |        0.01 |              |
| hlo_mux_cascade_opt         |       0 |       0 |        0.00 |              |
| hlo_chop_mux                |       0 |       0 |        0.00 |              |
| hlo_mux_decode              |       0 |       0 |        0.00 |              |
| hlo_decode_mux_sandwich     |       0 |       0 |        0.00 |              |
| hlo_infer_macro             |       0 |       6 |        0.24 |              |
| hlo_recase_casebox          |       0 |       0 |        0.17 |              |
| hlo_timing_reorder          |       0 |       0 |        2.24 |              |
| hlo_cleanup                 |       0 |       0 |        0.00 | pbs_genopt_0 | 
| hlo_clip                    |       0 |       0 |        0.00 |              |
| hlo_clip_mux_input          |       2 |       0 |        0.01 |              |
| hlo_redundancy_removal_word |       4 |       0 |        7.95 |              |
| hlo_datapath_recast         |       0 |       0 |        0.00 |              |
| hlo_optimize_datapath       |       0 |       0 |        0.00 |              |
| hlo_mux_consolidation       |       0 |       0 |        0.01 |              |
| hlo_mux_cascade_opt         |       0 |       0 |        0.00 |              |
| hlo_reduce_operator_chain   |       0 |       0 |        0.00 |              |
| hlo_identity_transform      |       0 |       3 |        0.01 |              |
| hlo_restructure             |       0 |       0 |        0.04 |              |
| hlo_reconv_opt              |       0 |       0 |        0.00 |              |
| hlo_inequality_transform    |       0 |       0 |        0.17 |              |
| hlo_constant_mux_opt        |       0 |       0 |        0.01 |              |
| hlo_mux_consolidation       |       0 |       0 |        0.01 |              |
| hlo_mux_cascade_opt         |       0 |       0 |        0.00 |              |
| hlo_chop_mux                |       0 |       0 |        0.00 |              |
| hlo_mux_decode              |       0 |       0 |        0.00 |              |
| hlo_decode_mux_sandwich     |       0 |       0 |        0.00 |              |
| hlo_infer_macro             |       1 |     119 |        0.17 |              |
| hlo_recase_casebox          |       0 |       0 |        0.15 |              |
| hlo_timing_reorder          |       0 |       0 |        1.83 |              |
--------------------------------------------------------------------------------
 
Background Table : UME::post_hlo_rtlopt 
-------------------------------------------------------------------------
| Trick                | Accepts | Rejects | Runtime (s) | Netlist ID   | 
-------------------------------------------------------------------------
| ume_runtime          |       1 |       0 |        0.01 | pbs_genopt_2 | 
| ume_sweep_aggressive |       0 |       0 |        0.01 |              |
| ume_runtime          |       1 |       0 |        0.01 |              |
| ume_sweep_aggressive |       0 |       0 |        0.01 |              |
| ume_runtime          |       0 |       0 |        0.00 | pbs_genopt_1 | 
| ume_sweep_aggressive |       0 |       0 |        0.00 |              |
| ume_runtime          |       0 |       0 |        0.00 | pbs_genopt_0 | 
| ume_sweep_aggressive |       0 |       0 |        0.01 |              |
-------------------------------------------------------------------------
 
Background Table : HLO::post_rtlopt 
-------------------------------------------------------------------------------
| Transform                  | Accepts | Rejects | Runtime (s) | Netlist ID   | 
-------------------------------------------------------------------------------
| hlo_timing_reorder         |       0 |       0 |        3.06 | pbs_genopt_2 | 
| hlo_mux_reorder            |       0 |       0 |        0.00 |              |
| hlo_logic_reduction        |       0 |       0 |        0.00 |              |
| hlo_redundancy_removal_bit |       0 |       0 |       20.68 |              |
| hlo_timing_reorder         |       0 |       0 |        1.62 | pbs_genopt_1 | 
| hlo_mux_reorder            |       0 |       0 |        0.00 |              |
| hlo_logic_reduction        |       0 |       0 |        0.00 |              |
| hlo_redundancy_removal_bit |       0 |       0 |        9.66 |              |
| hlo_timing_reorder         |       0 |       0 |        1.42 | pbs_genopt_0 | 
| hlo_mux_reorder            |       0 |       0 |        0.00 |              |
| hlo_logic_reduction        |       0 |       0 |        0.00 |              |
| hlo_redundancy_removal_bit |       4 |       2 |        6.94 |              |
-------------------------------------------------------------------------------
 
Background Table : HLO::post_muxopt 
-----------------------------------------------------------------------
| Transform          | Accepts | Rejects | Runtime (s) | Netlist ID   | 
-----------------------------------------------------------------------
| hlo_timing_reorder |       0 |       0 |        3.05 | pbs_genopt_2 | 
| hlo_speculation    |       0 |       0 |        3.77 |              |
| hlo_timing_reorder |       0 |       0 |        1.62 | pbs_genopt_1 | 
| hlo_speculation    |       0 |       0 |        1.97 |              |
| hlo_timing_reorder |       0 |       0 |        1.30 | pbs_genopt_0 | 
| hlo_speculation    |       0 |       0 |        1.57 |              |
-----------------------------------------------------------------------
 

+-----------+----------+-----+----------------------+---------------------------+
|   Host    | Machine  | CPU | Physical Memory (MB) | Peak Physical Memory (MB) |
+-----------+----------+-----+----------------------+---------------------------+
|     8     | sh02lo01 |  8  |        2651.9        |          2651.9           |
| localhost | sh02lo01 |  8  |        6447.6        |          8374.7           |
+-----------+----------+-----+----------------------+---------------------------+

+---------------+----------------------+---------------------------+
|    Server     | Physical Memory (MB) | Peak Physical Memory (MB) |
+---------------+----------------------+---------------------------+
| localhost_1_4 |      108.9 [1]       |          [1] [2]          |
| localhost_1_3 |      108.8 [1]       |          [1] [2]          |
| localhost_1_6 |      108.9 [1]       |          [1] [2]          |
| localhost_1_8 |      108.8 [1]       |          [1] [2]          |
|    8_1_11     |      117.9 [3]       |          [3] [2]          |
| localhost_1_2 |      108.8 [1]       |          [1] [2]          |
|    8_1_15     |      117.9 [3]       |          [3] [2]          |
| localhost_1_1 |    1879.7 [4] [5]    |        [4] [2] [5]        |
|    8_1_12     |      117.9 [3]       |          [3] [2]          |
|    8_1_13     |      1104.5 [3]      |          [3] [2]          |
| localhost_1_5 |      108.8 [1]       |          [1] [2]          |
|     8_1_9     |      117.9 [3]       |          [3] [2]          |
|    8_1_14     |      839.4 [3]       |          [3] [2]          |
|     8_1_0     |    2651.9 [4] [5]    |        [4] [2] [5]        |
| localhost_1_7 |      1117.8 [1]      |          [1] [2]          |
|    8_1_10     |      118.0 [3]       |          [3] [2]          |
+---------------+----------------------+---------------------------+
[1] Memory is included in parent localhost_1_1.
[2] Peak physical memory is not available for forked background servers.
[3] Memory is included in parent 8_1_0.
[4] Memory is included in main process.
[5] Memory of child processes is included.

Info : Deleting 2-D Early Global router data...
Info : 2-D Early Global router data deletion complete.
Info : Initializing 2-D Early Global router engine...
Info : Installing 2-D Early Global router...
Info : Early Global router engine is using 8 threads.
Info : 2-D Early Global router initialization complete.
Info : 2-D Early Global router installation complete.
Info : Installing 3-D Early Global router...
Info : 3-D Early Global router installation complete.
	250	 u_dma_u_write/CDN_PAS_CONNECTED_MUXi
	260	 u_finalize/u_norm/CDN_PAS_CONNECTED_MUXi4204
	129	 u_core/u_dot/u_q_sram/CDN_PAS_CONNECTED_MUXi
	146	 u_core/u_score_exp/CDN_PAS_CONNECTED_MUXi
	735	 u_sched/CDN_PAS_CONNECTED_MUXi
	661	 u_core/u_update/CDN_PAS_CONNECTED_MUXi63428
	768	 u_core/u_update/CDN_PAS_CONNECTED_MUXi63430
	1056	 u_core/u_update/CDN_PAS_CONNECTED_MUXi63432
	1669	 u_core/u_update/CDN_PAS_CONNECTED_MUXi63435
	768	 u_core/u_update/CDN_PAS_CONNECTED_MUXi63437
	163	 u_core/u_update/CDN_PAS_CONNECTED_MUXi63441
	567	 u_core/u_update/CDN_PAS_CONNECTED_MUXi63442
	497	 u_core/u_fifo/CDN_PAS_CONNECTED_MUXi
	1484	 CDN_PAS_CONNECTED_MUXi1137
Ungrouping: u_core/u_dot/u_q_sram/CDN_PAS_CONNECTED_MUXi count=903 ratio=1.0
Ungrouping: u_core/u_dot/CDN_PAS_CONNECTED_MUXi count=114 ratio=1.0
Ungrouping: u_core/u_fifo/CDN_PAS_CONNECTED_MUXi count=1491 ratio=1.0
Ungrouping: u_core/u_score_exp/u_exp_rom/CDN_PAS_CONNECTED_MUXi count=196 ratio=1.0
Ungrouping: u_core/u_score_exp/CDN_PAS_CONNECTED_MUXi count=728 ratio=1.0
Ungrouping: u_core/u_score_exp/CDN_PAS_CONNECTED_MUXi4164 count=224 ratio=1.0
Ungrouping: u_core/u_score_exp/CDN_PAS_CONNECTED_MUXi4165 count=164 ratio=1.0
Ungrouping: u_core/u_update/CDN_PAS_CONNECTED_MUXi count=153 ratio=1.0
Ungrouping: u_core/u_update/CDN_PAS_CONNECTED_MUXi63420 count=153 ratio=1.0
Ungrouping: u_core/u_update/CDN_PAS_CONNECTED_MUXi63421 count=153 ratio=1.0
Ungrouping: u_core/u_update/CDN_PAS_CONNECTED_MUXi63422 count=153 ratio=1.0
Ungrouping: u_core/u_update/CDN_PAS_CONNECTED_MUXi63423 count=153 ratio=1.0
Ungrouping: u_core/u_update/CDN_PAS_CONNECTED_MUXi63424 count=153 ratio=1.0
Ungrouping: u_core/u_update/CDN_PAS_CONNECTED_MUXi63425 count=153 ratio=1.0
Ungrouping: u_core/u_update/CDN_PAS_CONNECTED_MUXi63426 count=153 ratio=1.0
Ungrouping: u_core/u_update/CDN_PAS_CONNECTED_MUXi63427 count=153 ratio=1.0
Ungrouping: u_core/u_update/CDN_PAS_CONNECTED_MUXi63428 count=2079 ratio=1.0
Ungrouping: u_core/u_update/CDN_PAS_CONNECTED_MUXi63429 count=153 ratio=1.0
Ungrouping: u_core/u_update/CDN_PAS_CONNECTED_MUXi63430 count=2304 ratio=1.0
Ungrouping: u_core/u_update/CDN_PAS_CONNECTED_MUXi63431 count=153 ratio=1.0
Ungrouping: u_core/u_update/CDN_PAS_CONNECTED_MUXi63432 count=3168 ratio=1.0
Ungrouping: u_core/u_update/CDN_PAS_CONNECTED_MUXi63433 count=153 ratio=1.0
Ungrouping: u_core/u_update/CDN_PAS_CONNECTED_MUXi63434 count=153 ratio=1.0
Ungrouping: u_core/u_update/CDN_PAS_CONNECTED_MUXi63435 count=5007 ratio=1.0
Ungrouping: u_core/u_update/CDN_PAS_CONNECTED_MUXi63436 count=153 ratio=1.0
Ungrouping: u_core/u_update/CDN_PAS_CONNECTED_MUXi63437 count=2304 ratio=1.0
Ungrouping: u_core/u_update/CDN_PAS_CONNECTED_MUXi63438 count=153 ratio=1.0
Ungrouping: u_core/u_update/CDN_PAS_CONNECTED_MUXi63439 count=51 ratio=1.0
Ungrouping: u_core/u_update/CDN_PAS_CONNECTED_MUXi63440 count=153 ratio=1.0
Ungrouping: u_core/u_update/CDN_PAS_CONNECTED_MUXi63441 count=489 ratio=1.0
Ungrouping: u_core/u_update/CDN_PAS_CONNECTED_MUXi63442 count=1701 ratio=1.0
Ungrouping: u_core/CDN_PAS_CONNECTED_MUXi count=51 ratio=1.0
Ungrouping: u_core/CDN_PAS_CONNECTED_MUXi1011 count=735 ratio=1.0
Ungrouping: u_dma_u_read/CDN_PAS_CONNECTED_MUXi count=599 ratio=1.0
Ungrouping: u_dma_u_write/CDN_PAS_CONNECTED_MUXi count=782 ratio=1.0
Ungrouping: u_finalize/u_norm/CDN_PAS_CONNECTED_MUXi count=180 ratio=1.0
Ungrouping: u_finalize/u_norm/CDN_PAS_CONNECTED_MUXi4204 count=1104 ratio=1.0
Ungrouping: u_finalize/u_recip/CDN_PAS_CONNECTED_MUXi count=539 ratio=1.0
Ungrouping: u_finalize/u_recip/CDN_PAS_CONNECTED_MUXi3557 count=757 ratio=1.0
Ungrouping: u_finalize/CDN_PAS_CONNECTED_MUXi count=45 ratio=1.0
Ungrouping: u_finalize/CDN_PAS_CONNECTED_MUXi10858 count=1707 ratio=1.0
Ungrouping: u_finalize/CDN_PAS_CONNECTED_MUXi10859 count=73 ratio=1.0
Ungrouping: u_finalize/CDN_PAS_CONNECTED_MUXi10860 count=480 ratio=1.0
Ungrouping: u_sched/CDN_PAS_CONNECTED_MUXi count=4795 ratio=1.0
Ungrouping: u_sched/CDN_PAS_CONNECTED_MUXi16850 count=65 ratio=1.0
Ungrouping: u_sched/CDN_PAS_CONNECTED_MUXi16851 count=76 ratio=1.0
Ungrouping: CDN_PAS_CONNECTED_MUXi count=51 ratio=1.0
Ungrouping: CDN_PAS_CONNECTED_MUXi1136 count=35 ratio=1.0
Ungrouping: CDN_PAS_CONNECTED_MUXi1137 count=13192 ratio=1.0
Processing post-genopt PAS flow...
PBS_Generic-Post_Genopt - Elapsed_Time 1485, CPU_Time 1295.931943
stamp 'PBS_Generic-Post_Genopt' being created for table 'pbs_debug'

  Total Time (Wall) |  Stage Time (Wall)  |   % (Wall)   |    Date - Time     |  Memory   | Stage
--------------------+---------------------+--------------+--------------------+-----------+----------------------
 00:03:34(00:08:41) |  00:00:00(00:00:00) |   0.0(  0.0) |    0:36:44 (Jul07) |   2.37 GB | PBS_Generic-Start
--------------------+---------------------+--------------+--------------------+-----------+----------------------
 00:26:14(00:34:51) |  00:22:39(00:26:10) | 100.0(100.0) |    1:02:55 (Jul07) |   3.90 GB | PBS_Generic-Post_Genopt
--------------------+---------------------+--------------+--------------------+-----------+----------------------
Number of threads: 8 * 2   (id: pbs_debug, time_info v1.57)
Info: (*N*) indicates data that was populated from previously saved time_info database
Info: CPU time includes time of parent + longest thread
Info    : Attempting to launch a super-threading server. [ST-120]
        : Attempting to Launch server 1 of 16.
Info    : Connection established with super-threading server. [ST-110]
        : The server '8_2_0' is forked process '1063581' on machine 'sh02lo01'.
Info    : Attempting to launch a super-threading server. [ST-120]
        : Attempting to Launch server 2 of 16.
Info    : Connection established with super-threading server. [ST-110]
        : The server 'localhost_2_1' is forked process '1063586' on this host.
Info    : Connection established with super-threading server. [ST-110]
        : The server 'localhost_2_2' is forked process '1063668' on this host.
Info    : Connection established with super-threading server. [ST-110]
        : The server 'localhost_2_3' is forked process '1063670' on this host.
Warning : Maximum message print count reached. [MESG-11]
        : Maximum print count of '20' reached for message 'ST-110'.
Start partitioning.  Summary: MEM {curr: 5.0G, peak: 5.0G, phys curr: 3.8G, phys peak: 8.2G}
Start partitioning design fa_top for generic optimization.
Total generic instances for partitioning: 295534
	Generic partition 0: size 48641
	Generic partition 1: size 83874
	Generic partition 2: size 163019
Done partitioning.  Summary: RT {elapsed: 2s, ST: 1s}, MEM {curr: 5.0G, peak: 5.0G, phys curr: 3.8G, phys peak: 8.2G}
Start creating partition netlists.  Summary: MEM {curr: 5.0G, peak: 5.0G, phys curr: 3.8G, phys peak: 8.2G}
Done creating partition netlists.  Summary: RT {elapsed: 15s, ST: 9s}, MEM {curr: 5.0G, peak: 5.0G, phys curr: 4.5G, phys peak: 8.2G}
Start budgeting timing for partitions.  Summary: MEM {curr: 5.0G, peak: 5.0G, phys curr: 4.5G, phys peak: 8.2G}
Done budgeting timing for partitions.  Summary: RT {elapsed: 28s, ST: 24s}, MEM {curr: 3.8G, peak: 5.0G, phys curr: 3.5G, phys peak: 8.2G}
Start deriving partition netlists.  Summary: MEM {curr: 3.8G, peak: 5.0G, phys curr: 3.5G, phys peak: 8.2G}
The inst 'pbs_fcopt_0' is selected as pbs candidate. The instance cnt is: '48641'.
The inst 'pbs_fcopt_1' is selected as pbs candidate. The instance cnt is: '83874'.
The inst 'pbs_fcopt_2' is selected as pbs candidate. The instance cnt is: '163019'.
Done deriving partition netlists.  Summary: RT {elapsed: 22s, ST: 22s}, MEM {curr: 3.8G, peak: 5.0G, phys curr: 3.5G, phys peak: 8.2G}
Wait for super-thread servers to finish loading libraries.
Start super thread servers forking.  Summary: MEM {curr: 3.8G, peak: 5.0G, phys curr: 3.5G, phys peak: 8.2G}
Done super thread servers forking.  Summary: RT {elapsed: 0s, ST: 0s}, MEM {curr: 3.8G, peak: 5.0G, phys curr: 3.5G, phys peak: 8.2G}
        Distributing super-thread jobs: {pbs_fcopt_2 ./.pbs_sh02lo01_1001821/pbs_fcopt_2.etf} {pbs_fcopt_1 ./.pbs_sh02lo01_1001821/pbs_fcopt_1.etf} {pbs_fcopt_0 ./.pbs_sh02lo01_1001821/pbs_fcopt_0.etf}
          Sending 'pbs_fcopt_2 ./.pbs_sh02lo01_1001821/pbs_fcopt_2.etf' to server '8_2_13'...
            Sent 'pbs_fcopt_2 ./.pbs_sh02lo01_1001821/pbs_fcopt_2.etf' to server '8_2_13'.
          Sending 'pbs_fcopt_1 ./.pbs_sh02lo01_1001821/pbs_fcopt_1.etf' to server 'localhost_2_7'...
            Sent 'pbs_fcopt_1 ./.pbs_sh02lo01_1001821/pbs_fcopt_1.etf' to server 'localhost_2_7'.
          Sending 'pbs_fcopt_0 ./.pbs_sh02lo01_1001821/pbs_fcopt_0.etf' to server 'localhost_2_2'...
            Sent 'pbs_fcopt_0 ./.pbs_sh02lo01_1001821/pbs_fcopt_0.etf' to server 'localhost_2_2'.
          Received 'pbs_fcopt_1 ./.pbs_sh02lo01_1001821/pbs_fcopt_1.etf' from server 'localhost_2_7'. (872407 ms elapsed)
          Received 'pbs_fcopt_0 ./.pbs_sh02lo01_1001821/pbs_fcopt_0.etf' from server 'localhost_2_2'. (1021870 ms elapsed)
       Partition:  pbs_fcopt_0 - PBS_Generic_Opt-Distributed_Read_DB - Elapsed_Time 1.00, CPU_Time 1.00
       Partition:  pbs_fcopt_0 - PBS_Generic_Opt-Distributed_Generic - Elapsed_Time 10.00, CPU_Time 6.00
       Partition:  pbs_fcopt_0 - PBS_Generic_Opt-First_Cond - Elapsed_Time 980.00, CPU_Time -534.48
       Partition:  pbs_fcopt_0 - PBS_Generic_Opt-Distributed_Prop_Const - Elapsed_Time 20.00, CPU_Time 17.00
       Partition:  pbs_fcopt_0 - PBS_Generic_Opt-Distributed_Gobble - Elapsed_Time 0.00, CPU_Time 0.00
       Partition:  pbs_fcopt_0 - PBS_Generic_Opt-Distributed_Report - Elapsed_Time 0.00, CPU_Time 0.00
       Start - Partition: pbs_fcopt_0 Slack: -1348.4 TNS: 157781.5 Cell-Count: 48641 Cell-Area: 894018 
Init-Memory: 2874.95
       Done  - Partition: pbs_fcopt_0 Slack: -1381.9 TNS: 136128.0 Cell-Count: 36530 Cell-Area: 743589 
Peak-Memory: 3164.21 Elapsed: 1012
       Partition:  pbs_fcopt_0 - PBS_Generic_Opt-Distributed_Write_DB - Elapsed_Time 9.00, CPU_Time 6.99
       pbs_fcopt_0 - PBS_Generic_Opt-Assembly - Elapsed_Time 4, CPU_Time 3.0
       Partition:  pbs_fcopt_0 - Runtime taken by the partition - Elapsed_Time 1020.00, CPU_Time -503.49
       Partition:  pbs_fcopt_1 - PBS_Generic_Opt-Distributed_Read_DB - Elapsed_Time 2.00, CPU_Time 1.00
       Partition:  pbs_fcopt_1 - PBS_Generic_Opt-Distributed_Generic - Elapsed_Time 10.00, CPU_Time 6.99
       Partition:  pbs_fcopt_1 - PBS_Generic_Opt-First_Cond - Elapsed_Time 841.00, CPU_Time -637.92
       Partition:  pbs_fcopt_1 - PBS_Generic_Opt-Distributed_Prop_Const - Elapsed_Time 7.00, CPU_Time 5.00
       Partition:  pbs_fcopt_1 - PBS_Generic_Opt-Distributed_Gobble - Elapsed_Time 0.00, CPU_Time 0.00
       Partition:  pbs_fcopt_1 - PBS_Generic_Opt-Distributed_Report - Elapsed_Time 0.00, CPU_Time 0.00
       Start - Partition: pbs_fcopt_1 Slack: -1602.8 TNS: 148627.9 Cell-Count: 83874 Cell-Area: 2969721 
Init-Memory: 2874.95
       Done  - Partition: pbs_fcopt_1 Slack: -643.6 TNS: 76153.8 Cell-Count: 48860 Cell-Area: 2702322 
Peak-Memory: 3026.45 Elapsed: 861
       Partition:  pbs_fcopt_1 - PBS_Generic_Opt-Distributed_Write_DB - Elapsed_Time 11.00, CPU_Time 8.00
       pbs_fcopt_1 - PBS_Generic_Opt-Assembly - Elapsed_Time 5, CPU_Time 3.0
       Partition:  pbs_fcopt_1 - Runtime taken by the partition - Elapsed_Time 871.00, CPU_Time -616.93
          Received 'pbs_fcopt_2 ./.pbs_sh02lo01_1001821/pbs_fcopt_2.etf' from server '8_2_13'. (2002778 ms elapsed)
       Partition:  pbs_fcopt_2 - PBS_Generic_Opt-Distributed_Read_DB - Elapsed_Time 2.00, CPU_Time 2.00
       Partition:  pbs_fcopt_2 - PBS_Generic_Opt-Distributed_Generic - Elapsed_Time 16.00, CPU_Time 12.00
       Partition:  pbs_fcopt_2 - PBS_Generic_Opt-First_Cond - Elapsed_Time 1932.00, CPU_Time 105.61
       Partition:  pbs_fcopt_2 - PBS_Generic_Opt-Distributed_Prop_Const - Elapsed_Time 28.00, CPU_Time 20.00
       Partition:  pbs_fcopt_2 - PBS_Generic_Opt-Distributed_Gobble - Elapsed_Time 1.00, CPU_Time 1.00
       Partition:  pbs_fcopt_2 - PBS_Generic_Opt-Distributed_Report - Elapsed_Time 0.00, CPU_Time 0.00
       Start - Partition: pbs_fcopt_2 Slack: -819.5 TNS: 835623.4 Cell-Count: 163019 Cell-Area: 4567251 
Init-Memory: 2874.95
       Done  - Partition: pbs_fcopt_2 Slack: -717.4 TNS: 542403.5 Cell-Count: 89124 Cell-Area: 4029558 
Peak-Memory: 3459.97 Elapsed: 1980
       Partition:  pbs_fcopt_2 - PBS_Generic_Opt-Distributed_Write_DB - Elapsed_Time 20.00, CPU_Time 14.00
       pbs_fcopt_2 - PBS_Generic_Opt-Assembly - Elapsed_Time 13, CPU_Time 7.0
       Partition:  pbs_fcopt_2 - Runtime taken by the partition - Elapsed_Time 1999.00, CPU_Time 154.61
Assembled design in-time

+-----------+----------+-----+----------------------+---------------------------+
|   Host    | Machine  | CPU | Physical Memory (MB) | Peak Physical Memory (MB) |
+-----------+----------+-----+----------------------+---------------------------+
|     8     | sh02lo01 |  8  |        1441.3        |          1441.3           |
| localhost | sh02lo01 |  8  |        4927.7        |          8374.7           |
+-----------+----------+-----+----------------------+---------------------------+

+---------------+----------------------+---------------------------+
|    Server     | Physical Memory (MB) | Peak Physical Memory (MB) |
+---------------+----------------------+---------------------------+
| localhost_2_6 |      115.9 [1]       |          [1] [2]          |
|    8_2_15     |      111.6 [3]       |          [3] [2]          |
| localhost_2_1 |    1535.3 [4] [5]    |        [4] [2] [5]        |
|     8_2_9     |      111.6 [3]       |          [3] [2]          |
|    8_2_11     |      111.6 [3]       |          [3] [2]          |
| localhost_2_7 |      412.0 [1]       |          [1] [2]          |
|    8_2_10     |      111.6 [3]       |          [3] [2]          |
| localhost_2_4 |      115.9 [1]       |          [1] [2]          |
|    8_2_13     |      660.0 [3]       |          [3] [2]          |
| localhost_2_2 |      427.2 [1]       |          [1] [2]          |
|     8_2_0     |    1441.3 [4] [5]    |        [4] [2] [5]        |
|    8_2_12     |      111.6 [3]       |          [3] [2]          |
|    8_2_14     |      111.6 [3]       |          [3] [2]          |
| localhost_2_5 |      115.9 [1]       |          [1] [2]          |
| localhost_2_8 |      115.9 [1]       |          [1] [2]          |
| localhost_2_3 |      115.9 [1]       |          [1] [2]          |
+---------------+----------------------+---------------------------+
[1] Memory is included in parent localhost_2_1.
[2] Peak physical memory is not available for forked background servers.
[3] Memory is included in parent 8_2_0.
[4] Memory is included in main process.
[5] Memory of child processes is included.

Info : Deleting 2-D Early Global router data...
Info : 2-D Early Global router data deletion complete.
Info : Initializing 2-D Early Global router engine...
Info : Installing 2-D Early Global router...
Info : Early Global router engine is using 8 threads.
Info : 2-D Early Global router initialization complete.
Info : 2-D Early Global router installation complete.
Info : Installing 3-D Early Global router...
Info : 3-D Early Global router installation complete.
Advanced structuring report (syn_gen):
-----------------------------------------------------------------------------------------------------------------------------------------------------------------------------------------
|                                                                            | Graph                | Opt. Graph           | Result           |                                         | 
|----------------------------------------------------------------------------+----------------------+----------------------+------------------+-----------------------------------------|
| Name                                                               | Tag   | #nodes | #and | #lvl | #nodes | #and | #lvl | Acc | Time       | Netlist ID                              | 
-----------------------------------------------------------------------------------------------------------------------------------------------------------------------------------------
| cb_part_7708                                                       | FCOPT |  69009 | 9860 |   78 |  69026 | 9877 |    5 | N   |      80.02 | cb_part_7708                            | 
| cb_oseq_661                                                        | FCOPT |  32182 | 2125 |   70 |  32131 | 2074 |   10 | Y   |      19.05 | cb_oseq_661                             | 
| cb_part_2160                                                       | FCOPT |  37970 | 1861 |   68 |  37647 | 1538 |   18 | Y   |      33.66 | cb_part_2160                            | 
| cb_oseq                                                            | FCOPT |   9937 |  626 |   49 |   9837 |  526 |   11 | Y   |       4.42 | cb_oseq                                 | 
| score_exp_banked_rom                                               | FCOPT |   3761 | 2425 |   56 |   3310 | 1974 |    9 | Y   |     131.22 | score_exp_banked_rom                    | 
| cb_part_2173                                                       | FCOPT |   5083 |   14 |   85 |   5082 |   13 |    3 | Y   |       3.21 | cb_part_2173                            | 
| cb_oseq_2171                                                       | FCOPT |   8997 |  591 |   59 |   8844 |  438 |   16 | Y   |       6.93 | cb_oseq_2171                            | 
| cb_oseq_663                                                        | FCOPT |   5348 |  617 |   76 |   5311 |  580 |    9 | Y   |      12.73 | cb_oseq_663                             | 
| cb_oseq_2149                                                       | FCOPT |   1466 |  960 |   44 |   1349 |  843 |   14 | Y   |      12.65 | cb_oseq_2149                            | 
| cb_oseq_2153                                                       | FCOPT |   3216 |  243 |   59 |   3203 |  230 |   10 | Y   |       2.08 | cb_oseq_2153                            | 
-----------------------------------------------------------------------------------------------------------------------------------------------------------------------------------------
Number of LFLHs filtered from table: 30
Runtime accepts/rejects/total =   229.59 /    81.99 /   311.58
Accepts/rejects/total = 14 / 26 / 40
Sum of reduced nodes/levels = 1390 / 595
PBS_Generic_Opt-Post - Elapsed_Time 3668, CPU_Time 2739.135502
stamp 'PBS_Generic_Opt-Post' being created for table 'pbs_debug'

  Total Time (Wall) |  Stage Time (Wall)  |   % (Wall)   |    Date - Time     |  Memory   | Stage
--------------------+---------------------+--------------+--------------------+-----------+----------------------
 00:03:34(00:08:41) |  00:00:00(00:00:00) |   0.0(  0.0) |    0:36:44 (Jul07) |   2.37 GB | PBS_Generic-Start
--------------------+---------------------+--------------+--------------------+-----------+----------------------
 00:26:14(00:34:51) |  00:22:39(00:26:10) |  48.5( 41.8) |    1:02:55 (Jul07) |   3.90 GB | PBS_Generic-Post_Genopt
--------------------+---------------------+--------------+--------------------+-----------+----------------------
 00:50:17(01:11:14) |  00:24:03(00:36:23) |  51.5( 58.2) |    1:39:17 (Jul07) |   2.67 GB | PBS_Generic_Opt-Post
--------------------+---------------------+--------------+--------------------+-----------+----------------------
Number of threads: 8 * 2   (id: pbs_debug, time_info v1.57)
Info: (*N*) indicates data that was populated from previously saved time_info database
Info: CPU time includes time of parent + longest thread
PBS_Generic-Postgen HBO Optimizations - Elapsed_Time 10, CPU_Time 6.0
stamp 'PBS_Generic-Postgen HBO Optimizations' being created for table 'pbs_debug'

  Total Time (Wall) |  Stage Time (Wall)  |   % (Wall)   |    Date - Time     |  Memory   | Stage
--------------------+---------------------+--------------+--------------------+-----------+----------------------
 00:03:34(00:08:41) |  00:00:00(00:00:00) |   0.0(  0.0) |    0:36:44 (Jul07) |   2.37 GB | PBS_Generic-Start
--------------------+---------------------+--------------+--------------------+-----------+----------------------
 00:26:14(00:34:51) |  00:22:39(00:26:10) |  48.4( 41.7) |    1:02:55 (Jul07) |   3.90 GB | PBS_Generic-Post_Genopt
--------------------+---------------------+--------------+--------------------+-----------+----------------------
 00:50:17(01:11:14) |  00:24:03(00:36:23) |  51.4( 58.0) |    1:39:17 (Jul07) |   2.67 GB | PBS_Generic_Opt-Post
--------------------+---------------------+--------------+--------------------+-----------+----------------------
 00:50:23(01:11:24) |  00:00:06(00:00:10) |   0.2(  0.3) |    1:39:27 (Jul07) |   2.43 GB | PBS_Generic-Postgen HBO Optimizations
--------------------+---------------------+--------------+--------------------+-----------+----------------------
Number of threads: 8 * 2   (id: pbs_debug, time_info v1.57)
Info: (*N*) indicates data that was populated from previously saved time_info database
Info: CPU time includes time of parent + longest thread
Starting post syn_generic ultra-effort Boolean optimization
Redundancy removal succeeded.
Done post syn_generic ultra-effort Boolean optimization (47.00 cpu seconds) (58.00 elapsed cpu seconds)
Skipping gbf_eliminate ...
NP info: starts enhanced cluster placement for def 'fa_top' in netlist 'fa_top'
NP info: ple wire load mode: cluster
NP info:  configuring NP to use 8 threads
Info : Deleting 2-D Early Global router data...
Info : 2-D Early Global router data deletion complete.
Info : Initializing 2-D Early Global router engine...
Info : Installing 2-D Early Global router...
Info : Early Global router engine is using 8 threads.
Info : 2-D Early Global router initialization complete.
Info : 2-D Early Global router installation complete.
Info : Installing 3-D Early Global router...
Info : 3-D Early Global router installation complete.
NP info: #insts: 0
NP info: instances: 174412  util: 17.0%
NP info: #iterations: 11
NP info: iteration #1 overlap: 0.364  net_length: 7.6938e+06
NP info: iteration #2 overlap: 0.346  net_length: 8.0145e+06
NP info: iteration #3 overlap: 0.340  net_length: 8.1872e+06
NP info: iteration #4 overlap: 0.332  net_length: 8.4694e+06
NP info: iteration #5 overlap: 0.292  net_length: 9.4323e+06
Info : Deleting 2-D Early Global router data...
Info : Early 2-D Global router data deletion complete.
NP info: using new CDP
Info : Deleting 2-D Early Global router data...
Info : Early 2-D Global router data deletion complete.
NP info: using new CDP
NP info: iteration #6 overlap: 0.252  net_length: 1.0487e+07
Info : Deleting 2-D Early Global router data...
Info : Early 2-D Global router data deletion complete.
NP info: using new CDP
Info : Deleting 2-D Early Global router data...
Info : Early 2-D Global router data deletion complete.
NP info: using new CDP
NP info: iteration #7 overlap: 0.200  net_length: 1.1165e+07
Info : Deleting 2-D Early Global router data...
Info : Early 2-D Global router data deletion complete.
NP info: using new CDP
Info : Deleting 2-D Early Global router data...
Info : Early 2-D Global router data deletion complete.
NP info: using new CDP
NP info: iteration #8 overlap: 0.167  net_length: 1.1204e+07
Info : Deleting 2-D Early Global router data...
Info : Early 2-D Global router data deletion complete.
NP info: using new CDP
Info : Deleting 2-D Early Global router data...
Info : Early 2-D Global router data deletion complete.
NP info: using new CDP
NP info: iteration #9 overlap: 0.151  net_length: 1.1185e+07
NP info: iteration #10 overlap: 0.047  net_length: 1.1478e+07
NP info: iteration #11 overlap: 0.006  net_length: 1.1551e+07
NP info: record placement result to RC db.
Info : Deleting 2-D Early Global router data...
Info : 2-D Early Global router data deletion complete.
Info : Initializing 2-D Early Global router engine...
Info : Installing 2-D Early Global router...
Info : Early Global router engine is using 8 threads.
Info : 2-D Early Global router initialization complete.
Info : 2-D Early Global router installation complete.
NP info: plc_global runtime  elapsed: 563 seconds (9.4 minutes), CPU: 1270 seconds (21.2 minutes)
NP info: ends cluster placement for def 'fa_top' in netlist 'fa_top'

Info : Deleting 2-D Early Global router data...
Info : 2-D Early Global router data deletion complete.
Info : Initializing 2-D Early Global router engine...
Info : Installing 2-D Early Global router...
Info : Early Global router engine is using 8 threads.
Info : 2-D Early Global router initialization complete.
Info : 2-D Early Global router installation complete.
============================================================
  Generated by:           Genus(TM) Synthesis Solution 25.12-s067_1
  Generated on:           Jul 07 2026  01:49:59 am
  Module:                 fa_top
  Technology libraries:   sky130_fd_sc_hs__tt_025C_1v80 1.0000000000
                          sky130_sram_0kbytes_1rw1r_64x32_8_TT_1p8V_25C_lib 
                          sky130_sram_0kbytes_1rw1r_64x64_8_TT_1p8V_25C_lib 
                          sky130_sram_0kbytes_1rw1r_128x16_16_TT_1p8V_25C_lib 
                          physical_cells 
  Operating conditions:   typ 
  Interconnect mode:      global
  Area mode:              physical library
============================================================

Aspect ratio        : 0.999
Shrink factor       : 1.000
Scale of res/length : 1.000
Scale of cap/length : 1.000
Net derating factor : 1.000
Thermal factor      : 1.000
Via Resistance      : 6.862 ohm (from qrc_tech_file)
Site size           : 3.810 um (from lef [tech+cell])

                                   Capacitance  
  Layer                             / Length         Data source:
Name        Direction Utilization  (pF/micron)       qrc_tech_file
------------------------------------------------
li1             V         0.00        0.000204  
met1            H         1.00        0.000303  
met2            V         1.00        0.000295  
met3            H         1.00        0.000342  
met4            V         1.00        0.000322  
met5            H         1.00        0.000304  

                                    Resistance   
  Layer                              / Length         Data source:
Name        Direction Utilization  (ohm/micron)       qrc_tech_file
-------------------------------------------------
li1             V         0.00        68.241675  
met1            H         1.00         1.217961  
met2            V         1.00         1.218041  
met3            H         1.00         0.167980  
met4            V         1.00         0.167980  
met5            H         1.00         0.018544  

                                        Area     
  Layer                               / Length        Data source:
Name        Direction Utilization     (micron)        lef_library
-------------------------------------------------
li1             V         0.00         0.170000  
met1            H         1.00         0.140000  
met2            V         1.00         0.140000  
met3            H         1.00         0.300000  
met4            V         1.00         0.300000  
met5            H         1.00         1.600000  

Design already placed...
Updating congestion map...
  Calculating total tracks...
  Calculating obstructed tracks...
  Calculating overflow...

 ======= Starting initializing CRLP Router ===========================

 ======= Finished running CRLP routing, Time taken: 4 seconds =========
  Calculating congestion data...
Done updating congestion map (time: 4s).

 ======= Starting intialization of extraction kit =========
There is no ndr for this design!
dbgNanoPerDBU = 1.000000
INFO (IMPEXT-7048): Generating auto layer map file.

INFO (IMPEXT-6188): Importing multi-corner technology file(s) for preRoute extraction...

INFO (IMPEXT-5003): /home/share/pdk/sky130A/libs.tech/cadence/qrcTechFile

INFO (IMPEXT-7048): Generating auto layer map file.

INFO (IMPEXT-6209): Completed (cpu: 1517034.000000 real: 1517034.000000)


 ======= Finished intialization of extraction kit, Time taken: 2 seconds=========
Updating congestion map...
  Calculating total tracks...
  Calculating obstructed tracks...
  Calculating overflow...

 ======= Starting initializing CRLP Router ===========================

 ======= Finished running CRLP routing, Time taken: 3 seconds =========
  Calculating congestion data...

 ======= Starting running extraction on design ===============================
  Calculating gcell capacitance using probabilistic extraction...
No NDR for EEKit
There is no ndr for this design!

 ======= Finished running extraction on design, Time taken: 1 seconds =========
Done updating congestion map (time: 4s).

 ======= Starting creating route type bins =========

 ======= Finished creating route type bins, Time taken: 0 seconds =========


Resistance and Capacitance data generated.

Generating data to compare PLE estimates with placement based R and C..
Total sampled nets = 162968
Data generated.

Generating correlation factors for PLE..
Done.

Completed PLE correlation.

PBS_Generic_Opt-Physical - Elapsed_Time 697, CPU_Time 1372.240201
stamp 'PBS_Generic_Opt-Physical' being created for table 'pbs_debug'

  Total Time (Wall) |  Stage Time (Wall)  |   % (Wall)   |    Date - Time     |  Memory   | Stage
--------------------+---------------------+--------------+--------------------+-----------+----------------------
 00:03:34(00:08:41) |  00:00:00(00:00:00) |   0.0(  0.0) |    0:36:44 (Jul07) |   2.37 GB | PBS_Generic-Start
--------------------+---------------------+--------------+--------------------+-----------+----------------------
 00:26:14(00:34:51) |  00:22:39(00:26:10) |  32.5( 35.2) |    1:02:55 (Jul07) |   3.90 GB | PBS_Generic-Post_Genopt
--------------------+---------------------+--------------+--------------------+-----------+----------------------
 00:50:17(01:11:14) |  00:24:03(00:36:23) |  34.5( 48.9) |    1:39:17 (Jul07) |   2.67 GB | PBS_Generic_Opt-Post
--------------------+---------------------+--------------+--------------------+-----------+----------------------
 00:50:23(01:11:24) |  00:00:06(00:00:10) |   0.1(  0.2) |    1:39:27 (Jul07) |   2.43 GB | PBS_Generic-Postgen HBO Optimizations
--------------------+---------------------+--------------+--------------------+-----------+----------------------
 01:13:15(01:23:01) |  00:22:52(00:11:37) |  32.8( 15.6) |    1:51:04 (Jul07) |   2.43 GB | PBS_Generic_Opt-Physical
--------------------+---------------------+--------------+--------------------+-----------+----------------------
Number of threads: 8 * 2   (id: pbs_debug, time_info v1.57)
Info: (*N*) indicates data that was populated from previously saved time_info database
Info: CPU time includes time of parent + longest thread
Updating congestion map...
  Calculating total tracks...
  Calculating obstructed tracks...
  Calculating overflow...

 ======= Starting initializing HUM Router ============================

 ======= Skipped registering nets to HUM router  ===
Info : Deleting 2-D Early Global router data...
Info : Early 2-D Global router data deletion complete.

 ======= Finished running HUM routing, Time taken: 5 seconds =========
  Calculating congestion data...
Done updating congestion map (time: 5s).

 ======= Starting intialization of extraction kit =========

 ======= Finished intialization of extraction kit, Time taken: 0 seconds=========
Updating congestion map...
  Calculating total tracks...
  Calculating obstructed tracks...
  Calculating overflow...

 ======= Starting initializing HUM Router ============================
Info : Installing 3-D Early Global router...
Info : Initializing 3-D Early Global router engine...
Info : Selected via 'L1M1_PR_R' for layer 1 (li1).
Info : Selected via 'M1M2_PR_R' for layer 2 (met1).
Info : Selected via 'M2M3_PR_R' for layer 3 (met2).
Info : Selected via 'M3M4_PR_R' for layer 4 (met3).
Info : Selected via 'M4M5_PR' for layer 5 (met4).
Info : 3-D Early Global router initialization complete.
Info : 3-D Early Global router installation complete.
Info : Deleting 3-D Early Global router data...
Info : 3-D Early Global router data deletion complete.
(I)      supplyScaleFactorH = 1.00 supplyScaleFactorV = 1.00 
[NR-eGR] min layer id=1 idx=0 z=1
[NR-eGR] max layer id=6 idx=5 z=36
[NR-eGR] [ 0]          z=--- id=--- idx=--- F             B:--- R:---
[NR-eGR] [ 1]      li1 z=  1 id=  1 idx=  0 F V      Wire B:--- R:---
[NR-eGR] [ 2]      li1 z= 32 id=  1 idx=  0 F         Cut B:--- R:---
[NR-eGR] [ 3]     met1 z=  2 id=  2 idx=  1 F H      Wire B:--- R:---
[NR-eGR] [ 4]     met1 z= 33 id=  2 idx=  1 F         Cut B:--- R:---
[NR-eGR] [ 5]     met2 z=  3 id=  3 idx=  2 F V      Wire B:--- R:---
[NR-eGR] [ 6]     met2 z= 34 id=  3 idx=  2 F         Cut B:--- R:---
[NR-eGR] [ 7]     met3 z=  4 id=  4 idx=  3 F H      Wire B:--- R:---
[NR-eGR] [ 8]     met3 z= 35 id=  4 idx=  3 F         Cut B:--- R:---
[NR-eGR] [ 9]     met4 z=  5 id=  5 idx=  4 F V      Wire B:--- R:---
[NR-eGR] [10]     met4 z= 36 id=  5 idx=  4 F         Cut B:--- R:---
[NR-eGR] [11]     met5 z=  6 id=  6 idx=  5 F H      Wire B:--- R:---
[NR-eGR] #wire layers = 6
[NR-eGR] #cut layers = 5
[NR-eGR] Pitch for layer 1 is 480 spacing 170 width 170 
[NR-eGR] Pitch for layer 2 is 370 spacing 140 width 140 
[NR-eGR] Pitch for layer 3 is 480 spacing 140 width 140 
[NR-eGR] Pitch for layer 4 is 740 spacing 300 width 300 
[NR-eGR] Pitch for layer 5 is 960 spacing 300 width 300 
[NR-eGR] Pitch for layer 6 is 3330 spacing 1600 width 1600 
[NR-eGR] build grid graph
[NR-eGR] Number of track sets: 5 
[NR-eGR] Layer6  start=3845  num=902  pitch=3660  ruleId=0
[NR-eGR] Layer5  start=960  num=4593  pitch=720  ruleId=0
[NR-eGR] Layer4  start=795  num=5415  pitch=610  ruleId=0
[NR-eGR] Layer3  start=240  num=6890  pitch=480  ruleId=0
[NR-eGR] Layer2  start=185  num=8928  pitch=370  ruleId=0
[NR-eGR] Track table information for default rule: 
[NR-eGR] li1 has no routable track
[NR-eGR] met1 has single uniform track structure
[NR-eGR] met2 has single uniform track structure
[NR-eGR] met3 has single uniform track structure
[NR-eGR] met4 has single uniform track structure
[NR-eGR] met5 has single uniform track structure
[NR-eGR] Read NDR Rules.. (0)
[NR-eGR] original grid = 994 x 992
[NR-eGR] merged grid = 994 x 992
[NR-eGR] Read blockage information..
[NR-eGR] Total routing blockages: 22283 (PGWire: 0, PGVia: 0 InstBlk: 15362)
[NR-eGR] Read numBlocks=22283  readInBlocks=22283
[NR-eGR] Read testcase time = 0.015 seconds

(I)      Loading nets...
(I)      Read net information.. (178088)
(I)      Read Num Blocks=22283  Num Prerouted Wires=0  Num CS=0
(I)      Layer 1 (H) : #blockages 74 : #preroutes 0
(I)      Layer 2 (V) : #blockages 74 : #preroutes 0
(I)      Layer 3 (H) : #blockages 2063 : #preroutes 0
(I)      Layer 4 (V) : #blockages 20072 : #preroutes 0
(I)      Layer 5 (H) : #blockages 0 : #preroutes 0
(I)      -- via cost per layer --
(I)      Layer  1  Cost 200.00
(I)      Layer  2  Cost 200.00
(I)      Layer  3  Cost 300.00
(I)      Layer  4  Cost 200.00
(I)      Layer  5  Cost 200.00
(I)      ---------------------Grid Graph Info--------------------
(I)      Routing area        : (0, 0) - (3307255, 3303360)
(I)      Core area           : (0, 0) - (3307255, 3303360)
(I)      Site width          :   480  (dbu)
(I)      Row height          :    -1  (dbu)
(I)      GCell row height    :  3330  (dbu)
(I)      GCell width         :  3330  (dbu)
(I)      GCell height        :  3330  (dbu)
(I)      Grid                :   994   992     6
(I)      Layer numbers       :     1     2     3     4     5     6
(I)      Layer name         :   li1  met1  met2  met3  met4  met5
(I)      Vertical capacity   :     0     0  3330     0  3330     0
(I)      Horizontal capacity :     0  3330     0  3330     0  3330
(I)      Default wire width  :   170   140   140   300   300  1600
(I)      Default wire space  :   170   140   140   300   300  1600
(I)      Default wire pitch  :   340   280   280   600   600  3200
(I)      Default pitch size  :   340   370   480   610   720  3660
(I)      First track coord   : -2147483648   185   240   795   960  3845
(I)      Num tracks per GCell:  9.79  9.00  6.94  5.46  4.62  0.91
(I)      Total num of tracks :     0  8928  6890  5415  4593   902
(I)      --------------------------------------------------------

[NR-eGR] == Routing rule table ==
[NR-eGR]  ID  Name  #Nets 
(I)      ========= Via demand for each layer =========
(I)      +-------+-----+------+-------+-------+------+
(I)      | Layer |  Up | Down | Cross | Stack | DCut |
(I)      +-------+-----+------+-------+-------+------+
(I)      |     1 |   0 |    0 |     0 |    67 |   67 |
(I)      |     2 |   0 |    0 |     0 |    71 |   71 |
(I)      |     3 |   0 |    0 |     0 |    74 |   74 |
(I)      |     4 | 134 |  134 |   134 |   222 |  222 |
(I)      |     5 | 134 |    0 |   134 |   475 |  475 |
(I)      |     6 |   0 |    0 |     0 |    67 |    0 |
(I)      +-------+-----+------+-------+-------+------+
(I)      =============== Blocked Tracks ===============
(I)      +-------+---------+----------+---------------+
(I)      | Layer | #Tracks | #Blocked | Blocked Ratio |
(I)      +-------+---------+----------+---------------+
(I)      |     1 |       0 |        0 |         0.00% |
(I)      |     2 | 8874432 |  3696920 |        41.66% |
(I)      |     3 | 6834880 |  2805405 |        41.05% |
(I)      |     4 | 5382510 |  2253206 |        41.86% |
(I)      |     5 | 4556256 |  1883260 |        41.33% |
(I)      |     6 |  896588 |        0 |         0.00% |
(I)      +-------+---------+----------+---------------+
(I)      Routing...
(I)      Reset routing kernel
(I)      Started Global Routing ( Curr Mem: 2943.20 MB )
(I)      totalPins=640378  totalGlobalPin=633484 (98.92%)
(I)      Group[0] : Priority=0 NumNets 178088 (100.0000 %) in layers[botLay=1][topLay=5]
(I)      Group[0]'s net ratio is 100.0000% merging threshold is 0.0833%
(I)      ================= Net Group Info =================
(I)      +----+----------------+--------------+-----------+
(I)      | ID | Number of Nets | Bottom Layer | Top Layer |
(I)      +----+----------------+--------------+-----------+
(I)      |  1 |         178088 |      met1(2) |   met5(6) |
(I)      +----+----------------+--------------+-----------+
(I)      Number of Two-pin nets      : 82623 (46.39%)
(I)      Number of Multi-pin nets    : 94070 (52.82%)
(I)      Number of Local nets        : 1395 (0.78%)
(I)      Number of Straight segments : 221860 (48.57%) length 877041
(I)      Number of Bended segments   : 234931 (51.43%) length 3221623
(I)      Number of Path segments     : 112457 (24.62%) length 1031640
(I)      Number of Pathless segments : 344334 (75.38%) length 3067024
(I)      Number of Routed segments   : 0 (0.00%)
(I)      Number of Unrouted segments : 456791 (100.00%)
(I)      total 2D Cap : 15994298 = (9271899 H, 6722399 V)
(I)      total 2D Demand : 6498 = (6498 H, 0 V)
(I)      init route region map
(I)      #blocked regions = 467
(I)      #non-blocked regions = 1
(I)      #connected regions = 1
(I)      init safety region map
(I)      #blocked regions = 467
(I)      #non-blocked regions = 1
(I)      #connected regions = 1
(I)      Adjusted 0 GCells for pin access
(I)      num of fully blocked pins = 17
(I)      num of partially blocked pins = 802
(I)      numIndependentArea=1  numUnroutableSegs=0  unRoutableLength=0
(I)      Visit GCell upper bound 3927367
(I)      Visit GCell max upper bound 39273670
(I)      Ratio : 10.00
[NR-eGR] Layer group 1: route 178088 net(s) in layer range [2, 6]
(I)      
(I)      ============  Phase 1a Route ============
(I)      Round 0 : Overflow: 505288 / 505288 Length: 3985820 #Routed Segments: 456791 / 456791
(I)      Pattern Routing Avoiding Blockages : #blocked segments: 1085
(I)      Usage: 4034703 = (1853486 H, 2181217 V) = (19.99% H, 32.45% V) = (6.172e+06um H, 7.263e+06um V)
(I)      
(I)      ============  Phase 1b Route ============
(I)      Round 0 : Overflow: 396106 / 396106 Length: 4038985 #Routed Segments: 13000 / 456791
(I)      Usage: 4038985 = (1857943 H, 2181042 V) = (20.04% H, 32.44% V) = (6.187e+06um H, 7.263e+06um V)
(I)      Overflow of layer group 1: 11.01% H + 8.38% V. EstWL: 1.344982e+07um
(I)      Congestion metric : 16.30%H 10.34%V, 26.64%HV
(I)      Congestion threshold : each 60.00, sum 90.00
(I)      
(I)      ============  Phase 1c Route ============
(I)      Level2 Grid: 199 x 199
(I)      Round 0 : Overflow: 284962 / 284962 Length: 4076667 #Routed Segments: 5951 / 456791 #Visited GCells: 10022286
(I)      Round 0 : Overflow: 302275 / 302275 Length: 4281862 #Routed Segments: 1124 / 456791 #Visited GCells: 39788602
(I)      Usage: 4281862 = (2079228 H, 2202634 V) = (22.43% H, 32.77% V) = (6.924e+06um H, 7.335e+06um V)
(I)      
(I)      ============  Phase 1d Route ============
(I)      Round 0 : Overflow: 302275 / 302275 Length: 4281862 #Routed Segments: 0 / 456791 #Visited GCells: 39788602
(I)        #maze   : 0
(I)        #mono   : 0
(I)        #snake  : 0
(I)        #escape : 0
(I)        #hum    : 0
(I)        #noRoute: 0
(I)        #guided : 0
(I)      Usage: 4281862 = (2079228 H, 2202634 V) = (22.43% H, 32.77% V) = (6.924e+06um H, 7.335e+06um V)
(I)      
(I)      ============  Phase 1e Route ============
(I)      Legalize blockage violation : Overflow: 302275 / 302275 Length: 4281862 #Routed Segments: 0 / 456791 #No Blk-Free Solutions:0
(I)      Usage: 4281862 = (2079228 H, 2202634 V) = (22.43% H, 32.77% V) = (6.924e+06um H, 7.335e+06um V)
[NR-eGR] Early Global Route overflow of layer group 1: 15.98% H + 5.51% V. EstWL: 1.425860e+07um
(I)      
(I)      ============  Phase 1l Route ============
(I)      LA result: Total OF : 652725  #vias : 1356536  wirelength : 4273785
(I)                  capacity    demand   overflow    blocked   non-blocked   
(I)      Layer  2:    5218090   1371269     13512     3575601     5289903    (40.33%) 
(I)      Layer  3:    4041221   1463596     60281     2748499     4085313    (40.22%) 
(I)      Layer  4:    3148149    567418     17608     2185954     3191483    (40.65%) 
(I)      Layer  5:    2679159    777608     42667     1845366     2710509    (40.51%) 
(I)      Layer  6:     895686    463027    202391       81312      814927    ( 9.07%) 
(I)      Total:      15982305   4642918    336459    10436729    16092134    (39.34%) 
(I)      
[NR-eGR] Congestion Analysis By layer: (blocked Gcells are excluded) 
[NR-eGR]                        OverCon           OverCon           OverCon           OverCon            
[NR-eGR]                         #Gcell            #Gcell            #Gcell            #Gcell     %Gcell
[NR-eGR]        Layer            (1-16)           (17-33)           (34-50)           (51-67)    OverCon
[NR-eGR] -------------------------------------------------------------------------------------------------
[NR-eGR]     li1 ( 1)         0( 0.00%)         0( 0.00%)         0( 0.00%)         0( 0.00%)   ( 0.00%) 
[NR-eGR]    met1 ( 2)      4436( 0.75%)         3( 0.00%)         0( 0.00%)         0( 0.00%)   ( 0.76%) 
[NR-eGR]    met2 ( 3)     15037( 2.55%)       424( 0.07%)       119( 0.02%)         0( 0.00%)   ( 2.65%) 
[NR-eGR]    met3 ( 4)      6422( 1.10%)       126( 0.02%)         4( 0.00%)         0( 0.00%)   ( 1.12%) 
[NR-eGR]    met4 ( 5)     12696( 2.17%)        84( 0.01%)        13( 0.00%)         3( 0.00%)   ( 2.18%) 
[NR-eGR]    met5 ( 6)    121577(13.57%)        93( 0.01%)        52( 0.01%)         0( 0.00%)   (13.59%) 
[NR-eGR] -------------------------------------------------------------------------------------------------
[NR-eGR]        Total    160168( 4.94%)       730( 0.02%)       188( 0.01%)         3( 0.00%)   ( 4.97%) 
[NR-eGR] 
(I)      total 2D Cap : 15995100 = (9272103 H, 6722997 V)
(I)      total 2D Demand : 4774181 = (2518271 H, 2255910 V)
(I)      init route region map
(I)      #blocked regions = 467
(I)      #non-blocked regions = 1
(I)      #connected regions = 1
(I)      init safety region map
(I)      #blocked regions = 467
(I)      #non-blocked regions = 1
(I)      #connected regions = 1
(I)      eGR overflow3D: 16.03% H + 5.78% V

(I)      Finished Global Routing ( CPU: 20.40 sec, Real: 20.56 sec, Curr Mem: 3094.15 MB )
(I)      total 2D Cap : 16002867 = (9277310 H, 6725557 V)
[NR-eGR] Overflow after Early Global Route 12.54% H + 2.53% V
(I)      Overflow after Early Global Route (TR) 15.85% H + 5.43% V
(I)      ============= Track Assignment ============
(I)      Started Track Assignment (8T) ( Curr Mem: 3094.15 MB )
(I)      Initialize Track Assignment ( max pin layer : 6 )
(I)      Run Multi-thread track assignment
(I)      Finished Track Assignment (8T) ( CPU: 3.56 sec, Real: 3.43 sec, Curr Mem: 3229.57 MB )
[NR-eGR]               Length (um)     Vias 
[NR-eGR] -----------------------------------
[NR-eGR]  li1   (1V)             0   633880 
[NR-eGR]  met1  (2H)       4080618  1044104 
[NR-eGR]  met2  (3V)       4887085    49197 
[NR-eGR]  met3  (4H)       1581318    44231 
[NR-eGR]  met4  (5V)       2529379    13977 
[NR-eGR]  met5  (6H)       1546594        0 
[NR-eGR] -----------------------------------
[NR-eGR]        Total     14624995  1785389 
[NR-eGR] --------------------------------------------------------------------------
[NR-eGR] Total half perimeter of net bounding box: 11588855um
[NR-eGR] Total length: 14624995um, number of vias: 1785389
[NR-eGR] --------------------------------------------------------------------------
(I)      Total Global+Local length : 1.462499e+07 um  (hor: 7.151249e+06 um, ver: 7.473746e+06 um)
(I)      Total length: 1.462499e+07um, LocalNet: 1.462499e+07um, number of vias: 1785389
(I)      Total non-overlap #vias : 1785389 
[NR-eGR] Total routed clock nets wire length: 0um, number of vias: 0
[NR-eGR] --------------------------------------------------------------------------
(I)      Finished routing.
(I)      Export 2D congestion map
(I)      total 2D Cap : 16002867 = (9277310 H, 6725557 V)
(I)      total 2D Cap : 16002867 = (9277310 H, 6725557 V)
(I)      Reading 992 rows and 112 nodes from Genus
(I)      core bounding box {0.000 0.000 3307.255 3303.360}
(I)      Constructing bin map
(I)      Initialize bin information with width=13320 height=13320
(I)      Done constructing bin map
(I)      HotspotReport setting:
(I)      includeBlockage = 0
(I)      use3D = 0
(I)      numHotspotReported = 5
(I)      readInstanceInfoFromBinMap with size 249 x 248
(I)      Done readCongestionInfo from bin map, deleting bin map
[NR-eGR] Hotspot level 0: numRow 248, numCol 249, interleaved? 0
[NR-eGR] numGroup 0, maxGroupArea 0.00, totGroupArea: 0.00 
[NR-eGR] Hotspot level 1: numRow 248, numCol 249, interleaved? 1
[NR-eGR] numGroup 0, maxGroupArea 0.00, totGroupArea: 0.00 
[NR-eGR] Hotspot level 2: numRow 124, numCol 125, interleaved? 1
[NR-eGR] numGroup 0, maxGroupArea 0.00, totGroupArea: 0.00 
[NR-eGR] Hotspot level 3: numRow 62, numCol 63, interleaved? 1
[NR-eGR] numGroup 0, maxGroupArea 0.00, totGroupArea: 0.00 
[NR-eGR] +------------+---------------+---------------+
[NR-eGR] |            |   max hotspot | total hotspot |
[NR-eGR] +------------+---------------+---------------+
[NR-eGR] | normalized |          0.00 |          0.00 |
[NR-eGR] +------------+---------------+---------------+
[NR-eGR] HUM HotSpot Analysis: normalized max congestion hotspot area = 0.00, normalized total congestion hotspot area = 0.00 (area is in unit of 4 std-cell row bins)
(I)      max/total 0.00/0.00, big hotspot (>10) total 0.00


hRoutingOverflowTR: 15.8455%
vRoutingOverflowTR: 5.43241%
hRoutingOverflowGR: 12.5415%
vRoutingOverflowGR: 2.53068%
Info : Deleting 2-D Early Global router data...
Info : Early 2-D Global router data deletion complete.
Info : Installing 3-D Early Global router...
Info : 3-D Early Global router installation complete.

 ======= Finished running HUM routing, Time taken: 30 seconds =========
  Calculating congestion data...

 ======= Starting running extraction on design ===============================
  Calculating gcell capacitance using probabilistic extraction...
No NDR for EEKit
There is no ndr for this design!

 ======= Finished running extraction on design, Time taken: 1 seconds =========
Done updating congestion map (time: 31s).

 ======= Starting creating route type bins =========

 ======= Finished creating route type bins, Time taken: 0 seconds =========
Warning : This attribute will be obsolete in a next major release. [TUI-32]
        : attribute: 'phys_pam_pas_reset_list', object type: 'design'
==================================
Stage : PBS_Generic_Opt-PAM_PAS 
==================================
  =================
   Message Summary
  =================
----------------------------------------------------------------------------------------------------------------------------------------------------------------------------------------------------------------------------------------
|    Id     |  Sev  |Count|                                                                                                Message Text                                                                                                |
----------------------------------------------------------------------------------------------------------------------------------------------------------------------------------------------------------------------------------------
|CDFG-250   |Info   |   65|Processing multi-dimensional arrays.                                                                                                                                                                        |
|CDFG-372   |Info   |   74|Bitwidth mismatch in assignment.                                                                                                                                                                            |
|           |       |     |Review and make sure the mismatch is intentional. Genus can possibly issue bitwidth mismatch warning for explicit assignments present in RTL as-well-as for implicit assignments inferred by the tool. For  |
|           |       |     | example, in case of enum declaration without value, the tool will implicitly assign value to the enum variables. It also issues the warning for any bitwidth mismatch that appears in this implicit        |
|           |       |     | assignment.                                                                                                                                                                                                |
|CDFG-373   |Info   |    1|Sign mismatch in assignment.                                                                                                                                                                                |
|CDFG-472   |Warning|   19|Unreachable statements for case item.                                                                                                                                                                       |
|CDFG-500   |Info   |    6|Unused module input port.                                                                                                                                                                                   |
|           |       |     |(In port definition within the module, the input port is not used in any assignment statements or conditional expressions for decision statements.                                                          |
|CDFG-508   |Warning|    3|Removing unused register.                                                                                                                                                                                   |
|           |       |     |Genus removes the flip-flop or latch inferred for an unused signal or variable. To preserve the flip-flop or latch, set the hdl_preserve_unused_registers attribute to true or use a pragma in the RTL.     |
|CDFG-567   |Info   |   56|Instantiating Subdesign.                                                                                                                                                                                    |
|CDFG-738   |Info   |  122|Common subexpression eliminated.                                                                                                                                                                            |
|CDFG-739   |Info   |  122|Common subexpression kept.                                                                                                                                                                                  |
|CDFG-769   |Info   |   13|Identified sum-of-products logic to be optimized during syn_generic.                                                                                                                                        |
|CDFG-771   |Info   |    3|Replaced logic with a constant value.                                                                                                                                                                       |
|CDFG-893   |Info   |    8|Optimized the MUX created for array read / write or variable shifter.                                                                                                                                       |
|CDFG-911   |Info   |    9|Ignored bit merge logic with shifter implementation.                                                                                                                                                        |
|CDFG2G-622 |Warning|    1|Signal or variable has multiple drivers.                                                                                                                                                                    |
|           |       |     |This may cause simulation mismatches between the original and synthesized designs.                                                                                                                          |
|CWD-19     |Info   |  300|An implementation was inferred.                                                                                                                                                                             |
|ELAB-1     |Info   |    1|Elaborating Design.                                                                                                                                                                                         |
|ELAB-2     |Info   |   28|Elaborating Subdesign.                                                                                                                                                                                      |
|ELAB-3     |Info   |    1|Done Elaborating Design.                                                                                                                                                                                    |
|ELABUTL-125|Warning|    4|Undriven signal detected.                                                                                                                                                                                   |
|           |       |     |The undriven signal handling can be controlled by setting the attribute 'hdl_unconnected_value' before syn_generic command.                                                                                 |
|ELABUTL-127|Warning|    4|Undriven module input port.                                                                                                                                                                                 |
|           |       |     |Run check_design to check 'Undriven Port(s)/Pin(s)                                                                                                                                                          |
|           |       |     | ' section for all undriven module input ports. It is better to double confirm with designer if these undriven ports are expected. During syn_gen the undriven ports are controlled by attribute            |
|           |       |     | 'hdl_unconnected_value', the default value is 0.                                                                                                                                                           |
|ELABUTL-131|Info   |    4|Undriven module input port.                                                                                                                                                                                 |
|           |       |     |The 'hdl_unconnected_value' attribute controls treatment of undriven input port.                                                                                                                            |
|ELABUTL-132|Info   |   11|Unused instance port.                                                                                                                                                                                       |
|           |       |     |Please check the reported scenario of unconnected instance port to ensure that it matches the design intent.                                                                                                |
|GLO-12     |Info   |  546|Replacing a flip-flop with a logic constant 0.                                                                                                                                                              |
|           |       |     |To prevent this optimization, set the 'optimize_constant_0_flops' root attribute to 'false' or 'optimize_constant_0_seq' instance attribute to 'false'. You can also see the complete list of deleted       |
|           |       |     | sequential with command 'report sequential -deleted' (on Reason 'constant0').                                                                                                                              |
|GLO-13     |Info   |   17|Replacing a flip-flop with a logic constant 1.                                                                                                                                                              |
|           |       |     |To prevent this optimization, set the 'optimize_constant_1_flops' root attribute to 'false' or 'optimize_constant_1_seq' instance attribute to 'false'.                                                     |
|GLO-34     |Info   |    4|Deleting instances not driving any primary outputs.                                                                                                                                                         |
|           |       |     |Optimizations such as constant propagation or redundancy removal could change the connections so a hierarchical instance does not drive any primary outputs anymore. To see the list of deleted hierarchical|
|           |       |     | instances, set the 'information_level' attribute to 2 or above. If the message is truncated set the message attribute 'truncate' to false to see the complete list. To prevent this optimization, set the  |
|           |       |     | 'delete_unloaded_insts' root/subdesign attribute to 'false' or 'preserve' instance attribute to 'true'.                                                                                                    |
|GLO-40     |Info   |   39|Combinational hierarchical blocks with identical inputs have been merged.                                                                                                                                   |
|           |       |     |This optimization usually reduces design area. To prevent merging of combinational hierarchical blocks, set the 'merge_combinational_hier_instances' root attribute to 'false' or the                       |
|           |       |     | 'merge_combinational_hier_instance' instance attribute to 'false'.                                                                                                                                         |
|GLO-45     |Info   |  423|Replacing the synchronous part of an always feeding back flip-flop with a logic constant.                                                                                                                   |
|           |       |     |To prevent this optimization, set 'optimize_constant_feedback_seqs' root attribute to 'false'. The instance attribute 'optimize_constant_feedback_seq' controls this optimization.                          |
|GLO-46     |Info   |    1|Combinational hierarchical instances are merged.                                                                                                                                                            |
|GLO-62     |Info   |  675|On tool_generated instance/module 'strict_no' is set.                                                                                                                                                       |
|           |       |     |This shall only be used for special purposes like formal verification.                                                                                                                                      |
|INVS-8     |Info   |    1|Innovus executable found.                                                                                                                                                                                   |
|           |       |     |The specified Innovus executable will be used for the Innovus batch jobs.                                                                                                                                   |
|INVS-18    |Info   |    1|The following executable version was used for the Innovus session.                                                                                                                                          |
|           |       |     |The specified Innovus version was used for the Innovus batch job.                                                                                                                                           |
|LBR-9      |Warning|    4|Library cell has no output pins defined.                                                                                                                                                                    |
|           |       |     |Add the missing output pin(s)                                                                                                                                                                               |
|           |       |     | , then reload the library. Else the library cell will be marked as timing model i.e. unusable. Timing_model means that the cell does not have any defined function. If there is no output pin, Genus will  |
|           |       |     | mark library cell as unusable i.e. the attribute 'usable' will be marked to 'false' on the libcell. Therefore, the cell is not used for mapping and it will not be picked up from the library for          |
|           |       |     | synthesis. If you query the attribute 'unusable_reason' on the libcell; result will be: 'Library cell has no output pins.'Note: The message LBR-9 is only for the logical pins and not for the power_ground|
|           |       |     | pins. Genus will depend upon the output function defined in the pin group (output pin) of the cell, to use it for mapping. The pg_pin will not have any function defined.                                  |
|LBR-40     |Info   |    7|An unsupported construct was detected in this library.                                                                                                                                                      |
|           |       |     |Check to see if this construct is really needed for synthesis. Many liberty constructs are not actually required.                                                                                           |
|LBR-41     |Info   |  512|An output library pin lacks a function attribute.                                                                                                                                                           |
|           |       |     |If the remainder of this library cell's semantic checks are successful, it will be considered as a timing-model (because one of its outputs does not have a valid function.                                 |
|LBR-81     |Warning|  108|Non-monotonic wireload model found.                                                                                                                                                                         |
|           |       |     |Non-monotonic wireload models can cause problems during synthesis and/or mapping.  Raising some of the points in the curve to give it a monotonic shape.                                                    |
|LBR-162    |Info   |   72|Both 'pos_unate' and 'neg_unate' timing_sense arcs have been processed.                                                                                                                                     |
|           |       |     |Setting the 'timing_sense' to non_unate.                                                                                                                                                                    |
|LBR-412    |Info   |    4|Created nominal operating condition.                                                                                                                                                                        |
|           |       |     |The nominal operating condition is represented, either by the nominal PVT values specified in the library source (via nom_process,nom_voltage and nom_temperature respectively)                             |
|           |       |     | , or by the default PVT values (1.0,1.0,1.0).                                                                                                                                                              |
|LBR-516    |Info   |    3|Missing library level attribute.                                                                                                                                                                            |
|LBR-517    |Error  |96732|Could not find the look-up table definition.                                                                                                                                                                |
|           |       |     |Add the look-up table definition, then reload the library.                                                                                                                                                  |
|LBR-709    |Warning|96732|Ignoring the timing group.                                                                                                                                                                                  |
|           |       |     |Fix the library cell error and then reload the library.                                                                                                                                                     |
|LIC-2      |Info   |    1|Beta feature.                                                                                                                                                                                               |
|           |       |     |Final production licensing of this beta feature has not been determined and is subject to change. Usage and support of this beta feature are subject to prior agreement with Cadence. In addition, Cadence  |
|           |       |     | assumes you understand the feature limitations and expected results. Contact your Cadence representative if you have any questions.                                                                        |
|PBS-1      |Info   |    1|Enabling Partition Based Synthesis.                                                                                                                                                                         |
|PHYS-12    |Warning|    3|The variant range of wire parameters is too large. An example of wire parameters are, a WIDTH for layer, PITCH for layer, MINSPACING for layers, etc.                                                       |
|           |       |     |Check the consistency of the parameters, and see if you can ignore this message or you're using different LEF file with wrong parameters.                                                                   |
|PHYS-13    |Warning|    1|The value of the wire parameter is too big.                                                                                                                                                                 |
|           |       |     |Check the consistency of the specified wire parameter.                                                                                                                                                      |
|PHYS-58    |Warning|    2|Option ignored.                                                                                                                                                                                             |
|           |       |     |The specified option will be treated as indicated above.                                                                                                                                                    |
|PHYS-90    |Info   |   13|Generating design database.                                                                                                                                                                                 |
|           |       |     |The database contains all the files required to restore the design in the specified application.                                                                                                            |
|PHYS-128   |Warning|  752|Library cell pin 'use' attribute is inconsistent between lib and LEF.                                                                                                                                       |
|           |       |     |Overriding lib value with LEF value. To use .lib as golden do: '::legacy::set_attribute use_power_ground_pin_from_lef false'.                                                                               |
|PHYS-129   |Info   |   25|Via with no resistance will have a value of '0.0' assigned for resistance value.                                                                                                                            |
|           |       |     |If this is the expected behavior, this message can be ignored.                                                                                                                                              |
|PHYS-181   |Info   |   37|Full preserve set on instance.                                                                                                                                                                              |
|           |       |     |This message has a default max print count of '10', which can be changed by setting the 'max_print' attribute.                                                                                              |
|PHYS-279   |Warning|   14|Physical cell not defined in library.                                                                                                                                                                       |
|           |       |     |Ensure that the proper library files are available and have been imported.                                                                                                                                  |
|PHYS-1011  |Warning|    1|Attribute design_process_node is not set for this design.                                                                                                                                                   |
|           |       |     |When attribute design_process_node is not set to an appropriate integer value >=1 and <=250, then Innovus will assume its own default value for the design process node. See the Innovus setDesignMode      |
|           |       |     | -process <> command for more information about what this setting does.                                                                                                                                     |
|SDC-208    |Warning|    1|Could not find requested search value.                                                                                                                                                                      |
|           |       |     |Use get_* commands to find the objects along with a wild card entry in the name of the object to check if the object is existing with different naming style.                                               |
|ST-110     |Info   |   32|Connection established with super-threading server.                                                                                                                                                         |
|           |       |     |The tool is entering super-threading mode and has established a connection with a CPU server process.  This is enabled by the root attributes 'super_thread_servers' or 'auto_super_thread'.                |
|ST-112     |Info   |   32|A super-threading server has been shut down normally.                                                                                                                                                       |
|           |       |     |A super-threaded optimization is complete and a CPU server was successfully shut down.                                                                                                                      |
|ST-120     |Info   |    4|Attempting to launch a super-threading server.                                                                                                                                                              |
|           |       |     |The tool is entering super-threading mode and is launching a CPU server process.  This is enabled by the root attribute 'super_thread_servers' or 'auto_super_thread'.                                      |
|ST-128     |Info   |    4|Super thread servers are launched successfully.                                                                                                                                                             |
|SYNTH-1    |Info   |    1|Synthesizing.                                                                                                                                                                                               |
|TUI-32     |Warning|    7|This attribute will be obsolete in a next major release.                                                                                                                                                    |
|TUI-82     |Warning|    2|Enabling message severity downgrade.                                                                                                                                                                        |
|TUI-204    |Error  |    2|An invalid option was specified.                                                                                                                                                                            |
|           |       |     |Run 'command_name -help' to check all valid options. To correct the option and rerun the command.                                                                                                           |
|TUI-280    |Info   |    1|An additional product license has been checked out.                                                                                                                                                         |
|VLOGPT-692 |Warning|   26|Usage of non-static tasks or functions might result in simulation-synthesis mismatch.                                                                                                                       |
|           |       |     |Use the 'automatic' keyword for declaring functions and tasks.                                                                                                                                              |
----------------------------------------------------------------------------------------------------------------------------------------------------------------------------------------------------------------------------------------
PBS_Generic_Opt-PAM_PAS - Elapsed_Time 45, CPU_Time 41.0
stamp 'PBS_Generic_Opt-PAM_PAS' being created for table 'pbs_debug'

  Total Time (Wall) |  Stage Time (Wall)  |   % (Wall)   |    Date - Time     |  Memory   | Stage
--------------------+---------------------+--------------+--------------------+-----------+----------------------
 00:03:34(00:08:41) |  00:00:00(00:00:00) |   0.0(  0.0) |    0:36:44 (Jul07) |   2.37 GB | PBS_Generic-Start
--------------------+---------------------+--------------+--------------------+-----------+----------------------
 00:26:14(00:34:51) |  00:22:39(00:26:10) |  32.2( 34.9) |    1:02:55 (Jul07) |   3.90 GB | PBS_Generic-Post_Genopt
--------------------+---------------------+--------------+--------------------+-----------+----------------------
 00:50:17(01:11:14) |  00:24:03(00:36:23) |  34.2( 48.5) |    1:39:17 (Jul07) |   2.67 GB | PBS_Generic_Opt-Post
--------------------+---------------------+--------------+--------------------+-----------+----------------------
 00:50:23(01:11:24) |  00:00:06(00:00:10) |   0.1(  0.2) |    1:39:27 (Jul07) |   2.43 GB | PBS_Generic-Postgen HBO Optimizations
--------------------+---------------------+--------------+--------------------+-----------+----------------------
 01:13:15(01:23:01) |  00:22:52(00:11:37) |  32.5( 15.5) |    1:51:04 (Jul07) |   2.43 GB | PBS_Generic_Opt-Physical
--------------------+---------------------+--------------+--------------------+-----------+----------------------
 01:13:56(01:23:46) |  00:00:41(00:00:45) |   1.0(  1.0) |    1:51:49 (Jul07) |   2.95 GB | PBS_Generic_Opt-PAM_PAS
--------------------+---------------------+--------------+--------------------+-----------+----------------------
Number of threads: 8 * 2   (id: pbs_debug, time_info v1.57)
Info: (*N*) indicates data that was populated from previously saved time_info database
Info: CPU time includes time of parent + longest thread
Info    : Done synthesizing. [SYNTH-2]
        : Done synthesizing 'fa_top' to generic gates.
Warning : Non-monotonic wireload model found. [LBR-81]
        : 'Length' table in wireload model 'Huge' is non-monotonic.
Warning : Non-monotonic wireload model found. [LBR-81]
        : 'Length' table in wireload model 'Huge' is non-monotonic.
Warning : Non-monotonic wireload model found. [LBR-81]
        : 'Length' table in wireload model 'Huge' is non-monotonic.
Warning : Non-monotonic wireload model found. [LBR-81]
        : 'Length' table in wireload model 'Large' is non-monotonic.
Warning : Non-monotonic wireload model found. [LBR-81]
        : 'Length' table in wireload model 'Large' is non-monotonic.
Warning : Non-monotonic wireload model found. [LBR-81]
        : 'Length' table in wireload model 'Large' is non-monotonic.
Warning : Non-monotonic wireload model found. [LBR-81]
        : 'Length' table in wireload model 'Medium' is non-monotonic.
Warning : Non-monotonic wireload model found. [LBR-81]
        : 'Length' table in wireload model 'Medium' is non-monotonic.
Warning : Non-monotonic wireload model found. [LBR-81]
        : 'Length' table in wireload model 'Medium' is non-monotonic.
Warning : Non-monotonic wireload model found. [LBR-81]
        : 'Length' table in wireload model 'Small' is non-monotonic.
Warning : Non-monotonic wireload model found. [LBR-81]
        : 'Length' table in wireload model 'Small' is non-monotonic.
Warning : Non-monotonic wireload model found. [LBR-81]
        : 'Length' table in wireload model 'Small' is non-monotonic.
Info : Deleting 2-D Early Global router data...
Info : 2-D Early Global router data deletion complete.
Info : Initializing 2-D Early Global router engine...
Info : Installing 2-D Early Global router...
Info : Early Global router engine is using 8 threads.
Info : 2-D Early Global router initialization complete.
Info : 2-D Early Global router installation complete.
##>===== Cadence Confidential (Generic-Physical) =====
##>ST Summary (3 partitions in total):
##>----------------------------------------------
##>PARTITION                2         0         1
##>----------------------------------------------
##>PRE_WNS              -3271     -2928     -1170
##>PRE_TNS            4102457    336059    172551
##>PRE_CNT             217372     61283     82605
##>PRE_PORT_CNT           406      1540       614
##>PRE_AREA           5054713    965211   3044269
##>PRE_LEAK_PWR         19706      8116      8694
##>PRE_EX_DEL_CNT         407      1541       615
##>----------------------------------------------
##>POST_WNS              -804     -1348     -1602
##>POST_TNS            818573    157437    151816
##>POST_CNT            158128     45226     79472
##>POST_PORT_CNT          406      1540       614
##>POST_AREA          4498033    831132   2892761
##>POST_LEAK_PWR        14738      6214      7998
##>POST_EX_DEL_CNT        407      1541       615
##>----------------------------------------------
##>R:Read DB                2         1         1
##>R:Mux Opto              30        32         7
##>R:Generic             1212       673       468
##>R:Retime                 0         0         0
##>R:Clk Gate               0         0         0
##>R:Const Prop            25        32         3
##>R:Gobble                 0         0         1
##>R:Set Targets            0         0         0
##>R:Write DB              24         9        11
##>R:Misc                   0         0         0
##>Total Elapsed         1294       748       492
##>==============================================
##>===== Cadence Confidential (Generic-Physical) =====
##>ST Summary (3 partitions in total):
##>----------------------------------------------
##>PARTITION                2         0         1
##>----------------------------------------------
##>PRE_WNS               -819     -1348     -1602
##>PRE_TNS             835623    157781    148627
##>PRE_CNT             163019     48641     83874
##>PRE_PORT_CNT           406      1512       603
##>PRE_AREA           4567251    894018   2969721
##>PRE_LEAK_PWR         15318      6552      8458
##>PRE_EX_DEL_CNT         407      1513       604
##>----------------------------------------------
##>POST_WNS              -717     -1381      -643
##>POST_TNS            542403    136128     76153
##>POST_CNT             89124     36530     48860
##>POST_PORT_CNT          406      1512       603
##>POST_AREA          4029558    743589   2702322
##>POST_LEAK_PWR         6033      3836      3963
##>POST_EX_DEL_CNT        407      1513       604
##>----------------------------------------------
##>F:Read DB                2         1         2
##>F:Mux Opto               0         0         0
##>F:Generic               16        10        10
##>F:Retime                 0         0         0
##>F:Clk Gate               0         0         0
##>F:Const Prop            28        20         7
##>F:Gobble                 1         0         0
##>F:Set Targets         1932       980       841
##>F:Write DB              20         9        11
##>F:Misc                   0         0         0
##>Total Elapsed         1999      1020       871
##>==============================================
##>Main Thread Summary:
##>----------------------------------------------------------------------------------------
##>STEP                           Elapsed       WNS       TNS     Insts      Area    Memory
##>----------------------------------------------------------------------------------------
##>G:Initial                           84         -         -    361260   9064194      2552
##>G:Early Clock Gating                 0         -         -         -         -         -
##>G:Setup                              4         -         -         -         -      5085
##>G:Launch ST                         18         -         -         -         -      5085
##>G:Design Partition                   3         -         -         -         -      5085
##>G:Create Partition Netlists         23         -         -         -         -      5085
##>G:Init Power                         0         -         -         -         -      5085
##>G:Budgeting                         35         -         -         -         -      5085
##>G:Derenv-DB                         44         -         -         -         -      5085
##>G:Debug Outputs                      0         -         -         -         -         -
##>G:ST loading                         0         -         -         -         -      5085
##>G:Distributed                     3299         -         -         -         -      5085
##>G:Timer                             22         -         -         -         -      5085
##>G:Assembly                          28         -         -         -         -      5085
##>G:DFT                                8         -         -         -         -      5085
##>G:Const Prop                        10         -         -    174412   7473982      2426
##>G:Placement                        697         -         -    174412   7473971      2432
##>G:Physical Opt                      45         -         -    174412   7473971      2950
##>G:PostGen Opt                       43     -1381    754685    174514   7475470      2670
##>G:Early Clock Gating Cleanup         0         -         -         -         -         -
##>G:Misc                             157
##>----------------------------------------------------------------------------------------
##>Total Elapsed                     4520
##>========================================================================================
      flow.cputime  flow.realtime  timing.setup.tns  timing.setup.wns  snapshot
UM:*                                                                   syn_gen_physical
#----------------------------------------------------------------------------------------
# Root attributes for category: opt
#----------------------------------------------------------------------------------------
# Feature                           | Attribute                    | Value            
#----------------------------------------------------------------------------------------
# Avoid tied inputs                 | avoid_tied_inputs            | false (default)  
# Allow floating outputs            | opt_allow_floating_outputs   | false (default)  
# Power optimization effort         | design_power_effort          | none (default)   
# Do not use qbar sequential pins   | dont_use_qbar_seq_pins       | false (default)  
#----------------------------------------------------------------------------------------

##Generic Timing Info: typical gate delay  118.1 ps   std_slew:   16.0 ps   std_load:  4.8 fF  for library domain _default_
Mapping ChipWare ICG instances in fa_top
Found 0 unmapped ChipWare ICG instances
Mapped 0 of 0 ChipWare ICG instances

=============================================================================
  Generated by: Cadence Genus(TM) Synthesis Solution 25.12-s067_1
  Generated on: Jul  7 2026 01:52:25
  Module:       fa_top
=============================================================================

=========================
  check_floorplan SUMMARY
=========================
--------------------------------------------------------------------------------------------------------------
        Floorplan Object  |  Status  | #Violations |   #Total    |    ID     |  Violation Reason 
--------------------------------------------------------------------------------------------------------------
Core/Die Box              |   PASS   |          0  |          1  |           |                                                             
ROW Definitions           |   PASS   |          0  |          1  |           |                                                             
ROW Site References       |   PASS   |          0  |        992  |           |                                                             
Primary Port Placement    |   PASS   |          0  |        847  |           |                                                             
Hard Macro Placement      |   PASS   |          0  |         37  |           |                                                             
Abnormal Utilization      |   PASS   |          0  |          1  |           |                                                             
Excessive Utilization     |   PASS   |          0  |          1  |           |                                                             
Macro Pin Outside Die     |   PASS   |          0  |       8145  |           |                                                             
Sites With No Rows        |   PASS   |          0  |          1  |           |                                                             
--------------------------------------------------------------------------------------------------------------

There is no error or warning detected for the floorplan.

Done checking floorplan - Elapsed time 0s, CPU time: 0.81s
Ultra global mapping function is enabled as part of physical-aware mapping/structuring.
Current PLE settings:

Aspect ratio        : 0.999
Shrink factor       : 1.000
Scale of res/length : 1.000
Scale of cap/length : 1.000
Net derating factor : 1.000
Thermal factor      : 1.000
Via Resistance      : 6.862 ohm (from qrc_tech_file)
Site size           : 3.810 um (from lef [tech+cell])

                                   Capacitance  
  Layer                             / Length         Data source:
Name        Direction Utilization  (pF/micron)       Probabilistic Extraction
------------------------------------------------
<extracted>     U         n/a         0.000189  
<extracted>     V         n/a         0.000165  
<extracted>     H         n/a         0.000213  

                                    Resistance   
  Layer                              / Length         Data source:
Name        Direction Utilization  (ohm/micron)       Probabilistic Extraction
-------------------------------------------------
<extracted>     U         n/a          0.870720  
<extracted>     V         n/a          0.873597  
<extracted>     H         n/a          0.867843  

                                        Area     
  Layer                               / Length        Data source:
Name (bin)  Direction Utilization     (micron)        lef_library
-------------------------------------------------
li1    (0)      V         0.00         0.170000  
met1   (0)      H         1.00         0.140000  
met2   (0)      V         1.00         0.140000  
met3   (1)      H         1.00         0.300000  
met4   (2)      V         1.00         0.300000  
met5   (2)      H         1.00         1.600000  

Info    : Mapping. [SYNTH-4]
        : Mapping 'fa_top' using 'high' effort.
Mapper: Libraries have:
	domain _default_: 305 combo usable cells and 62 sequential usable cells
PBS_TechMap-Start - Elapsed_Time 0, CPU_Time 0.0
stamp 'PBS_TechMap-Start' being created for table 'pbs_debug'

  Total Time (Wall) |  Stage Time (Wall)  |   % (Wall)   |    Date - Time     |  Memory   | Stage
--------------------+---------------------+--------------+--------------------+-----------+----------------------
 00:03:34(00:08:41) |  00:00:00(00:00:00) |   0.0(  0.0) |    0:36:44 (Jul07) |   2.37 GB | PBS_Generic-Start
--------------------+---------------------+--------------+--------------------+-----------+----------------------
 00:26:14(00:34:51) |  00:22:39(00:26:10) |  31.9( 34.6) |    1:02:55 (Jul07) |   3.90 GB | PBS_Generic-Post_Genopt
--------------------+---------------------+--------------+--------------------+-----------+----------------------
 00:50:17(01:11:14) |  00:24:03(00:36:23) |  33.9( 48.0) |    1:39:17 (Jul07) |   2.67 GB | PBS_Generic_Opt-Post
--------------------+---------------------+--------------+--------------------+-----------+----------------------
 00:50:23(01:11:24) |  00:00:06(00:00:10) |   0.1(  0.2) |    1:39:27 (Jul07) |   2.43 GB | PBS_Generic-Postgen HBO Optimizations
--------------------+---------------------+--------------+--------------------+-----------+----------------------
 01:13:15(01:23:01) |  00:22:52(00:11:37) |  32.2( 15.3) |    1:51:04 (Jul07) |   2.43 GB | PBS_Generic_Opt-Physical
--------------------+---------------------+--------------+--------------------+-----------+----------------------
 01:13:56(01:23:46) |  00:00:41(00:00:45) |   1.0(  1.0) |    1:51:49 (Jul07) |   2.95 GB | PBS_Generic_Opt-PAM_PAS
--------------------+---------------------+--------------+--------------------+-----------+----------------------
 01:14:32(01:24:25) |  00:00:36(00:00:39) |   0.9(  0.9) |    1:52:28 (Jul07) |   2.62 GB | PBS_TechMap-Start
--------------------+---------------------+--------------+--------------------+-----------+----------------------
Number of threads: 8 * 2   (id: pbs_debug, time_info v1.57)
Info: (*N*) indicates data that was populated from previously saved time_info database
Info: CPU time includes time of parent + longest thread
Finished constraining critical logic cones (command execution time mm:ss (real) = 00:01).

Warning : Non-monotonic wireload model found. [LBR-81]
        : 'Length' table in wireload model 'Huge' is non-monotonic.
Warning : Non-monotonic wireload model found. [LBR-81]
        : 'Length' table in wireload model 'Huge' is non-monotonic.
Warning : Non-monotonic wireload model found. [LBR-81]
        : 'Length' table in wireload model 'Huge' is non-monotonic.
Warning : Non-monotonic wireload model found. [LBR-81]
        : 'Length' table in wireload model 'Large' is non-monotonic.
Warning : Non-monotonic wireload model found. [LBR-81]
        : 'Length' table in wireload model 'Large' is non-monotonic.
Warning : Non-monotonic wireload model found. [LBR-81]
        : 'Length' table in wireload model 'Large' is non-monotonic.
Warning : Non-monotonic wireload model found. [LBR-81]
        : 'Length' table in wireload model 'Medium' is non-monotonic.
Warning : Non-monotonic wireload model found. [LBR-81]
        : 'Length' table in wireload model 'Medium' is non-monotonic.
PBS_TechMap-PAM_PAS - Elapsed_Time 5, CPU_Time 5.0
stamp 'PBS_TechMap-PAM_PAS' being created for table 'pbs_debug'

  Total Time (Wall) |  Stage Time (Wall)  |   % (Wall)   |    Date - Time     |  Memory   | Stage
--------------------+---------------------+--------------+--------------------+-----------+----------------------
 00:03:34(00:08:41) |  00:00:00(00:00:00) |   0.0(  0.0) |    0:36:44 (Jul07) |   2.37 GB | PBS_Generic-Start
--------------------+---------------------+--------------+--------------------+-----------+----------------------
 00:26:14(00:34:51) |  00:22:39(00:26:10) |  31.9( 34.5) |    1:02:55 (Jul07) |   3.90 GB | PBS_Generic-Post_Genopt
--------------------+---------------------+--------------+--------------------+-----------+----------------------
 00:50:17(01:11:14) |  00:24:03(00:36:23) |  33.9( 48.0) |    1:39:17 (Jul07) |   2.67 GB | PBS_Generic_Opt-Post
--------------------+---------------------+--------------+--------------------+-----------+----------------------
 00:50:23(01:11:24) |  00:00:06(00:00:10) |   0.1(  0.2) |    1:39:27 (Jul07) |   2.43 GB | PBS_Generic-Postgen HBO Optimizations
--------------------+---------------------+--------------+--------------------+-----------+----------------------
 01:13:15(01:23:01) |  00:22:52(00:11:37) |  32.2( 15.3) |    1:51:04 (Jul07) |   2.43 GB | PBS_Generic_Opt-Physical
--------------------+---------------------+--------------+--------------------+-----------+----------------------
 01:13:56(01:23:46) |  00:00:41(00:00:45) |   1.0(  1.0) |    1:51:49 (Jul07) |   2.95 GB | PBS_Generic_Opt-PAM_PAS
--------------------+---------------------+--------------+--------------------+-----------+----------------------
 01:14:32(01:24:25) |  00:00:36(00:00:39) |   0.9(  0.9) |    1:52:28 (Jul07) |   2.62 GB | PBS_TechMap-Start
--------------------+---------------------+--------------+--------------------+-----------+----------------------
 01:14:37(01:24:30) |  00:00:05(00:00:05) |   0.1(  0.1) |    1:52:33 (Jul07) |   2.62 GB | PBS_TechMap-PAM_PAS
--------------------+---------------------+--------------+--------------------+-----------+----------------------
Number of threads: 8 * 2   (id: pbs_debug, time_info v1.57)
Info: (*N*) indicates data that was populated from previously saved time_info database
Info: CPU time includes time of parent + longest thread
Info    : Partition Based Synthesis execution skipped. [PHYS-752]
        : Design size is less than the partition threshold '300000' for distributed mapping optimization to kick in.

=============================================================================
  Generated by: Cadence Genus(TM) Synthesis Solution 25.12-s067_1
  Generated on: Jul  7 2026 01:52:37
  Module:       fa_top
=============================================================================

=========================
  check_floorplan SUMMARY
=========================
--------------------------------------------------------------------------------------------------------------
        Floorplan Object  |  Status  | #Violations |   #Total    |    ID     |  Violation Reason 
--------------------------------------------------------------------------------------------------------------
Core/Die Box              |   PASS   |          0  |          1  |           |                                                             
ROW Definitions           |   PASS   |          0  |          1  |           |                                                             
ROW Site References       |   PASS   |          0  |        992  |           |                                                             
Primary Port Placement    |   PASS   |          0  |        847  |           |                                                             
Hard Macro Placement      |   PASS   |          0  |         37  |           |                                                             
Abnormal Utilization      |   PASS   |          0  |          1  |           |                                                             
Excessive Utilization     |   PASS   |          0  |          1  |           |                                                             
Macro Pin Outside Die     |   PASS   |          0  |       8145  |           |                                                             
Sites With No Rows        |   PASS   |          0  |          1  |           |                                                             
--------------------------------------------------------------------------------------------------------------

There is no error or warning detected for the floorplan.

Done checking floorplan - Elapsed time 0s, CPU time: 0.29s
Ultra global mapping function is enabled as part of physical-aware mapping/structuring.
Current PLE settings:

Aspect ratio        : 0.999
Shrink factor       : 1.000
Scale of res/length : 1.000
Scale of cap/length : 1.000
Net derating factor : 1.000
Thermal factor      : 1.000
Via Resistance      : 6.862 ohm (from qrc_tech_file)
Site size           : 3.810 um (from lef [tech+cell])

                                   Capacitance  
  Layer                             / Length         Data source:
Name        Direction Utilization  (pF/micron)       Probabilistic Extraction
------------------------------------------------
<extracted>     U         n/a         0.000189  
<extracted>     V         n/a         0.000165  
<extracted>     H         n/a         0.000213  

                                    Resistance   
  Layer                              / Length         Data source:
Name        Direction Utilization  (ohm/micron)       Probabilistic Extraction
-------------------------------------------------
<extracted>     U         n/a          0.870720  
<extracted>     V         n/a          0.873597  
<extracted>     H         n/a          0.867843  

                                        Area     
  Layer                               / Length        Data source:
Name (bin)  Direction Utilization     (micron)        lef_library
-------------------------------------------------
li1    (0)      V         0.00         0.170000  
met1   (0)      H         1.00         0.140000  
met2   (0)      V         1.00         0.140000  
met3   (1)      H         1.00         0.300000  
met4   (2)      V         1.00         0.300000  
met5   (2)      H         1.00         1.600000  

Mapper: Libraries have:
	domain _default_: 305 combo usable cells and 62 sequential usable cells
Info    : Attempting to launch a super-threading server. [ST-120]
        : Attempting to Launch server 1 of 16.
Info    : Connection established with super-threading server. [ST-110]
        : The server '8_3_0' is forked process '1139942' on machine 'sh02lo01'.
Info    : Attempting to launch a super-threading server. [ST-120]
        : Attempting to Launch server 2 of 16.
Info    : Connection established with super-threading server. [ST-110]
        : The server 'localhost_3_1' is forked process '1139944' on this host.
Info    : Connection established with super-threading server. [ST-110]
        : The server '8_3_2' is forked process '1140046' on machine 'sh02lo01'.
Info    : Connection established with super-threading server. [ST-110]
        : The server '8_3_3' is forked process '1140049' on machine 'sh02lo01'.
Info    : Connection established with super-threading server. [ST-110]
        : The server '8_3_4' is forked process '1140051' on machine 'sh02lo01'.
Info    : Connection established with super-threading server. [ST-110]
        : The server '8_3_5' is forked process '1140053' on machine 'sh02lo01'.
Info    : Connection established with super-threading server. [ST-110]
        : The server '8_3_6' is forked process '1140055' on machine 'sh02lo01'.
Info    : Connection established with super-threading server. [ST-110]
        : The server '8_3_7' is forked process '1140057' on machine 'sh02lo01'.
Info    : Connection established with super-threading server. [ST-110]
        : The server '8_3_8' is forked process '1140059' on machine 'sh02lo01'.
Info    : Connection established with super-threading server. [ST-110]
        : The server 'localhost_3_9' is forked process '1140061' on this host.
Info    : Connection established with super-threading server. [ST-110]
        : The server 'localhost_3_10' is forked process '1140063' on this host.
Info    : Connection established with super-threading server. [ST-110]
        : The server 'localhost_3_11' is forked process '1140065' on this host.
Info    : Connection established with super-threading server. [ST-110]
        : The server 'localhost_3_12' is forked process '1140067' on this host.
Info    : Connection established with super-threading server. [ST-110]
        : The server 'localhost_3_13' is forked process '1140069' on this host.
Info    : Connection established with super-threading server. [ST-110]
        : The server 'localhost_3_14' is forked process '1140071' on this host.
Info    : Connection established with super-threading server. [ST-110]
        : The server 'localhost_3_15' is forked process '1140073' on this host.
Info    : Attempting to launch a super-threading server. [ST-120]
        : Attempting to Launch server 1 of 16.
Info    : Connection established with super-threading server. [ST-110]
        : The server '8_4_0' is forked process '1140759' on machine 'sh02lo01'.
Info    : Attempting to launch a super-threading server. [ST-120]
        : Attempting to Launch server 2 of 16.
Info    : Connection established with super-threading server. [ST-110]
        : The server 'localhost_4_1' is forked process '1140765' on this host.
Info    : Connection established with super-threading server. [ST-110]
        : The server '8_4_2' is forked process '1140804' on machine 'sh02lo01'.
Info    : Connection established with super-threading server. [ST-110]
        : The server '8_4_3' is forked process '1140806' on machine 'sh02lo01'.
        Distributing super-thread jobs: cb_seq cb_seq_3375
          Sending 'cb_seq' to server 'localhost_4_15'...
            Sent 'cb_seq' to server 'localhost_4_15'.
          Sending 'cb_seq_3375' to server '8_4_7'...
            Sent 'cb_seq_3375' to server '8_4_7'.
          Received 'cb_seq' from server 'localhost_4_15'. (4950 ms elapsed)
          Received 'cb_seq_3375' from server '8_4_7'. (3412 ms elapsed)
Multi-threaded Virtual Mapping    (8 threads per ST process, 8 of 36 CPUs usable)
Normal Structuring mode def=cb_oseq_3366
Normal Structuring mode def=cdec
        Distributing super-thread jobs: mult_signed_14520_1 mult_signed_14520 cmux mult_signed_4593 cb_oseq_3376 mult_signed_10871_9 csa_tree_ADD_TC_OP_2_group_2_7 add_unsigned_393 add_signed_775 add_signed_4147 add_signed_4143 add_signed_4143_1 add_signed_4135_1 add_signed_4135_2 add_signed_4135 add_signed_4135_3 add_unsigned_104863 add_unsigned_104863_1 increment_signed_156_200 increment_signed_156_9542 csa_tree_SUB_TC_OP_2_rsh_pad_group_7_9 csa_tree_SUB_TC_OP_2_rsh_pad_group_7_16
          Sending 'mult_signed_14520_1' to server 'localhost_4_15'...
            Sent 'mult_signed_14520_1' to server 'localhost_4_15'.
          Sending 'mult_signed_14520' to server '8_4_7'...
            Sent 'mult_signed_14520' to server '8_4_7'.
          Sending 'cmux' to server '8_4_3'...
            Sent 'cmux' to server '8_4_3'.
          Sending 'mult_signed_4593' to server '8_4_0'...
            Sent 'mult_signed_4593' to server '8_4_0'.
          Sending 'cb_oseq_3376' to server '8_4_5'...
            Sent 'cb_oseq_3376' to server '8_4_5'.
          Sending 'mult_signed_10871_9' to server '8_4_2'...
            Sent 'mult_signed_10871_9' to server '8_4_2'.
          Sending 'csa_tree_ADD_TC_OP_2_group_2_7' to server '8_4_6'...
            Sent 'csa_tree_ADD_TC_OP_2_group_2_7' to server '8_4_6'.
          Sending 'add_unsigned_393' to server 'localhost_4_14'...
            Sent 'add_unsigned_393' to server 'localhost_4_14'.
          Sending 'add_signed_775' to server '8_4_4'...
            Sent 'add_signed_775' to server '8_4_4'.
          Sending 'add_signed_4147' to server 'localhost_4_13'...
            Sent 'add_signed_4147' to server 'localhost_4_13'.
          Sending 'add_signed_4143' to server 'localhost_4_1'...
            Sent 'add_signed_4143' to server 'localhost_4_1'.
          Sending 'add_signed_4143_1' to server '8_4_8'...
            Sent 'add_signed_4143_1' to server '8_4_8'.
          Sending 'add_signed_4135_1' to server 'localhost_4_12'...
            Sent 'add_signed_4135_1' to server 'localhost_4_12'.
          Sending 'add_signed_4135_2' to server 'localhost_4_11'...
            Sent 'add_signed_4135_2' to server 'localhost_4_11'.
          Sending 'add_signed_4135' to server 'localhost_4_10'...
            Sent 'add_signed_4135' to server 'localhost_4_10'.
          Sending 'add_signed_4135_3' to server 'localhost_4_9'...
            Sent 'add_signed_4135_3' to server 'localhost_4_9'.
          Received 'cmux' from server '8_4_3'. (3386 ms elapsed)
          Sending 'add_unsigned_104863' to server '8_4_3'...
            Sent 'add_unsigned_104863' to server '8_4_3'.
          Received 'add_signed_4143' from server 'localhost_4_1'. (2549 ms elapsed)
          Sending 'add_unsigned_104863_1' to server 'localhost_4_1'...
            Sent 'add_unsigned_104863_1' to server 'localhost_4_1'.
          Received 'add_unsigned_104863' from server '8_4_3'. (4711 ms elapsed)
          Sending 'increment_signed_156_200' to server '8_4_3'...
            Sent 'increment_signed_156_200' to server '8_4_3'.
          Received 'add_signed_4135_2' from server 'localhost_4_11'. (5727 ms elapsed)
          Sending 'increment_signed_156_9542' to server 'localhost_4_11'...
            Sent 'increment_signed_156_9542' to server 'localhost_4_11'.
          Received 'add_signed_4135_1' from server 'localhost_4_12'. (5788 ms elapsed)
          Sending 'csa_tree_SUB_TC_OP_2_rsh_pad_group_7_9' to server 'localhost_4_12'...
            Sent 'csa_tree_SUB_TC_OP_2_rsh_pad_group_7_9' to server 'localhost_4_12'.
          Received 'add_signed_4143_1' from server '8_4_8'. (5854 ms elapsed)
          Sending 'csa_tree_SUB_TC_OP_2_rsh_pad_group_7_16' to server '8_4_8'...
            Sent 'csa_tree_SUB_TC_OP_2_rsh_pad_group_7_16' to server '8_4_8'.
          Received 'add_signed_4147' from server 'localhost_4_13'. (5967 ms elapsed)
          Received 'csa_tree_ADD_TC_OP_2_group_2_7' from server '8_4_6'. (6128 ms elapsed)
          Received 'mult_signed_10871_9' from server '8_4_2'. (6372 ms elapsed)
          Received 'mult_signed_4593' from server '8_4_0'. (8897 ms elapsed)
          Received 'csa_tree_SUB_TC_OP_2_rsh_pad_group_7_9' from server 'localhost_4_12'. (1640 ms elapsed)
          Received 'csa_tree_SUB_TC_OP_2_rsh_pad_group_7_16' from server '8_4_8'. (1608 ms elapsed)
          Received 'increment_signed_156_9542' from server 'localhost_4_11'. (1733 ms elapsed)
          Received 'add_unsigned_104863_1' from server 'localhost_4_1'. (2474 ms elapsed)
          Received 'increment_signed_156_200' from server '8_4_3'. (7654 ms elapsed)
          Received 'add_signed_4135_3' from server 'localhost_4_9'. (13295 ms elapsed)
          Received 'add_signed_4135' from server 'localhost_4_10'. (13326 ms elapsed)
          Received 'add_signed_775' from server '8_4_4'. (13539 ms elapsed)
          Received 'add_unsigned_393' from server 'localhost_4_14'. (13581 ms elapsed)
          Received 'cb_oseq_3376' from server '8_4_5'. (14576 ms elapsed)
          Received 'mult_signed_14520' from server '8_4_7'. (18147 ms elapsed)
          Received 'mult_signed_14520_1' from server 'localhost_4_15'. (19326 ms elapsed)
Normal Structuring mode def=mult_signed_14520_1
Normal Structuring mode def=mult_signed_14520
TECH-DECOMP MODE def=cmux
Normal Structuring mode def=mult_signed_4593
Normal Structuring mode def=cb_oseq_3376
Working on Hinst: CDN_PAS_SKIP_FFC_0i
[gig_analyze] should_ungroup = 0
[gig_analyze] should_ungroup = 0
[gig_analyze] should_ungroup = 0
[gig_analyze] should_ungroup = 0
[gig_analyze] should_ungroup = 0
[gig_analyze] should_ungroup = 0

INFO: Identified hierarchy for CAS: hinst:iopt_partition/CDN_PAS_SKIP_FFC_0i

Working on Hinst: CDN_PAS_SKIP_FFC_1i
[gig_analyze] should_ungroup = 0
[gig_analyze] should_ungroup = 0
[gig_analyze] should_ungroup = 0
[gig_analyze] should_ungroup = 0
[gig_analyze] should_ungroup = 0
[gig_analyze] should_ungroup = 0

INFO: Identified hierarchy for CAS: hinst:iopt_partition/CDN_PAS_SKIP_FFC_1i

Normal Structuring mode def=mult_signed_10871_9
Normal Structuring mode def=csa_tree_ADD_TC_OP_2_group_2_7
Normal Structuring mode def=add_unsigned_393
Normal Structuring mode def=add_signed_775
Normal Structuring mode def=add_signed_4147
Normal Structuring mode def=add_signed_4143
Normal Structuring mode def=add_signed_4143_1
Normal Structuring mode def=add_signed_4135_1
Normal Structuring mode def=add_signed_4135_2
Normal Structuring mode def=add_signed_4135
Normal Structuring mode def=add_signed_4135_3
Normal Structuring mode def=add_unsigned_104863
Normal Structuring mode def=add_unsigned_104863_1
Normal Structuring mode def=increment_signed_156_200
Normal Structuring mode def=increment_signed_156_9542
Normal Structuring mode def=csa_tree_SUB_TC_OP_2_rsh_pad_group_7_9
Normal Structuring mode def=csa_tree_SUB_TC_OP_2_rsh_pad_group_7_16
Normal Structuring mode def=cb_part
Normal Structuring mode def=cb_oseq_3368
        Distributing super-thread jobs: cb_oseq cb_oseq_3364 cb_seq_3365 cb_seq_3367 WALLACE_CSA_DUMMY_OP8_Y_WALLACE_CSA_DUMMY_OP4_Y_WALLACE_CSA_DUMMY_OP12_Y_WALLACE_CSA_DUMMY_OP_Y_WALLACE_CSA_DUMMY_OP10_Y_WALLACE_CSA_DUMMY_OP6_group_2 cb_oseq_3370
          Sending 'cb_oseq' to server 'localhost_4_15'...
            Sent 'cb_oseq' to server 'localhost_4_15'.
          Sending 'cb_oseq_3364' to server '8_4_7'...
            Sent 'cb_oseq_3364' to server '8_4_7'.
          Sending 'cb_seq_3365' to server '8_4_3'...
            Sent 'cb_seq_3365' to server '8_4_3'.
          Sending 'cb_seq_3367' to server '8_4_0'...
            Sent 'cb_seq_3367' to server '8_4_0'.
          Sending 'WALLACE_CSA_DUMMY_OP8_Y_WALLACE_CSA_DUMMY_OP4_Y_WALLACE_CSA_DUMMY_OP12_Y_WALLACE_CSA_DUMMY_OP_Y_WALLACE_CSA_DUMMY_OP10_Y_WALLACE_CSA_DUMMY_OP6_group_2' to server '8_4_5'...
            Sent 'WALLACE_CSA_DUMMY_OP8_Y_WALLACE_CSA_DUMMY_OP4_Y_WALLACE_CSA_DUMMY_OP12_Y_WALLACE_CSA_DUMMY_OP_Y_WALLACE_CSA_DUMMY_OP10_Y_WALLACE_CSA_DUMMY_OP6_group_2' to server '8_4_5'.
          Sending 'cb_oseq_3370' to server '8_4_2'...
            Sent 'cb_oseq_3370' to server '8_4_2'.
          Received 'WALLACE_CSA_DUMMY_OP8_Y_WALLACE_CSA_DUMMY_OP4_Y_WALLACE_CSA_DUMMY_OP12_Y_WALLACE_CSA_DUMMY_OP_Y_WALLACE_CSA_DUMMY_OP10_Y_WALLACE_CSA_DUMMY_OP6_group_2' from server '8_4_5'. (1365 ms elapsed)
          Received 'cb_oseq_3370' from server '8_4_2'. (4837 ms elapsed)
          Received 'cb_seq_3367' from server '8_4_0'. (7122 ms elapsed)
          Received 'cb_seq_3365' from server '8_4_3'. (8627 ms elapsed)
          Received 'cb_oseq_3364' from server '8_4_7'. (23702 ms elapsed)
          Received 'cb_oseq' from server 'localhost_4_15'. (41498 ms elapsed)
Normal Structuring mode def=csa_tree_SUB_TC_OP_2_rsh_pad_group_2
Normal Structuring mode def=sub_signed_13232
Normal Structuring mode def=increment_signed_6119_6135
Normal Structuring mode def=increment_unsigned_147896_147898
Normal Structuring mode def=cb_oseq_3374
Normal Structuring mode def=cb_oseq
Normal Structuring mode def=cb_oseq_3364
	129	 CDN_PAS_CONNECTED_FFCi
Working on Hinst: CDN_PAS_SKIP_FFC_0i
[gig_analyze] should_ungroup = 0
[gig_analyze] should_ungroup = 0
[gig_analyze] should_ungroup = 0
[gig_analyze] should_ungroup = 0
[gig_analyze] should_ungroup = 0
[gig_analyze] should_ungroup = 0

INFO: Identified hierarchy for CAS: hinst:iopt_partition/CDN_PAS_SKIP_FFC_0i

Working on Hinst: CDN_PAS_SKIP_FFC_1i
[gig_analyze] should_ungroup = 0
[gig_analyze] should_ungroup = 0
[gig_analyze] should_ungroup = 0
[gig_analyze] should_ungroup = 0
[gig_analyze] should_ungroup = 0
[gig_analyze] should_ungroup = 0

INFO: Identified hierarchy for CAS: hinst:iopt_partition/CDN_PAS_SKIP_FFC_1i

Working on Hinst: CDN_PAS_SKIP_FFC_2i
[gig_analyze] should_ungroup = 0
[gig_analyze] should_ungroup = 0
[gig_analyze] should_ungroup = 0
[gig_analyze] should_ungroup = 0
[gig_analyze] should_ungroup = 0
[gig_analyze] should_ungroup = 0

INFO: Identified hierarchy for CAS: hinst:iopt_partition/CDN_PAS_SKIP_FFC_2i

Normal Structuring mode def=cb_seq_3365
Working on Hinst: CDN_PAS_SKIP_FFC_0i
[gig_analyze] should_ungroup = 0
[gig_analyze] should_ungroup = 0
[gig_analyze] should_ungroup = 0
[gig_analyze] should_ungroup = 0
[gig_analyze] should_ungroup = 0
[gig_analyze] should_ungroup = 0

INFO: Identified hierarchy for CAS: hinst:iopt_partition/CDN_PAS_SKIP_FFC_0i

Normal Structuring mode def=cb_seq_3367
Working on Hinst: CDN_PAS_SKIP_FFC_0i
[gig_analyze] should_ungroup = 0
[gig_analyze] should_ungroup = 0
[gig_analyze] should_ungroup = 0
[gig_analyze] should_ungroup = 0
[gig_analyze] should_ungroup = 0
[gig_analyze] should_ungroup = 0

INFO: Identified hierarchy for CAS: hinst:iopt_partition/CDN_PAS_SKIP_FFC_0i

Normal Structuring mode def=WALLACE_CSA_DUMMY_OP8_Y_WALLACE_CSA_DUMMY_OP4_Y_WALLACE_CSA_DUMMY_OP12_Y_WALLACE_CSA_DUMMY_OP_Y_WALLACE_CSA_DUMMY_OP10_Y_WALLACE_CSA_DUMMY_OP6_group_2
Normal Structuring mode def=cb_oseq_3370
Normal Structuring mode def=cb_part_3377
        Distributing super-thread jobs: cb_seq_3375 cb_seq_3371 mux_ctl_0x cb_seq_3373 mult_signed_4593_9_9 mult_signed_4593_9 mult_signed_9 add_signed_carry_103440_3579 add_signed_carry_103440 add_signed_12963
          Sending 'cb_seq_3375' to server 'localhost_4_15'...
            Sent 'cb_seq_3375' to server 'localhost_4_15'.
          Sending 'cb_seq_3371' to server '8_4_7'...
            Sent 'cb_seq_3371' to server '8_4_7'.
          Sending 'mux_ctl_0x' to server '8_4_3'...
            Sent 'mux_ctl_0x' to server '8_4_3'.
          Sending 'cb_seq_3373' to server '8_4_0'...
            Sent 'cb_seq_3373' to server '8_4_0'.
          Sending 'mult_signed_4593_9_9' to server '8_4_5'...
            Sent 'mult_signed_4593_9_9' to server '8_4_5'.
          Sending 'mult_signed_4593_9' to server '8_4_2'...
            Sent 'mult_signed_4593_9' to server '8_4_2'.
          Sending 'mult_signed_9' to server '8_4_6'...
            Sent 'mult_signed_9' to server '8_4_6'.
          Sending 'add_signed_carry_103440_3579' to server 'localhost_4_14'...
            Sent 'add_signed_carry_103440_3579' to server 'localhost_4_14'.
          Sending 'add_signed_carry_103440' to server '8_4_4'...
            Sent 'add_signed_carry_103440' to server '8_4_4'.
          Sending 'add_signed_12963' to server 'localhost_4_13'...
            Sent 'add_signed_12963' to server 'localhost_4_13'.
          Received 'add_signed_carry_103440_3579' from server 'localhost_4_14'. (2007 ms elapsed)
          Received 'mult_signed_9' from server '8_4_6'. (3149 ms elapsed)
          Received 'mult_signed_4593_9_9' from server '8_4_5'. (7703 ms elapsed)
          Received 'mult_signed_4593_9' from server '8_4_2'. (7586 ms elapsed)
          Received 'add_signed_12963' from server 'localhost_4_13'. (7211 ms elapsed)
          Received 'add_signed_carry_103440' from server '8_4_4'. (7923 ms elapsed)
          Received 'cb_seq_3371' from server '8_4_7'. (27089 ms elapsed)
          Received 'cb_seq_3373' from server '8_4_0'. (69752 ms elapsed)
          Received 'mux_ctl_0x' from server '8_4_3'. (79379 ms elapsed)
          Received 'cb_seq_3375' from server 'localhost_4_15'. (225360 ms elapsed)
Normal Structuring mode def=csa_tree_sat_acc_457_36_I9_lt_195_24_group_5803
Normal Structuring mode def=csa_tree_sat_acc_457_36_I9_gt_193_19_group_5801
Normal Structuring mode def=cb_seq_3375
	256	 CDN_PAS_CONNECTED_FFCi556
	295	 CDN_PAS_CONNECTED_FFCi
Working on Hinst: CDN_PAS_SKIP_FFC_0i
[gig_analyze] should_ungroup = 0
[gig_analyze] should_ungroup = 0
[gig_analyze] should_ungroup = 0
[gig_analyze] should_ungroup = 0
[gig_analyze] should_ungroup = 0
[gig_analyze] should_ungroup = 0

INFO: Identified hierarchy for CAS: hinst:iopt_partition/CDN_PAS_SKIP_FFC_0i

Working on Hinst: CDN_PAS_SKIP_FFC_1i
[gig_analyze] should_ungroup = 0
[gig_analyze] should_ungroup = 0
[gig_analyze] should_ungroup = 0
[gig_analyze] should_ungroup = 0
[gig_analyze] should_ungroup = 0
[gig_analyze] should_ungroup = 0

INFO: Identified hierarchy for CAS: hinst:iopt_partition/CDN_PAS_SKIP_FFC_1i

Normal Structuring mode def=cb_seq_3371
Working on Hinst: CDN_PAS_SKIP_FFC_0i
[gig_analyze] should_ungroup = 0
[gig_analyze] should_ungroup = 0
[gig_analyze] should_ungroup = 0
[gig_analyze] should_ungroup = 0
[gig_analyze] should_ungroup = 0
[gig_analyze] should_ungroup = 0

INFO: Identified hierarchy for CAS: hinst:iopt_partition/CDN_PAS_SKIP_FFC_0i

Working on Hinst: CDN_PAS_SKIP_FFC_1i
[gig_analyze] should_ungroup = 0
[gig_analyze] should_ungroup = 0
[gig_analyze] should_ungroup = 0
[gig_analyze] should_ungroup = 0
[gig_analyze] should_ungroup = 0
[gig_analyze] should_ungroup = 0

INFO: Identified hierarchy for CAS: hinst:iopt_partition/CDN_PAS_SKIP_FFC_1i

Working on Hinst: CDN_PAS_SKIP_FFC_2i
[gig_analyze] should_ungroup = 0
[gig_analyze] should_ungroup = 0
[gig_analyze] should_ungroup = 0
[gig_analyze] should_ungroup = 0
[gig_analyze] should_ungroup = 0
[gig_analyze] should_ungroup = 0

INFO: Identified hierarchy for CAS: hinst:iopt_partition/CDN_PAS_SKIP_FFC_2i

Working on Hinst: CDN_PAS_SKIP_FFC_3i
[gig_analyze] should_ungroup = 1
Ungrouping hinst:hinst:iopt_partition/CDN_PAS_SKIP_FFC_3i
Normal Structuring mode def=mux_ctl_0x
	259	 CDN_PAS_CONNECTED_FFCi274
Working on Hinst: CDN_PAS_SKIP_FFC_0i
[gig_analyze] should_ungroup = 0
[gig_analyze] should_ungroup = 0
[gig_analyze] should_ungroup = 0
[gig_analyze] should_ungroup = 0
[gig_analyze] should_ungroup = 0
[gig_analyze] should_ungroup = 0

INFO: Identified hierarchy for CAS: hinst:iopt_partition/CDN_PAS_SKIP_FFC_0i

Working on Hinst: CDN_PAS_SKIP_FFC_1i
[gig_analyze] should_ungroup = 0
[gig_analyze] should_ungroup = 0
[gig_analyze] should_ungroup = 0
[gig_analyze] should_ungroup = 0
[gig_analyze] should_ungroup = 0
[gig_analyze] should_ungroup = 0

INFO: Identified hierarchy for CAS: hinst:iopt_partition/CDN_PAS_SKIP_FFC_1i

Normal Structuring mode def=cb_seq_3373
Working on Hinst: CDN_PAS_SKIP_FFC_0i
[gig_analyze] should_ungroup = 0
[gig_analyze] should_ungroup = 0
[gig_analyze] should_ungroup = 0
[gig_analyze] should_ungroup = 0
[gig_analyze] should_ungroup = 0
[gig_analyze] should_ungroup = 0

INFO: Identified hierarchy for CAS: hinst:iopt_partition/CDN_PAS_SKIP_FFC_0i

Working on Hinst: CDN_PAS_SKIP_FFC_1i
[gig_analyze] should_ungroup = 0
[gig_analyze] should_ungroup = 0
[gig_analyze] should_ungroup = 0
[gig_analyze] should_ungroup = 0
[gig_analyze] should_ungroup = 0
[gig_analyze] should_ungroup = 0

INFO: Identified hierarchy for CAS: hinst:iopt_partition/CDN_PAS_SKIP_FFC_1i

Normal Structuring mode def=mult_signed_4593_9_9
Normal Structuring mode def=mult_signed_4593_9
Normal Structuring mode def=mult_signed_9
Normal Structuring mode def=add_signed_carry_103440_3579
Normal Structuring mode def=add_signed_carry_103440
Normal Structuring mode def=add_signed_12963
        Distributing super-thread jobs: cb_seq cb_seq_3363 arith_shift_right_vlog_signed_1709 arith_shift_right_vlog_signed_1709_2996
          Sending 'cb_seq' to server 'localhost_4_15'...
            Sent 'cb_seq' to server 'localhost_4_15'.
          Sending 'cb_seq_3363' to server '8_4_7'...
            Sent 'cb_seq_3363' to server '8_4_7'.
          Sending 'arith_shift_right_vlog_signed_1709' to server '8_4_3'...
            Sent 'arith_shift_right_vlog_signed_1709' to server '8_4_3'.
          Sending 'arith_shift_right_vlog_signed_1709_2996' to server '8_4_0'...
            Sent 'arith_shift_right_vlog_signed_1709_2996' to server '8_4_0'.
          Received 'arith_shift_right_vlog_signed_1709' from server '8_4_3'. (535 ms elapsed)
          Received 'arith_shift_right_vlog_signed_1709_2996' from server '8_4_0'. (592 ms elapsed)
          Received 'cb_seq' from server 'localhost_4_15'. (125736 ms elapsed)
Normal Structuring mode def=cb_seq
	896	 CDN_PAS_CONNECTED_FFCi1368
	256	 CDN_PAS_CONNECTED_FFCi1372
Working on Hinst: CDN_PAS_SKIP_FFC_0i
[gig_analyze] should_ungroup = 0
[gig_analyze] should_ungroup = 0
[gig_analyze] should_ungroup = 0
[gig_analyze] should_ungroup = 0
[gig_analyze] should_ungroup = 0
[gig_analyze] should_ungroup = 0

INFO: Identified hierarchy for CAS: hinst:iopt_partition/CDN_PAS_SKIP_FFC_0i

Working on Hinst: CDN_PAS_SKIP_FFC_1i
[gig_analyze] should_ungroup = 1
Ungrouping hinst:hinst:iopt_partition/CDN_PAS_SKIP_FFC_1i
Working on Hinst: CDN_PAS_SKIP_FFC_2i
[gig_analyze] should_ungroup = 1
Ungrouping hinst:hinst:iopt_partition/CDN_PAS_SKIP_FFC_2i
Working on Hinst: CDN_PAS_SKIP_FFC_3i
[gig_analyze] should_ungroup = 0
[gig_analyze] should_ungroup = 0
[gig_analyze] should_ungroup = 0
[gig_analyze] should_ungroup = 0
[gig_analyze] should_ungroup = 0
[gig_analyze] should_ungroup = 0

INFO: Identified hierarchy for CAS: hinst:iopt_partition/CDN_PAS_SKIP_FFC_3i

Working on Hinst: CDN_PAS_SKIP_FFC_4i
[gig_analyze] should_ungroup = 0
[gig_analyze] should_ungroup = 0
[gig_analyze] should_ungroup = 0
[gig_analyze] should_ungroup = 0
[gig_analyze] should_ungroup = 0
[gig_analyze] should_ungroup = 0

INFO: Identified hierarchy for CAS: hinst:iopt_partition/CDN_PAS_SKIP_FFC_4i

          Received 'cb_seq_3363' from server '8_4_7'. (129520 ms elapsed)
Normal Structuring mode def=cb_seq_3363
Normal Structuring mode def=arith_shift_right_vlog_signed_1709
Normal Structuring mode def=arith_shift_right_vlog_signed_1709_2996
        Distributing super-thread jobs: cb_seq_3369
          Sending 'cb_seq_3369' to server 'localhost_4_15'...
            Sent 'cb_seq_3369' to server 'localhost_4_15'.
          Received 'cb_seq_3369' from server 'localhost_4_15'. (16266 ms elapsed)
Normal Structuring mode def=cb_seq_3369
Working on Hinst: CDN_PAS_CONNECTED_FFCi
[gig_analyze] should_ungroup = 0
[gig_analyze] should_ungroup = 0
[gig_analyze] should_ungroup = 0
[gig_analyze] should_ungroup = 0
[gig_analyze] should_ungroup = 0
[gig_analyze] should_ungroup = 0

INFO: Identified hierarchy for CAS: hinst:iopt_partition/CDN_PAS_CONNECTED_FFCi

Working on Hinst: CDN_PAS_SKIP_FFC_0i
[gig_analyze] should_ungroup = 0
[gig_analyze] should_ungroup = 0
[gig_analyze] should_ungroup = 0
[gig_analyze] should_ungroup = 0
[gig_analyze] should_ungroup = 0
[gig_analyze] should_ungroup = 0

INFO: Identified hierarchy for CAS: hinst:iopt_partition/CDN_PAS_SKIP_FFC_0i

 
Global mapping target info
==========================
Cost Group 'clk' target slack:    -4 ps
Target path end-point (Pin: u_finalize/u_norm/product_reg_reg[1][55]/d)

Multi-threaded Technology Mapping (8 threads per ST process, 8 of 36 CPUs usable)
        Distributing super-thread jobs: cb_seq_3369
          Sending 'cb_seq_3369' to server 'localhost_4_15'...
            Sent 'cb_seq_3369' to server 'localhost_4_15'.
          Received 'cb_seq_3369' from server 'localhost_4_15'. (8752 ms elapsed)
Normal Structuring mode def=cb_seq_3369
	415	 CDN_PAS_CONNECTED_FFCi415
Working on Hinst: CDN_PAS_SKIP_FFC_0i
[gig_analyze] should_ungroup = 0
[gig_analyze] should_ungroup = 0
[gig_analyze] should_ungroup = 0
[gig_analyze] should_ungroup = 0
[gig_analyze] should_ungroup = 0
[gig_analyze] should_ungroup = 0

INFO: Identified hierarchy for CAS: hinst:iopt_partition/CDN_PAS_SKIP_FFC_0i

        Distributing super-thread jobs: cb_seq cb_seq_3363
          Sending 'cb_seq' to server 'localhost_4_15'...
            Sent 'cb_seq' to server 'localhost_4_15'.
          Sending 'cb_seq_3363' to server '8_4_7'...
            Sent 'cb_seq_3363' to server '8_4_7'.
          Received 'cb_seq_3363' from server '8_4_7'. (56973 ms elapsed)
          Received 'cb_seq' from server 'localhost_4_15'. (476360 ms elapsed)
Normal Structuring mode def=cb_seq
	2419	 CDN_PAS_CONNECTED_FFCi4690
	2011	 CDN_PAS_CONNECTED_FFCi4716
Working on Hinst: CDN_PAS_SKIP_FFC_0i
[gig_analyze] should_ungroup = 0
[gig_analyze] should_ungroup = 0
[gig_analyze] should_ungroup = 0
[gig_analyze] should_ungroup = 0
[gig_analyze] should_ungroup = 0
[gig_analyze] should_ungroup = 0

INFO: Identified hierarchy for CAS: hinst:iopt_partition/CDN_PAS_SKIP_FFC_0i

Working on Hinst: CDN_PAS_SKIP_FFC_1i
[gig_analyze] should_ungroup = 0
[gig_analyze] should_ungroup = 0
[gig_analyze] should_ungroup = 0
[gig_analyze] should_ungroup = 0
[gig_analyze] should_ungroup = 0
[gig_analyze] should_ungroup = 0

INFO: Identified hierarchy for CAS: hinst:iopt_partition/CDN_PAS_SKIP_FFC_1i

Working on Hinst: CDN_PAS_SKIP_FFC_2i
[gig_analyze] should_ungroup = 0
[gig_analyze] should_ungroup = 0
[gig_analyze] should_ungroup = 0
[gig_analyze] should_ungroup = 0
[gig_analyze] should_ungroup = 0
[gig_analyze] should_ungroup = 0

INFO: Identified hierarchy for CAS: hinst:iopt_partition/CDN_PAS_SKIP_FFC_2i

Normal Structuring mode def=cb_seq_3363
	1024	 CDN_PAS_CONNECTED_FFCi2749
	1153	 CDN_PAS_CONNECTED_FFCi
	568	 CDN_PAS_CONNECTED_FFCi2750
Working on Hinst: CDN_PAS_CONNECTED_FFCi2749
[gig_analyze] should_ungroup = 0
[gig_analyze] should_ungroup = 0
[gig_analyze] should_ungroup = 0
[gig_analyze] should_ungroup = 0
[gig_analyze] should_ungroup = 0
[gig_analyze] should_ungroup = 0

INFO: Identified hierarchy for CAS: hinst:iopt_partition/CDN_PAS_CONNECTED_FFCi2749

Working on Hinst: CDN_PAS_SKIP_FFC_0i
[gig_analyze] should_ungroup = 0
[gig_analyze] should_ungroup = 0
[gig_analyze] should_ungroup = 0
[gig_analyze] should_ungroup = 0
[gig_analyze] should_ungroup = 0
[gig_analyze] should_ungroup = 0

INFO: Identified hierarchy for CAS: hinst:iopt_partition/CDN_PAS_SKIP_FFC_0i

Working on Hinst: CDN_PAS_SKIP_FFC_1i
[gig_analyze] should_ungroup = 0
[gig_analyze] should_ungroup = 0
[gig_analyze] should_ungroup = 0
[gig_analyze] should_ungroup = 0
[gig_analyze] should_ungroup = 0
[gig_analyze] should_ungroup = 0

INFO: Identified hierarchy for CAS: hinst:iopt_partition/CDN_PAS_SKIP_FFC_1i

        Distributing super-thread jobs: arith_shift_right_vlog_signed_1709_2996 arith_shift_right_vlog_signed_1709
          Sending 'arith_shift_right_vlog_signed_1709_2996' to server 'localhost_4_15'...
            Sent 'arith_shift_right_vlog_signed_1709_2996' to server 'localhost_4_15'.
          Sending 'arith_shift_right_vlog_signed_1709' to server '8_4_7'...
            Sent 'arith_shift_right_vlog_signed_1709' to server '8_4_7'.
          Received 'arith_shift_right_vlog_signed_1709_2996' from server 'localhost_4_15'. (2421 ms elapsed)
Normal Structuring mode def=arith_shift_right_vlog_signed_1709_2996
Working on Hinst: CDN_PAS_SKIP_FFC_0i
[gig_analyze] should_ungroup = 0
[gig_analyze] should_ungroup = 0
[gig_analyze] should_ungroup = 0
[gig_analyze] should_ungroup = 0
[gig_analyze] should_ungroup = 0
[gig_analyze] should_ungroup = 0

INFO: Identified hierarchy for CAS: hinst:iopt_partition/CDN_PAS_SKIP_FFC_0i

Normal Structuring mode def=arith_shift_right_vlog_signed
Normal Structuring mode def=arith_shift_right_vlog_signed
          Received 'arith_shift_right_vlog_signed_1709' from server '8_4_7'. (2636 ms elapsed)
Normal Structuring mode def=arith_shift_right_vlog_signed_1709
Working on Hinst: CDN_PAS_SKIP_FFC_0i
[gig_analyze] should_ungroup = 0
[gig_analyze] should_ungroup = 0
[gig_analyze] should_ungroup = 0
[gig_analyze] should_ungroup = 0
[gig_analyze] should_ungroup = 0
[gig_analyze] should_ungroup = 0

INFO: Identified hierarchy for CAS: hinst:iopt_partition/CDN_PAS_SKIP_FFC_0i

Normal Structuring mode def=arith_shift_right_vlog_signed
Normal Structuring mode def=arith_shift_right_vlog_signed
        Distributing super-thread jobs: cb_seq_3375 cb_seq_3371 mux_ctl_0x cb_seq_3373
          Sending 'cb_seq_3375' to server 'localhost_4_15'...
            Sent 'cb_seq_3375' to server 'localhost_4_15'.
          Sending 'cb_seq_3371' to server '8_4_7'...
            Sent 'cb_seq_3371' to server '8_4_7'.
          Sending 'mux_ctl_0x' to server '8_4_3'...
            Sent 'mux_ctl_0x' to server '8_4_3'.
          Sending 'cb_seq_3373' to server '8_4_0'...
            Sent 'cb_seq_3373' to server '8_4_0'.
          Received 'cb_seq_3373' from server '8_4_0'. (22128 ms elapsed)
          Received 'cb_seq_3371' from server '8_4_7'. (44429 ms elapsed)
          Received 'mux_ctl_0x' from server '8_4_3'. (46859 ms elapsed)
          Received 'cb_seq_3375' from server 'localhost_4_15'. (120634 ms elapsed)
Normal Structuring mode def=cb_seq_3375
	2304	 CDN_PAS_CONNECTED_FFCi4286
	1982	 CDN_PAS_CONNECTED_FFCi
Working on Hinst: CDN_PAS_SKIP_FFC_0i
[gig_analyze] should_ungroup = 0
[gig_analyze] should_ungroup = 0
[gig_analyze] should_ungroup = 0
[gig_analyze] should_ungroup = 0
[gig_analyze] should_ungroup = 0
[gig_analyze] should_ungroup = 0

INFO: Identified hierarchy for CAS: hinst:iopt_partition/CDN_PAS_SKIP_FFC_0i

Working on Hinst: CDN_PAS_SKIP_FFC_1i
[gig_analyze] should_ungroup = 0
[gig_analyze] should_ungroup = 0
[gig_analyze] should_ungroup = 0
[gig_analyze] should_ungroup = 0
[gig_analyze] should_ungroup = 0
[gig_analyze] should_ungroup = 0

INFO: Identified hierarchy for CAS: hinst:iopt_partition/CDN_PAS_SKIP_FFC_1i

Normal Structuring mode def=cb_seq_3371
	1361	 CDN_PAS_CONNECTED_FFCi1487
Working on Hinst: CDN_PAS_SKIP_FFC_0i
[gig_analyze] should_ungroup = 0
[gig_analyze] should_ungroup = 0
[gig_analyze] should_ungroup = 0
[gig_analyze] should_ungroup = 0
[gig_analyze] should_ungroup = 0
[gig_analyze] should_ungroup = 0

INFO: Identified hierarchy for CAS: hinst:iopt_partition/CDN_PAS_SKIP_FFC_0i

Working on Hinst: CDN_PAS_SKIP_FFC_1i
[gig_analyze] should_ungroup = 0
[gig_analyze] should_ungroup = 0
[gig_analyze] should_ungroup = 0
[gig_analyze] should_ungroup = 0
[gig_analyze] should_ungroup = 0
[gig_analyze] should_ungroup = 0

INFO: Identified hierarchy for CAS: hinst:iopt_partition/CDN_PAS_SKIP_FFC_1i

Normal Structuring mode def=mux_ctl_0x
	714	 CDN_PAS_CONNECTED_FFCi728
Working on Hinst: CDN_PAS_SKIP_FFC_0i
[gig_analyze] should_ungroup = 0
[gig_analyze] should_ungroup = 0
[gig_analyze] should_ungroup = 0
[gig_analyze] should_ungroup = 0
[gig_analyze] should_ungroup = 0
[gig_analyze] should_ungroup = 0

INFO: Identified hierarchy for CAS: hinst:iopt_partition/CDN_PAS_SKIP_FFC_0i

Working on Hinst: CDN_PAS_SKIP_FFC_1i
[gig_analyze] should_ungroup = 0
[gig_analyze] should_ungroup = 0
[gig_analyze] should_ungroup = 0
[gig_analyze] should_ungroup = 0
[gig_analyze] should_ungroup = 0
[gig_analyze] should_ungroup = 0

INFO: Identified hierarchy for CAS: hinst:iopt_partition/CDN_PAS_SKIP_FFC_1i

Normal Structuring mode def=cb_seq_3373
	813	 CDN_PAS_CONNECTED_FFCi814
Working on Hinst: CDN_PAS_SKIP_FFC_0i
[gig_analyze] should_ungroup = 0
[gig_analyze] should_ungroup = 0
[gig_analyze] should_ungroup = 0
[gig_analyze] should_ungroup = 0
[gig_analyze] should_ungroup = 0
[gig_analyze] should_ungroup = 0

INFO: Identified hierarchy for CAS: hinst:iopt_partition/CDN_PAS_SKIP_FFC_0i

        Distributing super-thread jobs: mult_signed_4593_9_9 mult_signed_4593_9 mult_signed_9 add_signed_carry_103440_3579 add_signed_carry_103440 add_signed_12963 csa_tree_sat_acc_457_36_I9_gt_193_19_group_5801 csa_tree_sat_acc_457_36_I9_lt_195_24_group_5803 csa_tree_sat_acc_457_36_I9_lt_195_24_group_5803_1
          Sending 'mult_signed_4593_9_9' to server 'localhost_4_15'...
            Sent 'mult_signed_4593_9_9' to server 'localhost_4_15'.
          Sending 'mult_signed_4593_9' to server '8_4_7'...
            Sent 'mult_signed_4593_9' to server '8_4_7'.
          Sending 'mult_signed_9' to server '8_4_3'...
            Sent 'mult_signed_9' to server '8_4_3'.
          Sending 'add_signed_carry_103440_3579' to server '8_4_0'...
            Sent 'add_signed_carry_103440_3579' to server '8_4_0'.
          Sending 'add_signed_carry_103440' to server '8_4_5'...
            Sent 'add_signed_carry_103440' to server '8_4_5'.
          Sending 'add_signed_12963' to server '8_4_2'...
            Sent 'add_signed_12963' to server '8_4_2'.
          Sending 'csa_tree_sat_acc_457_36_I9_gt_193_19_group_5801' to server '8_4_6'...
            Sent 'csa_tree_sat_acc_457_36_I9_gt_193_19_group_5801' to server '8_4_6'.
          Sending 'csa_tree_sat_acc_457_36_I9_lt_195_24_group_5803' to server 'localhost_4_14'...
            Sent 'csa_tree_sat_acc_457_36_I9_lt_195_24_group_5803' to server 'localhost_4_14'.
          Sending 'csa_tree_sat_acc_457_36_I9_lt_195_24_group_5803_1' to server '8_4_4'...
            Sent 'csa_tree_sat_acc_457_36_I9_lt_195_24_group_5803_1' to server '8_4_4'.
          Received 'csa_tree_sat_acc_457_36_I9_lt_195_24_group_5803_1' from server '8_4_4'. (2808 ms elapsed)
          Received 'csa_tree_sat_acc_457_36_I9_gt_193_19_group_5801' from server '8_4_6'. (3736 ms elapsed)
          Received 'csa_tree_sat_acc_457_36_I9_lt_195_24_group_5803' from server 'localhost_4_14'. (3857 ms elapsed)
          Received 'mult_signed_9' from server '8_4_3'. (21229 ms elapsed)
          Received 'add_signed_12963' from server '8_4_2'. (25128 ms elapsed)
          Received 'add_signed_carry_103440_3579' from server '8_4_0'. (38519 ms elapsed)
          Received 'add_signed_carry_103440' from server '8_4_5'. (46396 ms elapsed)
          Received 'mult_signed_4593_9_9' from server 'localhost_4_15'. (65077 ms elapsed)
Normal Structuring mode def=mult_signed_4593_9_9
Normal Structuring mode def=mult_signed
Normal Structuring mode def=mult_signed
Normal Structuring mode def=mult_signed
Normal Structuring mode def=mult_signed
          Received 'mult_signed_4593_9' from server '8_4_7'. (67698 ms elapsed)
Normal Structuring mode def=mult_signed_4593_9
Normal Structuring mode def=mult_signed
Normal Structuring mode def=mult_signed
Normal Structuring mode def=mult_signed
Normal Structuring mode def=mult_signed
Normal Structuring mode def=mult_signed_9
Normal Structuring mode def=mult_signed
Normal Structuring mode def=mult_signed
Normal Structuring mode def=mult_signed
Normal Structuring mode def=mult_signed
Normal Structuring mode def=add_signed_carry_103440_3579
Normal Structuring mode def=add_signed_carry
Normal Structuring mode def=add_signed_carry
Normal Structuring mode def=add_signed_carry_103440
Normal Structuring mode def=add_signed_carry
Normal Structuring mode def=add_signed_carry
Normal Structuring mode def=add_signed_12963
Normal Structuring mode def=add_signed
Normal Structuring mode def=add_signed
Normal Structuring mode def=csa_tree_sat_acc_457_36_I9_gt_193_19_group_5801
Normal Structuring mode def=csa_tree_sat_acc_457_36_I9_gt_193_19_group
Normal Structuring mode def=csa_tree_sat_acc_457_36_I9_lt_195_24_group_5803
Normal Structuring mode def=csa_tree_sat_acc_457_36_I9_lt_195_24_group
Normal Structuring mode def=csa_tree_sat_acc_457_36_I9_lt_195_24_group_5803_1
Normal Structuring mode def=csa_tree_sat_acc_457_36_I9_lt_195_24_group
Normal Structuring mode def=cb_part_3377
        Distributing super-thread jobs: cb_seq_3365 cb_seq_3367
          Sending 'cb_seq_3365' to server 'localhost_4_15'...
            Sent 'cb_seq_3365' to server 'localhost_4_15'.
          Sending 'cb_seq_3367' to server '8_4_7'...
            Sent 'cb_seq_3367' to server '8_4_7'.
          Received 'cb_seq_3367' from server '8_4_7'. (4661 ms elapsed)
          Received 'cb_seq_3365' from server 'localhost_4_15'. (5557 ms elapsed)
Normal Structuring mode def=cb_seq_3365
	191	 CDN_PAS_CONNECTED_FFCi192
Working on Hinst: CDN_PAS_SKIP_FFC_0i
[gig_analyze] should_ungroup = 0
[gig_analyze] should_ungroup = 0
[gig_analyze] should_ungroup = 0
[gig_analyze] should_ungroup = 0
[gig_analyze] should_ungroup = 0
[gig_analyze] should_ungroup = 0

INFO: Identified hierarchy for CAS: hinst:iopt_partition/CDN_PAS_SKIP_FFC_0i

Normal Structuring mode def=cb_seq_3367
	190	 CDN_PAS_CONNECTED_FFCi190
Working on Hinst: CDN_PAS_SKIP_FFC_0i
[gig_analyze] should_ungroup = 0
[gig_analyze] should_ungroup = 0
[gig_analyze] should_ungroup = 0
[gig_analyze] should_ungroup = 0
[gig_analyze] should_ungroup = 0
[gig_analyze] should_ungroup = 0

INFO: Identified hierarchy for CAS: hinst:iopt_partition/CDN_PAS_SKIP_FFC_0i

        Distributing super-thread jobs: cb_oseq cb_oseq_3364 WALLACE_CSA_DUMMY_OP8_Y_WALLACE_CSA_DUMMY_OP4_Y_WALLACE_CSA_DUMMY_OP12_Y_WALLACE_CSA_DUMMY_OP_Y_WALLACE_CSA_DUMMY_OP10_Y_WALLACE_CSA_DUMMY_OP6_group_2 cb_oseq_3370 csa_tree_SUB_TC_OP_2_rsh_pad_group_2 sub_signed_13232 increment_signed_6119_6135 increment_unsigned_147896_147898
          Sending 'cb_oseq' to server 'localhost_4_15'...
            Sent 'cb_oseq' to server 'localhost_4_15'.
          Sending 'cb_oseq_3364' to server '8_4_7'...
            Sent 'cb_oseq_3364' to server '8_4_7'.
          Sending 'WALLACE_CSA_DUMMY_OP8_Y_WALLACE_CSA_DUMMY_OP4_Y_WALLACE_CSA_DUMMY_OP12_Y_WALLACE_CSA_DUMMY_OP_Y_WALLACE_CSA_DUMMY_OP10_Y_WALLACE_CSA_DUMMY_OP6_group_2' to server '8_4_3'...
            Sent 'WALLACE_CSA_DUMMY_OP8_Y_WALLACE_CSA_DUMMY_OP4_Y_WALLACE_CSA_DUMMY_OP12_Y_WALLACE_CSA_DUMMY_OP_Y_WALLACE_CSA_DUMMY_OP10_Y_WALLACE_CSA_DUMMY_OP6_group_2' to server '8_4_3'.
          Sending 'cb_oseq_3370' to server '8_4_0'...
            Sent 'cb_oseq_3370' to server '8_4_0'.
          Sending 'csa_tree_SUB_TC_OP_2_rsh_pad_group_2' to server '8_4_5'...
            Sent 'csa_tree_SUB_TC_OP_2_rsh_pad_group_2' to server '8_4_5'.
          Sending 'sub_signed_13232' to server '8_4_2'...
            Sent 'sub_signed_13232' to server '8_4_2'.
          Sending 'increment_signed_6119_6135' to server '8_4_6'...
            Sent 'increment_signed_6119_6135' to server '8_4_6'.
          Sending 'increment_unsigned_147896_147898' to server 'localhost_4_14'...
            Sent 'increment_unsigned_147896_147898' to server 'localhost_4_14'.
          Received 'increment_unsigned_147896_147898' from server 'localhost_4_14'. (3033 ms elapsed)
          Received 'increment_signed_6119_6135' from server '8_4_6'. (3887 ms elapsed)
          Received 'csa_tree_SUB_TC_OP_2_rsh_pad_group_2' from server '8_4_5'. (4323 ms elapsed)
          Received 'cb_oseq_3370' from server '8_4_0'. (4733 ms elapsed)
          Received 'sub_signed_13232' from server '8_4_2'. (10165 ms elapsed)
          Received 'WALLACE_CSA_DUMMY_OP8_Y_WALLACE_CSA_DUMMY_OP4_Y_WALLACE_CSA_DUMMY_OP12_Y_WALLACE_CSA_DUMMY_OP_Y_WALLACE_CSA_DUMMY_OP10_Y_WALLACE_CSA_DUMMY_OP6_group_2' from server '8_4_3'. (12547 ms elapsed)
          Received 'cb_oseq_3364' from server '8_4_7'. (37022 ms elapsed)
          Received 'cb_oseq' from server 'localhost_4_15'. (41368 ms elapsed)
Normal Structuring mode def=cb_oseq_3374
Normal Structuring mode def=cb_oseq
Working on Hinst: CDN_PAS_CONNECTED_FFCi757
[gig_analyze] should_ungroup = 0
[gig_analyze] should_ungroup = 0
[gig_analyze] should_ungroup = 0
[gig_analyze] should_ungroup = 0
[gig_analyze] should_ungroup = 0
[gig_analyze] should_ungroup = 0

INFO: Identified hierarchy for CAS: hinst:iopt_partition/CDN_PAS_CONNECTED_FFCi757

Working on Hinst: CDN_PAS_CONNECTED_FFCi
[gig_analyze] should_ungroup = 0
[gig_analyze] should_ungroup = 0
[gig_analyze] should_ungroup = 0
[gig_analyze] should_ungroup = 0
[gig_analyze] should_ungroup = 0
[gig_analyze] should_ungroup = 0

INFO: Identified hierarchy for CAS: hinst:iopt_partition/CDN_PAS_CONNECTED_FFCi

Working on Hinst: CDN_PAS_CONNECTED_FFCi758
[gig_analyze] should_ungroup = 0
[gig_analyze] should_ungroup = 0
[gig_analyze] should_ungroup = 0
[gig_analyze] should_ungroup = 0
[gig_analyze] should_ungroup = 0
[gig_analyze] should_ungroup = 0

INFO: Identified hierarchy for CAS: hinst:iopt_partition/CDN_PAS_CONNECTED_FFCi758

Working on Hinst: CDN_PAS_CONNECTED_FFCi759
[gig_analyze] should_ungroup = 0
[gig_analyze] should_ungroup = 0
[gig_analyze] should_ungroup = 0
[gig_analyze] should_ungroup = 0
[gig_analyze] should_ungroup = 0
[gig_analyze] should_ungroup = 0

INFO: Identified hierarchy for CAS: hinst:iopt_partition/CDN_PAS_CONNECTED_FFCi759

Working on Hinst: CDN_PAS_CONNECTED_FFCi760
[gig_analyze] should_ungroup = 0
[gig_analyze] should_ungroup = 0
[gig_analyze] should_ungroup = 0
[gig_analyze] should_ungroup = 0
[gig_analyze] should_ungroup = 0
[gig_analyze] should_ungroup = 0

INFO: Identified hierarchy for CAS: hinst:iopt_partition/CDN_PAS_CONNECTED_FFCi760

Working on Hinst: CDN_PAS_CONNECTED_FFCi761
[gig_analyze] should_ungroup = 0
[gig_analyze] should_ungroup = 0
[gig_analyze] should_ungroup = 0
[gig_analyze] should_ungroup = 0
[gig_analyze] should_ungroup = 0
[gig_analyze] should_ungroup = 0

INFO: Identified hierarchy for CAS: hinst:iopt_partition/CDN_PAS_CONNECTED_FFCi761

Working on Hinst: CDN_PAS_CONNECTED_FFCi762
[gig_analyze] should_ungroup = 0
[gig_analyze] should_ungroup = 0
[gig_analyze] should_ungroup = 0
[gig_analyze] should_ungroup = 0
[gig_analyze] should_ungroup = 0
[gig_analyze] should_ungroup = 0

INFO: Identified hierarchy for CAS: hinst:iopt_partition/CDN_PAS_CONNECTED_FFCi762

Working on Hinst: CDN_PAS_CONNECTED_FFCi763
[gig_analyze] should_ungroup = 0
[gig_analyze] should_ungroup = 0
[gig_analyze] should_ungroup = 0
[gig_analyze] should_ungroup = 0
[gig_analyze] should_ungroup = 0
[gig_analyze] should_ungroup = 0

INFO: Identified hierarchy for CAS: hinst:iopt_partition/CDN_PAS_CONNECTED_FFCi763

Working on Hinst: CDN_PAS_CONNECTED_FFCi764
[gig_analyze] should_ungroup = 0
[gig_analyze] should_ungroup = 0
[gig_analyze] should_ungroup = 0
[gig_analyze] should_ungroup = 0
[gig_analyze] should_ungroup = 0
[gig_analyze] should_ungroup = 0

INFO: Identified hierarchy for CAS: hinst:iopt_partition/CDN_PAS_CONNECTED_FFCi764

Working on Hinst: CDN_PAS_CONNECTED_FFCi765
[gig_analyze] should_ungroup = 0
[gig_analyze] should_ungroup = 0
[gig_analyze] should_ungroup = 0
[gig_analyze] should_ungroup = 0
[gig_analyze] should_ungroup = 0
[gig_analyze] should_ungroup = 0

INFO: Identified hierarchy for CAS: hinst:iopt_partition/CDN_PAS_CONNECTED_FFCi765

Working on Hinst: CDN_PAS_CONNECTED_FFCi766
[gig_analyze] should_ungroup = 0
[gig_analyze] should_ungroup = 0
[gig_analyze] should_ungroup = 0
[gig_analyze] should_ungroup = 0
[gig_analyze] should_ungroup = 0
[gig_analyze] should_ungroup = 0

INFO: Identified hierarchy for CAS: hinst:iopt_partition/CDN_PAS_CONNECTED_FFCi766

Working on Hinst: CDN_PAS_CONNECTED_FFCi767
[gig_analyze] should_ungroup = 0
[gig_analyze] should_ungroup = 0
[gig_analyze] should_ungroup = 0
[gig_analyze] should_ungroup = 0
[gig_analyze] should_ungroup = 0
[gig_analyze] should_ungroup = 0

INFO: Identified hierarchy for CAS: hinst:iopt_partition/CDN_PAS_CONNECTED_FFCi767

Working on Hinst: CDN_PAS_CONNECTED_FFCi769
[gig_analyze] should_ungroup = 0
[gig_analyze] should_ungroup = 0
[gig_analyze] should_ungroup = 0
[gig_analyze] should_ungroup = 0
[gig_analyze] should_ungroup = 0
[gig_analyze] should_ungroup = 0

INFO: Identified hierarchy for CAS: hinst:iopt_partition/CDN_PAS_CONNECTED_FFCi769

Working on Hinst: CDN_PAS_CONNECTED_FFCi770
[gig_analyze] should_ungroup = 0
[gig_analyze] should_ungroup = 0
[gig_analyze] should_ungroup = 0
[gig_analyze] should_ungroup = 0
[gig_analyze] should_ungroup = 0
[gig_analyze] should_ungroup = 0

INFO: Identified hierarchy for CAS: hinst:iopt_partition/CDN_PAS_CONNECTED_FFCi770

Working on Hinst: CDN_PAS_CONNECTED_FFCi771
[gig_analyze] should_ungroup = 0
[gig_analyze] should_ungroup = 0
[gig_analyze] should_ungroup = 0
[gig_analyze] should_ungroup = 0
[gig_analyze] should_ungroup = 0
[gig_analyze] should_ungroup = 0

INFO: Identified hierarchy for CAS: hinst:iopt_partition/CDN_PAS_CONNECTED_FFCi771

Working on Hinst: CDN_PAS_CONNECTED_FFCi772
[gig_analyze] should_ungroup = 0
[gig_analyze] should_ungroup = 0
[gig_analyze] should_ungroup = 0
[gig_analyze] should_ungroup = 0
[gig_analyze] should_ungroup = 0
[gig_analyze] should_ungroup = 0

INFO: Identified hierarchy for CAS: hinst:iopt_partition/CDN_PAS_CONNECTED_FFCi772

Working on Hinst: CDN_PAS_CONNECTED_FFCi773
[gig_analyze] should_ungroup = 0
[gig_analyze] should_ungroup = 0
[gig_analyze] should_ungroup = 0
[gig_analyze] should_ungroup = 0
[gig_analyze] should_ungroup = 0
[gig_analyze] should_ungroup = 0

INFO: Identified hierarchy for CAS: hinst:iopt_partition/CDN_PAS_CONNECTED_FFCi773

Normal Structuring mode def=cb_oseq_3364
	129	 CDN_PAS_CONNECTED_FFCi
Working on Hinst: CDN_PAS_SKIP_FFC_0i
[gig_analyze] should_ungroup = 0
[gig_analyze] should_ungroup = 0
[gig_analyze] should_ungroup = 0
[gig_analyze] should_ungroup = 0
[gig_analyze] should_ungroup = 0
[gig_analyze] should_ungroup = 1
Ungrouping hinst:hinst:iopt_partition/CDN_PAS_SKIP_FFC_0i
Working on Hinst: CDN_PAS_SKIP_FFC_1i
[gig_analyze] should_ungroup = 0
[gig_analyze] should_ungroup = 0
[gig_analyze] should_ungroup = 0
[gig_analyze] should_ungroup = 0
[gig_analyze] should_ungroup = 0
[gig_analyze] should_ungroup = 0

INFO: Identified hierarchy for CAS: hinst:iopt_partition/CDN_PAS_SKIP_FFC_1i

Working on Hinst: CDN_PAS_SKIP_FFC_2i
[gig_analyze] should_ungroup = 0
[gig_analyze] should_ungroup = 0
[gig_analyze] should_ungroup = 0
[gig_analyze] should_ungroup = 0
[gig_analyze] should_ungroup = 0
[gig_analyze] should_ungroup = 0

INFO: Identified hierarchy for CAS: hinst:iopt_partition/CDN_PAS_SKIP_FFC_2i

Working on Hinst: CDN_PAS_SKIP_FFC_3i
[gig_analyze] should_ungroup = 0
[gig_analyze] should_ungroup = 0
[gig_analyze] should_ungroup = 0
[gig_analyze] should_ungroup = 0
[gig_analyze] should_ungroup = 0
[gig_analyze] should_ungroup = 0

INFO: Identified hierarchy for CAS: hinst:iopt_partition/CDN_PAS_SKIP_FFC_3i

Normal Structuring mode def=WALLACE_CSA_DUMMY_OP8_Y_WALLACE_CSA_DUMMY_OP4_Y_WALLACE_CSA_DUMMY_OP12_Y_WALLACE_CSA_DUMMY_OP_Y_WALLACE_CSA_DUMMY_OP10_Y_WALLACE_CSA_DUMMY_OP6_group_2
Normal Structuring mode def=WALLACE_CSA_DUMMY_OP8_Y_WALLACE_CSA_DUMMY_OP4_Y_WALLACE_CSA_DUMMY_OP12_Y_WALLACE_CSA_DUMMY_OP_Y_WALLACE_CSA_DUMMY_OP10_Y_WALLACE_CSA_DUMMY_OP6_group
Normal Structuring mode def=WALLACE_CSA_DUMMY_OP8_Y_WALLACE_CSA_DUMMY_OP4_Y_WALLACE_CSA_DUMMY_OP12_Y_WALLACE_CSA_DUMMY_OP_Y_WALLACE_CSA_DUMMY_OP10_Y_WALLACE_CSA_DUMMY_OP6_group
Normal Structuring mode def=WALLACE_CSA_DUMMY_OP8_Y_WALLACE_CSA_DUMMY_OP4_Y_WALLACE_CSA_DUMMY_OP12_Y_WALLACE_CSA_DUMMY_OP_Y_WALLACE_CSA_DUMMY_OP10_Y_WALLACE_CSA_DUMMY_OP6_group
Normal Structuring mode def=cb_oseq_3370
Normal Structuring mode def=csa_tree_SUB_TC_OP_2_rsh_pad_group_2
Normal Structuring mode def=csa_tree_SUB_TC_OP_2_rsh_pad_group
Normal Structuring mode def=csa_tree_SUB_TC_OP_2_rsh_pad_group
Normal Structuring mode def=csa_tree_SUB_TC_OP_2_rsh_pad_group
Normal Structuring mode def=sub_signed_13232
Normal Structuring mode def=sub_signed
Normal Structuring mode def=sub_signed
Normal Structuring mode def=increment_signed_6119_6135
Normal Structuring mode def=increment_signed
Normal Structuring mode def=increment_signed
Normal Structuring mode def=increment_unsigned_147896_147898
Normal Structuring mode def=increment_unsigned
Normal Structuring mode def=increment_unsigned
Normal Structuring mode def=cb_oseq_3368
Normal Structuring mode def=cb_part
        Distributing super-thread jobs: mult_signed_14520 mult_signed_14520_1 mult_signed_4593 cmux mult_signed_10871_9 cb_oseq_3376 csa_tree_ADD_TC_OP_2_group_2_7 add_unsigned_393 add_signed_775 add_signed_4147 add_signed_4143_1 add_signed_4143 add_signed_4135_1 add_signed_4135_2 add_signed_4135_3 add_signed_4135 add_unsigned_104863 add_unsigned_104863_1 increment_signed_156_200 increment_signed_156_9542_4 increment_signed_156_9542 increment_signed_156_9542_1 increment_signed_156_9542_14 increment_signed_156_9542_10 increment_signed_156_9542_2 increment_signed_156_9542_8 csa_tree_SUB_TC_OP_2_rsh_pad_group_7_9_7 csa_tree_SUB_TC_OP_2_rsh_pad_group_7_9_10 csa_tree_SUB_TC_OP_2_rsh_pad_group_7_9 csa_tree_SUB_TC_OP_2_rsh_pad_group_7_9_5 csa_tree_SUB_TC_OP_2_rsh_pad_group_7_9_13 csa_tree_SUB_TC_OP_2_rsh_pad_group_7_16
          Sending 'mult_signed_14520' to server 'localhost_4_15'...
            Sent 'mult_signed_14520' to server 'localhost_4_15'.
          Sending 'mult_signed_14520_1' to server '8_4_7'...
            Sent 'mult_signed_14520_1' to server '8_4_7'.
          Sending 'mult_signed_4593' to server '8_4_3'...
            Sent 'mult_signed_4593' to server '8_4_3'.
          Sending 'cmux' to server '8_4_0'...
            Sent 'cmux' to server '8_4_0'.
          Sending 'mult_signed_10871_9' to server '8_4_5'...
            Sent 'mult_signed_10871_9' to server '8_4_5'.
          Sending 'cb_oseq_3376' to server '8_4_2'...
            Sent 'cb_oseq_3376' to server '8_4_2'.
          Sending 'csa_tree_ADD_TC_OP_2_group_2_7' to server '8_4_6'...
            Sent 'csa_tree_ADD_TC_OP_2_group_2_7' to server '8_4_6'.
          Sending 'add_unsigned_393' to server 'localhost_4_14'...
            Sent 'add_unsigned_393' to server 'localhost_4_14'.
          Sending 'add_signed_775' to server '8_4_4'...
            Sent 'add_signed_775' to server '8_4_4'.
          Sending 'add_signed_4147' to server 'localhost_4_13'...
            Sent 'add_signed_4147' to server 'localhost_4_13'.
          Sending 'add_signed_4143_1' to server 'localhost_4_1'...
            Sent 'add_signed_4143_1' to server 'localhost_4_1'.
          Sending 'add_signed_4143' to server '8_4_8'...
            Sent 'add_signed_4143' to server '8_4_8'.
          Sending 'add_signed_4135_1' to server 'localhost_4_12'...
            Sent 'add_signed_4135_1' to server 'localhost_4_12'.
          Sending 'add_signed_4135_2' to server 'localhost_4_11'...
            Sent 'add_signed_4135_2' to server 'localhost_4_11'.
          Sending 'add_signed_4135_3' to server 'localhost_4_10'...
            Sent 'add_signed_4135_3' to server 'localhost_4_10'.
          Sending 'add_signed_4135' to server 'localhost_4_9'...
            Sent 'add_signed_4135' to server 'localhost_4_9'.
          Received 'cmux' from server '8_4_0'. (4710 ms elapsed)
          Sending 'add_unsigned_104863' to server '8_4_0'...
            Sent 'add_unsigned_104863' to server '8_4_0'.
          Received 'add_signed_4147' from server 'localhost_4_13'. (13123 ms elapsed)
          Sending 'add_unsigned_104863_1' to server 'localhost_4_13'...
            Sent 'add_unsigned_104863_1' to server 'localhost_4_13'.
          Received 'add_signed_4135' from server 'localhost_4_9'. (16439 ms elapsed)
          Sending 'increment_signed_156_200' to server 'localhost_4_9'...
            Sent 'increment_signed_156_200' to server 'localhost_4_9'.
          Received 'add_unsigned_393' from server 'localhost_4_14'. (17245 ms elapsed)
          Sending 'increment_signed_156_9542_4' to server 'localhost_4_14'...
            Sent 'increment_signed_156_9542_4' to server 'localhost_4_14'.
          Received 'add_signed_4143' from server '8_4_8'. (17343 ms elapsed)
          Sending 'increment_signed_156_9542' to server '8_4_8'...
            Sent 'increment_signed_156_9542' to server '8_4_8'.
          Received 'increment_signed_156_200' from server 'localhost_4_9'. (3487 ms elapsed)
          Sending 'increment_signed_156_9542_1' to server 'localhost_4_9'...
            Sent 'increment_signed_156_9542_1' to server 'localhost_4_9'.
          Received 'add_signed_4135_2' from server 'localhost_4_11'. (27705 ms elapsed)
          Sending 'increment_signed_156_9542_14' to server 'localhost_4_11'...
            Sent 'increment_signed_156_9542_14' to server 'localhost_4_11'.
          Received 'cb_oseq_3376' from server '8_4_2'. (29254 ms elapsed)
          Sending 'increment_signed_156_9542_10' to server '8_4_2'...
            Sent 'increment_signed_156_9542_10' to server '8_4_2'.
          Received 'add_signed_4135_1' from server 'localhost_4_12'. (30842 ms elapsed)
          Sending 'increment_signed_156_9542_2' to server 'localhost_4_12'...
            Sent 'increment_signed_156_9542_2' to server 'localhost_4_12'.
          Received 'increment_signed_156_9542' from server '8_4_8'. (13818 ms elapsed)
          Sending 'increment_signed_156_9542_8' to server '8_4_8'...
            Sent 'increment_signed_156_9542_8' to server '8_4_8'.
          Received 'add_unsigned_104863_1' from server 'localhost_4_13'. (18512 ms elapsed)
          Sending 'csa_tree_SUB_TC_OP_2_rsh_pad_group_7_9_7' to server 'localhost_4_13'...
            Sent 'csa_tree_SUB_TC_OP_2_rsh_pad_group_7_9_7' to server 'localhost_4_13'.
          Received 'increment_signed_156_9542_14' from server 'localhost_4_11'. (4687 ms elapsed)
          Sending 'csa_tree_SUB_TC_OP_2_rsh_pad_group_7_9_10' to server 'localhost_4_11'...
            Sent 'csa_tree_SUB_TC_OP_2_rsh_pad_group_7_9_10' to server 'localhost_4_11'.
          Received 'increment_signed_156_9542_10' from server '8_4_2'. (5579 ms elapsed)
          Sending 'csa_tree_SUB_TC_OP_2_rsh_pad_group_7_9' to server '8_4_2'...
            Sent 'csa_tree_SUB_TC_OP_2_rsh_pad_group_7_9' to server '8_4_2'.
          Received 'increment_signed_156_9542_1' from server 'localhost_4_9'. (14802 ms elapsed)
          Sending 'csa_tree_SUB_TC_OP_2_rsh_pad_group_7_9_5' to server 'localhost_4_9'...
            Sent 'csa_tree_SUB_TC_OP_2_rsh_pad_group_7_9_5' to server 'localhost_4_9'.
          Received 'increment_signed_156_9542_2' from server 'localhost_4_12'. (4720 ms elapsed)
          Sending 'csa_tree_SUB_TC_OP_2_rsh_pad_group_7_9_13' to server 'localhost_4_12'...
            Sent 'csa_tree_SUB_TC_OP_2_rsh_pad_group_7_9_13' to server 'localhost_4_12'.
          Received 'csa_tree_ADD_TC_OP_2_group_2_7' from server '8_4_6'. (39024 ms elapsed)
          Sending 'csa_tree_SUB_TC_OP_2_rsh_pad_group_7_16' to server '8_4_6'...
            Sent 'csa_tree_SUB_TC_OP_2_rsh_pad_group_7_16' to server '8_4_6'.
          Received 'csa_tree_SUB_TC_OP_2_rsh_pad_group_7_9_7' from server 'localhost_4_13'. (10460 ms elapsed)
          Received 'increment_signed_156_9542_8' from server '8_4_8'. (11123 ms elapsed)
          Received 'csa_tree_SUB_TC_OP_2_rsh_pad_group_7_9_13' from server 'localhost_4_12'. (7593 ms elapsed)
          Received 'add_signed_4143_1' from server 'localhost_4_1'. (48549 ms elapsed)
          Received 'csa_tree_SUB_TC_OP_2_rsh_pad_group_7_16' from server '8_4_6'. (15708 ms elapsed)
          Received 'csa_tree_SUB_TC_OP_2_rsh_pad_group_7_9_10' from server 'localhost_4_11'. (22071 ms elapsed)
          Received 'increment_signed_156_9542_4' from server 'localhost_4_14'. (37412 ms elapsed)
          Received 'mult_signed_10871_9' from server '8_4_5'. (55545 ms elapsed)
          Received 'add_signed_775' from server '8_4_4'. (57721 ms elapsed)
          Received 'add_signed_4135_3' from server 'localhost_4_10'. (59041 ms elapsed)
          Received 'add_unsigned_104863' from server '8_4_0'. (58008 ms elapsed)
          Received 'csa_tree_SUB_TC_OP_2_rsh_pad_group_7_9_5' from server 'localhost_4_9'. (28515 ms elapsed)
          Received 'csa_tree_SUB_TC_OP_2_rsh_pad_group_7_9' from server '8_4_2'. (32204 ms elapsed)
          Received 'mult_signed_4593' from server '8_4_3'. (74395 ms elapsed)
          Received 'mult_signed_14520' from server 'localhost_4_15'. (145676 ms elapsed)
Normal Structuring mode def=mult_signed_14520
Normal Structuring mode def=mult_signed
Normal Structuring mode def=mult_signed
Normal Structuring mode def=mult_signed
          Received 'mult_signed_14520_1' from server '8_4_7'. (148032 ms elapsed)
Normal Structuring mode def=mult_signed_14520_1
Normal Structuring mode def=mult_signed
Normal Structuring mode def=mult_signed
Normal Structuring mode def=mult_signed
Normal Structuring mode def=mult_signed_4593
Normal Structuring mode def=mult_signed
Normal Structuring mode def=mult_signed
Normal Structuring mode def=mult_signed
Normal Structuring mode def=mult_signed
TECH-DECOMP MODE def=cmux
Normal Structuring mode def=mult_signed_10871_9
Normal Structuring mode def=mult_signed
Normal Structuring mode def=mult_signed
Normal Structuring mode def=mult_signed
Normal Structuring mode def=mult_signed
Normal Structuring mode def=cb_oseq_3376
Working on Hinst: CDN_PAS_SKIP_FFC_0i
[gig_analyze] should_ungroup = 0
[gig_analyze] should_ungroup = 0
[gig_analyze] should_ungroup = 0
[gig_analyze] should_ungroup = 0
[gig_analyze] should_ungroup = 0
[gig_analyze] should_ungroup = 0

INFO: Identified hierarchy for CAS: hinst:iopt_partition/CDN_PAS_SKIP_FFC_0i

Working on Hinst: CDN_PAS_SKIP_FFC_1i
[gig_analyze] should_ungroup = 0
[gig_analyze] should_ungroup = 0
[gig_analyze] should_ungroup = 0
[gig_analyze] should_ungroup = 0
[gig_analyze] should_ungroup = 0
[gig_analyze] should_ungroup = 0

INFO: Identified hierarchy for CAS: hinst:iopt_partition/CDN_PAS_SKIP_FFC_1i

Normal Structuring mode def=csa_tree_ADD_TC_OP_2_group_2_7
Normal Structuring mode def=csa_tree_ADD_TC_OP_2_group
Normal Structuring mode def=csa_tree_ADD_TC_OP_2_group
Normal Structuring mode def=csa_tree_ADD_TC_OP_2_group
Normal Structuring mode def=add_unsigned_393
Working on Hinst: CDN_PAS_SKIP_FFC_0i
[gig_analyze] should_ungroup = 0
[gig_analyze] should_ungroup = 1
Ungrouping hinst:hinst:iopt_partition/CDN_PAS_SKIP_FFC_0i
Normal Structuring mode def=add_unsigned
Normal Structuring mode def=add_unsigned
Normal Structuring mode def=add_signed_775
Working on Hinst: CDN_PAS_SKIP_FFC_0i
[gig_analyze] should_ungroup = 0
[gig_analyze] should_ungroup = 1
Ungrouping hinst:hinst:iopt_partition/CDN_PAS_SKIP_FFC_0i
Normal Structuring mode def=add_signed
Normal Structuring mode def=add_signed
Normal Structuring mode def=add_signed_4147
Working on Hinst: CDN_PAS_SKIP_FFC_0i
[gig_analyze] should_ungroup = 0
[gig_analyze] should_ungroup = 1
Ungrouping hinst:hinst:iopt_partition/CDN_PAS_SKIP_FFC_0i
Normal Structuring mode def=add_signed
Normal Structuring mode def=add_signed
Normal Structuring mode def=add_signed_4143_1
Working on Hinst: CDN_PAS_SKIP_FFC_0i
[gig_analyze] should_ungroup = 0
[gig_analyze] should_ungroup = 1
Ungrouping hinst:hinst:iopt_partition/CDN_PAS_SKIP_FFC_0i
Normal Structuring mode def=add_signed
Normal Structuring mode def=add_signed
Normal Structuring mode def=add_signed_4143
Working on Hinst: CDN_PAS_SKIP_FFC_0i
[gig_analyze] should_ungroup = 0
[gig_analyze] should_ungroup = 1
Ungrouping hinst:hinst:iopt_partition/CDN_PAS_SKIP_FFC_0i
Normal Structuring mode def=add_signed
Normal Structuring mode def=add_signed
Normal Structuring mode def=add_signed_4135_1
Working on Hinst: CDN_PAS_SKIP_FFC_0i
[gig_analyze] should_ungroup = 1
Ungrouping hinst:hinst:iopt_partition/CDN_PAS_SKIP_FFC_0i
Normal Structuring mode def=add_signed
Normal Structuring mode def=add_signed
Normal Structuring mode def=add_signed_4135_2
Working on Hinst: CDN_PAS_SKIP_FFC_0i
[gig_analyze] should_ungroup = 1
Ungrouping hinst:hinst:iopt_partition/CDN_PAS_SKIP_FFC_0i
Normal Structuring mode def=add_signed
Normal Structuring mode def=add_signed
Normal Structuring mode def=add_signed_4135_3
Working on Hinst: CDN_PAS_SKIP_FFC_0i
[gig_analyze] should_ungroup = 1
Ungrouping hinst:hinst:iopt_partition/CDN_PAS_SKIP_FFC_0i
Normal Structuring mode def=add_signed
Normal Structuring mode def=add_signed
Normal Structuring mode def=add_signed_4135
Working on Hinst: CDN_PAS_SKIP_FFC_0i
[gig_analyze] should_ungroup = 1
Ungrouping hinst:hinst:iopt_partition/CDN_PAS_SKIP_FFC_0i
Normal Structuring mode def=add_signed
Normal Structuring mode def=add_signed
Normal Structuring mode def=add_unsigned_104863
Normal Structuring mode def=add_unsigned
Normal Structuring mode def=add_unsigned
Normal Structuring mode def=add_unsigned_104863_1
Normal Structuring mode def=add_unsigned
Normal Structuring mode def=add_unsigned
Normal Structuring mode def=increment_signed_156_200
Normal Structuring mode def=increment_signed
Normal Structuring mode def=increment_signed
Normal Structuring mode def=increment_signed_156_9542_4
Normal Structuring mode def=increment_signed
Normal Structuring mode def=increment_signed
Normal Structuring mode def=increment_signed_156_9542
Normal Structuring mode def=increment_signed
Normal Structuring mode def=increment_signed
Normal Structuring mode def=increment_signed_156_9542_1
Normal Structuring mode def=increment_signed
Normal Structuring mode def=increment_signed
Normal Structuring mode def=increment_signed_156_9542_14
Normal Structuring mode def=increment_signed
Normal Structuring mode def=increment_signed
Normal Structuring mode def=increment_signed_156_9542_10
Normal Structuring mode def=increment_signed
Normal Structuring mode def=increment_signed
Normal Structuring mode def=increment_signed_156_9542_2
Normal Structuring mode def=increment_signed
Normal Structuring mode def=increment_signed
Normal Structuring mode def=increment_signed_156_9542_8
Normal Structuring mode def=increment_signed
Normal Structuring mode def=increment_signed
Normal Structuring mode def=csa_tree_SUB_TC_OP_2_rsh_pad_group_7_9_7
Normal Structuring mode def=csa_tree_SUB_TC_OP_2_rsh_pad_group
Normal Structuring mode def=csa_tree_SUB_TC_OP_2_rsh_pad_group
Normal Structuring mode def=csa_tree_SUB_TC_OP_2_rsh_pad_group
Normal Structuring mode def=csa_tree_SUB_TC_OP_2_rsh_pad_group_7_9_10
Normal Structuring mode def=csa_tree_SUB_TC_OP_2_rsh_pad_group
Normal Structuring mode def=csa_tree_SUB_TC_OP_2_rsh_pad_group
Normal Structuring mode def=csa_tree_SUB_TC_OP_2_rsh_pad_group
Normal Structuring mode def=csa_tree_SUB_TC_OP_2_rsh_pad_group_7_9
Normal Structuring mode def=csa_tree_SUB_TC_OP_2_rsh_pad_group
Normal Structuring mode def=csa_tree_SUB_TC_OP_2_rsh_pad_group
Normal Structuring mode def=csa_tree_SUB_TC_OP_2_rsh_pad_group
Normal Structuring mode def=csa_tree_SUB_TC_OP_2_rsh_pad_group_7_9_5
Normal Structuring mode def=csa_tree_SUB_TC_OP_2_rsh_pad_group
Normal Structuring mode def=csa_tree_SUB_TC_OP_2_rsh_pad_group
Normal Structuring mode def=csa_tree_SUB_TC_OP_2_rsh_pad_group
Normal Structuring mode def=csa_tree_SUB_TC_OP_2_rsh_pad_group_7_9_13
Normal Structuring mode def=csa_tree_SUB_TC_OP_2_rsh_pad_group
Normal Structuring mode def=csa_tree_SUB_TC_OP_2_rsh_pad_group
Normal Structuring mode def=csa_tree_SUB_TC_OP_2_rsh_pad_group
Normal Structuring mode def=csa_tree_SUB_TC_OP_2_rsh_pad_group_7_16
Normal Structuring mode def=csa_tree_SUB_TC_OP_2_rsh_pad_group
Normal Structuring mode def=csa_tree_SUB_TC_OP_2_rsh_pad_group
Normal Structuring mode def=csa_tree_SUB_TC_OP_2_rsh_pad_group
Normal Structuring mode def=cdec
Normal Structuring mode def=cb_oseq_3366
 
Global mapping status
=====================
                                   Group   
                                  Tot Wrst 
                           Total  Weighted 
Operation                   Area   Slacks  
 global_map              7734858     -462 
            Worst cost_group: clk, WNS: -462.7
            Path: u_finalize/u_norm/inv_m1_reg_reg[3]/CLK -->
                    u_finalize/u_norm/product_reg_reg[0][59]/D

    Cost Group            Target    Slack    Diff.  Constr.
-----------------------------------------------------------
           clk                -4     -463     -14%     3333 

 
Global incremental target info
==============================
Cost Group 'clk' target slack:  -445 ps
Target path end-point (Pin: u_finalize/u_norm/product_reg_reg[0][59]/D (sky130_fd_sc_hs__dfxtp_2/D))

              Distributing super-thread jobs: cb_seq cb_seq_3363 cb_seq_3369
                Sending 'cb_seq' to server 'localhost_4_15'...
                  Sent 'cb_seq' to server 'localhost_4_15'.
                Sending 'cb_seq_3363' to server '8_4_7'...
                  Sent 'cb_seq_3363' to server '8_4_7'.
                Sending 'cb_seq_3369' to server '8_4_3'...
                  Sent 'cb_seq_3369' to server '8_4_3'.
                Received 'cb_seq_3369' from server '8_4_3'. (3025 ms elapsed)
                Received 'cb_seq_3363' from server '8_4_7'. (4059 ms elapsed)
                Received 'cb_seq' from server 'localhost_4_15'. (65170 ms elapsed)
              Distributing super-thread jobs: cb_seq_3375 cb_seq_3371 mux_ctl_0x cb_seq_3373
                Sending 'cb_seq_3375' to server 'localhost_4_15'...
                  Sent 'cb_seq_3375' to server 'localhost_4_15'.
                Sending 'cb_seq_3371' to server '8_4_7'...
                  Sent 'cb_seq_3371' to server '8_4_7'.
                Sending 'mux_ctl_0x' to server '8_4_3'...
                  Sent 'mux_ctl_0x' to server '8_4_3'.
                Sending 'cb_seq_3373' to server '8_4_0'...
                  Sent 'cb_seq_3373' to server '8_4_0'.
                Received 'cb_seq_3373' from server '8_4_0'. (1955 ms elapsed)
                Received 'cb_seq_3371' from server '8_4_7'. (5968 ms elapsed)
                Received 'mux_ctl_0x' from server '8_4_3'. (6560 ms elapsed)
                Received 'cb_seq_3375' from server 'localhost_4_15'. (21773 ms elapsed)
              Distributing super-thread jobs: mult_signed_4593_9_9 mult_signed_9 add_signed_carry_103440 add_signed_carry_103440_3579
                Sending 'mult_signed_4593_9_9' to server 'localhost_4_15'...
                  Sent 'mult_signed_4593_9_9' to server 'localhost_4_15'.
                Sending 'mult_signed_9' to server '8_4_7'...
                  Sent 'mult_signed_9' to server '8_4_7'.
                Sending 'add_signed_carry_103440' to server '8_4_3'...
                  Sent 'add_signed_carry_103440' to server '8_4_3'.
                Sending 'add_signed_carry_103440_3579' to server '8_4_0'...
                  Sent 'add_signed_carry_103440_3579' to server '8_4_0'.
                Received 'add_signed_carry_103440' from server '8_4_3'. (602 ms elapsed)
                Received 'add_signed_carry_103440_3579' from server '8_4_0'. (531 ms elapsed)
                Received 'mult_signed_9' from server '8_4_7'. (1287 ms elapsed)
                Received 'mult_signed_4593_9_9' from server 'localhost_4_15'. (6456 ms elapsed)
              Distributing super-thread jobs: cb_seq_3365 cb_seq_3367
                Sending 'cb_seq_3365' to server 'localhost_4_15'...
                  Sent 'cb_seq_3365' to server 'localhost_4_15'.
                Sending 'cb_seq_3367' to server '8_4_7'...
                  Sent 'cb_seq_3367' to server '8_4_7'.
                Received 'cb_seq_3367' from server '8_4_7'. (791 ms elapsed)
                Received 'cb_seq_3365' from server 'localhost_4_15'. (1466 ms elapsed)
              Distributing super-thread jobs: cb_oseq cb_oseq_3364 WALLACE_CSA_DUMMY_OP8_Y_WALLACE_CSA_DUMMY_OP4_Y_WALLACE_CSA_DUMMY_OP12_Y_WALLACE_CSA_DUMMY_OP_Y_WALLACE_CSA_DUMMY_OP10_Y_WALLACE_CSA_DUMMY_OP6_group_2 cb_oseq_3370
                Sending 'cb_oseq' to server 'localhost_4_15'...
                  Sent 'cb_oseq' to server 'localhost_4_15'.
                Sending 'cb_oseq_3364' to server '8_4_7'...
                  Sent 'cb_oseq_3364' to server '8_4_7'.
                Sending 'WALLACE_CSA_DUMMY_OP8_Y_WALLACE_CSA_DUMMY_OP4_Y_WALLACE_CSA_DUMMY_OP12_Y_WALLACE_CSA_DUMMY_OP_Y_WALLACE_CSA_DUMMY_OP10_Y_WALLACE_CSA_DUMMY_OP6_group_2' to server '8_4_3'...
                  Sent 'WALLACE_CSA_DUMMY_OP8_Y_WALLACE_CSA_DUMMY_OP4_Y_WALLACE_CSA_DUMMY_OP12_Y_WALLACE_CSA_DUMMY_OP_Y_WALLACE_CSA_DUMMY_OP10_Y_WALLACE_CSA_DUMMY_OP6_group_2' to server '8_4_3'.
                Sending 'cb_oseq_3370' to server '8_4_0'...
                  Sent 'cb_oseq_3370' to server '8_4_0'.
                Received 'WALLACE_CSA_DUMMY_OP8_Y_WALLACE_CSA_DUMMY_OP4_Y_WALLACE_CSA_DUMMY_OP12_Y_WALLACE_CSA_DUMMY_OP_Y_WALLACE_CSA_DUMMY_OP10_Y_WALLACE_CSA_DUMMY_OP6_group_2' from server '8_4_3'. (495 ms elapsed)
                Received 'cb_oseq_3370' from server '8_4_0'. (1582 ms elapsed)
                Received 'cb_oseq_3364' from server '8_4_7'. (6085 ms elapsed)
                Received 'cb_oseq' from server 'localhost_4_15'. (14202 ms elapsed)
              Distributing super-thread jobs: mult_signed_14520 mult_signed_14520_1 mult_signed_4593_9 mult_signed_4593 cmux cb_oseq_3376 mult_signed_10871_9 csa_tree_ADD_TC_OP_2_group_2_7 add_unsigned_393
                Sending 'mult_signed_14520' to server 'localhost_4_15'...
                  Sent 'mult_signed_14520' to server 'localhost_4_15'.
                Sending 'mult_signed_14520_1' to server '8_4_7'...
                  Sent 'mult_signed_14520_1' to server '8_4_7'.
                Sending 'mult_signed_4593_9' to server '8_4_3'...
                  Sent 'mult_signed_4593_9' to server '8_4_3'.
                Sending 'mult_signed_4593' to server '8_4_0'...
                  Sent 'mult_signed_4593' to server '8_4_0'.
                Sending 'cmux' to server '8_4_5'...
                  Sent 'cmux' to server '8_4_5'.
                Sending 'cb_oseq_3376' to server '8_4_2'...
                  Sent 'cb_oseq_3376' to server '8_4_2'.
                Sending 'mult_signed_10871_9' to server '8_4_6'...
                  Sent 'mult_signed_10871_9' to server '8_4_6'.
                Sending 'csa_tree_ADD_TC_OP_2_group_2_7' to server 'localhost_4_14'...
                  Sent 'csa_tree_ADD_TC_OP_2_group_2_7' to server 'localhost_4_14'.
                Sending 'add_unsigned_393' to server '8_4_4'...
                  Sent 'add_unsigned_393' to server '8_4_4'.
                Received 'csa_tree_ADD_TC_OP_2_group_2_7' from server 'localhost_4_14'. (576 ms elapsed)
                Received 'cmux' from server '8_4_5'. (1892 ms elapsed)
                Received 'add_unsigned_393' from server '8_4_4'. (1000 ms elapsed)
                Received 'mult_signed_10871_9' from server '8_4_6'. (1770 ms elapsed)
                Received 'cb_oseq_3376' from server '8_4_2'. (2316 ms elapsed)
                Received 'mult_signed_4593' from server '8_4_0'. (6512 ms elapsed)
                Received 'mult_signed_4593_9' from server '8_4_3'. (8282 ms elapsed)
                Received 'mult_signed_14520' from server 'localhost_4_15'. (22438 ms elapsed)
                Received 'mult_signed_14520_1' from server '8_4_7'. (23162 ms elapsed)
Warning : Ungrouping the instance/module as 'false' cannot be set on tool_generated hierarchies. [GLO-61]
        : The 'false' setting on the 'csa_tree_SUB_TC_OP_2_rsh_pad_group_7_9' tool_generated module is being ignored.
        : Kindly check the script whether the ungroup_ok is set to false. Alternately it can be set to 'strict_no' to disable ungrouping but this can impact PPA.
Warning : Inferred datapath logic has changed and cannot be considered for datapath optimizations. [RTLOPT-55]
        : Module 'csa_tree_SUB_TC_OP_2_rsh_pad_group_7_9' has been invalidated for datapath optimizations.
        : For best results, ensure this command is issued after syn_map, when all datapath optimizations have finished.
Warning : Ungrouping the instance/module as 'false' cannot be set on tool_generated hierarchies. [GLO-61]
        : The 'false' setting on the 'csa_tree_SUB_TC_OP_2_rsh_pad_group_7_9' tool_generated module is being ignored.
Warning : Inferred datapath logic has changed and cannot be considered for datapath optimizations. [RTLOPT-55]
        : Module 'csa_tree_SUB_TC_OP_2_rsh_pad_group_7_9' has been invalidated for datapath optimizations.
Warning : Ungrouping the instance/module as 'false' cannot be set on tool_generated hierarchies. [GLO-61]
        : The 'false' setting on the 'csa_tree_SUB_TC_OP_2_rsh_pad_group_7_9_5' tool_generated module is being ignored.
Warning : Inferred datapath logic has changed and cannot be considered for datapath optimizations. [RTLOPT-55]
        : Module 'csa_tree_SUB_TC_OP_2_rsh_pad_group_7_9_5' has been invalidated for datapath optimizations.
Warning : Ungrouping the instance/module as 'false' cannot be set on tool_generated hierarchies. [GLO-61]
        : The 'false' setting on the 'csa_tree_SUB_TC_OP_2_rsh_pad_group_7_9_5' tool_generated module is being ignored.
Warning : Inferred datapath logic has changed and cannot be considered for datapath optimizations. [RTLOPT-55]
        : Module 'csa_tree_SUB_TC_OP_2_rsh_pad_group_7_9_5' has been invalidated for datapath optimizations.
Warning : Ungrouping the instance/module as 'false' cannot be set on tool_generated hierarchies. [GLO-61]
        : The 'false' setting on the 'csa_tree_SUB_TC_OP_2_rsh_pad_group_7_9_5' tool_generated module is being ignored.
Warning : Inferred datapath logic has changed and cannot be considered for datapath optimizations. [RTLOPT-55]
        : Module 'csa_tree_SUB_TC_OP_2_rsh_pad_group_7_9_5' has been invalidated for datapath optimizations.
==================================
Stage : global_incr_map 
==================================
  =================
   Message Summary
  =================
----------------------------------------------------------------------------------------------------------------------------------------------------------------------------------------------------------------------
|   Id    |  Sev  |Count|                                                                                        Message Text                                                                                        |
----------------------------------------------------------------------------------------------------------------------------------------------------------------------------------------------------------------------
|GLO-61   |Warning|    5|Ungrouping the instance/module as 'false' cannot be set on tool_generated hierarchies.                                                                                                      |
|         |       |     |Kindly check the script whether the ungroup_ok is set to false. Alternately it can be set to 'strict_no' to disable ungrouping but this can impact PPA.                                     |
|GLO-62   |Info   |   35|On tool_generated instance/module 'strict_no' is set.                                                                                                                                       |
|         |       |     |This shall only be used for special purposes like formal verification.                                                                                                                      |
|LBR-81   |Warning|   36|Non-monotonic wireload model found.                                                                                                                                                         |
|         |       |     |Non-monotonic wireload models can cause problems during synthesis and/or mapping.  Raising some of the points in the curve to give it a monotonic shape.                                    |
|PA-7     |Info   |  172|Resetting power analysis results.                                                                                                                                                           |
|         |       |     |All computed switching activities are removed.                                                                                                                                              |
|PHYS-752 |Info   |    1|Partition Based Synthesis execution skipped.                                                                                                                                                |
|RTLOPT-55|Warning|    5|Inferred datapath logic has changed and cannot be considered for datapath optimizations.                                                                                                    |
|         |       |     |For best results, ensure this command is issued after syn_map, when all datapath optimizations have finished.                                                                               |
|ST-110   |Info   |   32|Connection established with super-threading server.                                                                                                                                         |
|         |       |     |The tool is entering super-threading mode and has established a connection with a CPU server process.  This is enabled by the root attributes 'super_thread_servers' or 'auto_super_thread'.|
|ST-112   |Info   |   16|A super-threading server has been shut down normally.                                                                                                                                       |
|         |       |     |A super-threaded optimization is complete and a CPU server was successfully shut down.                                                                                                      |
|ST-120   |Info   |    4|Attempting to launch a super-threading server.                                                                                                                                              |
|         |       |     |The tool is entering super-threading mode and is launching a CPU server process.  This is enabled by the root attribute 'super_thread_servers' or 'auto_super_thread'.                      |
|ST-128   |Info   |    4|Super thread servers are launched successfully.                                                                                                                                             |
|SYNTH-2  |Info   |    1|Done synthesizing.                                                                                                                                                                          |
|SYNTH-4  |Info   |    1|Mapping.                                                                                                                                                                                    |
----------------------------------------------------------------------------------------------------------------------------------------------------------------------------------------------------------------------
 
Global incremental optimization status
======================================
                                   Group   
                                  Tot Wrst 
                           Total  Weighted 
Operation                   Area   Slacks  
 global_incr             7419149     -486 
            Worst cost_group: clk, WNS: -486.9
            Path: u_finalize/u_norm/inv_m1_reg_reg[27]/CLK -->
                    u_finalize/u_norm/product_reg_reg[0][59]/D

    Cost Group            Target    Slack    Diff.  Constr.
-----------------------------------------------------------
           clk              -445     -487      -1%     3333 


+-----------+----------+-----+----------------------+---------------------------+
|   Host    | Machine  | CPU | Physical Memory (MB) | Peak Physical Memory (MB) |
+-----------+----------+-----+----------------------+---------------------------+
|     8     | sh02lo01 |  8  |        1809.0        |          1809.0           |
| localhost | sh02lo01 |  8  |        5565.3        |          8374.7           |
+-----------+----------+-----+----------------------+---------------------------+

+----------------+----------------------+---------------------------+
|     Server     | Physical Memory (MB) | Peak Physical Memory (MB) |
+----------------+----------------------+---------------------------+
|     8_4_0      |    1809.0 [1] [3]    |        [1] [2] [3]        |
| localhost_4_10 |      203.4 [4]       |          [4] [2]          |
|     8_4_4      |      185.5 [5]       |          [5] [2]          |
| localhost_4_13 |      180.9 [4]       |          [4] [2]          |
|     8_4_5      |      243.9 [5]       |          [5] [2]          |
|     8_4_8      |      187.9 [5]       |          [5] [2]          |
| localhost_4_1  |    1725.3 [1] [3]    |        [1] [2] [3]        |
|     8_4_2      |      207.3 [5]       |          [5] [2]          |
| localhost_4_15 |      427.7 [4]       |          [4] [2]          |
|     8_4_6      |      185.9 [5]       |          [5] [2]          |
| localhost_4_14 |      184.6 [4]       |          [4] [2]          |
| localhost_4_9  |      183.6 [4]       |          [4] [2]          |
|     8_4_7      |      298.0 [5]       |          [5] [2]          |
|     8_4_3      |      260.1 [5]       |          [5] [2]          |
| localhost_4_12 |      183.9 [4]       |          [4] [2]          |
| localhost_4_11 |      180.2 [4]       |          [4] [2]          |
+----------------+----------------------+---------------------------+
[1] Memory is included in main process.
[2] Peak physical memory is not available for forked background servers.
[3] Memory of child processes is included.
[4] Memory is included in parent localhost_4_1.
[5] Memory is included in parent 8_4_0.


State Retention Synthesis Status
================================

Category                        Flops   Percentage
--------------------------------------------------
Total instances                 18665        100.0
Excluded from State Retention   18665        100.0
    - Will not convert          18665        100.0
      - Preserved                   0          0.0
      - Power intent excluded   18665        100.0
    - Could not convert             0          0.0
      - Scan type                   0          0.0
      - No suitable cell            0          0.0
State Retention instances           0          0.0
--------------------------------------------------

INFO: skipping constant propagation
PBS_Techmap-Global Mapping - Elapsed_Time 1762, CPU_Time 1490.59044
stamp 'PBS_Techmap-Global Mapping' being created for table 'pbs_debug'

  Total Time (Wall) |  Stage Time (Wall)  |   % (Wall)   |    Date - Time     |  Memory   | Stage
--------------------+---------------------+--------------+--------------------+-----------+----------------------
 00:03:34(00:08:41) |  00:00:00(00:00:00) |   0.0(  0.0) |    0:36:44 (Jul07) |   2.37 GB | PBS_Generic-Start
--------------------+---------------------+--------------+--------------------+-----------+----------------------
 00:26:14(00:34:51) |  00:22:39(00:26:10) |  23.6( 24.9) |    1:02:55 (Jul07) |   3.90 GB | PBS_Generic-Post_Genopt
--------------------+---------------------+--------------+--------------------+-----------+----------------------
 00:50:17(01:11:14) |  00:24:03(00:36:23) |  25.1( 34.6) |    1:39:17 (Jul07) |   2.67 GB | PBS_Generic_Opt-Post
--------------------+---------------------+--------------+--------------------+-----------+----------------------
 00:50:23(01:11:24) |  00:00:06(00:00:10) |   0.1(  0.2) |    1:39:27 (Jul07) |   2.43 GB | PBS_Generic-Postgen HBO Optimizations
--------------------+---------------------+--------------+--------------------+-----------+----------------------
 01:13:15(01:23:01) |  00:22:52(00:11:37) |  23.8( 11.0) |    1:51:04 (Jul07) |   2.43 GB | PBS_Generic_Opt-Physical
--------------------+---------------------+--------------+--------------------+-----------+----------------------
 01:13:56(01:23:46) |  00:00:41(00:00:45) |   0.7(  0.7) |    1:51:49 (Jul07) |   2.95 GB | PBS_Generic_Opt-PAM_PAS
--------------------+---------------------+--------------+--------------------+-----------+----------------------
 01:14:32(01:24:25) |  00:00:36(00:00:39) |   0.6(  0.6) |    1:52:28 (Jul07) |   2.62 GB | PBS_TechMap-Start
--------------------+---------------------+--------------+--------------------+-----------+----------------------
 01:14:37(01:24:30) |  00:00:05(00:00:05) |   0.1(  0.1) |    1:52:33 (Jul07) |   2.62 GB | PBS_TechMap-PAM_PAS
--------------------+---------------------+--------------+--------------------+-----------+----------------------
 01:39:28(01:53:52) |  00:24:50(00:29:22) |  25.9( 27.9) |    2:21:55 (Jul07) |   2.71 GB | PBS_Techmap-Global Mapping
--------------------+---------------------+--------------+--------------------+-----------+----------------------
Number of threads: 8 * 2   (id: pbs_debug, time_info v1.57)
Info: (*N*) indicates data that was populated from previously saved time_info database
Info: CPU time includes time of parent + longest thread
Advanced structuring report (syn_map):
--------------------------------------------------------------------------------------------------------------------------------------------------------------------------------------------
|                                                                             | Graph                 | Opt. Graph            | Result           |                                         | 
|-----------------------------------------------------------------------------+-----------------------+-----------------------+------------------+-----------------------------------------|
| Name                                                                | Tag   | #nodes | #and  | #lvl | #nodes | #and  | #lvl | Acc | Time       | Netlist ID                              | 
--------------------------------------------------------------------------------------------------------------------------------------------------------------------------------------------
| cb_seq                                                              | CONDE |  76513 | 23039 |   69 |  76507 | 23033 |   69 | N   |      31.74 | cb_seq                                  | 
| cb_seq_3375                                                         | CONDE |  61376 | 11880 |   61 |  61331 | 11835 |   12 | N   |     126.42 | cb_seq_3375                             | 
| cb_seq_3363                                                         | CONDE |  34870 |  8490 |   59 |  34827 |  8447 |   12 | N   |      74.15 | cb_seq_3363                             | 
| cb_oseq                                                             | CONDE |  28929 |  5089 |   45 |  28924 |  5084 |    5 | N   |      16.59 | cb_oseq                                 | 
| cb_oseq_3364                                                        | CONDE |  23434 |  1854 |   36 |  23417 |  1837 |    8 | N   |      11.52 | cb_oseq_3364                            | 
| cb_seq_3371                                                         | CONDE |  20185 |  5126 |   64 |  19863 |  4804 |   69 | N   |       7.95 | cb_seq_3371                             | 
| mux_ctl_0x                                                          | CONDE |  13714 |  2206 |   79 |  13693 |  2185 |   10 | N   |      44.36 | mux_ctl_0x                              | 
| cb_seq_3373                                                         | CONDE |  11661 |  2324 |   49 |  11608 |  2271 |   14 | Y   |      39.87 | cb_seq_3373                             | 
| cb_oseq_3376                                                        | CONDE |   5062 |   202 |   35 |   5039 |   179 |    8 | Y   |       4.80 | cb_oseq_3376                            | 
| cb_seq_3369                                                         | CONDE |   5503 |  1157 |   76 |   6084 |  1738 |    3 | N   |       8.51 | cb_seq_3369                             | 
| cb_seq_3365                                                         | CONDE |   3021 |   475 |   50 |   2990 |   444 |   11 | Y   |       4.24 | cb_seq_3365                             | 
| cb_seq_3367                                                         | CONDE |   2937 |   447 |   48 |   2911 |   421 |   12 | Y   |       3.37 | cb_seq_3367                             | 
--------------------------------------------------------------------------------------------------------------------------------------------------------------------------------------------
Number of LFLHs filtered from table: 89
Runtime accepts/rejects/total =    55.21 /   322.10 /   377.31
Accepts/rejects/total = 8 / 11 / 19
Sum of reduced nodes/levels = 303 / 219
--------------------------------------------------------------------------------------------------------------------------------------------------------------------------------------------
|                                                                             | Graph                 | Opt. Graph            | Result           |                                         | 
|-----------------------------------------------------------------------------+-----------------------+-----------------------+------------------+-----------------------------------------|
| Name                                                                | Tag   | #nodes | #and  | #lvl | #nodes | #and  | #lvl | Acc | Time       | Netlist ID                              | 
--------------------------------------------------------------------------------------------------------------------------------------------------------------------------------------------
| cb_seq                                                              | REIFI | 112982 |  6071 |   74 | 111499 |  4588 |   25 | Y   |     173.14 | cb_seq                                  | 
| cb_seq_3375                                                         | REIFI |  92702 |   638 |   61 |  92673 |   609 |    7 | Y   |      70.92 | cb_seq_3375                             | 
| cb_seq_3363                                                         | REIFI |  51625 |    99 |   60 |  51613 |    87 |    8 | Y   |      29.14 | cb_seq_3363                             | 
| cb_seq_3371                                                         | REIFI |  30855 |   554 |   71 |  30755 |   454 |   31 | Y   |      19.81 | cb_seq_3371                             | 
| cb_oseq                                                             | REIFI |  33350 |  2877 |   47 |  33350 |  2877 |    3 | N   |      23.79 | cb_oseq                                 | 
| cb_oseq_3364                                                        | REIFI |  26866 |  1852 |   34 |  26857 |  1843 |    5 | N   |      22.16 | cb_oseq_3364                            | 
| mux_ctl_0x                                                          | REIFI |  19543 |   882 |   69 |  19512 |   851 |   10 | Y   |      26.50 | mux_ctl_0x                              | 
| cb_seq_3373                                                         | REIFI |  17832 |   148 |   52 |  17828 |   144 |    9 | Y   |      11.45 | cb_seq_3373                             | 
| cb_oseq_3376                                                        | REIFI |   7233 |   197 |   31 |   7241 |   205 |    6 | N   |       6.18 | cb_oseq_3376                            | 
| cb_seq_3369                                                         | REIFI |   8013 |    14 |   76 |   8012 |    13 |    3 | Y   |       4.13 | cb_seq_3369                             | 
| cb_seq_3365                                                         | REIFI |   4233 |   118 |   47 |   4215 |   100 |    8 | Y   |       2.67 | cb_seq_3365                             | 
| cb_seq_3367                                                         | REIFI |   4119 |    71 |   47 |   4118 |    70 |    9 | N   |       2.42 | cb_seq_3367                             | 
| add_signed_carry                                                    | REIFI |   1235 |   984 |   43 |   1326 |  1075 |   33 | N   |      17.00 | explore_one_arch_for_downsize           | 
| cb_oseq_3370                                                        | REIFI |   1085 |   605 |   26 |   1008 |   528 |    5 | Y   |       1.59 | cb_oseq_3370                            | 
--------------------------------------------------------------------------------------------------------------------------------------------------------------------------------------------
Number of LFLHs filtered from table: 87
Runtime accepts/rejects/total =   340.03 /    84.21 /   424.24
Accepts/rejects/total = 12 / 30 / 42
Sum of reduced nodes/levels = 1794 / 472
Info    : Wrote formal verification information. [CFM-5]
        : Wrote 'fv/fa_top/fv_map.fv.json' for netlist 'fv/fa_top/fv_map.v.gz'.
Info    : Existing dofile found. Copied as fv/fa_top/rtl_to_fv_map.do~.
Info    : Wrote dofile. [CFM-1]
        : Dofile is 'fv/fa_top/rtl_to_fv_map.do'.
        : RTL names flow is enabled.
Info : Deleting 2-D Early Global router data...
Info : 2-D Early Global router data deletion complete.
Info : Initializing 2-D Early Global router engine...
Info : Installing 2-D Early Global router...
Info : Early Global router engine is using 8 threads.
Info : 2-D Early Global router initialization complete.
Info : 2-D Early Global router installation complete.
PBS_TechMap-Datapath Postmap Operations - Elapsed_Time 82, CPU_Time 72.6196829999999
stamp 'PBS_TechMap-Datapath Postmap Operations' being created for table 'pbs_debug'

  Total Time (Wall) |  Stage Time (Wall)  |   % (Wall)   |    Date - Time     |  Memory   | Stage
--------------------+---------------------+--------------+--------------------+-----------+----------------------
 00:03:34(00:08:41) |  00:00:00(00:00:00) |   0.0(  0.0) |    0:36:44 (Jul07) |   2.37 GB | PBS_Generic-Start
--------------------+---------------------+--------------+--------------------+-----------+----------------------
 00:26:14(00:34:51) |  00:22:39(00:26:10) |  23.3( 24.6) |    1:02:55 (Jul07) |   3.90 GB | PBS_Generic-Post_Genopt
--------------------+---------------------+--------------+--------------------+-----------+----------------------
 00:50:17(01:11:14) |  00:24:03(00:36:23) |  24.8( 34.1) |    1:39:17 (Jul07) |   2.67 GB | PBS_Generic_Opt-Post
--------------------+---------------------+--------------+--------------------+-----------+----------------------
 00:50:23(01:11:24) |  00:00:06(00:00:10) |   0.1(  0.2) |    1:39:27 (Jul07) |   2.43 GB | PBS_Generic-Postgen HBO Optimizations
--------------------+---------------------+--------------+--------------------+-----------+----------------------
 01:13:15(01:23:01) |  00:22:52(00:11:37) |  23.6( 10.9) |    1:51:04 (Jul07) |   2.43 GB | PBS_Generic_Opt-Physical
--------------------+---------------------+--------------+--------------------+-----------+----------------------
 01:13:56(01:23:46) |  00:00:41(00:00:45) |   0.7(  0.7) |    1:51:49 (Jul07) |   2.95 GB | PBS_Generic_Opt-PAM_PAS
--------------------+---------------------+--------------+--------------------+-----------+----------------------
 01:14:32(01:24:25) |  00:00:36(00:00:39) |   0.6(  0.6) |    1:52:28 (Jul07) |   2.62 GB | PBS_TechMap-Start
--------------------+---------------------+--------------+--------------------+-----------+----------------------
 01:14:37(01:24:30) |  00:00:05(00:00:05) |   0.1(  0.1) |    1:52:33 (Jul07) |   2.62 GB | PBS_TechMap-PAM_PAS
--------------------+---------------------+--------------+--------------------+-----------+----------------------
 01:39:28(01:53:52) |  00:24:50(00:29:22) |  25.6( 27.6) |    2:21:55 (Jul07) |   2.71 GB | PBS_Techmap-Global Mapping
--------------------+---------------------+--------------+--------------------+-----------+----------------------
 01:40:40(01:55:14) |  00:01:12(00:01:22) |   1.2(  1.3) |    2:23:17 (Jul07) |   2.72 GB | PBS_TechMap-Datapath Postmap Operations
--------------------+---------------------+--------------+--------------------+-----------+----------------------
Number of threads: 8 * 2   (id: pbs_debug, time_info v1.57)
Info: (*N*) indicates data that was populated from previously saved time_info database
Info: CPU time includes time of parent + longest thread
PBS_TechMap-Postmap HBO Optimizations - Elapsed_Time 8, CPU_Time 7.787971000000653
stamp 'PBS_TechMap-Postmap HBO Optimizations' being created for table 'pbs_debug'

  Total Time (Wall) |  Stage Time (Wall)  |   % (Wall)   |    Date - Time     |  Memory   | Stage
--------------------+---------------------+--------------+--------------------+-----------+----------------------
 00:03:34(00:08:41) |  00:00:00(00:00:00) |   0.0(  0.0) |    0:36:44 (Jul07) |   2.37 GB | PBS_Generic-Start
--------------------+---------------------+--------------+--------------------+-----------+----------------------
 00:26:14(00:34:51) |  00:22:39(00:26:10) |  23.3( 24.5) |    1:02:55 (Jul07) |   3.90 GB | PBS_Generic-Post_Genopt
--------------------+---------------------+--------------+--------------------+-----------+----------------------
 00:50:17(01:11:14) |  00:24:03(00:36:23) |  24.7( 34.1) |    1:39:17 (Jul07) |   2.67 GB | PBS_Generic_Opt-Post
--------------------+---------------------+--------------+--------------------+-----------+----------------------
 00:50:23(01:11:24) |  00:00:06(00:00:10) |   0.1(  0.2) |    1:39:27 (Jul07) |   2.43 GB | PBS_Generic-Postgen HBO Optimizations
--------------------+---------------------+--------------+--------------------+-----------+----------------------
 01:13:15(01:23:01) |  00:22:52(00:11:37) |  23.5( 10.9) |    1:51:04 (Jul07) |   2.43 GB | PBS_Generic_Opt-Physical
--------------------+---------------------+--------------+--------------------+-----------+----------------------
 01:13:56(01:23:46) |  00:00:41(00:00:45) |   0.7(  0.7) |    1:51:49 (Jul07) |   2.95 GB | PBS_Generic_Opt-PAM_PAS
--------------------+---------------------+--------------+--------------------+-----------+----------------------
 01:14:32(01:24:25) |  00:00:36(00:00:39) |   0.6(  0.6) |    1:52:28 (Jul07) |   2.62 GB | PBS_TechMap-Start
--------------------+---------------------+--------------+--------------------+-----------+----------------------
 01:14:37(01:24:30) |  00:00:05(00:00:05) |   0.1(  0.1) |    1:52:33 (Jul07) |   2.62 GB | PBS_TechMap-PAM_PAS
--------------------+---------------------+--------------+--------------------+-----------+----------------------
 01:39:28(01:53:52) |  00:24:50(00:29:22) |  25.5( 27.5) |    2:21:55 (Jul07) |   2.71 GB | PBS_Techmap-Global Mapping
--------------------+---------------------+--------------+--------------------+-----------+----------------------
 01:40:40(01:55:14) |  00:01:12(00:01:22) |   1.2(  1.3) |    2:23:17 (Jul07) |   2.72 GB | PBS_TechMap-Datapath Postmap Operations
--------------------+---------------------+--------------+--------------------+-----------+----------------------
 01:40:48(01:55:22) |  00:00:07(00:00:08) |   0.1(  0.1) |    2:23:25 (Jul07) |   2.72 GB | PBS_TechMap-Postmap HBO Optimizations
--------------------+---------------------+--------------+--------------------+-----------+----------------------
Number of threads: 8 * 2   (id: pbs_debug, time_info v1.57)
Info: (*N*) indicates data that was populated from previously saved time_info database
Info: CPU time includes time of parent + longest thread
PBS_TechMap-Postmap Physical Flow - Elapsed_Time 0, CPU_Time 0.0
stamp 'PBS_TechMap-Postmap Physical Flow' being created for table 'pbs_debug'

  Total Time (Wall) |  Stage Time (Wall)  |   % (Wall)   |    Date - Time     |  Memory   | Stage
--------------------+---------------------+--------------+--------------------+-----------+----------------------
 00:03:34(00:08:41) |  00:00:00(00:00:00) |   0.0(  0.0) |    0:36:44 (Jul07) |   2.37 GB | PBS_Generic-Start
--------------------+---------------------+--------------+--------------------+-----------+----------------------
 00:26:14(00:34:51) |  00:22:39(00:26:10) |  23.3( 24.5) |    1:02:55 (Jul07) |   3.90 GB | PBS_Generic-Post_Genopt
--------------------+---------------------+--------------+--------------------+-----------+----------------------
 00:50:17(01:11:14) |  00:24:03(00:36:23) |  24.7( 34.1) |    1:39:17 (Jul07) |   2.67 GB | PBS_Generic_Opt-Post
--------------------+---------------------+--------------+--------------------+-----------+----------------------
 00:50:23(01:11:24) |  00:00:06(00:00:10) |   0.1(  0.2) |    1:39:27 (Jul07) |   2.43 GB | PBS_Generic-Postgen HBO Optimizations
--------------------+---------------------+--------------+--------------------+-----------+----------------------
 01:13:15(01:23:01) |  00:22:52(00:11:37) |  23.5( 10.9) |    1:51:04 (Jul07) |   2.43 GB | PBS_Generic_Opt-Physical
--------------------+---------------------+--------------+--------------------+-----------+----------------------
 01:13:56(01:23:46) |  00:00:41(00:00:45) |   0.7(  0.7) |    1:51:49 (Jul07) |   2.95 GB | PBS_Generic_Opt-PAM_PAS
--------------------+---------------------+--------------+--------------------+-----------+----------------------
 01:14:32(01:24:25) |  00:00:36(00:00:39) |   0.6(  0.6) |    1:52:28 (Jul07) |   2.62 GB | PBS_TechMap-Start
--------------------+---------------------+--------------+--------------------+-----------+----------------------
 01:14:37(01:24:30) |  00:00:05(00:00:05) |   0.1(  0.1) |    1:52:33 (Jul07) |   2.62 GB | PBS_TechMap-PAM_PAS
--------------------+---------------------+--------------+--------------------+-----------+----------------------
 01:39:28(01:53:52) |  00:24:50(00:29:22) |  25.5( 27.5) |    2:21:55 (Jul07) |   2.71 GB | PBS_Techmap-Global Mapping
--------------------+---------------------+--------------+--------------------+-----------+----------------------
 01:40:40(01:55:14) |  00:01:12(00:01:22) |   1.2(  1.3) |    2:23:17 (Jul07) |   2.72 GB | PBS_TechMap-Datapath Postmap Operations
--------------------+---------------------+--------------+--------------------+-----------+----------------------
 01:40:48(01:55:22) |  00:00:07(00:00:08) |   0.1(  0.1) |    2:23:25 (Jul07) |   2.72 GB | PBS_TechMap-Postmap HBO Optimizations
--------------------+---------------------+--------------+--------------------+-----------+----------------------
 01:40:48(01:55:22) |  00:00:00(00:00:00) |   0.0(  0.0) |    2:23:26 (Jul07) |   2.72 GB | PBS_TechMap-Postmap Physical Flow
--------------------+---------------------+--------------+--------------------+-----------+----------------------
Number of threads: 8 * 2   (id: pbs_debug, time_info v1.57)
Info: (*N*) indicates data that was populated from previously saved time_info database
Info: CPU time includes time of parent + longest thread
 Doing ConstProp on design:fa_top ... 

Time taken by ConstProp Step: 00:00:17
PBS_TechMap-Postmap Clock Gating - Elapsed_Time 20, CPU_Time 18.0
stamp 'PBS_TechMap-Postmap Clock Gating' being created for table 'pbs_debug'

  Total Time (Wall) |  Stage Time (Wall)  |   % (Wall)   |    Date - Time     |  Memory   | Stage
--------------------+---------------------+--------------+--------------------+-----------+----------------------
 00:03:34(00:08:41) |  00:00:00(00:00:00) |   0.0(  0.0) |    0:36:44 (Jul07) |   2.37 GB | PBS_Generic-Start
--------------------+---------------------+--------------+--------------------+-----------+----------------------
 00:26:14(00:34:51) |  00:22:39(00:26:10) |  23.2( 24.4) |    1:02:55 (Jul07) |   3.90 GB | PBS_Generic-Post_Genopt
--------------------+---------------------+--------------+--------------------+-----------+----------------------
 00:50:17(01:11:14) |  00:24:03(00:36:23) |  24.7( 34.0) |    1:39:17 (Jul07) |   2.67 GB | PBS_Generic_Opt-Post
--------------------+---------------------+--------------+--------------------+-----------+----------------------
 00:50:23(01:11:24) |  00:00:06(00:00:10) |   0.1(  0.2) |    1:39:27 (Jul07) |   2.43 GB | PBS_Generic-Postgen HBO Optimizations
--------------------+---------------------+--------------+--------------------+-----------+----------------------
 01:13:15(01:23:01) |  00:22:52(00:11:37) |  23.4( 10.9) |    1:51:04 (Jul07) |   2.43 GB | PBS_Generic_Opt-Physical
--------------------+---------------------+--------------+--------------------+-----------+----------------------
 01:13:56(01:23:46) |  00:00:41(00:00:45) |   0.7(  0.7) |    1:51:49 (Jul07) |   2.95 GB | PBS_Generic_Opt-PAM_PAS
--------------------+---------------------+--------------+--------------------+-----------+----------------------
 01:14:32(01:24:25) |  00:00:36(00:00:39) |   0.6(  0.6) |    1:52:28 (Jul07) |   2.62 GB | PBS_TechMap-Start
--------------------+---------------------+--------------+--------------------+-----------+----------------------
 01:14:37(01:24:30) |  00:00:05(00:00:05) |   0.1(  0.1) |    1:52:33 (Jul07) |   2.62 GB | PBS_TechMap-PAM_PAS
--------------------+---------------------+--------------+--------------------+-----------+----------------------
 01:39:28(01:53:52) |  00:24:50(00:29:22) |  25.5( 27.4) |    2:21:55 (Jul07) |   2.71 GB | PBS_Techmap-Global Mapping
--------------------+---------------------+--------------+--------------------+-----------+----------------------
 01:40:40(01:55:14) |  00:01:12(00:01:22) |   1.2(  1.3) |    2:23:17 (Jul07) |   2.72 GB | PBS_TechMap-Datapath Postmap Operations
--------------------+---------------------+--------------+--------------------+-----------+----------------------
 01:40:48(01:55:22) |  00:00:07(00:00:08) |   0.1(  0.1) |    2:23:25 (Jul07) |   2.72 GB | PBS_TechMap-Postmap HBO Optimizations
--------------------+---------------------+--------------+--------------------+-----------+----------------------
 01:40:48(01:55:22) |  00:00:00(00:00:00) |   0.0(  0.0) |    2:23:26 (Jul07) |   2.72 GB | PBS_TechMap-Postmap Physical Flow
--------------------+---------------------+--------------+--------------------+-----------+----------------------
 01:41:06(01:55:43) |  00:00:18(00:00:21) |   0.3(  0.3) |    2:23:46 (Jul07) |   2.62 GB | PBS_TechMap-Postmap Clock Gating
--------------------+---------------------+--------------+--------------------+-----------+----------------------
Number of threads: 8 * 2   (id: pbs_debug, time_info v1.57)
Info: (*N*) indicates data that was populated from previously saved time_info database
Info: CPU time includes time of parent + longest thread
-------------------------------------------------------------------------------
 hi_fo_buf               7424565     -486   -267048    188164        0        0
            Worst cost_group: clk, WNS: -486.9
            Path: u_finalize/u_norm_inv_m1_reg_reg[27]/CLK -->
                    u_finalize/u_norm_product_reg_reg[0][59]/D

           Trick     Calls     Accepts   Attempts    Time(secs) 
-----------------------------------------------------------
       hi_fo_buf         4  (        4 /        4 )  2.29

 
Incremental optimization status
===============================
                                   Group   
                                  Tot Wrst     Total - - - - DRC Totals - - - -
                           Total  Weighted      Neg      Max       Max     Max  
Operation                   Area   Slacks      Slack    Trans      Cap   Fanout 
 init_delay              7424565     -486   -267048    188164        0        0
            Worst cost_group: clk, WNS: -486.9
            Path: u_finalize/u_norm_inv_m1_reg_reg[27]/CLK -->
                    u_finalize/u_norm_product_reg_reg[0][59]/D
 incr_delay              7433255     -323   -220153    188164        0        0
            Worst cost_group: clk, WNS: -323.2
            Path: u_finalize/u_norm_inv_m1_reg_reg[1]/CLK -->
                    u_finalize/u_norm_product_reg_reg[1][65]/D
 incr_delay              7435683     -297   -189228    188164        0        0
            Worst cost_group: clk, WNS: -297.8
            Path: u_finalize/u_norm_inv_m1_reg_reg[21]/CLK -->
                    u_finalize/u_norm_product_reg_reg[0][78]/D
 incr_delay              7435987     -291   -188825    188164        0        0
            Worst cost_group: clk, WNS: -291.0
            Path: u_finalize/u_norm_inv_m1_reg_reg[1]/CLK -->
                    u_finalize/u_norm_product_reg_reg[0][78]/D
 incr_delay              7436587     -283   -187033    188164        0        0
            Worst cost_group: clk, WNS: -283.0
            Path: u_finalize/u_norm_inv_m1_reg_reg[1]/CLK -->
                    u_finalize/u_norm_product_reg_reg[0][78]/D

           Trick     Calls     Accepts   Attempts    Time(secs) 
-----------------------------------------------------------
       crit_upsz      1920  (      883 /      895 )  12.85
    plc_bal_star         0  (        0 /        0 )  0.00
     drc_buftimb         0  (        0 /        0 )  0.00
          plc_st       134  (        0 /        0 )  0.00
    plc_st_fence       134  (        0 /        0 )  0.00
        plc_star       134  (        0 /        0 )  0.00
      plc_laf_st       134  (        0 /        0 )  0.00
 plc_laf_st_fence       134  (        0 /        0 )  0.00
     drc_buftims         0  (        0 /        0 )  0.00
            fopt       541  (       98 /      102 )  3.38
   plc_laf_lo_st       139  (        0 /        0 )  0.00
       plc_lo_st       139  (        0 /        0 )  0.00
        mb_split       139  (        0 /        0 )  0.00

 
Local TNS optimization status
=============================
                                   Group   
                                  Tot Wrst     Total - - - - DRC Totals - - - -
                           Total  Weighted      Neg      Max       Max     Max  
Operation                   Area   Slacks      Slack    Trans      Cap   Fanout 
 init_tns                7436587     -283   -187033    188164        0        0
            Worst cost_group: clk, WNS: -283.0
            Path: u_finalize/u_norm_inv_m1_reg_reg[1]/CLK -->
                    u_finalize/u_norm_product_reg_reg[0][78]/D
 incr_tns                7439870     -282   -148259    188164        0        0
            Worst cost_group: clk, WNS: -282.5
            Path: u_finalize/u_norm_inv_m1_reg_reg[15]/CLK -->
                    u_finalize/u_norm_product_reg_reg[1][67]/D
 incr_tns                7442463     -282   -135275    188164        0        0
            Worst cost_group: clk, WNS: -282.1
            Path: u_finalize/u_norm_inv_m1_reg_reg[17]/CLK -->
                    u_finalize/u_norm_product_reg_reg[0][59]/D
 incr_tns                7442520     -282   -134392    188164        0        0
            Worst cost_group: clk, WNS: -282.0
            Path: u_finalize/u_norm_inv_m1_reg_reg[1]/CLK -->
                    u_finalize/u_norm_product_reg_reg[0][78]/D
 incr_tns                7442520     -282   -134392    188164        0        0
            Worst cost_group: clk, WNS: -282.0
            Path: u_finalize/u_norm_inv_m1_reg_reg[1]/CLK -->
                    u_finalize/u_norm_product_reg_reg[0][78]/D

           Trick     Calls     Accepts   Attempts    Time(secs) 
-----------------------------------------------------------
    plc_bal_star         0  (        0 /        0 )  0.00
     drc_buftimb         0  (        0 /        0 )  0.00
     drc_buftims         0  (        0 /        0 )  0.00
       crit_upsz      6315  (     1406 /     2917 )  27.83
   plc_laf_lo_st      4909  (        0 /        0 )  0.02
       plc_lo_st      4909  (        0 /        0 )  0.00
            fopt      4909  (        0 /        0 )  0.52
       crit_dnsz      9570  (      727 /     1989 )  31.03
             dup      4182  (        0 /       11 )  2.58
        setup_dn      4182  (        0 /        0 )  0.02
        mb_split      4182  (        0 /        0 )  0.06

PBS_TechMap-Postmap Cleanup - Elapsed_Time 95, CPU_Time 75.96060200000102
stamp 'PBS_TechMap-Postmap Cleanup' being created for table 'pbs_debug'

  Total Time (Wall) |  Stage Time (Wall)  |   % (Wall)   |    Date - Time     |  Memory   | Stage
--------------------+---------------------+--------------+--------------------+-----------+----------------------
 00:03:34(00:08:41) |  00:00:00(00:00:00) |   0.0(  0.0) |    0:36:44 (Jul07) |   2.37 GB | PBS_Generic-Start
--------------------+---------------------+--------------+--------------------+-----------+----------------------
 00:26:14(00:34:51) |  00:22:39(00:26:10) |  22.9( 24.1) |    1:02:55 (Jul07) |   3.90 GB | PBS_Generic-Post_Genopt
--------------------+---------------------+--------------+--------------------+-----------+----------------------
 00:50:17(01:11:14) |  00:24:03(00:36:23) |  24.3( 33.5) |    1:39:17 (Jul07) |   2.67 GB | PBS_Generic_Opt-Post
--------------------+---------------------+--------------+--------------------+-----------+----------------------
 00:50:23(01:11:24) |  00:00:06(00:00:10) |   0.1(  0.2) |    1:39:27 (Jul07) |   2.43 GB | PBS_Generic-Postgen HBO Optimizations
--------------------+---------------------+--------------+--------------------+-----------+----------------------
 01:13:15(01:23:01) |  00:22:52(00:11:37) |  23.1( 10.7) |    1:51:04 (Jul07) |   2.43 GB | PBS_Generic_Opt-Physical
--------------------+---------------------+--------------+--------------------+-----------+----------------------
 01:13:56(01:23:46) |  00:00:41(00:00:45) |   0.7(  0.7) |    1:51:49 (Jul07) |   2.95 GB | PBS_Generic_Opt-PAM_PAS
--------------------+---------------------+--------------+--------------------+-----------+----------------------
 01:14:32(01:24:25) |  00:00:36(00:00:39) |   0.6(  0.6) |    1:52:28 (Jul07) |   2.62 GB | PBS_TechMap-Start
--------------------+---------------------+--------------+--------------------+-----------+----------------------
 01:14:37(01:24:30) |  00:00:05(00:00:05) |   0.1(  0.1) |    1:52:33 (Jul07) |   2.62 GB | PBS_TechMap-PAM_PAS
--------------------+---------------------+--------------+--------------------+-----------+----------------------
 01:39:28(01:53:52) |  00:24:50(00:29:22) |  25.1( 27.0) |    2:21:55 (Jul07) |   2.71 GB | PBS_Techmap-Global Mapping
--------------------+---------------------+--------------+--------------------+-----------+----------------------
 01:40:40(01:55:14) |  00:01:12(00:01:22) |   1.2(  1.3) |    2:23:17 (Jul07) |   2.72 GB | PBS_TechMap-Datapath Postmap Operations
--------------------+---------------------+--------------+--------------------+-----------+----------------------
 01:40:48(01:55:22) |  00:00:07(00:00:08) |   0.1(  0.1) |    2:23:25 (Jul07) |   2.72 GB | PBS_TechMap-Postmap HBO Optimizations
--------------------+---------------------+--------------+--------------------+-----------+----------------------
 01:40:48(01:55:22) |  00:00:00(00:00:00) |   0.0(  0.0) |    2:23:26 (Jul07) |   2.72 GB | PBS_TechMap-Postmap Physical Flow
--------------------+---------------------+--------------+--------------------+-----------+----------------------
 01:41:06(01:55:43) |  00:00:18(00:00:21) |   0.3(  0.3) |    2:23:46 (Jul07) |   2.62 GB | PBS_TechMap-Postmap Clock Gating
--------------------+---------------------+--------------+--------------------+-----------+----------------------
 01:42:22(01:57:18) |  00:01:15(00:01:35) |   1.3(  1.5) |    2:25:21 (Jul07) |   2.66 GB | PBS_TechMap-Postmap Cleanup
--------------------+---------------------+--------------+--------------------+-----------+----------------------
Number of threads: 8 * 2   (id: pbs_debug, time_info v1.57)
Info: (*N*) indicates data that was populated from previously saved time_info database
Info: CPU time includes time of parent + longest thread
PBS_Techmap-Post_MBCI - Elapsed_Time 0, CPU_Time 1.0
stamp 'PBS_Techmap-Post_MBCI' being created for table 'pbs_debug'

  Total Time (Wall) |  Stage Time (Wall)  |   % (Wall)   |    Date - Time     |  Memory   | Stage
--------------------+---------------------+--------------+--------------------+-----------+----------------------
 00:03:34(00:08:41) |  00:00:00(00:00:00) |   0.0(  0.0) |    0:36:44 (Jul07) |   2.37 GB | PBS_Generic-Start
--------------------+---------------------+--------------+--------------------+-----------+----------------------
 00:26:14(00:34:51) |  00:22:39(00:26:10) |  22.9( 24.1) |    1:02:55 (Jul07) |   3.90 GB | PBS_Generic-Post_Genopt
--------------------+---------------------+--------------+--------------------+-----------+----------------------
 00:50:17(01:11:14) |  00:24:03(00:36:23) |  24.3( 33.5) |    1:39:17 (Jul07) |   2.67 GB | PBS_Generic_Opt-Post
--------------------+---------------------+--------------+--------------------+-----------+----------------------
 00:50:23(01:11:24) |  00:00:06(00:00:10) |   0.1(  0.2) |    1:39:27 (Jul07) |   2.43 GB | PBS_Generic-Postgen HBO Optimizations
--------------------+---------------------+--------------+--------------------+-----------+----------------------
 01:13:15(01:23:01) |  00:22:52(00:11:37) |  23.1( 10.7) |    1:51:04 (Jul07) |   2.43 GB | PBS_Generic_Opt-Physical
--------------------+---------------------+--------------+--------------------+-----------+----------------------
 01:13:56(01:23:46) |  00:00:41(00:00:45) |   0.7(  0.7) |    1:51:49 (Jul07) |   2.95 GB | PBS_Generic_Opt-PAM_PAS
--------------------+---------------------+--------------+--------------------+-----------+----------------------
 01:14:32(01:24:25) |  00:00:36(00:00:39) |   0.6(  0.6) |    1:52:28 (Jul07) |   2.62 GB | PBS_TechMap-Start
--------------------+---------------------+--------------+--------------------+-----------+----------------------
 01:14:37(01:24:30) |  00:00:05(00:00:05) |   0.1(  0.1) |    1:52:33 (Jul07) |   2.62 GB | PBS_TechMap-PAM_PAS
--------------------+---------------------+--------------+--------------------+-----------+----------------------
 01:39:28(01:53:52) |  00:24:50(00:29:22) |  25.1( 27.0) |    2:21:55 (Jul07) |   2.71 GB | PBS_Techmap-Global Mapping
--------------------+---------------------+--------------+--------------------+-----------+----------------------
 01:40:40(01:55:14) |  00:01:12(00:01:22) |   1.2(  1.3) |    2:23:17 (Jul07) |   2.72 GB | PBS_TechMap-Datapath Postmap Operations
--------------------+---------------------+--------------+--------------------+-----------+----------------------
 01:40:48(01:55:22) |  00:00:07(00:00:08) |   0.1(  0.1) |    2:23:25 (Jul07) |   2.72 GB | PBS_TechMap-Postmap HBO Optimizations
--------------------+---------------------+--------------+--------------------+-----------+----------------------
 01:40:48(01:55:22) |  00:00:00(00:00:00) |   0.0(  0.0) |    2:23:26 (Jul07) |   2.72 GB | PBS_TechMap-Postmap Physical Flow
--------------------+---------------------+--------------+--------------------+-----------+----------------------
 01:41:06(01:55:43) |  00:00:18(00:00:21) |   0.3(  0.3) |    2:23:46 (Jul07) |   2.62 GB | PBS_TechMap-Postmap Clock Gating
--------------------+---------------------+--------------+--------------------+-----------+----------------------
 01:42:22(01:57:18) |  00:01:15(00:01:35) |   1.3(  1.5) |    2:25:21 (Jul07) |   2.66 GB | PBS_TechMap-Postmap Cleanup
--------------------+---------------------+--------------+--------------------+-----------+----------------------
 01:42:23(01:57:18) |  00:00:01(00:00:00) |   0.0(  0.0) |    2:25:21 (Jul07) |   2.66 GB | PBS_Techmap-Post_MBCI
--------------------+---------------------+--------------+--------------------+-----------+----------------------
Number of threads: 8 * 2   (id: pbs_debug, time_info v1.57)
Info: (*N*) indicates data that was populated from previously saved time_info database
Info: CPU time includes time of parent + longest thread
##>================== Cadence Confidential (Mapping-Physical) ===================
##>Main Thread Summary:
##>----------------------------------------------------------------------------------------
##>STEP                           Elapsed       WNS       TNS     Insts      Area    Memory
##>----------------------------------------------------------------------------------------
##>M:Initial                            4         -         -    174412   7473971      2615
##>M:Early Clock Gating                 0         -         -         -         -         -
##>M:Physical Opt                       5         -         -    174412   7473971      2615
##>M:Pre Cleanup                        4         -         -    174412   7473971      2615
##>M:Setup                              0         -         -         -         -         -
##>M:Launch ST                          0         -         -         -         -         -
##>M:Design Partition                   0         -         -         -         -         -
##>M:Create Partition Netlists          0         -         -         -         -         -
##>M:Init Power                         0         -         -         -         -         -
##>M:Budgeting                          0         -         -         -         -         -
##>M:Derenv-DB                          0         -         -         -         -         -
##>M:Debug Outputs                      0         -         -         -         -         -
##>M:ST loading                         0         -         -         -         -         -
##>M:Distributed                        0         -         -         -         -         -
##>M:Timer                              0         -         -         -         -         -
##>M:Assembly                           0         -         -         -         -         -
##>M:DFT                                0         -         -         -         -         -
##>M:DP Operations                     82         -         -    175199   6534706      2715
##>M:Const Prop                         1      -486    271868    175199   6534706      2715
##>M:Cleanup                           95      -282    134392    176701   6555350      2660
##>M:MBCI                               0         -         -    176701   6555350      2660
##>M:PostGen Opt                        0         -         -         -         -         -
##>M:Const Gate Removal                 0         -         -         -         -         -
##>M:Early Clock Gating Cleanup         0         -         -         -         -         -
##>M:Misc                            1785
##>----------------------------------------------------------------------------------------
##>Total Elapsed                     1976
##>========================================================================================
Info    : Done mapping. [SYNTH-5]
        : Done mapping 'fa_top'.
Info : Deleting 2-D Early Global router data...
Info : 2-D Early Global router data deletion complete.
Info : Initializing 2-D Early Global router engine...
Info : Installing 2-D Early Global router...
Info : Early Global router engine is using 8 threads.
Info : 2-D Early Global router initialization complete.
Info : 2-D Early Global router installation complete.
      flow.cputime  flow.realtime  timing.setup.tns  timing.setup.wns  snapshot
UM:*                                                                   syn_map_physical
  Setting attribute of root '/': 'probabilistic_extraction' = true
INFO: Re-asserting probabilistic_extraction before syn_opt -spatial.
Synthesis config is 'syn_opt_ispatial_standard'
Info    : Limited access feature. [LIC-1]
        : Limited access feature 'ispatial_single_corner' request.
        : Final production licensing of this limited access feature has not been determined and is subject to change. Usage and support of this limited access feature are subject to prior agreement with Cadence. In addition, Cadence assumes you understand the feature limitations and expected results. Contact your Cadence representative if you have any questions.
  Setting attribute of root '/': 'opt_spatial_power_driven' = false
Warning : There are settings for use of this physical process that should be reviewed as they are likely inappropriate. [PHYS-1019] [syn_opt -spatial]
        : Please update to use 'group_path' which is directly compatible with Innovus instead of 'path_group'.
        : Review associated messages in log file.
Warning : There are settings for use of this physical process that should be reviewed as they are likely inappropriate. [PHYS-1019] [syn_opt -spatial]
        : Please use 'set_path_group_options -effort_level high' to select high effort groups.
(ispatial): Updating setting for 'time_recovery_arcs' to match physical environment.
(syn_opt_placed): Activating iSpatial - opt_spatial_effort standard
  Setting attribute of design 'fa_top': 'syn_opt_lp_num_asserted_pins_before_placement' = 0
Percentage of placed cells (10.58%) is less than the required threshold (75.00%).
Running delete_buffer_tree pre iSpatial.
Warning : Non-monotonic wireload model found. [LBR-81]
        : 'Length' table in wireload model 'Huge' is non-monotonic.
Warning : Non-monotonic wireload model found. [LBR-81]
        : 'Length' table in wireload model 'Huge' is non-monotonic.
Warning : Non-monotonic wireload model found. [LBR-81]
        : 'Length' table in wireload model 'Huge' is non-monotonic.
Warning : Non-monotonic wireload model found. [LBR-81]
        : 'Length' table in wireload model 'Large' is non-monotonic.
Warning : Non-monotonic wireload model found. [LBR-81]
        : 'Length' table in wireload model 'Large' is non-monotonic.
Warning : Non-monotonic wireload model found. [LBR-81]
        : 'Length' table in wireload model 'Large' is non-monotonic.
Warning : Non-monotonic wireload model found. [LBR-81]
        : 'Length' table in wireload model 'Medium' is non-monotonic.
Warning : Non-monotonic wireload model found. [LBR-81]
        : 'Length' table in wireload model 'Medium' is non-monotonic.
Warning : Non-monotonic wireload model found. [LBR-81]
        : 'Length' table in wireload model 'Medium' is non-monotonic.
Warning : Non-monotonic wireload model found. [LBR-81]
        : 'Length' table in wireload model 'Small' is non-monotonic.
Warning : Non-monotonic wireload model found. [LBR-81]
        : 'Length' table in wireload model 'Small' is non-monotonic.
Warning : Non-monotonic wireload model found. [LBR-81]
        : 'Length' table in wireload model 'Small' is non-monotonic.
  Total number of drivers for buffer tree removal: 171949
  Total number of buffer/inverter removed: 9166
Starting QoS prediction for fa_top...
  Setting attribute of root '/': 'invs_temp_dir' = ./genus2invs__1001821_98bebad6-1f56-4d85-af38-42c022bfcc8afa_top
%# Begin stylus_db::write (07/07 02:26:20, mem=4047.88M)
(stylus_db): Argument checking
Warning : Saving 'Common-DB' of a design using non-MMMC timing configuration. [DATABASE-140]
        : Timing will likely be upgraded to use MMMC on read.
(stylus_db): Directory creation under './genus2invs__1001821_98bebad6-1f56-4d85-af38-42c022bfcc8afa_top/genus2invs_db'
(stylus_db): Saving Verilog
(stylus_db): Saving SCANDEF
(stylus_db): No scan definition is present.
(stylus_db): Saving Latency
(stylus_db): Saving Derates
Writing compressed SDC constraint file ./genus2invs__1001821_98bebad6-1f56-4d85-af38-42c022bfcc8afa_top/genus2invs_db/cmn/fa_top.mmmc/views/default_emulate_view/latency.sdc.gz
(stylus_db): Saving MMMC/SDC
**INFO: (stylus_db): Any loop-breaker instances will be included in SDC constraints.
File ./genus2invs__1001821_98bebad6-1f56-4d85-af38-42c022bfcc8afa_top/genus2invs_db/cmn/fa_top.mmmc/fa_top.mmmc.tcl has been written.
Writing compressed SDC constraint file ./genus2invs__1001821_98bebad6-1f56-4d85-af38-42c022bfcc8afa_top/genus2invs_db/cmn/fa_top.mmmc/modes/default_emulate_constraint_mode/default_emulate_constraint_mode.sdc.gz
Finished SDC export (command execution time mm:ss (real) = 00:04).
Info: file ./genus2invs__1001821_98bebad6-1f56-4d85-af38-42c022bfcc8afa_top/genus2invs_db/cmn/fa_top.mmmc/modes/default_emulate_constraint_mode/default_emulate_constraint_mode.sdc.gz has been written
Info: file ./genus2invs__1001821_98bebad6-1f56-4d85-af38-42c022bfcc8afa_top/genus2invs_db/cmn/fa_top.mmmc/modes/default_emulate_constraint_mode/default_emulate_constraint_mode.sdc.gz has been written
(stylus_db): Saving Path-Adjusts
(stylus_db): Saving User-Attribute Settings
Writing compressed SDC constraint file ./genus2invs__1001821_98bebad6-1f56-4d85-af38-42c022bfcc8afa_top/genus2invs_db/cmn/fa_top.mmmc/pathadjust.sdc.gz
Finished SDC export (command execution time mm:ss (real) = 00:00).
(stylus_db): Saving Root Attribute Settings
(stylus_db): Saving Design and Library Attribute Settings
Finished SDC export (command execution time mm:ss (real) = 00:00).
(stylus_db): Saving Innovus Compatible Modes and Global Settings

(stylus_db): Writing instance attributes to SQL DB
(stylus_db): Saving NanoRoute Layer Assignments

Number of user defined NDR nets found: 0

Number of NDR nets found: 0
Number of nets with minimum layer assignments: 0

(stylus_db): Saving Flowkit Settings
(stylus_db): Saving Synthesis .g
(stylus_db): Saving Synthesis .g
(stylus_db): Saving Genus nonMMMC information
Writing GENUS setup file... Library
(stylus_db): Saving DEF
(stylus_db): Waiting for all child processes to complete
Writing compressed DEF file ./genus2invs__1001821_98bebad6-1f56-4d85-af38-42c022bfcc8afa_top/genus2invs_db/cmn/fa_top.def.gz
Finished DEF export (command execution time mm:ss (real) = 00:08).
(stylus_db): Completing mmmc file
(stylus_db): Saving Native DB
Finished exporting design database to file '/home/hujinzhao/pro/genus_bs2_300m/genus2invs__1001821_98bebad6-1f56-4d85-af38-42c022bfcc8afa_top/genus2invs_db/syn/fa_top.db' for 'fa_top' (command execution time mm:ss cpu = 00:19, real = 00:26).
(stylus_db): Saving Unified Metrics
%# End stylus_db::write (07/07 02:28:39, total cpu=16:01:39, real=16:02:19, peak res=8374.70M, current mem=4087.89M)
Warning : Path-groups have been reset before iSpatial. [PHYS-1025] [syn_opt -spatial]
        : Recreation of path-groups is left to the user after iSpatial for reporting.
Info    : Beta feature. [LIC-2]
        : Beta feature 'do_not_encrypt_genus2invs.ispatial_setup.tcl' request.


Memory usage before design removal: 4087.89
Removing design...
Info : Deleting 2-D Early Global router data...
Info : 2-D Early Global router data deletion complete.
Removing library...
Memory usage after design removal: 3072.83


%# Begin launch_innovus (07/07 02:28:53, mem=3072.83M)
Info    : Beta feature. [LIC-2]
        : Beta feature 'do_not_encrypt_genus2invs.top.tcl' request.
Launching batch session (07/07/2026 02:28:53)...

Cadence Innovus(TM) Implementation System.
Copyright 2025 Cadence Design Systems, Inc. All rights reserved worldwide.

Version:	v25.12-s079_1, built Tue Nov 18 12:56:37 PST 2025
Options:	-init /home/hujinzhao/pro/genus_bs2_300m/genus2invs__1001821_98bebad6-1f56-4d85-af38-42c022bfcc8afa_top/genus2invs.top.tcl -nowin -log ./genus2invs__1001821_98bebad6-1f56-4d85-af38-42c022bfcc8afa_top/innovus.log -cmd ./genus2invs__1001821_98bebad6-1f56-4d85-af38-42c022bfcc8afa_top/innovus.cmd -overwrite -execute set_db source_verbose false -stylus -x 0001A72991... 
Date:		Tue Jul  7 02:28:55 2026
Host:		sh02lo01 (x86_64 w/Linux 4.18.0-477.10.1.el8_8.x86_64) (18cores*36cpus*Intel(R) Xeon(R) Gold 6140 CPU @ 2.30GHz 25344KB)
OS:		Red Hat Enterprise Linux 8.8 (Ootpa)

License:
		[02:28:55.060337] Configured Lic search path (25.01-s002): 5280@sh02lo01

		Running innovus (-x) with FE_GPS capability.
		Extra license Encounter_NG100
		Extra license Genus_Synthesis
		Extra license Genus_Physical_Opt
		Extra license Innovus_2nm_GAA_Opt
		8 CPU jobs allowed with the current license(s). Use set_multi_cpu_usage to set your required CPU count.


Create and set the environment variable TMPDIR to /tmp/genus_temp_1001821_98bebad6-1f56-4d85-af38-42c022bfcc8a_sh02lo01_hujinzhao_t8nLDe/innovus_temp_1189133_10d0043c-4aee-4ca5-81d0-120a5600e4ae_sh02lo01_hujinzhao_OUHros.

The soft stacksize limit is either up to the hard limit or larger than 0.2% of RAM. No change is needed.
Info: Process UID = 1189133 / 10d0043c-4aee-4ca5-81d0-120a5600e4ae / KDY87kAaD6

**INFO:  MMMC transition support version v31-84 

#@ Processing -execute option
@innovus 1> set_db source_verbose false
#@ Processing -files option
@innovus 2> source /home/hujinzhao/pro/genus_bs2_300m/genus2invs__1001821_98bebad6-1f56-4d85-af38-42c022bfcc8afa_top/genus2invs.top.tcl
Checking Innovus major version against Genus expectations ...
%# Design Import Start (07/07 02:29:40, mem=1934.13M)
(stylus_db): ::init_mmmc_version set to version 2 from SQL db.
(stylus_db): Load Metric file ...
#% Begin Load Metric file (date=07/07 02:29:41, mem=1939.1M)
#% End Load Metric file (date=07/07 02:29:41, total cpu=0:00:00.1, real=0:00:00.0, peak res=1943.7M, current mem=1938.6M)
#% Begin Load Common DB (date=07/07 02:29:41, mem=1938.6M)
(stylus_db): Begin loading Common DB 'genus2invs_db' (Created by Genus(TM) Synthesis Solution 25.12-s067_1) ...
(stylus_db): Initialized SQLite db version 0.2 ..
(stylus_db): Sourcing .globals file  ...
(stylus_db): setting init_mmmc_version to 2
(stylus_db): Setting Library Root attributes ...
(stylus_db): Set 9 timing library and user attributes of Root 
(stylus_db): Load Flow-Kit settings ...
% Begin Load Flow-Kit settings (date=07/07 02:29:42, mem=1941.3M)
% End Load Flow-Kit settings (date=07/07 02:29:42, total cpu=0:00:00.0, real=0:00:01.0, peak res=1941.3M, current mem=1941.3M)
% Begin Load MMMC data (date=07/07 02:29:43, mem=1941.3M)
(stylus_db): Reading MMMC file ...
Starting library reading in 'Multi-threaded flow' (with '8' threads)
Reading default_emulate_libset_max timing library /home/share/pdk/ciel/sky130/versions/e8294524e5f67c533c5d0c3afa0bcc5b2a5fa066/sky130A/libs.ref/sky130_fd_sc_hs/lib/sky130_fd_sc_hs__tt_025C_1v80.lib.
**ERROR: (TECHLIB-1175):	Template name 'ccsn_dc' used in group 'dc_current' on line 832 is not defined in the library. To fix this issue, define the missing template in the library. (File /home/share/pdk/ciel/sky130/versions/e8294524e5f67c533c5d0c3afa0bcc5b2a5fa066/sky130A/libs.ref/sky130_fd_sc_hs/lib/sky130_fd_sc_hs__tt_025C_1v80.lib)
**ERROR: (TECHLIB-1256):	The dc_current group 'ccsn_dc' is being ignored due to errors in this group. This group will be excluded for any further library checks. Refer to the previous messages issued for dc_current group 'ccsn_dc' to find the details of the issues in this group. (File /home/share/pdk/ciel/sky130/versions/e8294524e5f67c533c5d0c3afa0bcc5b2a5fa066/sky130A/libs.ref/sky130_fd_sc_hs/lib/sky130_fd_sc_hs__tt_025C_1v80.lib, Line 832)
**ERROR: (TECHLIB-1175):	Template name 'ccsn_ovrf' used in group 'vector' on line 884 is not defined in the library. To fix this issue, define the missing template in the library. (File /home/share/pdk/ciel/sky130/versions/e8294524e5f67c533c5d0c3afa0bcc5b2a5fa066/sky130A/libs.ref/sky130_fd_sc_hs/lib/sky130_fd_sc_hs__tt_025C_1v80.lib)
**ERROR: (TECHLIB-1256):	The vector group 'ccsn_ovrf' is being ignored due to errors in this group. This group will be excluded for any further library checks. Refer to the previous messages issued for vector group 'ccsn_ovrf' to find the details of the issues in this group. (File /home/share/pdk/ciel/sky130/versions/e8294524e5f67c533c5d0c3afa0bcc5b2a5fa066/sky130A/libs.ref/sky130_fd_sc_hs/lib/sky130_fd_sc_hs__tt_025C_1v80.lib, Line 884)
**ERROR: (TECHLIB-1175):	Template name 'ccsn_ovrf' used in group 'vector' on line 890 is not defined in the library. To fix this issue, define the missing template in the library. (File /home/share/pdk/ciel/sky130/versions/e8294524e5f67c533c5d0c3afa0bcc5b2a5fa066/sky130A/libs.ref/sky130_fd_sc_hs/lib/sky130_fd_sc_hs__tt_025C_1v80.lib)
**ERROR: (TECHLIB-1256):	The vector group 'ccsn_ovrf' is being ignored due to errors in this group. This group will be excluded for any further library checks. Refer to the previous messages issued for vector group 'ccsn_ovrf' to find the details of the issues in this group. (File /home/share/pdk/ciel/sky130/versions/e8294524e5f67c533c5d0c3afa0bcc5b2a5fa066/sky130A/libs.ref/sky130_fd_sc_hs/lib/sky130_fd_sc_hs__tt_025C_1v80.lib, Line 890)
**ERROR: (TECHLIB-1175):	Template name 'ccsn_ovrf' used in group 'vector' on line 870 is not defined in the library. To fix this issue, define the missing template in the library. (File /home/share/pdk/ciel/sky130/versions/e8294524e5f67c533c5d0c3afa0bcc5b2a5fa066/sky130A/libs.ref/sky130_fd_sc_hs/lib/sky130_fd_sc_hs__tt_025C_1v80.lib)
**ERROR: (TECHLIB-1256):	The vector group 'ccsn_ovrf' is being ignored due to errors in this group. This group will be excluded for any further library checks. Refer to the previous messages issued for vector group 'ccsn_ovrf' to find the details of the issues in this group. (File /home/share/pdk/ciel/sky130/versions/e8294524e5f67c533c5d0c3afa0bcc5b2a5fa066/sky130A/libs.ref/sky130_fd_sc_hs/lib/sky130_fd_sc_hs__tt_025C_1v80.lib, Line 870)
**ERROR: (TECHLIB-1175):	Template name 'ccsn_ovrf' used in group 'vector' on line 876 is not defined in the library. To fix this issue, define the missing template in the library. (File /home/share/pdk/ciel/sky130/versions/e8294524e5f67c533c5d0c3afa0bcc5b2a5fa066/sky130A/libs.ref/sky130_fd_sc_hs/lib/sky130_fd_sc_hs__tt_025C_1v80.lib)
**ERROR: (TECHLIB-1256):	The vector group 'ccsn_ovrf' is being ignored due to errors in this group. This group will be excluded for any further library checks. Refer to the previous messages issued for vector group 'ccsn_ovrf' to find the details of the issues in this group. (File /home/share/pdk/ciel/sky130/versions/e8294524e5f67c533c5d0c3afa0bcc5b2a5fa066/sky130A/libs.ref/sky130_fd_sc_hs/lib/sky130_fd_sc_hs__tt_025C_1v80.lib, Line 876)
**ERROR: (TECHLIB-1175):	Template name 'ccsn_pnlh' used in group 'vector' on line 949 is not defined in the library. To fix this issue, define the missing template in the library. (File /home/share/pdk/ciel/sky130/versions/e8294524e5f67c533c5d0c3afa0bcc5b2a5fa066/sky130A/libs.ref/sky130_fd_sc_hs/lib/sky130_fd_sc_hs__tt_025C_1v80.lib)
**ERROR: (TECHLIB-1256):	The vector group 'ccsn_pnlh' is being ignored due to errors in this group. This group will be excluded for any further library checks. Refer to the previous messages issued for vector group 'ccsn_pnlh' to find the details of the issues in this group. (File /home/share/pdk/ciel/sky130/versions/e8294524e5f67c533c5d0c3afa0bcc5b2a5fa066/sky130A/libs.ref/sky130_fd_sc_hs/lib/sky130_fd_sc_hs__tt_025C_1v80.lib, Line 949)
**ERROR: (TECHLIB-1175):	Template name 'ccsn_pnlh' used in group 'vector' on line 956 is not defined in the library. To fix this issue, define the missing template in the library. (File /home/share/pdk/ciel/sky130/versions/e8294524e5f67c533c5d0c3afa0bcc5b2a5fa066/sky130A/libs.ref/sky130_fd_sc_hs/lib/sky130_fd_sc_hs__tt_025C_1v80.lib)
**ERROR: (TECHLIB-1256):	The vector group 'ccsn_pnlh' is being ignored due to errors in this group. This group will be excluded for any further library checks. Refer to the previous messages issued for vector group 'ccsn_pnlh' to find the details of the issues in this group. (File /home/share/pdk/ciel/sky130/versions/e8294524e5f67c533c5d0c3afa0bcc5b2a5fa066/sky130A/libs.ref/sky130_fd_sc_hs/lib/sky130_fd_sc_hs__tt_025C_1v80.lib, Line 956)
**ERROR: (TECHLIB-1175):	Template name 'ccsn_pnlh' used in group 'vector' on line 963 is not defined in the library. To fix this issue, define the missing template in the library. (File /home/share/pdk/ciel/sky130/versions/e8294524e5f67c533c5d0c3afa0bcc5b2a5fa066/sky130A/libs.ref/sky130_fd_sc_hs/lib/sky130_fd_sc_hs__tt_025C_1v80.lib)
**ERROR: (TECHLIB-1256):	The vector group 'ccsn_pnlh' is being ignored due to errors in this group. This group will be excluded for any further library checks. Refer to the previous messages issued for vector group 'ccsn_pnlh' to find the details of the issues in this group. (File /home/share/pdk/ciel/sky130/versions/e8294524e5f67c533c5d0c3afa0bcc5b2a5fa066/sky130A/libs.ref/sky130_fd_sc_hs/lib/sky130_fd_sc_hs__tt_025C_1v80.lib, Line 963)
**ERROR: (TECHLIB-1175):	Template name 'ccsn_pnlh' used in group 'vector' on line 970 is not defined in the library. To fix this issue, define the missing template in the library. (File /home/share/pdk/ciel/sky130/versions/e8294524e5f67c533c5d0c3afa0bcc5b2a5fa066/sky130A/libs.ref/sky130_fd_sc_hs/lib/sky130_fd_sc_hs__tt_025C_1v80.lib)
**ERROR: (TECHLIB-1256):	The vector group 'ccsn_pnlh' is being ignored due to errors in this group. This group will be excluded for any further library checks. Refer to the previous messages issued for vector group 'ccsn_pnlh' to find the details of the issues in this group. (File /home/share/pdk/ciel/sky130/versions/e8294524e5f67c533c5d0c3afa0bcc5b2a5fa066/sky130A/libs.ref/sky130_fd_sc_hs/lib/sky130_fd_sc_hs__tt_025C_1v80.lib, Line 970)
**ERROR: (TECHLIB-1175):	Template name 'ccsn_pnlh' used in group 'vector' on line 977 is not defined in the library. To fix this issue, define the missing template in the library. (File /home/share/pdk/ciel/sky130/versions/e8294524e5f67c533c5d0c3afa0bcc5b2a5fa066/sky130A/libs.ref/sky130_fd_sc_hs/lib/sky130_fd_sc_hs__tt_025C_1v80.lib)
**ERROR: (TECHLIB-1256):	The vector group 'ccsn_pnlh' is being ignored due to errors in this group. This group will be excluded for any further library checks. Refer to the previous messages issued for vector group 'ccsn_pnlh' to find the details of the issues in this group. (File /home/share/pdk/ciel/sky130/versions/e8294524e5f67c533c5d0c3afa0bcc5b2a5fa066/sky130A/libs.ref/sky130_fd_sc_hs/lib/sky130_fd_sc_hs__tt_025C_1v80.lib, Line 977)
**ERROR: (TECHLIB-1175):	Template name 'ccsn_pnlh' used in group 'vector' on line 984 is not defined in the library. To fix this issue, define the missing template in the library. (File /home/share/pdk/ciel/sky130/versions/e8294524e5f67c533c5d0c3afa0bcc5b2a5fa066/sky130A/libs.ref/sky130_fd_sc_hs/lib/sky130_fd_sc_hs__tt_025C_1v80.lib)
**ERROR: (TECHLIB-1256):	The vector group 'ccsn_pnlh' is being ignored due to errors in this group. This group will be excluded for any further library checks. Refer to the previous messages issued for vector group 'ccsn_pnlh' to find the details of the issues in this group. (File /home/share/pdk/ciel/sky130/versions/e8294524e5f67c533c5d0c3afa0bcc5b2a5fa066/sky130A/libs.ref/sky130_fd_sc_hs/lib/sky130_fd_sc_hs__tt_025C_1v80.lib, Line 984)
**ERROR: (TECHLIB-1175):	Template name 'ccsn_pnlh' used in group 'vector' on line 991 is not defined in the library. To fix this issue, define the missing template in the library. (File /home/share/pdk/ciel/sky130/versions/e8294524e5f67c533c5d0c3afa0bcc5b2a5fa066/sky130A/libs.ref/sky130_fd_sc_hs/lib/sky130_fd_sc_hs__tt_025C_1v80.lib)
**ERROR: (TECHLIB-1256):	The vector group 'ccsn_pnlh' is being ignored due to errors in this group. This group will be excluded for any further library checks. Refer to the previous messages issued for vector group 'ccsn_pnlh' to find the details of the issues in this group. (File /home/share/pdk/ciel/sky130/versions/e8294524e5f67c533c5d0c3afa0bcc5b2a5fa066/sky130A/libs.ref/sky130_fd_sc_hs/lib/sky130_fd_sc_hs__tt_025C_1v80.lib, Line 991)
**ERROR: (TECHLIB-1175):	Template name 'ccsn_pnlh' used in group 'vector' on line 898 is not defined in the library. To fix this issue, define the missing template in the library. (File /home/share/pdk/ciel/sky130/versions/e8294524e5f67c533c5d0c3afa0bcc5b2a5fa066/sky130A/libs.ref/sky130_fd_sc_hs/lib/sky130_fd_sc_hs__tt_025C_1v80.lib)
**ERROR: (TECHLIB-1256):	The vector group 'ccsn_pnlh' is being ignored due to errors in this group. This group will be excluded for any further library checks. Refer to the previous messages issued for vector group 'ccsn_pnlh' to find the details of the issues in this group. (File /home/share/pdk/ciel/sky130/versions/e8294524e5f67c533c5d0c3afa0bcc5b2a5fa066/sky130A/libs.ref/sky130_fd_sc_hs/lib/sky130_fd_sc_hs__tt_025C_1v80.lib, Line 898)
**ERROR: (TECHLIB-1175):	Template name 'ccsn_pnlh' used in group 'vector' on line 905 is not defined in the library. To fix this issue, define the missing template in the library. (File /home/share/pdk/ciel/sky130/versions/e8294524e5f67c533c5d0c3afa0bcc5b2a5fa066/sky130A/libs.ref/sky130_fd_sc_hs/lib/sky130_fd_sc_hs__tt_025C_1v80.lib)
**ERROR: (TECHLIB-1256):	The vector group 'ccsn_pnlh' is being ignored due to errors in this group. This group will be excluded for any further library checks. Refer to the previous messages issued for vector group 'ccsn_pnlh' to find the details of the issues in this group. (File /home/share/pdk/ciel/sky130/versions/e8294524e5f67c533c5d0c3afa0bcc5b2a5fa066/sky130A/libs.ref/sky130_fd_sc_hs/lib/sky130_fd_sc_hs__tt_025C_1v80.lib, Line 905)
**ERROR: (TECHLIB-1175):	Template name 'ccsn_pnlh' used in group 'vector' on line 912 is not defined in the library. To fix this issue, define the missing template in the library. (File /home/share/pdk/ciel/sky130/versions/e8294524e5f67c533c5d0c3afa0bcc5b2a5fa066/sky130A/libs.ref/sky130_fd_sc_hs/lib/sky130_fd_sc_hs__tt_025C_1v80.lib)
**ERROR: (TECHLIB-1256):	The vector group 'ccsn_pnlh' is being ignored due to errors in this group. This group will be excluded for any further library checks. Refer to the previous messages issued for vector group 'ccsn_pnlh' to find the details of the issues in this group. (File /home/share/pdk/ciel/sky130/versions/e8294524e5f67c533c5d0c3afa0bcc5b2a5fa066/sky130A/libs.ref/sky130_fd_sc_hs/lib/sky130_fd_sc_hs__tt_025C_1v80.lib, Line 912)
**ERROR: (TECHLIB-1175):	Template name 'ccsn_pnlh' used in group 'vector' on line 919 is not defined in the library. To fix this issue, define the missing template in the library. (File /home/share/pdk/ciel/sky130/versions/e8294524e5f67c533c5d0c3afa0bcc5b2a5fa066/sky130A/libs.ref/sky130_fd_sc_hs/lib/sky130_fd_sc_hs__tt_025C_1v80.lib)
**ERROR: (TECHLIB-1256):	The vector group 'ccsn_pnlh' is being ignored due to errors in this group. This group will be excluded for any further library checks. Refer to the previous messages issued for vector group 'ccsn_pnlh' to find the details of the issues in this group. (File /home/share/pdk/ciel/sky130/versions/e8294524e5f67c533c5d0c3afa0bcc5b2a5fa066/sky130A/libs.ref/sky130_fd_sc_hs/lib/sky130_fd_sc_hs__tt_025C_1v80.lib, Line 919)
**ERROR: (TECHLIB-1175):	Template name 'ccsn_pnlh' used in group 'vector' on line 926 is not defined in the library. To fix this issue, define the missing template in the library. (File /home/share/pdk/ciel/sky130/versions/e8294524e5f67c533c5d0c3afa0bcc5b2a5fa066/sky130A/libs.ref/sky130_fd_sc_hs/lib/sky130_fd_sc_hs__tt_025C_1v80.lib)
**ERROR: (TECHLIB-1256):	The vector group 'ccsn_pnlh' is being ignored due to errors in this group. This group will be excluded for any further library checks. Refer to the previous messages issued for vector group 'ccsn_pnlh' to find the details of the issues in this group. (File /home/share/pdk/ciel/sky130/versions/e8294524e5f67c533c5d0c3afa0bcc5b2a5fa066/sky130A/libs.ref/sky130_fd_sc_hs/lib/sky130_fd_sc_hs__tt_025C_1v80.lib, Line 926)
**ERROR: (TECHLIB-1175):	Template name 'ccsn_pnlh' used in group 'vector' on line 933 is not defined in the library. To fix this issue, define the missing template in the library. (File /home/share/pdk/ciel/sky130/versions/e8294524e5f67c533c5d0c3afa0bcc5b2a5fa066/sky130A/libs.ref/sky130_fd_sc_hs/lib/sky130_fd_sc_hs__tt_025C_1v80.lib)
**ERROR: (TECHLIB-1256):	The vector group 'ccsn_pnlh' is being ignored due to errors in this group. This group will be excluded for any further library checks. Refer to the previous messages issued for vector group 'ccsn_pnlh' to find the details of the issues in this group. (File /home/share/pdk/ciel/sky130/versions/e8294524e5f67c533c5d0c3afa0bcc5b2a5fa066/sky130A/libs.ref/sky130_fd_sc_hs/lib/sky130_fd_sc_hs__tt_025C_1v80.lib, Line 933)
**ERROR: (TECHLIB-1175):	Template name 'ccsn_pnlh' used in group 'vector' on line 940 is not defined in the library. To fix this issue, define the missing template in the library. (File /home/share/pdk/ciel/sky130/versions/e8294524e5f67c533c5d0c3afa0bcc5b2a5fa066/sky130A/libs.ref/sky130_fd_sc_hs/lib/sky130_fd_sc_hs__tt_025C_1v80.lib)
**ERROR: (TECHLIB-1256):	The vector group 'ccsn_pnlh' is being ignored due to errors in this group. This group will be excluded for any further library checks. Refer to the previous messages issued for vector group 'ccsn_pnlh' to find the details of the issues in this group. (File /home/share/pdk/ciel/sky130/versions/e8294524e5f67c533c5d0c3afa0bcc5b2a5fa066/sky130A/libs.ref/sky130_fd_sc_hs/lib/sky130_fd_sc_hs__tt_025C_1v80.lib, Line 940)
**ERROR: (TECHLIB-1173):	The 'dc_current' attribute has not been defined for group 'ccsn_first_stage' on line 831. This may lead to undesirable analysis results. To fix this issue, define the missing attribute in library. (File /home/share/pdk/ciel/sky130/versions/e8294524e5f67c533c5d0c3afa0bcc5b2a5fa066/sky130A/libs.ref/sky130_fd_sc_hs/lib/sky130_fd_sc_hs__tt_025C_1v80.lib)
**ERROR: (TECHLIB-1175):	Template name 'ccsn_dc' used in group 'dc_current' on line 1002 is not defined in the library. To fix this issue, define the missing template in the library. (File /home/share/pdk/ciel/sky130/versions/e8294524e5f67c533c5d0c3afa0bcc5b2a5fa066/sky130A/libs.ref/sky130_fd_sc_hs/lib/sky130_fd_sc_hs__tt_025C_1v80.lib)
**ERROR: (TECHLIB-1256):	The dc_current group 'ccsn_dc' is being ignored due to errors in this group. This group will be excluded for any further library checks. Refer to the previous messages issued for dc_current group 'ccsn_dc' to find the details of the issues in this group. (File /home/share/pdk/ciel/sky130/versions/e8294524e5f67c533c5d0c3afa0bcc5b2a5fa066/sky130A/libs.ref/sky130_fd_sc_hs/lib/sky130_fd_sc_hs__tt_025C_1v80.lib, Line 1002)
Message <TECHLIB-1175> has exceeded the message display limit of '20'. Use 'set_message -no_limit -id list_of_msgIDs' to reset the message limit.
Message <TECHLIB-1256> has exceeded the message display limit of '20'. Use 'set_message -no_limit -id list_of_msgIDs' to reset the message limit.
**ERROR: (TECHLIB-1173):	The 'dc_current' attribute has not been defined for group 'ccsn_last_stage' on line 1001. This may lead to undesirable analysis results. To fix this issue, define the missing attribute in library. (File /home/share/pdk/ciel/sky130/versions/e8294524e5f67c533c5d0c3afa0bcc5b2a5fa066/sky130A/libs.ref/sky130_fd_sc_hs/lib/sky130_fd_sc_hs__tt_025C_1v80.lib)
**ERROR: (TECHLIB-1173):	The 'dc_current' attribute has not been defined for group 'ccsn_first_stage' on line 1267. This may lead to undesirable analysis results. To fix this issue, define the missing attribute in library. (File /home/share/pdk/ciel/sky130/versions/e8294524e5f67c533c5d0c3afa0bcc5b2a5fa066/sky130A/libs.ref/sky130_fd_sc_hs/lib/sky130_fd_sc_hs__tt_025C_1v80.lib)
**ERROR: (TECHLIB-1173):	The 'dc_current' attribute has not been defined for group 'ccsn_last_stage' on line 1437. This may lead to undesirable analysis results. To fix this issue, define the missing attribute in library. (File /home/share/pdk/ciel/sky130/versions/e8294524e5f67c533c5d0c3afa0bcc5b2a5fa066/sky130A/libs.ref/sky130_fd_sc_hs/lib/sky130_fd_sc_hs__tt_025C_1v80.lib)
**ERROR: (TECHLIB-1173):	The 'dc_current' attribute has not been defined for group 'ccsn_first_stage' on line 1703. This may lead to undesirable analysis results. To fix this issue, define the missing attribute in library. (File /home/share/pdk/ciel/sky130/versions/e8294524e5f67c533c5d0c3afa0bcc5b2a5fa066/sky130A/libs.ref/sky130_fd_sc_hs/lib/sky130_fd_sc_hs__tt_025C_1v80.lib)
**ERROR: (TECHLIB-1173):	The 'dc_current' attribute has not been defined for group 'ccsn_last_stage' on line 1874. This may lead to undesirable analysis results. To fix this issue, define the missing attribute in library. (File /home/share/pdk/ciel/sky130/versions/e8294524e5f67c533c5d0c3afa0bcc5b2a5fa066/sky130A/libs.ref/sky130_fd_sc_hs/lib/sky130_fd_sc_hs__tt_025C_1v80.lib)
**ERROR: (TECHLIB-1173):	The 'dc_current' attribute has not been defined for group 'ccsn_first_stage' on line 2143. This may lead to undesirable analysis results. To fix this issue, define the missing attribute in library. (File /home/share/pdk/ciel/sky130/versions/e8294524e5f67c533c5d0c3afa0bcc5b2a5fa066/sky130A/libs.ref/sky130_fd_sc_hs/lib/sky130_fd_sc_hs__tt_025C_1v80.lib)
**ERROR: (TECHLIB-1173):	The 'dc_current' attribute has not been defined for group 'ccsn_last_stage' on line 2314. This may lead to undesirable analysis results. To fix this issue, define the missing attribute in library. (File /home/share/pdk/ciel/sky130/versions/e8294524e5f67c533c5d0c3afa0bcc5b2a5fa066/sky130A/libs.ref/sky130_fd_sc_hs/lib/sky130_fd_sc_hs__tt_025C_1v80.lib)
**ERROR: (TECHLIB-1173):	The 'dc_current' attribute has not been defined for group 'ccsn_first_stage' on line 2583. This may lead to undesirable analysis results. To fix this issue, define the missing attribute in library. (File /home/share/pdk/ciel/sky130/versions/e8294524e5f67c533c5d0c3afa0bcc5b2a5fa066/sky130A/libs.ref/sky130_fd_sc_hs/lib/sky130_fd_sc_hs__tt_025C_1v80.lib)
**ERROR: (TECHLIB-1173):	The 'dc_current' attribute has not been defined for group 'ccsn_last_stage' on line 2754. This may lead to undesirable analysis results. To fix this issue, define the missing attribute in library. (File /home/share/pdk/ciel/sky130/versions/e8294524e5f67c533c5d0c3afa0bcc5b2a5fa066/sky130A/libs.ref/sky130_fd_sc_hs/lib/sky130_fd_sc_hs__tt_025C_1v80.lib)
**ERROR: (TECHLIB-1173):	The 'dc_current' attribute has not been defined for group 'ccsn_first_stage' on line 3023. This may lead to undesirable analysis results. To fix this issue, define the missing attribute in library. (File /home/share/pdk/ciel/sky130/versions/e8294524e5f67c533c5d0c3afa0bcc5b2a5fa066/sky130A/libs.ref/sky130_fd_sc_hs/lib/sky130_fd_sc_hs__tt_025C_1v80.lib)
**ERROR: (TECHLIB-1173):	The 'dc_current' attribute has not been defined for group 'ccsn_last_stage' on line 3194. This may lead to undesirable analysis results. To fix this issue, define the missing attribute in library. (File /home/share/pdk/ciel/sky130/versions/e8294524e5f67c533c5d0c3afa0bcc5b2a5fa066/sky130A/libs.ref/sky130_fd_sc_hs/lib/sky130_fd_sc_hs__tt_025C_1v80.lib)
**ERROR: (TECHLIB-1173):	The 'dc_current' attribute has not been defined for group 'ccsn_first_stage' on line 3463. This may lead to undesirable analysis results. To fix this issue, define the missing attribute in library. (File /home/share/pdk/ciel/sky130/versions/e8294524e5f67c533c5d0c3afa0bcc5b2a5fa066/sky130A/libs.ref/sky130_fd_sc_hs/lib/sky130_fd_sc_hs__tt_025C_1v80.lib)
**ERROR: (TECHLIB-1173):	The 'dc_current' attribute has not been defined for group 'ccsn_last_stage' on line 3634. This may lead to undesirable analysis results. To fix this issue, define the missing attribute in library. (File /home/share/pdk/ciel/sky130/versions/e8294524e5f67c533c5d0c3afa0bcc5b2a5fa066/sky130A/libs.ref/sky130_fd_sc_hs/lib/sky130_fd_sc_hs__tt_025C_1v80.lib)
**ERROR: (TECHLIB-1173):	The 'dc_current' attribute has not been defined for group 'ccsn_first_stage' on line 3903. This may lead to undesirable analysis results. To fix this issue, define the missing attribute in library. (File /home/share/pdk/ciel/sky130/versions/e8294524e5f67c533c5d0c3afa0bcc5b2a5fa066/sky130A/libs.ref/sky130_fd_sc_hs/lib/sky130_fd_sc_hs__tt_025C_1v80.lib)
**ERROR: (TECHLIB-1173):	The 'dc_current' attribute has not been defined for group 'ccsn_last_stage' on line 4074. This may lead to undesirable analysis results. To fix this issue, define the missing attribute in library. (File /home/share/pdk/ciel/sky130/versions/e8294524e5f67c533c5d0c3afa0bcc5b2a5fa066/sky130A/libs.ref/sky130_fd_sc_hs/lib/sky130_fd_sc_hs__tt_025C_1v80.lib)
**ERROR: (TECHLIB-1173):	The 'dc_current' attribute has not been defined for group 'ccsn_first_stage' on line 4343. This may lead to undesirable analysis results. To fix this issue, define the missing attribute in library. (File /home/share/pdk/ciel/sky130/versions/e8294524e5f67c533c5d0c3afa0bcc5b2a5fa066/sky130A/libs.ref/sky130_fd_sc_hs/lib/sky130_fd_sc_hs__tt_025C_1v80.lib)
**ERROR: (TECHLIB-1173):	The 'dc_current' attribute has not been defined for group 'ccsn_last_stage' on line 4514. This may lead to undesirable analysis results. To fix this issue, define the missing attribute in library. (File /home/share/pdk/ciel/sky130/versions/e8294524e5f67c533c5d0c3afa0bcc5b2a5fa066/sky130A/libs.ref/sky130_fd_sc_hs/lib/sky130_fd_sc_hs__tt_025C_1v80.lib)
**ERROR: (TECHLIB-1173):	The 'dc_current' attribute has not been defined for group 'ccsn_first_stage' on line 4783. This may lead to undesirable analysis results. To fix this issue, define the missing attribute in library. (File /home/share/pdk/ciel/sky130/versions/e8294524e5f67c533c5d0c3afa0bcc5b2a5fa066/sky130A/libs.ref/sky130_fd_sc_hs/lib/sky130_fd_sc_hs__tt_025C_1v80.lib)
**ERROR: (TECHLIB-1173):	The 'dc_current' attribute has not been defined for group 'ccsn_last_stage' on line 4954. This may lead to undesirable analysis results. To fix this issue, define the missing attribute in library. (File /home/share/pdk/ciel/sky130/versions/e8294524e5f67c533c5d0c3afa0bcc5b2a5fa066/sky130A/libs.ref/sky130_fd_sc_hs/lib/sky130_fd_sc_hs__tt_025C_1v80.lib)
Message <TECHLIB-1173> has exceeded the message display limit of '20'. Use 'set_message -no_limit -id list_of_msgIDs' to reset the message limit.
**WARN: (TECHLIB-302):	No function defined for cell 'sky130_fd_sc_hs__decap_8'. The cell will only be used for analysis. (File /home/share/pdk/ciel/sky130/versions/e8294524e5f67c533c5d0c3afa0bcc5b2a5fa066/sky130A/libs.ref/sky130_fd_sc_hs/lib/sky130_fd_sc_hs__tt_025C_1v80.lib)
**WARN: (TECHLIB-302):	No function defined for cell 'sky130_fd_sc_hs__decap_4'. The cell will only be used for analysis. (File /home/share/pdk/ciel/sky130/versions/e8294524e5f67c533c5d0c3afa0bcc5b2a5fa066/sky130A/libs.ref/sky130_fd_sc_hs/lib/sky130_fd_sc_hs__tt_025C_1v80.lib)
Read 376 cells in library sky130_fd_sc_hs__tt_025C_1v80.
Reading default_emulate_libset_max timing library /home/hujinzhao/pro/genus_bs2_300m/workspace/LIBS/sky130_sram_0kbytes_1rw1r_64x32_8_TT_1p8V_25C.lib.
Read 1 cells in library sky130_sram_0kbytes_1rw1r_64x32_8_TT_1p8V_25C_lib.
Reading default_emulate_libset_max timing library /home/hujinzhao/pro/genus_bs2_300m/workspace/LIBS/sky130_sram_0kbytes_1rw1r_64x64_8_TT_1p8V_25C.lib.
Read 1 cells in library sky130_sram_0kbytes_1rw1r_64x64_8_TT_1p8V_25C_lib.
Reading default_emulate_libset_max timing library /home/hujinzhao/pro/genus_bs2_300m/workspace/LIBS/sky130_sram_0kbytes_1rw1r_128x16_16_TT_1p8V_25C.lib.
Read 1 cells in library sky130_sram_0kbytes_1rw1r_128x16_16_TT_1p8V_25C_lib.
Library reading multithread flow ended.
% End Load MMMC data (date=07/07 02:29:45, total cpu=0:00:07.9, real=0:00:02.0, peak res=2149.2M, current mem=1969.1M)
% Begin Load LEF files (date=07/07 02:29:46, mem=1969.1M)
(stylus_db): Load LEF files ...

Loading LEF file /home/hujinzhao/pro/genus_bs2_300m/workspace/LEFS/sky130_fd_sc_hs__nom.tlef ...

Loading LEF file /home/hujinzhao/pro/genus_bs2_300m/workspace/LEFS/sky130_fd_sc_hs.lef ...
WARNING (LEFPARS-2008): NOWIREEXTENSIONATPIN statement is obsolete in version 5.6 or later.
The NOWIREEXTENSIONATPIN statement will be ignored. See file /home/hujinzhao/pro/genus_bs2_300m/workspace/LEFS/sky130_fd_sc_hs.lef at line 2.
**WARN: (IMPLF-108):	There is no overlap layer defined in any LEF file
so you are unable to create rectilinear partition in a hierarchical flow.
Set DBUPerIGU to M1 pitch 480.

Loading LEF file /home/hujinzhao/pro/genus_bs2_300m/workspace/LEFS/sky130_sram_0kbytes_1rw1r_64x32_8.lef ...
**WARN: (IMPLF-246):	The 'UNITS' attribute is only allowed to be set in the first LEF file (technology LEF). The attribute was found in this LEF file, and will be ignored.

Loading LEF file /home/hujinzhao/pro/genus_bs2_300m/workspace/LEFS/sky130_sram_0kbytes_1rw1r_128x16_16.lef ...
**WARN: (IMPLF-246):	The 'UNITS' attribute is only allowed to be set in the first LEF file (technology LEF). The attribute was found in this LEF file, and will be ignored.

Loading LEF file /home/hujinzhao/pro/genus_bs2_300m/workspace/LEFS/sky130_sram_0kbytes_1rw1r_64x64_8.lef ...
**WARN: (IMPLF-246):	The 'UNITS' attribute is only allowed to be set in the first LEF file (technology LEF). The attribute was found in this LEF file, and will be ignored.
**WARN: (IMPLF-200):	Pin 'din0[0]' in macro 'sky130_sram_0kbytes_1rw1r_64x64_8' has no ANTENNAGATEAREA value defined. The library data is incomplete and some process antenna rules will not be checked correctly.
Type 'man IMPLF-200' for more detail.
**WARN: (IMPLF-200):	Pin 'din0[1]' in macro 'sky130_sram_0kbytes_1rw1r_64x64_8' has no ANTENNAGATEAREA value defined. The library data is incomplete and some process antenna rules will not be checked correctly.
Type 'man IMPLF-200' for more detail.
**WARN: (IMPLF-200):	Pin 'din0[2]' in macro 'sky130_sram_0kbytes_1rw1r_64x64_8' has no ANTENNAGATEAREA value defined. The library data is incomplete and some process antenna rules will not be checked correctly.
Type 'man IMPLF-200' for more detail.
**WARN: (IMPLF-200):	Pin 'din0[3]' in macro 'sky130_sram_0kbytes_1rw1r_64x64_8' has no ANTENNAGATEAREA value defined. The library data is incomplete and some process antenna rules will not be checked correctly.
Type 'man IMPLF-200' for more detail.
**WARN: (IMPLF-200):	Pin 'din0[4]' in macro 'sky130_sram_0kbytes_1rw1r_64x64_8' has no ANTENNAGATEAREA value defined. The library data is incomplete and some process antenna rules will not be checked correctly.
Type 'man IMPLF-200' for more detail.
**WARN: (IMPLF-200):	Pin 'din0[5]' in macro 'sky130_sram_0kbytes_1rw1r_64x64_8' has no ANTENNAGATEAREA value defined. The library data is incomplete and some process antenna rules will not be checked correctly.
Type 'man IMPLF-200' for more detail.
**WARN: (IMPLF-200):	Pin 'din0[6]' in macro 'sky130_sram_0kbytes_1rw1r_64x64_8' has no ANTENNAGATEAREA value defined. The library data is incomplete and some process antenna rules will not be checked correctly.
Type 'man IMPLF-200' for more detail.
**WARN: (IMPLF-200):	Pin 'din0[7]' in macro 'sky130_sram_0kbytes_1rw1r_64x64_8' has no ANTENNAGATEAREA value defined. The library data is incomplete and some process antenna rules will not be checked correctly.
Type 'man IMPLF-200' for more detail.
**WARN: (IMPLF-200):	Pin 'din0[8]' in macro 'sky130_sram_0kbytes_1rw1r_64x64_8' has no ANTENNAGATEAREA value defined. The library data is incomplete and some process antenna rules will not be checked correctly.
Type 'man IMPLF-200' for more detail.
**WARN: (IMPLF-200):	Pin 'din0[9]' in macro 'sky130_sram_0kbytes_1rw1r_64x64_8' has no ANTENNAGATEAREA value defined. The library data is incomplete and some process antenna rules will not be checked correctly.
Type 'man IMPLF-200' for more detail.
**WARN: (IMPLF-200):	Pin 'din0[10]' in macro 'sky130_sram_0kbytes_1rw1r_64x64_8' has no ANTENNAGATEAREA value defined. The library data is incomplete and some process antenna rules will not be checked correctly.
Type 'man IMPLF-200' for more detail.
**WARN: (IMPLF-200):	Pin 'din0[11]' in macro 'sky130_sram_0kbytes_1rw1r_64x64_8' has no ANTENNAGATEAREA value defined. The library data is incomplete and some process antenna rules will not be checked correctly.
Type 'man IMPLF-200' for more detail.
**WARN: (IMPLF-200):	Pin 'din0[12]' in macro 'sky130_sram_0kbytes_1rw1r_64x64_8' has no ANTENNAGATEAREA value defined. The library data is incomplete and some process antenna rules will not be checked correctly.
Type 'man IMPLF-200' for more detail.
**WARN: (IMPLF-200):	Pin 'din0[13]' in macro 'sky130_sram_0kbytes_1rw1r_64x64_8' has no ANTENNAGATEAREA value defined. The library data is incomplete and some process antenna rules will not be checked correctly.
Type 'man IMPLF-200' for more detail.
**WARN: (IMPLF-200):	Pin 'din0[14]' in macro 'sky130_sram_0kbytes_1rw1r_64x64_8' has no ANTENNAGATEAREA value defined. The library data is incomplete and some process antenna rules will not be checked correctly.
Type 'man IMPLF-200' for more detail.
**WARN: (IMPLF-200):	Pin 'din0[15]' in macro 'sky130_sram_0kbytes_1rw1r_64x64_8' has no ANTENNAGATEAREA value defined. The library data is incomplete and some process antenna rules will not be checked correctly.
Type 'man IMPLF-200' for more detail.
**WARN: (IMPLF-200):	Pin 'din0[16]' in macro 'sky130_sram_0kbytes_1rw1r_64x64_8' has no ANTENNAGATEAREA value defined. The library data is incomplete and some process antenna rules will not be checked correctly.
Type 'man IMPLF-200' for more detail.
**WARN: (IMPLF-200):	Pin 'din0[17]' in macro 'sky130_sram_0kbytes_1rw1r_64x64_8' has no ANTENNAGATEAREA value defined. The library data is incomplete and some process antenna rules will not be checked correctly.
Type 'man IMPLF-200' for more detail.
**WARN: (IMPLF-200):	Pin 'din0[18]' in macro 'sky130_sram_0kbytes_1rw1r_64x64_8' has no ANTENNAGATEAREA value defined. The library data is incomplete and some process antenna rules will not be checked correctly.
Type 'man IMPLF-200' for more detail.
**WARN: (IMPLF-200):	Pin 'din0[19]' in macro 'sky130_sram_0kbytes_1rw1r_64x64_8' has no ANTENNAGATEAREA value defined. The library data is incomplete and some process antenna rules will not be checked correctly.
Type 'man IMPLF-200' for more detail.
**WARN: (EMS-27):	Message (IMPLF-200) has exceeded the current message display limit of 20.
To increase the message display limit, refer to the product command reference manual.
**WARN: (IMPLF-201):	Pin 'dout0[0]' in macro 'sky130_sram_0kbytes_1rw1r_64x64_8' has no ANTENNADIFFAREA value defined. The library data is incomplete and some process antenna rules will not be checked correctly.
Type 'man IMPLF-201' for more detail.
**WARN: (IMPLF-201):	Pin 'dout0[1]' in macro 'sky130_sram_0kbytes_1rw1r_64x64_8' has no ANTENNADIFFAREA value defined. The library data is incomplete and some process antenna rules will not be checked correctly.
Type 'man IMPLF-201' for more detail.
**WARN: (IMPLF-201):	Pin 'dout0[2]' in macro 'sky130_sram_0kbytes_1rw1r_64x64_8' has no ANTENNADIFFAREA value defined. The library data is incomplete and some process antenna rules will not be checked correctly.
Type 'man IMPLF-201' for more detail.
**WARN: (IMPLF-201):	Pin 'dout0[3]' in macro 'sky130_sram_0kbytes_1rw1r_64x64_8' has no ANTENNADIFFAREA value defined. The library data is incomplete and some process antenna rules will not be checked correctly.
Type 'man IMPLF-201' for more detail.
**WARN: (IMPLF-201):	Pin 'dout0[4]' in macro 'sky130_sram_0kbytes_1rw1r_64x64_8' has no ANTENNADIFFAREA value defined. The library data is incomplete and some process antenna rules will not be checked correctly.
Type 'man IMPLF-201' for more detail.
**WARN: (IMPLF-201):	Pin 'dout0[5]' in macro 'sky130_sram_0kbytes_1rw1r_64x64_8' has no ANTENNADIFFAREA value defined. The library data is incomplete and some process antenna rules will not be checked correctly.
Type 'man IMPLF-201' for more detail.
**WARN: (IMPLF-201):	Pin 'dout0[6]' in macro 'sky130_sram_0kbytes_1rw1r_64x64_8' has no ANTENNADIFFAREA value defined. The library data is incomplete and some process antenna rules will not be checked correctly.
Type 'man IMPLF-201' for more detail.
**WARN: (IMPLF-201):	Pin 'dout0[7]' in macro 'sky130_sram_0kbytes_1rw1r_64x64_8' has no ANTENNADIFFAREA value defined. The library data is incomplete and some process antenna rules will not be checked correctly.
Type 'man IMPLF-201' for more detail.
**WARN: (IMPLF-201):	Pin 'dout0[8]' in macro 'sky130_sram_0kbytes_1rw1r_64x64_8' has no ANTENNADIFFAREA value defined. The library data is incomplete and some process antenna rules will not be checked correctly.
Type 'man IMPLF-201' for more detail.
**WARN: (IMPLF-201):	Pin 'dout0[9]' in macro 'sky130_sram_0kbytes_1rw1r_64x64_8' has no ANTENNADIFFAREA value defined. The library data is incomplete and some process antenna rules will not be checked correctly.
Type 'man IMPLF-201' for more detail.
**WARN: (IMPLF-201):	Pin 'dout0[10]' in macro 'sky130_sram_0kbytes_1rw1r_64x64_8' has no ANTENNADIFFAREA value defined. The library data is incomplete and some process antenna rules will not be checked correctly.
Type 'man IMPLF-201' for more detail.
**WARN: (IMPLF-201):	Pin 'dout0[11]' in macro 'sky130_sram_0kbytes_1rw1r_64x64_8' has no ANTENNADIFFAREA value defined. The library data is incomplete and some process antenna rules will not be checked correctly.
Type 'man IMPLF-201' for more detail.
**WARN: (IMPLF-201):	Pin 'dout0[12]' in macro 'sky130_sram_0kbytes_1rw1r_64x64_8' has no ANTENNADIFFAREA value defined. The library data is incomplete and some process antenna rules will not be checked correctly.
Type 'man IMPLF-201' for more detail.
**WARN: (IMPLF-201):	Pin 'dout0[13]' in macro 'sky130_sram_0kbytes_1rw1r_64x64_8' has no ANTENNADIFFAREA value defined. The library data is incomplete and some process antenna rules will not be checked correctly.
Type 'man IMPLF-201' for more detail.
**WARN: (IMPLF-201):	Pin 'dout0[14]' in macro 'sky130_sram_0kbytes_1rw1r_64x64_8' has no ANTENNADIFFAREA value defined. The library data is incomplete and some process antenna rules will not be checked correctly.
Type 'man IMPLF-201' for more detail.
**WARN: (IMPLF-201):	Pin 'dout0[15]' in macro 'sky130_sram_0kbytes_1rw1r_64x64_8' has no ANTENNADIFFAREA value defined. The library data is incomplete and some process antenna rules will not be checked correctly.
Type 'man IMPLF-201' for more detail.
**WARN: (IMPLF-201):	Pin 'dout0[16]' in macro 'sky130_sram_0kbytes_1rw1r_64x64_8' has no ANTENNADIFFAREA value defined. The library data is incomplete and some process antenna rules will not be checked correctly.
Type 'man IMPLF-201' for more detail.
**WARN: (IMPLF-201):	Pin 'dout0[17]' in macro 'sky130_sram_0kbytes_1rw1r_64x64_8' has no ANTENNADIFFAREA value defined. The library data is incomplete and some process antenna rules will not be checked correctly.
Type 'man IMPLF-201' for more detail.
**WARN: (IMPLF-201):	Pin 'dout0[18]' in macro 'sky130_sram_0kbytes_1rw1r_64x64_8' has no ANTENNADIFFAREA value defined. The library data is incomplete and some process antenna rules will not be checked correctly.
Type 'man IMPLF-201' for more detail.
**WARN: (IMPLF-201):	Pin 'dout0[19]' in macro 'sky130_sram_0kbytes_1rw1r_64x64_8' has no ANTENNADIFFAREA value defined. The library data is incomplete and some process antenna rules will not be checked correctly.
Type 'man IMPLF-201' for more detail.
**WARN: (EMS-27):	Message (IMPLF-201) has exceeded the current message display limit of 20.
To increase the message display limit, refer to the product command reference manual.

##  Check design process and node:  
##  Both design process and tech node are not set.

% End Load LEF files (date=07/07 02:29:46, total cpu=0:00:00.2, real=0:00:00.0, peak res=1978.0M, current mem=1978.0M)
(stylus_db): Load Verilog Netlist ...
% Begin Load netlist data ... (date=07/07 02:29:46, mem=1978.1M)
*** Begin netlist parsing (mem=1978.1M) ***
Created 379 new cells from 4 timing libraries.
Reading netlist ...
Backslashed names will retain backslash and a trailing blank character.
Reading verilog netlist './genus2invs__1001821_98bebad6-1f56-4d85-af38-42c022bfcc8afa_top/genus2invs_db/cmn/fa_top.v.gz'

*** Memory Usage v#3 (Current mem = 2081.359M, initial mem = 976.887M) ***
*** End netlist parsing (cpu=0:00:01.7, real=0:00:03.0, mem=2081.4M) ***
% End Load netlist data ... (date=07/07 02:29:49, total cpu=0:00:01.8, real=0:00:03.0, peak res=2080.4M, current mem=2080.4M)
Top level cell is fa_top.
Hooked 379 DB cells to tlib cells.
Starting recursive module instantiation check.
No recursion found.
Building hierarchical netlist for Cell fa_top ...
***** UseNewTieNetMode *****.
*** Netlist is unique.
** info: there are 397 modules.
** info: there are 167498 stdCell insts.
** info: there are 167498 stdCell insts with at least one signal pin.
** info: there are 37 macros.

*** Memory Usage v#3 (Current mem = 2188.605M, initial mem = 976.887M) ***
(stylus_db): Init Design
The core width changes from 3307.255000 to 3307.200000 when snapping to grid "PlacementGrid".
**WARN: (IMPFP-3961):	The techSite 'unitdbl' has no related standard cells in the LEF/OA library. The calculations for this site type cannot be made unless standard cell models of this type exist in the LEF/OA library. Ignore this warning if the SITE is not used by the library. Alternatively, remove the SITE definition for the LEF/OA library to avoid this message.
Type 'man IMPFP-3961' for more detail.
Horizontal Layer M2 offset = 185 (derived)
Vertical Layer M1 offset = 240 (derived)
Start create_tracks
Generated pitch 3.66 in met5 is different from 3.33 defined in technology file in preferred direction.
Generated pitch 0.72 in met4 is different from 0.96 defined in technology file in preferred direction.
Generated pitch 0.61 in met3 is different from 0.74 defined in technology file in preferred direction.
*Info: initialize multi-corner CTS.
Total number of combinational cells: 294
Total number of sequential cells: 68
Total number of tristate cells: 12
Total number of level shifter cells: 0
Total number of power gating cells: 0
Total number of isolation cells: 0
Total number of power switch cells: 0
Total number of pulse generator cells: 0
Total number of always on buffers: 0
Total number of retention cells: 0
Total number of physical cells: 2
List of usable buffers: sky130_fd_sc_hs__clkbuf_2 sky130_fd_sc_hs__clkbuf_1 sky130_fd_sc_hs__buf_1 sky130_fd_sc_hs__buf_2 sky130_fd_sc_hs__clkbuf_4 sky130_fd_sc_hs__buf_4 sky130_fd_sc_hs__dlymetal6s2s_1 sky130_fd_sc_hs__clkbuf_8 sky130_fd_sc_hs__buf_8 sky130_fd_sc_hs__clkbuf_16 sky130_fd_sc_hs__buf_16
Total number of usable buffers: 11
List of unusable buffers:
Total number of unusable buffers: 0
List of usable inverters: sky130_fd_sc_hs__inv_2 sky130_fd_sc_hs__inv_1 sky130_fd_sc_hs__clkinv_1 sky130_fd_sc_hs__clkinv_2 sky130_fd_sc_hs__inv_4 sky130_fd_sc_hs__clkdlyinv3sd3_1 sky130_fd_sc_hs__clkdlyinv3sd2_1 sky130_fd_sc_hs__clkdlyinv3sd1_1 sky130_fd_sc_hs__clkinv_4 sky130_fd_sc_hs__inv_8 sky130_fd_sc_hs__clkdlyinv5sd3_1 sky130_fd_sc_hs__clkdlyinv5sd2_1 sky130_fd_sc_hs__clkdlyinv5sd1_1 sky130_fd_sc_hs__clkinv_8 sky130_fd_sc_hs__bufinv_8 sky130_fd_sc_hs__inv_16 sky130_fd_sc_hs__clkinv_16 sky130_fd_sc_hs__bufinv_16
Total number of usable inverters: 18
List of unusable inverters:
Total number of unusable inverters: 0
List of identified usable delay cells: sky130_fd_sc_hs__dlygate4sd3_1 sky130_fd_sc_hs__dlygate4sd2_1 sky130_fd_sc_hs__dlygate4sd1_1 sky130_fd_sc_hs__dlymetal6s6s_1 sky130_fd_sc_hs__dlymetal6s4s_1 sky130_fd_sc_hs__bufbuf_8 sky130_fd_sc_hs__bufbuf_16
Total number of identified usable delay cells: 7
List of identified unusable delay cells:
Total number of identified unusable delay cells: 0
Multithreaded Timing Analysis is initialized with 8 threads

Reading timing constraints file './genus2invs__1001821_98bebad6-1f56-4d85-af38-42c022bfcc8afa_top/genus2invs_db/cmn/fa_top.mmmc/modes/default_emulate_constraint_mode/default_emulate_constraint_mode.sdc.gz' ...
Current (total cpu=0:00:44.2, real=0:00:58.0, peak res=2823.0M, current mem=2823.0M)
fa_top
INFO (CTE): Constraints read successfully.
Ending "Constraint file reading stats" (total cpu=0:00:00.2, real=0:00:00.0, peak res=2839.0M, current mem=2839.0M)
Current (total cpu=0:00:44.5, real=0:00:58.0, peak res=2839.0M, current mem=2839.0M)
Reading latency file './genus2invs__1001821_98bebad6-1f56-4d85-af38-42c022bfcc8afa_top/genus2invs_db/cmn/fa_top.mmmc/views/default_emulate_view/latency.sdc.gz' ...
(stylus_db): Initialized design 'fa_top'
(stylus_db): Setting Root attributes ...
(stylus_db): Set 9 attributes of Root 
(stylus_db): Silicon Drift settings not enabled or skipped...
% Begin Set DB preserves (date=07/07 02:29:54, mem=2858.5M)
(stylus_db): Setting preserves on design objects ...
(stylus_db): Set 43 preserves of design objects
% End Set DB preserves (date=07/07 02:29:54, total cpu=0:00:00.1, real=0:00:00.0, peak res=2859.0M, current mem=2859.0M)
% Begin Load Timing views and constraints (date=07/07 02:29:54, mem=2859.0M)
(stylus_db): Read MMMC timing views ...
% End Load Timing views and constraints (date=07/07 02:29:54, total cpu=0:00:00.1, real=0:00:00.0, peak res=2859.0M, current mem=2859.0M)
(stylus_db): Couldn't commit power-intent, (fa_top.cpf or fa_top.upf doesn't exists)
(stylus_db): Load DEF file ...
% Begin Load DEF (date=07/07 02:29:54, mem=2858.2M)
Reading DEF file './genus2invs__1001821_98bebad6-1f56-4d85-af38-42c022bfcc8afa_top/genus2invs_db/cmn/fa_top.def.gz', current time is Tue Jul  7 02:29:54 2026 ...
--- DIVIDERCHAR '/'
--- UnitsPerDBU = 1.0000
**WARN: (IMPFP-3961):	The techSite 'unitdbl' has no related standard cells in the LEF/OA library. The calculations for this site type cannot be made unless standard cell models of this type exist in the LEF/OA library. Ignore this warning if the SITE is not used by the library. Alternatively, remove the SITE definition for the LEF/OA library to avoid this message.
Type 'man IMPFP-3961' for more detail.
Horizontal Layer M2 offset = 185 (derived)
Vertical Layer M1 offset = 240 (derived)
Start create_tracks
Generated pitch 3.66 in met5 is different from 3.33 defined in technology file in preferred direction.
Generated pitch 0.72 in met4 is different from 0.96 defined in technology file in preferred direction.
Generated pitch 0.61 in met3 is different from 0.74 defined in technology file in preferred direction.
--- DIEAREA (0 0) (3307255 3303360)
defIn read 10000 lines...
defIn read 20000 lines...
defIn read 30000 lines...
defIn read 40000 lines...
DEF file './genus2invs__1001821_98bebad6-1f56-4d85-af38-42c022bfcc8afa_top/genus2invs_db/cmn/fa_top.def.gz' is parsed, current time is Tue Jul  7 02:29:55 2026.
Extracting standard cell pins and blockage ...... 
Pin and blockage extraction finished
Updating the floorplan ...
% End Load DEF (date=07/07 02:29:55, total cpu=0:00:00.3, real=0:00:01.0, peak res=2862.1M, current mem=2861.9M)
% Begin Set route_types (date=07/07 02:29:55, mem=2861.9M)
(stylus_db): Setting route_types  ...
% End Set route_types (date=07/07 02:29:55, total cpu=0:00:00.0, real=0:00:00.0, peak res=2861.9M, current mem=2861.9M)
% Begin Set power_domain attributes (date=07/07 02:29:55, mem=2861.9M)
(stylus_db): Setting power_domain attributes ...
% End Set power_domain attributes (date=07/07 02:29:55, total cpu=0:00:00.1, real=0:00:00.0, peak res=2861.9M, current mem=2861.9M)
(stylus_db): Load additional timing constraints ...
% Begin Load Additional Timing constraints (date=07/07 02:29:55, mem=2861.9M)
**WARN: (IMPIMEX-10014):	The current design data being restored: './genus2invs__1001821_98bebad6-1f56-4d85-af38-42c022bfcc8afa_top/genus2invs_db' has been saved with an older structure. When restoring a subset of views for this database, derate information for inactive delay corners may be inaccesible in the current session. A newer database structure allows more flexibility for change the active view list in-session. To update the current database, you need to restore the design with all views active - and then the next save will update it to the new model.
Loading timing derate file ./genus2invs__1001821_98bebad6-1f56-4d85-af38-42c022bfcc8afa_top/genus2invs_db/cmn/fa_top.mmmc/timingderate.sdc ...
Current (total cpu=0:00:45.7, real=0:01:01, peak res=2862.1M, current mem=2862.0M)
Loading path adjust file ./genus2invs__1001821_98bebad6-1f56-4d85-af38-42c022bfcc8afa_top/genus2invs_db/cmn/fa_top.mmmc/pathadjust.sdc.gz ...
Current (total cpu=0:00:45.8, real=0:01:01, peak res=2862.1M, current mem=2862.0M)
INFO (CTE): Constraints read successfully.
Ending "Constraint file reading stats" (total cpu=0:00:00.1, real=0:00:00.0, peak res=2862.1M, current mem=2862.1M)
Current (total cpu=0:00:45.9, real=0:01:01, peak res=2862.1M, current mem=2862.1M)
Loading disable latch loop file ./genus2invs__1001821_98bebad6-1f56-4d85-af38-42c022bfcc8afa_top/genus2invs_db/cmn/fa_top.mmmc/disablelatchloop.sdc ...
Current (total cpu=0:00:45.9, real=0:01:01, peak res=2862.1M, current mem=2862.1M)
% End Load Additional Timing constraints (date=07/07 02:29:56, total cpu=0:00:00.3, real=0:00:01.0, peak res=2862.1M, current mem=2862.1M)
% Begin Set message attributes (date=07/07 02:29:56, mem=2862.1M)
(stylus_db): Setting attributes on Synthesis message objects ...
% End Set message attributes (date=07/07 02:29:56, total cpu=0:00:00.1, real=0:00:00.0, peak res=2862.1M, current mem=2862.1M)
% Begin Generate Vias (date=07/07 02:29:56, mem=2862.1M)
(stylus_db): Generate advanced rule Vias ...
Start generating vias ..
#Skip building auto via since it is not turned on.
Extracting standard cell pins and blockage ...... 
Pin and blockage extraction finished
Via generation completed.
% End Generate Vias (date=07/07 02:29:57, total cpu=0:00:00.7, real=0:00:01.0, peak res=2875.7M, current mem=2868.3M)
% Begin Set attributes (date=07/07 02:29:57, mem=2868.3M)
(stylus_db): Setting attributes on design objects ...
(stylus_db): Set 257991 attributes of design objects
% End Set attributes (date=07/07 02:30:01, total cpu=0:00:02.3, real=0:00:03.0, peak res=2898.0M, current mem=2897.8M)
Extraction setup Started for TopCell fa_top 
Initializing multi-corner RC extraction with 1 active RC Corners ...
Captable file(s) not specified in multi-corner setup. PreRoute extraction will use technology file. For post_route extraction, default value for effort level would be 'medium' and effort level 'low' would not be allowed.
Generating auto layer map file.
Importing multi-corner technology file(s) for preRoute extraction...
/home/share/pdk/sky130A/libs.tech/cadence/qrcTechFile
Generating auto layer map file.
Completed (cpu: 0:00:01.4 real: 0:00:03.0)
Set Shrink Factor to 1.00000
Summary of Active RC-Corners : 
 
 Analysis View: default_emulate_view
    RC-Corner Name        : default_emulate_rc_corner
    RC-Corner Index       : 0
    RC-Corner Temperature : 25 Celsius
    RC-Corner Cap Table   : ''
    RC-Corner PreRoute Res Factor         : 1
    RC-Corner PreRoute Cap Factor         : 1
    RC-Corner PostRoute Res Factor        : 1 {1 1 1}
    RC-Corner PostRoute Cap Factor        : 1 {1 1 1}
    RC-Corner PostRoute XCap Factor       : 1 {1 1 1}
    RC-Corner PreRoute Clock Res Factor   : 1	[Derived from postRoute_res (effortLevel low)]
    RC-Corner PreRoute Clock Cap Factor   : 1	[Derived from postRoute_cap (effortLevel low)]
    RC-Corner PostRoute Clock Cap Factor  : 1 {1 1 1} 
    RC-Corner PostRoute Clock Res Factor  : 1 {1 1 1} 
    RC-Corner PostRoute Clock coupling capacitance Factor : 1 {1 1 1} 
    RC-Corner Technology file: '/home/share/pdk/sky130A/libs.tech/cadence/qrcTechFile'
Updating RC Grid density data for preRoute extraction ...
Initializing multi-corner resistance tables ...
Default value for post_route extraction mode's extract_rc_effort_level (extract_rc_effort_level option of set_db) changed to 'medium'.
% Begin Load Min Layer Data (date=07/07 02:30:04, mem=2927.9M)
Read 0 nets
% End Load Min Layer Data (date=07/07 02:30:04, total cpu=0:00:00.0, real=0:00:00.0, peak res=2927.9M, current mem=2927.9M)
+----------------------------------------------------------------+
    Summary of 'read_db genus2invs_db'                     
+----------------------------------------------------------------+
    Generated by         :     Innovus 25.12-s079_1
    Generated on         :     Tue Jul 07 02:30:04 CST 2026
    Design               :     fa_top
    process_node         :     90   
    db units             :     1000 
    tech_mfg_grid        :     0.005
    bbox                 :     {0.0 0.0 3307.255 3303.36}
    core_bbox            :     {0.0 0.0 3307.255 3303.36}
+----------------------------------------------------------------+
    Object Type          :     Count
+-----------------------------------+
    timing_libraries     :     4    
    library_sets         :     1    
    lib_cells            :     379  
    setup_analysis_views :     1    
    hold_analysis_views  :     1    
    rc_corners           :     1    
    delay_corners        :     1    
    constraint_modes     :     1    
    clocks               :     1    
+-----------------------------------+
    base_cells           :     393  
    modules              :     3    
    insts                :     167535
    hinsts               :     3    
    ports                :     847  
    nets                 :     184016
    hnets                :     185630
    pins                 :     608011
    hpins                :     1859 
+-----------------------------------+
    layers               :     14   
    via_defs             :     25   
    via_def_rule         :     25   
    sites                :     2    
    core_rows            :     992  
    track_patterns       :     12   
+-----------------------------------+
#% End Load Common DB (date=07/07 02:30:05, total cpu=0:00:21.1, real=0:00:24.0, peak res=3070.3M, current mem=2980.7M)

*** Summary of all messages that are not suppressed in this session:
Severity  ID               Count  Summary                                  
WARNING   IMPLF-108            1  There is no overlap layer defined in any...
WARNING   IMPLF-200          326  Pin '%s' in macro '%s' has no ANTENNAGAT...
WARNING   IMPLF-201          514  Pin '%s' in macro '%s' has no ANTENNADIF...
WARNING   IMPLF-246            3  The '%s' attribute is only allowed to be...
WARNING   IMPFP-3961           2  The techSite '%s' has no related standar...
WARNING   IMPIMEX-10014        1  The current design data being restored: ...
WARNING   TECHLIB-302          2  No function defined for cell '%s'. The c...
ERROR     TECHLIB-1173      4556  The '%s' attribute has not been defined ...
ERROR     TECHLIB-1175     96732  Template name '%s' used in group '%s' on...
ERROR     TECHLIB-1256     96732  The %s is being ignored due to errors in...
*** Message Summary: 849 warning(s), 198020 error(s)

UM:   flow.cputime  flow.realtime  timing.setup.tns  timing.setup.wns  snapshot
UM:*                                                                   genus2invs_setup
%# Design Import Complete (07/07 02:30:06, mem=2985.93M)
**WARN: (IMPSE-16):	The feature innovusGenusRestructuring is now a Production feature. The use of 'set_beta_feature innovusGenusRestructuring 1' is no longer required.
There are 0 path_groups defined before optimization.
Configuring iSpatial control settings
Genus has configured non-incremental Spatial flow.
rcp::optimization1_place_opt_design__phys_syn__out_dir___genus2invs__1001821_98bebad6_1f56_4d85_af38_42c022bfcc8afa_top__prefix_invs2genus_final.4761182169784411
place_opt_design -phys_syn -out_dir ./genus2invs__1001821_98bebad6-1f56-4d85-af38-42c022bfcc8afa_top -prefix invs2genus_final
Begin: Design checking
        Checking 'place' category...
        Messages issued during checks:
--------------------------------------------------------------------------------------------------------------------------------------------------------------------------------------------------------
| ID                | Severity  | Count       | Description                                                                                                                                            |
--------------------------------------------------------------------------------------------------------------------------------------------------------------------------------------------------------
| CHKPLC-11         | warning   | 2           | Macro cell <%s> should have a fully covered obstruction.                                                                                               |
| IMPPP-4422        | warning   | 20          | Followpin wire is missing at row (%f %f) (%f %f). Expected wire for %s. This may cause PG connectivity issues for cells that are placed at this locati |
|                   |           |             | on.                                                                                                                                                    |
--------------------------------------------------------------------------------------------------------------------------------------------------------------------------------------------------------
		(Real time: 0:00:03.0, Memory: 3051.1M)

        Checking 'opt' category...
        Messages issued during checks:
------------------------------------------------------------------------------------------------------------------------------------------------------------------------------------------
| ID                | Severity  | Count       | Description                                                                                                                              |
------------------------------------------------------------------------------------------------------------------------------------------------------------------------------------------
| IMPOPT-2901       | warning   | 1           | Design is not placed. Place the design before running                                                                                    |
| IMPOPT-2908       | warning   | 1           | Maximum transition %.3f is too small compared to maximum transition threshold %.3f, this would result in excessive buffering.            |
| IMPOPT-7276       | warning   | 1           | %d instance(s) out of %d are unplaced.                                                                                                   |
| IMPOPT-7285       | warning   | 19          | The net <%s> has more than 500 fanout (%d fanout). Such large fanout nets, if not buffered, can potentially slow down some applications. |
------------------------------------------------------------------------------------------------------------------------------------------------------------------------------------------
		(Real time: 0:00:21.0, Memory: 3214.6M)

**INFO: Identified 0 error(s) and 44 warning(s) during 'check_design -type {place opt}'.
        The details of the error(s) and warning(s) can be found in report './genus2invs__1001821_98bebad6-1f56-4d85-af38-42c022bfcc8afa_top/invs2genus_final_check_design.rpt'
End: Design checking
**INFO: User settings:
setDelayCalMode -engine                             aae
design_bottom_routing_layer                         met1
extract_rc_pre_place_cap_scale_factor               0.598714
extract_rc_pre_place_res_scale_factor               1.25647
extract_rc_pre_place_site_size                      3.81
extract_rc_pre_place_wire_length_slope              2.0242
extract_rc_pre_place_wire_length_y0                 0.0509
extract_rc_shrink_factor                            1.0
multibit_aware_seq_mapping                          auto
opt_multi_bit_flop_name_prefix                      CDN_MBIT_
opt_multi_bit_flop_name_separator                   _MB_
opt_multi_bit_flop_opt                              false
opt_remove_redundant_insts                          false
opt_skew                                            true
opt_skew_pre_cts                                    true
opt_spatial_power_driven                            false
place_global_cong_effort                            auto
place_global_place_io_pins                          true
place_global_reorder_scan                           false
getDelayCalMode -engine                             aae
Info: Logic Synthesis step was not run from RTL in this session / on this DB.
Info: Synthesize design with physical option was not run earlier in this session / on this DB.
Info: place_opt_design is not being run for the first time in this session
Info: place_opt_design has been started with standard effort
*** place_opt_design #1 [begin] () : totSession cpu/real = 0:01:10.8/0:01:34.4 (0.7), mem = 3214.7M
No user sequential activity specified, applying default sequential activity of "0.2" for Dynamic Power reporting.
'set_default_switching_activity' finished successfully.
*** Starting GigaPlace ***
-earlyGlobalBlockTracks {}                # string, default="", private
-earlyGlobalCapacityScreen {}             # string, default="", private
There is no track adjustment
Starting low-effort iSpatial flow
#optDebug: fT-E <X 2 3 1 0>
*** GlobalPlace #1 [begin] (place_opt_design #1) : totSession cpu/real = 0:01:11.5/0:01:35.4 (0.7), mem = 3159.8M
**ERROR: (IMPSP-9099):	Scan chains exist in this design but are not defined for 12.72% flops. Placement and timing QoR can be severely impacted in this case!
It is highly recommend to define scan chains either through input scan def (preferred) or create_scan_chain.
**WARN: (IMPEXT-3493):	The design extraction status has been reset by set_analysis_view/update_rc_corner or set_db  command. The parasitic data can be regenerated either by extracting the design using the extract_rc command or by loading the SPEF or RCDB file(s). To prevent resetting of the extraction status, avoid changing extraction modes.
Type 'man IMPEXT-3493' for more detail.
*** Starting delete buffer tree (mem=3163.7M) ***

Buffer/Inverters difference: -3
*** Finished delete buffer tree (cpu=0:00:11.3 real=0:00:07.0 mem=3225.9M) ***
Effort level <high> specified for tdgp_reg2reg_default path_group
INFO: #ExclusiveGroups=0
INFO: There are no Exclusive Groups.
No user-set net weight.
Net fanout histogram:
2		: 105386 (58.1%) nets
3		: 49739 (27.4%) nets
4     -	14	: 23725 (13.1%) nets
15    -	39	: 2014 (1.1%) nets
40    -	79	: 293 (0.2%) nets
80    -	159	: 125 (0.1%) nets
160   -	319	: 22 (0.0%) nets
320   -	639	: 10 (0.0%) nets
640   -	1279	: 10 (0.0%) nets
1280  -	2559	: 2 (0.0%) nets
2560  -	5119	: 1 (0.0%) nets
5120+		: 1 (0.0%) nets
Scan chains were not defined.
#std cell=167495 (0 fixed + 167495 movable) #buf cell=0 #inv cell=11112 #block=37 (0 floating + 37 preplaced)
#ioInst=0 #net=181328 #term=606487 #term/net=3.34, #fixedIo=0, #floatIo=0, #fixedPin=670, #floatPin=0
stdCell: 167495 single + 0 double + 0 multi
Total standard cell length = 609.2592 (mm), area = 2.0288 (mm^2)
Average module density = 0.316.
Density for the design = 0.316.
       = stdcell_area 1269290 sites (2028833 um^2) / alloc_area 4022303 sites (6429249 um^2).
Pin Density = 0.08873.
            = total # of pins 606487 / total area 6834880.
Enabling multi-CPU acceleration with 8 CPU(s) for placement
[spp] 0
Clock gating cells determined by native netlist tracing.
=== lastAutoLevel = 11 
Iteration  1: Total net bbox = 1.293e+07 (6.75e+06 6.19e+06)
              Est.  stn bbox = 1.338e+07 (6.97e+06 6.42e+06)
              cpu = 0:00:03.8 real = 0:00:04.0 mem = 3493.1M
Iteration  2: Total net bbox = 1.293e+07 (6.75e+06 6.19e+06)
              Est.  stn bbox = 1.338e+07 (6.97e+06 6.42e+06)
              cpu = 0:00:00.1 real = 0:00:01.0 mem = 3495.6M
*** Finished SKP initialization (cpu=0:00:42.2, real=0:00:31.0)***
SKP will use view:
  default_emulate_view
Iteration  3: Total net bbox = 8.883e+06 (3.77e+06 5.12e+06)
              Est.  stn bbox = 1.008e+07 (4.28e+06 5.81e+06)
              cpu = 0:03:28 real = 0:01:46 mem = 4605.5M
Iteration  4: Total net bbox = 9.276e+06 (4.10e+06 5.18e+06)
              Est.  stn bbox = 1.059e+07 (4.60e+06 5.99e+06)
              cpu = 0:04:13 real = 0:01:55 mem = 5001.2M
Iteration  5: Total net bbox = 9.276e+06 (4.10e+06 5.18e+06)
              Est.  stn bbox = 1.059e+07 (4.60e+06 5.99e+06)
              cpu = 0:00:00.0 real = 0:00:00.0 mem = 5001.2M
Iteration  6: Total net bbox = 9.290e+06 (4.25e+06 5.04e+06)
              Est.  stn bbox = 1.095e+07 (4.86e+06 6.08e+06)
              cpu = 0:03:10 real = 0:01:20 mem = 4694.8M

Iteration  7: Total net bbox = 9.429e+06 (4.37e+06 5.06e+06)
              Est.  stn bbox = 1.111e+07 (5.00e+06 6.11e+06)
              cpu = 0:00:00.4 real = 0:00:00.0 mem = 4685.2M
Iteration  8: Total net bbox = 9.429e+06 (4.37e+06 5.06e+06)
              Est.  stn bbox = 1.111e+07 (5.00e+06 6.11e+06)
              cpu = 0:00:00.4 real = 0:00:01.0 mem = 4685.2M
Iteration  9: Total net bbox = 9.994e+06 (4.59e+06 5.40e+06)
              Est.  stn bbox = 1.187e+07 (5.29e+06 6.58e+06)
              cpu = 0:03:11 real = 0:01:29 mem = 4633.2M
Iteration 10: Total net bbox = 9.994e+06 (4.59e+06 5.40e+06)
              Est.  stn bbox = 1.187e+07 (5.29e+06 6.58e+06)
              cpu = 0:00:00.5 real = 0:00:00.0 mem = 4633.2M
[NR-eGR] Started Early Global Route kernel ( Curr Mem: 2.84 MB )
Iteration 11: Total net bbox = 1.052e+07 (4.95e+06 5.57e+06)
              Est.  stn bbox = 1.250e+07 (5.71e+06 6.79e+06)
              cpu = 0:06:18 real = 0:03:33 mem = 4759.7M
Iteration 12: Total net bbox = 1.052e+07 (4.95e+06 5.57e+06)
              Est.  stn bbox = 1.250e+07 (5.71e+06 6.79e+06)
              cpu = 0:00:00.5 real = 0:00:00.0 mem = 4759.7M
Iteration 13: Total net bbox = 1.080e+07 (5.03e+06 5.77e+06)
              Est.  stn bbox = 1.279e+07 (5.78e+06 7.01e+06)
              cpu = 0:05:53 real = 0:03:14 mem = 4702.7M
Iteration 14: Total net bbox = 1.080e+07 (5.03e+06 5.77e+06)
              Est.  stn bbox = 1.279e+07 (5.78e+06 7.01e+06)
              cpu = 0:00:00.5 real = 0:00:00.0 mem = 4702.7M
Iteration 15: Total net bbox = 1.102e+07 (5.15e+06 5.87e+06)
              Est.  stn bbox = 1.301e+07 (5.89e+06 7.12e+06)
              cpu = 0:03:53 real = 0:02:11 mem = 4913.1M
Iteration 16: Total net bbox = 1.102e+07 (5.15e+06 5.87e+06)
              Est.  stn bbox = 1.301e+07 (5.89e+06 7.12e+06)
              cpu = 0:00:00.5 real = 0:00:01.0 mem = 4913.1M
Iteration 17: Total net bbox = 1.107e+07 (5.18e+06 5.89e+06)
              Est.  stn bbox = 1.305e+07 (5.93e+06 7.13e+06)
              cpu = 0:02:34 real = 0:01:31 mem = 5002.1M
Iteration 18: Total net bbox = 1.107e+07 (5.18e+06 5.89e+06)
              Est.  stn bbox = 1.305e+07 (5.93e+06 7.13e+06)
              cpu = 0:00:00.5 real = 0:00:00.0 mem = 5002.1M
Iteration 19: Total net bbox = 1.121e+07 (5.21e+06 6.00e+06)
              Est.  stn bbox = 1.318e+07 (5.94e+06 7.23e+06)
              cpu = 0:02:03 real = 0:01:12 mem = 5040.4M
Iteration 20: Total net bbox = 1.121e+07 (5.21e+06 6.00e+06)
              Est.  stn bbox = 1.318e+07 (5.94e+06 7.23e+06)
              cpu = 0:00:00.6 real = 0:00:01.0 mem = 5040.4M
Finished Global Placement (cpu=0:34:56, real=0:18:24, mem=5040.4M)
Keep Tdgp Graph and DB for later use
Info: 0 clock gating cells identified, 0 (on average) moved 0/11
*** Starting place_detail (0:36:23 mem=4402.4M) ***
Total net bbox length = 1.121e+07 (5.211e+06 5.999e+06) (ext = 8.034e+05)
Move report: Detail placement moved 167486 insts, mean move: 0.20 um, max move: 204.29 um 
	Max move on inst (u_core/u_update/u_v_sram_g_bank[0].u_bank_p0_rd_data_reg[63]): (21.32, 3153.52) --> (225.60, 3153.51)
	Runtime: CPU: 0:00:10.8 REAL: 0:00:08.0 MEM: 4828.1MB
Summary Report:
Instances moved: 167486 (out of 167495 movable)
Instances flipped: 9
Mean displacement: 0.20 um
Max displacement: 204.29 um (Instance: u_core/u_update/u_v_sram_g_bank[0].u_bank_p0_rd_data_reg[63]) (21.324, 3153.52) -> (225.6, 3153.51)
	Length: 17 sites, height: 1 rows, site name: unit, cell type: sky130_fd_sc_hs__dfxtp_1
Physical-only instances moved: 0 (out of 0 movable physical-only)
Total net bbox length = 1.103e+07 (5.024e+06 6.003e+06) (ext = 8.028e+05)
Runtime: CPU: 0:00:11.3 REAL: 0:00:09.0 MEM: 4828.1MB
*** Finished place_detail (0:36:35 mem=4828.1M) ***
*** Finished Initial Placement (cpu=0:35:11, real=0:18:39, mem=4407.2M) ***
Starting IO pin assignment...
Completed IO pin assignment.
      flow.cputime  flow.realtime  timing.setup.tns  timing.setup.wns  snapshot
UM:*                                                                   final
      flow.cputime  flow.realtime  timing.setup.tns  timing.setup.wns  snapshot
UM:*                                                                   global_place
Effort level <high> specified for tdgp_reg2reg_default path_group

*** Start incrementalPlace ***
No Views given, use default active views for adaptive view pruning
Active views:
  default_emulate_view
[NR-eGR] Read 181328 nets ( ignored 0 )
[NR-eGR] There are 1 clock nets ( 0 with NDR ).
[NR-eGR] Layer group 1: route 181328 net(s) in layer range [2, 6]
[NR-eGR] Early Global Route overflow of layer group 1: 15.20% H + 3.74% V. EstWL: 1.318828e+07um
[NR-eGR] Overflow after Early Global Route 12.41% H + 1.94% V
[NR-eGR] Finished Early Global Route kernel ( CPU: 219.26 sec, Real: 122.18 sec, Curr Mem: 4.03 MB )
Early Global Route congestion estimation runtime: 122.21 seconds, mem = 4783.0M
Local HotSpot Analysis: normalized max congestion hotspot area = 120.33, normalized total congestion hotspot area = 451.86 (area is in unit of 4 std-cell row bins)
Skipped repairing congestion.
[NR-eGR] Total eGR-routed clock nets wire length: 161198um, number of vias: 51799
[NR-eGR] --------------------------------------------------------------------------
[NR-eGR]               Length (um)     Vias 
[NR-eGR] -----------------------------------
[NR-eGR]  li1   (1V)             0   591137 
[NR-eGR]  met1  (2H)       3211374   929126 
[NR-eGR]  met2  (3V)       4453441    53399 
[NR-eGR]  met3  (4H)       1920967    45031 
[NR-eGR]  met4  (5V)       2294742    14902 
[NR-eGR]  met5  (6H)       1524716        0 
[NR-eGR] -----------------------------------
[NR-eGR]        Total     13405240  1633595 
[NR-eGR] --------------------------------------------------------------------------
[NR-eGR] Total half perimeter of net bounding box: 11026722um
[NR-eGR] Total length: 13405240um, number of vias: 1633595
[NR-eGR] --------------------------------------------------------------------------
Early Global Route wiring runtime: 4.09 seconds, mem = 4970.1M
0 delay mode for cte disabled.

*** Finished incrementalPlace (cpu=0:03:46, real=0:02:08)***
**ERROR: (IMPSP-9099):	Scan chains exist in this design but are not defined for 12.72% flops. Placement and timing QoR can be severely impacted in this case!
It is highly recommend to define scan chains either through input scan def (preferred) or create_scan_chain.
***** Total cpu  0:39:12
***** Total real time  0:20:58
Tdgp not enabled or already been cleared! skip clearing
**place_design ... cpu = 0:39:12, real = 0:20:59, mem = 3917.1M **
AAE DB initialization (MEM=3949.867188 CPU=0:00:00.1 REAL=0:00:00.0) 
      flow.cputime  flow.realtime  timing.setup.tns  timing.setup.wns  snapshot
UM:*                                                                   final
UM: Running design category ...
      flow.cputime  flow.realtime  timing.setup.tns  timing.setup.wns  snapshot
UM:         2359.4           1270                                      place_design
%# Begin ::rcp::generate_route_congestion (07/07 02:51:41, mem=3955.84M)
Will save congestion map file from route /home/hujinzhao/pro/genus_bs2_300m/genus2invs__1001821_98bebad6-1f56-4d85-af38-42c022bfcc8afa_top/invs2genus.route.congestion.gz
Saving congestion map file /home/hujinzhao/pro/genus_bs2_300m/genus2invs__1001821_98bebad6-1f56-4d85-af38-42c022bfcc8afa_top/invs2genus.route.congestion.gz ...
%# End ::rcp::generate_route_congestion (07/07 02:51:42, total cpu=16:00:00, real=16:00:01, peak res=5137.15M, current mem=3955.84M)
*** GlobalPlace #1 [finish] (place_opt_design #1) : cpu/real = 0:39:19.6/0:21:11.2 (1.9), totSession cpu/real = 0:40:31.0/0:22:46.6 (1.8), mem = 3955.8M
Enable CTE adjustment.
Enable Layer aware incrSKP.
**opt_design ... cpu = 0:00:00, real = 0:00:00, mem = 3956.2M, totSessionCpu=0:40:31 **
GigaOpt running with 8 threads.
*** InitOpt #1 [begin] (place_opt_design #1) : totSession cpu/real = 0:40:31.1/0:22:46.8 (1.8), mem = 3956.2M
**INFO: set_db design_flow_effort standard -> setting 'set_db opt_all_end_points true' for the duration of this command.
Updating RC Grid density data for preRoute extraction ...
Initializing multi-corner resistance tables ...
	CornerforLayerOpt timing analysis view default_emulate_view has been selected for calibration 
	CornerforLayerOpt timing analysis view default_emulate_view has been selected for calibration 
AAE DB initialization (MEM=4015.000000 CPU=0:00:00.0 REAL=0:00:00.0) 
**opt_design ... cpu = 0:00:04, real = 0:00:05, mem = 3966.4M, totSessionCpu=0:40:35 **
#optDebug: { P: 90 W: 5201 FE: standard PE: none LDR: 1}
*** opt_design -pre_cts ***
DRC Margin: user margin 0.0; extra margin 0.2
Setup Target Slack: user slack 0; extra slack 0.0
Hold Target Slack: user slack 0
**INFO: The delay profiles based on paritioning incorrect, turning off vt filtering
**WARN: (IMPOPT-3195):	Analysis mode has changed.
Type 'man IMPOPT-3195' for more detail.
**INFO: Using Advanced Metric Collection system.
	CornerforLayerOpt timing analysis view default_emulate_view has been selected for calibration 
	CornerforLayerOpt timing analysis view default_emulate_view has been selected for calibration 
	CornerforLayerOpt timing analysis view default_emulate_view has been selected for calibration 
	CornerforLayerOpt timing analysis view default_emulate_view has been selected for calibration 
[NR-eGR] Started Early Global Route ( Curr Mem: 2.46 MB )
[NR-eGR] Started Early Global Route kernel ( Curr Mem: 2.46 MB )
[NR-eGR] Read 181328 nets ( ignored 0 )
[NR-eGR] There are 1 clock nets ( 0 with NDR ).
[NR-eGR] Layer group 1: route 181328 net(s) in layer range [2, 6]
[NR-eGR] Early Global Route overflow of layer group 1: 18.45% H + 3.40% V. EstWL: 1.369060e+07um
[NR-eGR] Overflow after Early Global Route 14.67% H + 2.12% V
[NR-eGR] Total eGR-routed clock nets wire length: 171822um, number of vias: 50847
[NR-eGR] --------------------------------------------------------------------------
[NR-eGR]               Length (um)     Vias 
[NR-eGR] -----------------------------------
[NR-eGR]  li1   (1V)             0   591137 
[NR-eGR]  met1  (2H)       3323357   937941 
[NR-eGR]  met2  (3V)       4549768    54341 
[NR-eGR]  met3  (4H)       2002530    46926 
[NR-eGR]  met4  (5V)       2308344    16487 
[NR-eGR]  met5  (6H)       1716989        0 
[NR-eGR] -----------------------------------
[NR-eGR]        Total     13900989  1646832 
[NR-eGR] --------------------------------------------------------------------------
[NR-eGR] Total half perimeter of net bounding box: 11026722um
[NR-eGR] Total length: 13900989um, number of vias: 1646832
[NR-eGR] --------------------------------------------------------------------------
[NR-eGR] Finished Early Global Route kernel ( CPU: 233.27 sec, Real: 125.97 sec, Curr Mem: 3.38 MB )
[NR-eGR] Finished Early Global Route ( CPU: 233.54 sec, Real: 126.29 sec, Curr Mem: 2.60 MB )
Extraction called for design 'fa_top' of instances=167532 and nets=184032 using extraction engine 'pre_route' .
**WARN: (IMPEXT-3530):	The process node is not set. Use the command set_design_mode -process <process node> prior to extraction for maximum accuracy and optimal automatic threshold setting.
Type 'man IMPEXT-3530' for more detail.
pre_route RC Extraction called for design fa_top.
RC Extraction called in multi-corner(1) mode.
RCMode: PreRoute
      RC Corner Indexes            0   
Capacitance Scaling Factor   : 1.00000 
Resistance Scaling Factor    : 1.00000 
Clock Cap. Scaling Factor    : 1.00000 
Clock Res. Scaling Factor    : 1.00000 
Shrink Factor                : 1.00000
PreRoute extraction is honoring NDR/Shielding/ExtraSpace for clock nets.
Using Quantus QRC technology file ...
Updating RC Grid density data for preRoute extraction ...
Initializing multi-corner resistance tables ...
PreRoute RC Extraction DONE (CPU Time: 0:00:01.8  Real Time: 0:00:02.0  MEM: 4075.477M)
Starting delay calculation for Setup views
AAE_INFO: opIsDesignInPostRouteState() is 0
#################################################################################
# Design Stage: PreRoute
# Design Name: fa_top
# Design Mode: 90nm
# Analysis Mode: MMMC Non-OCV 
# Parasitics Mode: No SPEF/RCDB 
# Signoff Settings: SI Off 
#################################################################################
Calculate delays in Single mode...
Start delay calculation (fullDC) (8 T). (MEM=4205.53)
siFlow : Timing analysis mode is single, using late cdB files
Total number of fetched objects 183044
AAE_INFO: Total number of nets for which stage creation was skipped for all views 0
End delay calculation. (MEM=4554.04 CPU=0:00:45.2 REAL=0:00:09.0)
End delay calculation (fullDC). (MEM=4494.59 CPU=0:00:53.0 REAL=0:00:13.0)
*** Done Building Timing Graph (cpu=0:01:21 real=0:00:26.0 totSessionCpu=0:45:57 mem=4538.1M)

OptSummary:

------------------------------------------------------------------
             Initial Summary
------------------------------------------------------------------

Setup views included:
 default_emulate_view 

+--------------------+---------+
|     Setup mode     |   all   |
+--------------------+---------+
|           WNS (ns):| -43.087 |
|           TNS (ns):|-1.6e+05 |
|    Violating Paths:|  17186  |
|          All Paths:|  34520  |
+--------------------+---------+

+----------------+-------------------------------+------------------+
|                |              Real             |       Total      |
|    DRVs        +------------------+------------+------------------|
|                |  Nr nets(terms)  | Worst Vio  |  Nr nets(terms)  |
+----------------+------------------+------------+------------------+
|   max_cap      |   5589 (5589)    |   -7.267   |   5589 (5589)    |
|   max_tran     |   9022 (66394)   |  -48.586   |   9023 (66806)   |
|   max_fanout   |      0 (0)       |     0      |      0 (0)       |
|   max_length   |      0 (0)       |     0      |      0 (0)       |
+----------------+------------------+------------+------------------+

Density: 31.498%
------------------------------------------------------------------
**opt_design ... cpu = 0:05:30, real = 0:02:48, mem = 4279.8M, totSessionCpu=0:46:01 **
Begin: Reporting instances with restriction 
+--------------------------------------------------------------------------------------------------------------------------------------------------------+
|          |                                        |           All        |      Sequential      | Combinational(Data Path) | Combinational(Clock Path) |
| Category |                      Detailed Reasons  +-------------+--------+-------------+--------+-------------+------------+-------------+-------------|
|          |                                        |   Count     |   %    |    Count    |   %    |   Count     |     %      |    Count    |      %      |
|----------+----------------------------------------+-------------+--------+-------------+--------+-------------+------------+-------------+-------------|
|  Library | cell for instance is not standard cell |          37 |   0.02 |          37 |   0.20 |           0 |       0.00 |           0 |        -nan | 
|          |                                    All |          37 |   0.02 |          37 |   0.20 |           0 |       0.00 |           0 |        -nan | 
|----------+----------------------------------------+-------------+--------+-------------+--------+-------------+------------+-------------+-------------|
|      All |                                    All |          37 |   0.02 |          37 |   0.20 |           0 |       0.00 |           0 |        -nan | 
+--------------------------------------------------------------------------------------------------------------------------------------------------------+
End: Reporting instances with restriction 
*** InitOpt #1 [finish] (place_opt_design #1) : cpu/real = 0:05:31.0/0:02:48.8 (2.0), totSession cpu/real = 0:46:02.2/0:25:35.6 (1.8), mem = 4279.8M
** INFO : this run is activating medium effort placeOptDesign flow
*** ExcludedClockNetOpt #1 [begin] (place_opt_design #1) : totSession cpu/real = 0:46:04.7/0:25:37.9 (1.8), mem = 4288.3M
*** Starting optimizing excluded clock nets MEM= 4288.3M) ***
*info: No excluded clock nets to be optimized.
*** Finished optimizing excluded clock nets (CPU Time= 0:00:00.0  MEM= 4288.5M) ***
*** ExcludedClockNetOpt #1 [finish] (place_opt_design #1) : cpu/real = 0:00:00.0/0:00:00.0 (0.0), totSession cpu/real = 0:46:04.7/0:25:37.9 (1.8), mem = 4288.5M
The useful skew maximum allowed delay is: 0.3
Running new flow changes for HFN
Begin: GigaOpt high fanout net optimization
GigaOpt HFN: use maxLocalDensity 1.2
GigaOpt Checkpoint: Internal optDRV -useLevelizedBufferTreeOnly -auxMaxFanoutCountLimit 500 -largeScaleFixing -maxIter 1 -maxLocalDensity 1.2 -numThreads 8 -preCTS -preRouteDontEndWithRefinePlaceIncrSteinerRouteDC
*** DrvOpt #1 [begin] (place_opt_design #1) : totSession cpu/real = 0:46:20.8/0:25:47.7 (1.8), mem = 4303.8M
Info: 1 clock net  excluded from IPO operation.

Footprint cell information for calculating maxBufDist
*info: There are 10 candidate Buffer cells
*info: There are 12 candidate Inverter cells

	CornerforLayerOpt timing analysis view default_emulate_view has been selected for calibration 
	CornerforLayerOpt timing analysis view default_emulate_view has been selected for calibration 
	CornerforLayerOpt timing analysis view default_emulate_view has been selected for calibration 
	CornerforLayerOpt timing analysis view default_emulate_view has been selected for calibration 
Dumping Information for Job ...
**WARN: (IMPOPT-7330):	Net rst_n has fanout exceed delaycal_use_default_delay_limit 1000, max-tran violations may increase due to buffering.

Dumping Information for Job ...
**WARN: (IMPOPT-7330):	Net u_core/n_16 has fanout exceed delaycal_use_default_delay_limit 1000, max-tran violations may increase due to buffering.

Dumping Information for Job ...
**WARN: (IMPOPT-7330):	Net u_core/u_update/mul_alpha_reg[15] has fanout exceed delaycal_use_default_delay_limit 1000, max-tran violations may increase due to buffering.

Dumping Information for Job ...
**WARN: (IMPOPT-7330):	Net u_core/u_update/n_0 has fanout exceed delaycal_use_default_delay_limit 1000, max-tran violations may increase due to buffering.

Dumping Information for Job ...
**WARN: (IMPOPT-7330):	Net u_core/u_update/n_4 has fanout exceed delaycal_use_default_delay_limit 1000, max-tran violations may increase due to buffering.

Dumping Information for Job ...
**WARN: (IMPOPT-7330):	Net u_core/u_update/n_352 has fanout exceed delaycal_use_default_delay_limit 1000, max-tran violations may increase due to buffering.

#InfoCS: Num dontuse cells 10, Num usable cells 387, Num real usable cells 383
+---------+---------+--------+-----------+------------+--------+
| Density | Commits |  WNS   |    TNS    |    Real    |  Mem   |
+---------+---------+--------+-----------+------------+--------+
|   31.56%|        -| -43.087|-159528.101|   0:00:00.0| 4319.2M|
Dumping Information for Job ...
**WARN: (IMPOPT-7330):	Net rst_n has fanout exceed delaycal_use_default_delay_limit 1000, max-tran violations may increase due to buffering.

Dumping Information for Job ...
**WARN: (IMPOPT-7330):	Net u_core/n_16 has fanout exceed delaycal_use_default_delay_limit 1000, max-tran violations may increase due to buffering.

Dumping Information for Job ...
**WARN: (IMPOPT-7330):	Net u_core/u_update/mul_alpha_reg[15] has fanout exceed delaycal_use_default_delay_limit 1000, max-tran violations may increase due to buffering.

Dumping Information for Job ...
**WARN: (IMPOPT-7330):	Net u_core/u_update/n_0 has fanout exceed delaycal_use_default_delay_limit 1000, max-tran violations may increase due to buffering.

Dumping Information for Job ...
**WARN: (IMPOPT-7330):	Net u_core/u_update/n_4 has fanout exceed delaycal_use_default_delay_limit 1000, max-tran violations may increase due to buffering.

Dumping Information for Job ...
**WARN: (IMPOPT-7330):	Net u_core/u_update/n_352 has fanout exceed delaycal_use_default_delay_limit 1000, max-tran violations may increase due to buffering.

|   31.74%|      474| -22.836| -89168.639|   0:00:07.0| 4535.9M|
+---------+---------+--------+-----------+------------+--------+

*** Finish pre-CTS High Fanout Net Fixing (cpu=0:00:15.8 real=0:00:07.0 mem=4535.9M) ***
**** Begin Transform Statistics ****
+-------------------------------+-------+-----------+------------+------------+----------+----------+----------+--------+--------------+--------------+------------------+
|                      Transform| Called| Pre Filter| Filter Eval| Detail Eval| Committed|       CPU| CommitCPU| Density| Leakage Power| Dynamic Power| buffers/inverters|
+-------------------------------+-------+-----------+------------+------------+----------+----------+----------+--------+--------------+--------------+------------------+
| highLevelizedBufferingPreRoute|     19|         19|          19|          19|        19| 0:00:01.2| 0:00:00.5|   0.186|      0.000000|      0.000000|           302/172|
+-------------------------------+-------+-----------+------------+------------+----------+----------+----------+--------+--------------+--------------+------------------+
**** End Transform Statistics ****
Bottom Preferred Layer:
    None
Via Pillar Rule:
    None


=======================================================================
                Reasons for remaining drv violations
=======================================================================
*info: Total 13 net(s) were new nets created by previous iteration of DRV buffering. Further DRV fixing might remove some violations.


Change summary: 302/172 (0) buffers/inverters were added (deleted) and 0 instance was resized.
*** DrvOpt #1 [finish] (place_opt_design #1) : cpu/real = 0:00:28.0/0:00:14.4 (1.9), totSession cpu/real = 0:46:48.8/0:26:02.1 (1.8), mem = 4408.8M
GigaOpt HFN: restore maxLocalDensity to 1.2
End: GigaOpt high fanout net optimization
Begin: GigaOpt DRV Optimization
[GPS-DRV] number of DCLS groups: 0; maxIter: 2
GigaOpt Checkpoint: Internal optDRV -max_tran -max_cap -maxLocalDensity 1.2 -numThreads 8 -largeScaleFixing -maxIter 2 -preCTS -preRouteDontEndWithRefinePlaceIncrSteinerRouteDC
*** DrvOpt #2 [begin] (place_opt_design #1) : totSession cpu/real = 0:46:50.9/0:26:04.1 (1.8), mem = 4401.1M
Info: 1 clock net  excluded from IPO operation.
	CornerforLayerOpt timing analysis view default_emulate_view has been selected for calibration 
	CornerforLayerOpt timing analysis view default_emulate_view has been selected for calibration 
	CornerforLayerOpt timing analysis view default_emulate_view has been selected for calibration 
	CornerforLayerOpt timing analysis view default_emulate_view has been selected for calibration 
#InfoCS: Num dontuse cells 10, Num usable cells 387, Num real usable cells 383
+-------------------------------------------------------------------------------------------------------------------------------------------------------+
|        max-tran       |        max-cap        |  max-fanout |  max-length |       setup       |        |        |        |       |          |         |
+-------------------------------------------------------------------------------------------------------------------------------------------------------+
| nets | terms|  wViol  | nets | terms|  wViol  | nets | terms| nets | terms|   WNS   |   TNS   |  #Buf  |  #Inv  | #Resize|Density|   Real   |   Mem   |
+-------------------------------------------------------------------------------------------------------------------------------------------------------+
|  6673| 64053|   -27.38|  6542|  6542|    -3.46|     0|     0|     0|     0|   -22.84|-89168.64|       0|       0|       0| 31.74%|          |         |
|   931|  1399|    -0.34|    17|    17|    -0.05|     0|     0|     0|     0|    -4.27|-21299.02|    8440|    2664|     483| 33.07%| 0:00:29.0|  4663.5M|
|   294|   315|    -0.16|     0|     0|     0.00|     0|     0|     0|     0|    -4.27|-21446.91|     404|     144|     787| 33.22%| 0:00:02.0|  4666.1M|
+-------------------------------------------------------------------------------------------------------------------------------------------------------+
**** Begin Transform Statistics ****
+-----------------------+-------+-----------+------------+------------+----------+----------+----------+--------+--------------+--------------+------------------+------------------------+
|              Transform| Called| Pre Filter| Filter Eval| Detail Eval| Committed|       CPU| CommitCPU| Density| Leakage Power| Dynamic Power| buffers/inverters| Resize Tot/FF/HghtIncFF|
+-----------------------+-------+-----------+------------+------------+----------+----------+----------+--------+--------------+--------------+------------------+------------------------+
| multiBufferDRVPreRoute|  10625|      10625|        8260|        8258|      8257| 0:00:27.3| 0:00:03.0|   1.477|      0.000000|      0.000000|         8844/2808|                1270/0/0|
+-----------------------+-------+-----------+------------+------------+----------+----------+----------+--------+--------------+--------------+------------------+------------------------+
**** End Transform Statistics ****
Bottom Preferred Layer:
+-------------+------------+----------+
|    Layer    |   OPT_LA   |   Rule   |
+-------------+------------+----------+
| met3 (z=4)  |          1 | default  |
| met4 (z=5)  |          6 | default  |
+-------------+------------+----------+
Via Pillar Rule:
    None


=======================================================================
                Reasons for remaining drv violations
=======================================================================
*info: Total 41 net(s) have violations which can't be fixed by DRV optimization.

*info: Total 253 net(s) were new nets created by previous iteration of DRV buffering. Further DRV fixing might remove some violations.

*info: detailed failure reason files are generated below
*info: 	./genus2invs__1001821_98bebad6-1f56-4d85-af38-42c022bfcc8afa_top/drvFailureReason/invs2genus_final.preCts.2.maxTran


Change summary: 8844/2808 (0) buffers/inverters were added (deleted) and 1270 instances were resized.

*** Finish DRV Fixing (cpu=0:01:27 real=0:00:34.0 mem=4666.3M) ***

*** DrvOpt #2 [finish] (place_opt_design #1) : cpu/real = 0:01:37.0/0:00:40.5 (2.4), totSession cpu/real = 0:48:27.9/0:26:44.7 (1.8), mem = 4447.4M
End: GigaOpt DRV Optimization
**opt_design ... cpu = 0:07:57, real = 0:03:58, mem = 4438.2M, totSessionCpu=0:48:28 **

Active setup views:
 default_emulate_view
  Dominating endpoints: 0
  Dominating TNS: -0.000

Begin: GigaOpt Global Optimization
*info: use new DP (enabled)
Global Opt: maxLocalDensity 1.2 (from dbgIPOMaxLocalDensity=1.2, optModeMaxLocDen=1.2)
GigaOpt Checkpoint: Internal globalOpt -maxLocalDensity 1.2 -numThreads 8 -preCTS -rebufferAll -preRouteDontEndWithRefinePlaceIncrSteinerRouteDC -enableHighLayerOpt -maxIter 50 -maxIterForLEPG 50
Info: 1 clock net  excluded from IPO operation.
*** GlobalOpt #1 [begin] (place_opt_design #1) : totSession cpu/real = 0:48:30.1/0:26:47.4 (1.8), mem = 4436.3M
*info: 1 clock net excluded
*info: 524 no-driver nets excluded.
#InfoCS: Num dontuse cells 10, Num usable cells 387, Num real usable cells 383
** GigaOpt Global Opt WNS Slack -4.270  TNS Slack -21446.910 
+--------+----------+---------+------------+--------+--------------------+---------+----------------------------------------------------+
|  WNS   |   TNS    | Density |    Real    |  Mem   |     Worst View     |Pathgroup|                     End Point                      |
+--------+----------+---------+------------+--------+--------------------+---------+----------------------------------------------------+
|  -4.270|-21446.910|   33.22%|   0:00:00.0| 4483.6M|default_emulate_view|  default| u_core/u_update/acc_mul_reg_reg[12][59]/D          |
|  -2.738| -3711.577|   33.47%|   0:00:44.0| 4965.9M|default_emulate_view|  default| u_core/u_dot_u_q_sram_g_bank[6].u_bank_u_mem/din0[ |
|        |          |         |            |        |                    |         | 62]                                                |
|  -1.737| -1954.413|   33.62%|   0:00:22.0| 5107.2M|default_emulate_view|  default| u_core/u_update/acc_mul_reg_reg[12][60]/D          |
|  -1.737| -1954.413|   33.62%|   0:00:04.0| 5114.5M|default_emulate_view|  default| u_core/u_update/acc_mul_reg_reg[12][60]/D          |
|  -1.529| -1237.073|   33.76%|   0:00:19.0| 5117.3M|default_emulate_view|  default| u_core/u_update/acc_mul_reg_reg[12][60]/D          |
|  -1.276|  -969.588|   33.77%|   0:00:27.0| 5151.0M|default_emulate_view|  default| u_core/u_update/acc_mul_reg_reg[14][60]/D          |
|  -1.169|  -869.081|   33.80%|   0:00:09.0| 5163.7M|default_emulate_view|  default| u_core/u_update/acc_mul_reg_reg[12][59]/D          |
|  -1.169|  -869.081|   33.80%|   0:00:03.0| 5166.1M|default_emulate_view|  default| u_core/u_update/acc_mul_reg_reg[12][59]/D          |
|  -1.141|  -788.031|   33.84%|   0:00:06.0| 5166.3M|default_emulate_view|  default| u_finalize/u_norm_product_reg_reg[0][78]/D         |
|  -0.996|  -717.175|   33.86%|   0:00:15.0| 5164.7M|default_emulate_view|  default| u_finalize/u_norm_product_reg_reg[0][78]/D         |
|  -0.970|  -671.552|   33.88%|   0:00:07.0| 5166.6M|default_emulate_view|  default| u_finalize/u_norm_product_reg_reg[0][78]/D         |
|  -0.970|  -671.552|   33.88%|   0:00:03.0| 5166.8M|default_emulate_view|  default| u_finalize/u_norm_product_reg_reg[0][78]/D         |
|  -0.944|  -621.109|   33.92%|   0:00:05.0| 5166.4M|default_emulate_view|  default| u_core/u_update/acc_mul_reg_reg[12][59]/D          |
|  -0.874|  -571.526|   33.93%|   0:00:15.0| 5167.6M|default_emulate_view|  default| u_finalize/u_norm_product_reg_reg[1][63]/D         |
|  -0.871|  -544.528|   33.95%|   0:00:06.0| 5169.7M|default_emulate_view|  default| u_finalize/u_norm_product_reg_reg[0][78]/D         |
|  -0.871|  -544.528|   33.95%|   0:00:03.0| 5170.1M|default_emulate_view|  default| u_finalize/u_norm_product_reg_reg[0][78]/D         |
|  -0.855|  -500.678|   33.99%|   0:00:06.0| 5169.7M|default_emulate_view|  default| u_finalize/u_norm_product_reg_reg[1][77]/D         |
|  -0.854|  -488.890|   34.00%|   0:00:15.0| 5173.2M|default_emulate_view|  default| u_finalize/u_norm_product_reg_reg[1][77]/D         |
|  -0.811|  -451.129|   34.02%|   0:00:06.0| 5172.1M|default_emulate_view|  default| u_finalize/u_norm_product_reg_reg[0][78]/D         |
|  -0.811|  -451.129|   34.02%|   0:00:03.0| 5175.6M|default_emulate_view|  default| u_finalize/u_norm_product_reg_reg[0][78]/D         |
|  -0.828|  -432.586|   34.05%|   0:00:06.0| 5176.3M|default_emulate_view|  default| u_finalize/u_norm_product_reg_reg[0][78]/D         |
|  -0.796|  -428.381|   34.06%|   0:00:14.0| 5179.5M|default_emulate_view|  default| u_finalize/u_norm_product_reg_reg[1][63]/D         |
|  -0.796|  -413.372|   34.08%|   0:00:05.0| 5179.7M|default_emulate_view|  default| u_finalize/u_norm_product_reg_reg[1][63]/D         |
|  -0.796|  -413.372|   34.08%|   0:00:03.0| 5180.2M|default_emulate_view|  default| u_finalize/u_norm_product_reg_reg[1][63]/D         |
|  -0.797|  -396.496|   34.11%|   0:00:06.0| 5178.4M|default_emulate_view|  default| u_finalize/u_norm_product_reg_reg[0][78]/D         |
|  -0.792|  -392.575|   34.12%|   0:00:12.0| 5179.2M|default_emulate_view|  default| u_finalize/u_norm_product_reg_reg[0][78]/D         |
|  -0.792|  -387.854|   34.13%|   0:00:05.0| 5178.6M|default_emulate_view|  default| u_finalize/u_norm_product_reg_reg[0][78]/D         |
|  -0.792|  -387.854|   34.13%|   0:00:02.0| 5179.5M|default_emulate_view|  default| u_finalize/u_norm_product_reg_reg[0][78]/D         |
|  -0.792|  -375.756|   34.17%|   0:00:08.0| 5179.9M|default_emulate_view|  default| u_finalize/u_norm_product_reg_reg[0][78]/D         |
|  -0.769|  -358.868|   34.17%|   0:00:15.0| 5176.0M|default_emulate_view|  default| u_finalize/u_norm_product_reg_reg[0][78]/D         |
+--------+----------+---------+------------+--------+--------------------+---------+----------------------------------------------------+

*** Finish pre-CTS Global Setup Fixing (cpu=0:15:41 real=0:04:54 mem=5176.0M) ***

*** Finish pre-CTS Setup Fixing (cpu=0:15:41 real=0:04:54 mem=5176.0M) ***
**** Begin Transform Statistics ****
+---------------------------------------------+-------+-----------+------------+------------+----------+----------+----------+--------+--------------+--------------+-------+------------------+------------------------+
|                                    Transform| Called| Pre Filter| Filter Eval| Detail Eval| Committed|       CPU| CommitCPU| Density| Leakage Power| Dynamic Power| Delete| buffers/inverters| Resize Tot/FF/HghtIncFF|
+---------------------------------------------+-------+-----------+------------+------------+----------+----------+----------+--------+--------------+--------------+-------+------------------+------------------------+
| optFanoutRebufferAdaptativeLargeTreePreRoute|   9491|       9491|        9667|        2988|      2524|   0:01:10| 0:00:02.3|   0.254|      0.000000|      0.000000|   4093|         2468/3076|                 343/0/0|
|         optFanoutBuffAdaptativeLayerPreRoute| 123656|     123656|        7648|        5230|      2458|   0:01:45| 0:00:01.1|   0.260|      0.000000|      0.000000|     NA|           1065/58|                1696/0/0|
|                        RouteTypeAssignResize| 130156|          0|           0|           0|         0| 0:00:00.5| 0:00:00.0|   0.000|      0.000000|      0.000000|     NA|                NA|                      NA|
|                                   FastResize| 134705|     134705|       15520|           0|      5186| 0:00:59.7| 0:00:00.3|   0.353|      0.000000|      0.000000|     NA|                NA|              5186/897/0|
| optFanoutRebufferAdaptativeSmallTreePreRoute|  10051|      10051|       10214|        3369|      1411|   0:02:28| 0:00:02.1|   0.083|      0.000000|      0.000000|   3392|         1925/2440|                 416/0/0|
|           optFanoutPreRouteHighLayerRebuffer|   5853|       5853|        1254|         331|       150| 0:00:34.5| 0:00:00.2|   0.005|      0.000000|      0.000000|    276|           154/179|                  47/0/0|
+---------------------------------------------+-------+-----------+------------+------------+----------+----------+----------+--------+--------------+--------------+-------+------------------+------------------------+
**** End Transform Statistics ****
Bottom Preferred Layer:
+-------------+------------+----------+
|    Layer    |   OPT_LA   |   Rule   |
+-------------+------------+----------+
| met3 (z=4)  |         46 | default  |
| met4 (z=5)  |          8 | default  |
+-------------+------------+----------+
Via Pillar Rule:
    None

Change summary: 5612/5753 (7761) buffers/inverters were added (deleted) and 7688 instances were resized.
** GigaOpt Global Opt End WNS Slack -0.769  TNS Slack -358.868 
*** GlobalOpt #1 [finish] (place_opt_design #1) : cpu/real = 0:15:53.2/0:05:05.4 (3.1), totSession cpu/real = 1:04:23.3/0:31:52.8 (2.0), mem = 4662.5M
Global Opt: restore maxLocalDensity to 1.2
End: GigaOpt Global Optimization
*** Timing NOT met, worst failing slack is -0.769
*** Check timing (0:00:00.0)
GigaOpt Checkpoint: Internal reclaim -numThreads 8 -preCTS -force -doRemoveUselessTerm -tgtSlackMult 3 -routeType -noRouteTypeResizePolish -noViewPrune -weedwhack -nonLegal -nativePathGroupFlow -SimpCCIn -GCompAndPhase
Info: 1 clock net  excluded from IPO operation.
Begin: Area Reclaim Optimization
#InfoCS: Num dontuse cells 10, Num usable cells 387, Num real usable cells 383
*** AreaOpt #1 [begin] (place_opt_design #1) : totSession cpu/real = 1:04:26.5/0:31:55.7 (2.0), mem = 4667.7M
Reclaim Optimization WNS Slack -0.769  TNS Slack -358.868 Density 34.17
Reclaim Target Slack 0.000 Fastest Clock Period 3.333 StdDelay is 0.03610 Standard Cell Height 3.330um
+---------+---------+--------+--------+------------+--------+
| Density | Commits |  WNS   |  TNS   |    Real    |  Mem   |
+---------+---------+--------+--------+------------+--------+
|   34.17%|        -|  -0.769|-358.868|   0:00:00.0| 4687.6M|
|   34.17%|        6|  -0.769|-358.868|   0:00:02.0| 4713.9M|
|   33.99%|     1475|  -0.769|-358.409|   0:00:13.0| 4767.8M|
|   33.74%|     4101|  -0.761|-352.578|   0:00:29.0| 4822.0M|
|   33.73%|      166|  -0.761|-352.705|   0:00:05.0| 4829.7M|
|   33.73%|       11|  -0.761|-352.704|   0:00:02.0| 4832.5M|
|   33.73%|        0|  -0.761|-352.704|   0:00:01.0| 4832.5M|
|   33.73%|        0|  -0.761|-352.704|   0:00:01.0| 4832.1M|
+---------+---------+--------+--------+------------+--------+
Reclaim Optimization End WNS Slack -0.761  TNS Slack -352.704 Density 33.73
**** Begin Transform Statistics ****
+---------------------------------------------------+-------+-----------+------------+------------+----------+----------+----------+--------+--------------+--------------+-------+------------------------+
|                                          Transform| Called| Pre Filter| Filter Eval| Detail Eval| Committed|       CPU| CommitCPU| Density| Leakage Power| Dynamic Power| Delete| Resize Tot/FF/HghtIncFF|
+---------------------------------------------------+-------+-----------+------------+------------+----------+----------+----------+--------+--------------+--------------+-------+------------------------+
| RouteTypeReclaimResizeWithLayerAssignmentTransform|    101|        101|           6|           6|         6| 0:00:00.2| 0:00:00.0|   0.000|      0.000000|      0.000000|     NA|                      NA|
|                                ReclaimDeleteBuffer| 183225|       8700|         909|         909|       906| 0:00:10.9| 0:00:00.7|  -0.011|      0.000000|      0.000000|    906|                      NA|
|                                     ReclaimDeclone| 182316|       1465|         685|         685|       569| 0:00:08.0| 0:00:00.4|  -0.053|      0.000000|      0.000000|     NA|                      NA|
|                                      ReclaimResize| 189884|     189884|        4295|         325|      4278| 0:00:14.9| 0:00:00.3|  -0.298|      0.000000|      0.000000|     NA|              4828/495/0|
+---------------------------------------------------+-------+-----------+------------+------------+----------+----------+----------+--------+--------------+--------------+-------+------------------------+
**** End Transform Statistics ****
Bottom Preferred Layer:
+-------------+------------+----------+
|    Layer    |   OPT_LA   |   Rule   |
+-------------+------------+----------+
| met3 (z=4)  |         44 | default  |
| met4 (z=5)  |          3 | default  |
+-------------+------------+----------+
Via Pillar Rule:
    None

Number of times islegalLocAvaiable called = 0 skipped = 0, called in commitmove = 0, skipped in commitmove = 0
End: Core Area Reclaim Optimization (cpu = 0:01:54) (real = 0:00:59.0) **
*** AreaOpt #1 [finish] (place_opt_design #1) : cpu/real = 0:01:54.3/0:00:59.2 (1.9), totSession cpu/real = 1:06:20.9/0:32:54.9 (2.0), mem = 4832.2M
Executing incremental physical updates
Executing incremental physical updates
End: Area Reclaim Optimization (cpu=0:01:55, real=0:01:00, mem=4692.22M, totSessionCpu=1:06:22).
*** Timing NOT met, worst failing slack is -0.761
*** Check timing (0:00:00.3)
Begin: GigaOpt Optimization in TNS mode
GigaOpt Checkpoint: Internal optTiming -allEndPoints -maxLocalDensity 1.2 -maxLocalDensityForHardenOpt 1.2 -numThreads 8 -preCTS -lowEffort -pgMode all -nativePathGroupFlow -skipLowEffortCategoryOptimization -qftns -ftns -nonLegalPlaceEcoBumpRecoveryInTNSOpt -ipoTgtSlackCoef 0 -effTgtSlackCoef 0
Info: 1 clock net  excluded from IPO operation.
*** TnsOpt #1 [begin] (place_opt_design #1) : totSession cpu/real = 1:06:45.2/0:33:06.1 (2.0), mem = 4719.7M
*info: 1 clock net excluded
*info: 524 no-driver nets excluded.
#InfoCS: Num dontuse cells 10, Num usable cells 387, Num real usable cells 383
** GigaOpt Optimizer WNS Slack -0.761 TNS Slack -352.704 Density 33.73
OptDebug: Start of Optimizer TNS Pass:
+----------+------+--------+
|Path Group|   WNS|     TNS|
+----------+------+--------+
|default   | 0.004|   0.000|
|reg2reg   |-0.761|-352.704|
|HEPG      |-0.761|-352.704|
|All Paths |-0.761|-352.704|
+----------+------+--------+

Active Path Group: reg2reg  
+--------+---------+--------+---------+---------+------------+--------+--------------------+---------+----------------------------------------------------+
|  WNS   | All WNS |  TNS   | All TNS | Density |    Real    |  Mem   |     Worst View     |Pathgroup|                     End Point                      |
+--------+---------+--------+---------+---------+------------+--------+--------------------+---------+----------------------------------------------------+
|  -0.761|   -0.761|-352.704| -352.704|   33.73%|   0:00:00.0| 4735.6M|default_emulate_view|  reg2reg| u_finalize/u_norm_product_reg_reg[0][78]/D         |
|  -0.730|   -0.730|-351.571| -351.571|   33.73%|   0:00:01.0| 4805.0M|default_emulate_view|  reg2reg| u_finalize/u_norm_product_reg_reg[1][77]/D         |
|  -0.699|   -0.699|-350.688| -350.688|   33.73%|   0:00:00.0| 4835.8M|default_emulate_view|  reg2reg| u_finalize/u_norm_product_reg_reg[1][77]/D         |
|  -0.680|   -0.680|-348.870| -348.870|   33.73%|   0:00:01.0| 4861.4M|default_emulate_view|  reg2reg| u_finalize/u_norm_product_reg_reg[0][78]/D         |
|  -0.664|   -0.664|-347.349| -347.349|   33.73%|   0:00:01.0| 4963.6M|default_emulate_view|  reg2reg| u_finalize/u_norm_product_reg_reg[0][78]/D         |
|  -0.639|   -0.639|-346.373| -346.373|   33.73%|   0:00:00.0| 4969.1M|default_emulate_view|  reg2reg| u_finalize/u_norm_product_reg_reg[0][70]/D         |
|  -0.632|   -0.632|-345.153| -345.153|   33.74%|   0:00:02.0| 5082.8M|default_emulate_view|  reg2reg| u_finalize/u_norm_product_reg_reg[0][73]/D         |
|  -0.618|   -0.618|-343.121| -343.121|   33.74%|   0:00:01.0| 5123.4M|default_emulate_view|  reg2reg| u_finalize/u_norm_product_reg_reg[0][70]/D         |
|  -0.608|   -0.608|-342.425| -342.425|   33.74%|   0:00:03.0| 5988.7M|default_emulate_view|  reg2reg| u_finalize/u_norm_product_reg_reg[0][70]/D         |
|  -0.593|   -0.593|-334.490| -334.490|   33.74%|   0:00:02.0| 5999.1M|default_emulate_view|  reg2reg| u_finalize/u_norm_product_reg_reg[0][70]/D         |
|  -0.586|   -0.586|-333.428| -333.428|   33.75%|   0:00:02.0| 5998.9M|default_emulate_view|  reg2reg| u_finalize/u_norm_product_reg_reg[1][63]/D         |
|  -0.586|   -0.586|-328.766| -328.766|   33.75%|   0:00:01.0| 5999.3M|default_emulate_view|  reg2reg| u_finalize/u_norm_product_reg_reg[1][63]/D         |
|  -0.586|   -0.586|-327.893| -327.893|   33.76%|   0:00:00.0| 5997.8M|default_emulate_view|  reg2reg| u_finalize/u_norm_product_reg_reg[1][63]/D         |
|  -0.586|   -0.586|-327.492| -327.492|   33.76%|   0:00:00.0| 5997.8M|default_emulate_view|  reg2reg| u_finalize/u_norm_product_reg_reg[1][63]/D         |
|  -0.586|   -0.586|-320.441| -320.441|   33.77%|   0:00:02.0| 5998.4M|default_emulate_view|  reg2reg| u_finalize/u_norm_product_reg_reg[1][78]/D         |
|  -0.586|   -0.586|-320.301| -320.301|   33.77%|   0:00:01.0| 5998.4M|default_emulate_view|  reg2reg| u_finalize/u_norm_product_reg_reg[1][78]/D         |
|  -0.586|   -0.586|-319.960| -319.960|   33.77%|   0:00:00.0| 5998.5M|default_emulate_view|  reg2reg| u_finalize/u_norm_product_reg_reg[1][78]/D         |
|  -0.586|   -0.586|-319.499| -319.499|   33.78%|   0:00:01.0| 5998.2M|default_emulate_view|  reg2reg| u_finalize/u_norm_product_reg_reg[1][78]/D         |
|  -0.586|   -0.586|-311.859| -311.859|   33.79%|   0:00:02.0| 5998.8M|default_emulate_view|  reg2reg| u_finalize/u_norm_product_reg_reg[1][51]/D         |
|  -0.586|   -0.586|-311.561| -311.561|   33.79%|   0:00:00.0| 5998.8M|default_emulate_view|  reg2reg| u_finalize/u_norm_product_reg_reg[1][51]/D         |
|  -0.586|   -0.586|-310.094| -310.094|   33.79%|   0:00:02.0| 5998.2M|default_emulate_view|  reg2reg| u_finalize/u_norm_product_reg_reg[1][51]/D         |
|  -0.586|   -0.586|-309.866| -309.866|   33.79%|   0:00:00.0| 5998.2M|default_emulate_view|  reg2reg| u_finalize/u_norm_product_reg_reg[1][51]/D         |
|  -0.586|   -0.586|-300.641| -300.641|   33.81%|   0:00:02.0| 5998.2M|default_emulate_view|  reg2reg| u_finalize/u_norm_product_reg_reg[0][67]/D         |
|  -0.586|   -0.586|-297.682| -297.682|   33.81%|   0:00:01.0| 5997.3M|default_emulate_view|  reg2reg| u_finalize/u_norm_product_reg_reg[0][67]/D         |
|  -0.586|   -0.586|-296.897| -296.897|   33.81%|   0:00:00.0| 5997.3M|default_emulate_view|  reg2reg| u_finalize/u_norm_product_reg_reg[0][67]/D         |
|  -0.586|   -0.586|-287.184| -287.184|   33.82%|   0:00:02.0| 5998.4M|default_emulate_view|  reg2reg| u_finalize/u_norm_product_reg_reg[1][54]/D         |
|  -0.586|   -0.586|-282.692| -282.692|   33.83%|   0:00:02.0| 5997.6M|default_emulate_view|  reg2reg| u_finalize/u_norm_product_reg_reg[1][54]/D         |
|  -0.586|   -0.586|-281.049| -281.049|   33.84%|   0:00:00.0| 5997.1M|default_emulate_view|  reg2reg| u_finalize/u_norm_product_reg_reg[1][54]/D         |
|  -0.586|   -0.586|-275.036| -275.036|   33.85%|   0:00:03.0| 5996.5M|default_emulate_view|  reg2reg| u_finalize/u_norm_product_reg_reg[1][46]/D         |
|  -0.586|   -0.586|-268.879| -268.879|   33.87%|   0:00:02.0| 5995.5M|default_emulate_view|  reg2reg| u_finalize/u_norm_product_reg_reg[1][46]/D         |
|  -0.586|   -0.586|-267.207| -267.207|   33.87%|   0:00:01.0| 5995.9M|default_emulate_view|  reg2reg| u_finalize/u_norm_product_reg_reg[1][46]/D         |
|  -0.586|   -0.586|-261.699| -261.699|   33.89%|   0:00:04.0| 6008.7M|default_emulate_view|  reg2reg| u_core/u_update/acc_mul_reg_reg[12][59]/D          |
|  -0.586|   -0.586|-261.652| -261.652|   33.89%|   0:00:01.0| 6008.3M|default_emulate_view|  reg2reg| u_core/u_update/acc_mul_reg_reg[1][60]/D           |
|  -0.586|   -0.586|-255.980| -255.980|   33.92%|   0:00:03.0| 6009.5M|default_emulate_view|  reg2reg| u_finalize/u_norm_product_reg_reg[0][64]/D         |
|  -0.586|   -0.586|-249.245| -249.245|   33.95%|   0:00:02.0| 6010.9M|default_emulate_view|  reg2reg| u_finalize/u_norm_product_reg_reg[0][64]/D         |
|  -0.586|   -0.586|-248.952| -248.952|   33.95%|   0:00:01.0| 6010.9M|default_emulate_view|  reg2reg| u_finalize/u_norm_product_reg_reg[0][64]/D         |
|  -0.586|   -0.586|-246.440| -246.440|   33.98%|   0:00:02.0| 6011.2M|default_emulate_view|  reg2reg| u_finalize/u_norm_product_reg_reg[0][64]/D         |
|  -0.586|   -0.586|-241.270| -241.270|   34.03%|   0:00:05.0| 6009.2M|default_emulate_view|  reg2reg| u_finalize/u_norm_product_reg_reg[0][54]/D         |
|  -0.586|   -0.586|-240.572| -240.572|   34.03%|   0:00:00.0| 6009.2M|default_emulate_view|  reg2reg| u_finalize/u_norm_product_reg_reg[0][54]/D         |
|  -0.586|   -0.586|-235.455| -235.455|   34.07%|   0:00:03.0| 6010.3M|default_emulate_view|  reg2reg| u_finalize/u_norm_product_reg_reg[0][54]/D         |
|  -0.586|   -0.586|-235.359| -235.359|   34.07%|   0:00:00.0| 6010.3M|default_emulate_view|  reg2reg| u_finalize/u_norm_product_reg_reg[0][54]/D         |
|  -0.586|   -0.586|-233.923| -233.923|   34.09%|   0:00:02.0| 6009.8M|default_emulate_view|  reg2reg| u_finalize/u_norm_product_reg_reg[0][54]/D         |
|  -0.586|   -0.586|-228.390| -228.390|   34.13%|   0:00:05.0| 6010.1M|default_emulate_view|  reg2reg| u_core/u_update/acc_mul_reg_reg[2][57]/D           |
|  -0.586|   -0.586|-228.308| -228.308|   34.13%|   0:00:00.0| 6010.3M|default_emulate_view|  reg2reg| u_core/u_update/acc_mul_reg_reg[2][57]/D           |
|  -0.586|   -0.586|-226.061| -226.061|   34.16%|   0:00:02.0| 6010.4M|default_emulate_view|  reg2reg| u_core/u_update/acc_mul_reg_reg[2][57]/D           |
|  -0.586|   -0.586|-225.524| -225.524|   34.18%|   0:00:01.0| 6010.5M|default_emulate_view|  reg2reg| u_core/u_update/acc_mul_reg_reg[2][57]/D           |
|  -0.586|   -0.586|-222.828| -222.828|   34.22%|   0:00:05.0| 6011.4M|default_emulate_view|  reg2reg| u_core/u_update/acc_mul_reg_reg[9][49]/D           |
|  -0.586|   -0.586|-222.528| -222.528|   34.22%|   0:00:01.0| 6012.4M|default_emulate_view|  reg2reg| u_core/u_update/acc_mul_reg_reg[9][49]/D           |
|  -0.586|   -0.586|-220.684| -220.684|   34.24%|   0:00:02.0| 6013.6M|default_emulate_view|  reg2reg| u_core/u_update/acc_mul_reg_reg[9][49]/D           |
|  -0.586|   -0.586|-217.094| -217.094|   34.27%|   0:00:03.0| 6013.0M|default_emulate_view|  reg2reg| u_core/u_update/acc_mul_reg_reg[8][39]/D           |
|  -0.586|   -0.586|-216.756| -216.756|   34.27%|   0:00:02.0| 6012.6M|default_emulate_view|  reg2reg| u_core/u_update/acc_mul_reg_reg[8][39]/D           |
|  -0.586|   -0.586|-215.835| -215.835|   34.29%|   0:00:01.0| 6013.9M|default_emulate_view|  reg2reg| u_core/u_update/acc_mul_reg_reg[8][39]/D           |
|  -0.586|   -0.586|-215.691| -215.691|   34.29%|   0:00:00.0| 6014.0M|default_emulate_view|  reg2reg| u_core/u_update/acc_mul_reg_reg[8][39]/D           |
|  -0.586|   -0.586|-215.257| -215.257|   34.30%|   0:00:01.0| 6014.1M|default_emulate_view|  reg2reg| u_core/u_update/acc_mul_reg_reg[8][39]/D           |
|  -0.586|   -0.586|-215.250| -215.250|   34.30%|   0:00:00.0| 6014.5M|default_emulate_view|  reg2reg| u_core/u_update/acc_mul_reg_reg[8][39]/D           |
|  -0.586|   -0.586|-212.594| -212.594|   34.31%|   0:00:04.0| 6014.7M|default_emulate_view|  reg2reg| u_core/u_update/acc_mul_reg_reg[8][55]/D           |
|  -0.586|   -0.586|-212.268| -212.268|   34.32%|   0:00:00.0| 6014.0M|default_emulate_view|  reg2reg| u_core/u_update/acc_mul_reg_reg[8][55]/D           |
|  -0.586|   -0.586|-210.941| -210.941|   34.33%|   0:00:02.0| 6014.9M|default_emulate_view|  reg2reg| u_core/u_update/acc_mul_reg_reg[8][55]/D           |
|  -0.586|   -0.586|-210.824| -210.824|   34.33%|   0:00:00.0| 6015.0M|default_emulate_view|  reg2reg| u_core/u_update/acc_mul_reg_reg[8][55]/D           |
|  -0.586|   -0.586|-210.362| -210.362|   34.33%|   0:00:00.0| 6015.0M|default_emulate_view|  reg2reg| u_core/u_update/acc_mul_reg_reg[8][55]/D           |
|  -0.586|   -0.586|-206.859| -206.859|   34.35%|   0:00:04.0| 6014.3M|default_emulate_view|  reg2reg| u_core/u_update/acc_mul_reg_reg[4][48]/D           |
|  -0.586|   -0.586|-206.665| -206.665|   34.35%|   0:00:00.0| 6014.5M|default_emulate_view|  reg2reg| u_core/u_update/acc_mul_reg_reg[4][48]/D           |
|  -0.586|   -0.586|-205.734| -205.734|   34.35%|   0:00:01.0| 6014.5M|default_emulate_view|  reg2reg| u_core/u_update/acc_mul_reg_reg[4][48]/D           |
|  -0.586|   -0.586|-205.699| -205.699|   34.35%|   0:00:00.0| 6014.7M|default_emulate_view|  reg2reg| u_core/u_update/acc_mul_reg_reg[4][48]/D           |
|  -0.586|   -0.586|-205.495| -205.495|   34.36%|   0:00:01.0| 6015.0M|default_emulate_view|  reg2reg| u_core/u_update/acc_mul_reg_reg[4][48]/D           |
|  -0.586|   -0.586|-203.305| -203.305|   34.36%|   0:00:03.0| 6015.8M|default_emulate_view|  reg2reg| u_core/u_update/acc_mul_reg_reg[4][44]/D           |
|  -0.586|   -0.586|-203.161| -203.161|   34.36%|   0:00:01.0| 6014.3M|default_emulate_view|  reg2reg| u_core/u_update/acc_mul_reg_reg[4][44]/D           |
|  -0.586|   -0.586|-202.301| -202.301|   34.37%|   0:00:01.0| 6014.8M|default_emulate_view|  reg2reg| u_core/u_update/acc_mul_reg_reg[4][44]/D           |
|  -0.586|   -0.586|-202.146| -202.146|   34.37%|   0:00:00.0| 6015.0M|default_emulate_view|  reg2reg| u_core/u_update/acc_mul_reg_reg[4][44]/D           |
|  -0.586|   -0.586|-202.068| -202.068|   34.37%|   0:00:01.0| 6015.0M|default_emulate_view|  reg2reg| u_core/u_update/acc_mul_reg_reg[4][44]/D           |
|  -0.586|   -0.586|-199.956| -199.956|   34.38%|   0:00:02.0| 6015.5M|default_emulate_view|  reg2reg| u_core/u_update/acc_mul_reg_reg[0][32]/D           |
|  -0.586|   -0.586|-199.784| -199.784|   34.38%|   0:00:00.0| 6015.6M|default_emulate_view|  reg2reg| u_core/u_update/acc_mul_reg_reg[0][32]/D           |
|  -0.586|   -0.586|-199.006| -199.006|   34.39%|   0:00:01.0| 6015.9M|default_emulate_view|  reg2reg| u_core/u_update/acc_mul_reg_reg[0][32]/D           |
|  -0.586|   -0.586|-198.980| -198.980|   34.39%|   0:00:01.0| 6016.0M|default_emulate_view|  reg2reg| u_core/u_update/acc_mul_reg_reg[9][37]/D           |
|  -0.586|   -0.586|-198.440| -198.440|   34.39%|   0:00:00.0| 6016.1M|default_emulate_view|  reg2reg| u_core/u_update/acc_mul_reg_reg[9][37]/D           |
|  -0.586|   -0.586|-195.861| -195.861|   34.40%|   0:00:04.0| 6017.4M|default_emulate_view|  reg2reg| u_core/u_update/acc_mul_reg_reg[9][23]/D           |
|  -0.586|   -0.586|-195.510| -195.510|   34.40%|   0:00:01.0| 6016.8M|default_emulate_view|  reg2reg| u_core/u_update/acc_mul_reg_reg[9][23]/D           |
|  -0.586|   -0.586|-193.641| -193.641|   34.42%|   0:00:01.0| 6019.7M|default_emulate_view|  reg2reg| u_core/u_update/acc_mul_reg_reg[9][23]/D           |
|  -0.586|   -0.586|-193.398| -193.398|   34.42%|   0:00:01.0| 6019.7M|default_emulate_view|  reg2reg| u_core/u_update/acc_mul_reg_reg[9][23]/D           |
|  -0.586|   -0.586|-192.900| -192.900|   34.43%|   0:00:01.0| 6020.3M|default_emulate_view|  reg2reg| u_core/u_update/acc_mul_reg_reg[9][23]/D           |
|  -0.586|   -0.586|-192.710| -192.710|   34.43%|   0:00:00.0| 6020.3M|default_emulate_view|  reg2reg| u_core/u_update/acc_mul_reg_reg[5][47]/D           |
|  -0.586|   -0.586|-192.352| -192.352|   34.43%|   0:00:01.0| 6020.3M|default_emulate_view|  reg2reg| u_core/u_update/acc_mul_reg_reg[5][47]/D           |
|  -0.586|   -0.586|-192.224| -192.224|   34.43%|   0:00:00.0| 6020.5M|default_emulate_view|  reg2reg| u_core/u_update/acc_mul_reg_reg[5][47]/D           |
|  -0.586|   -0.586|-189.956| -189.956|   34.45%|   0:00:03.0| 6021.6M|default_emulate_view|  reg2reg| u_core/u_update/acc_mul_reg_reg[5][44]/D           |
|  -0.586|   -0.586|-189.832| -189.832|   34.46%|   0:00:00.0| 6021.5M|default_emulate_view|  reg2reg| u_core/u_update/acc_mul_reg_reg[5][44]/D           |
|  -0.586|   -0.586|-188.964| -188.964|   34.47%|   0:00:01.0| 6022.2M|default_emulate_view|  reg2reg| u_core/u_update/acc_mul_reg_reg[5][44]/D           |
|  -0.586|   -0.586|-188.600| -188.600|   34.47%|   0:00:01.0| 6022.8M|default_emulate_view|  reg2reg| u_core/u_update/acc_mul_reg_reg[5][44]/D           |
|  -0.586|   -0.586|-186.391| -186.391|   34.50%|   0:00:03.0| 6023.8M|default_emulate_view|  reg2reg| u_finalize/u_norm_product_reg_reg[0][37]/D         |
|  -0.586|   -0.586|-186.299| -186.299|   34.50%|   0:00:00.0| 6023.8M|default_emulate_view|  reg2reg| u_finalize/u_norm_product_reg_reg[0][37]/D         |
|  -0.586|   -0.586|-185.676| -185.676|   34.52%|   0:00:02.0| 6024.4M|default_emulate_view|  reg2reg| u_finalize/u_norm_product_reg_reg[0][37]/D         |
|  -0.586|   -0.586|-185.638| -185.638|   34.52%|   0:00:00.0| 6024.5M|default_emulate_view|  reg2reg| u_finalize/u_norm_product_reg_reg[0][37]/D         |
|  -0.586|   -0.586|-185.471| -185.471|   34.52%|   0:00:01.0| 6024.8M|default_emulate_view|  reg2reg| u_finalize/u_norm_product_reg_reg[0][37]/D         |
|  -0.586|   -0.586|-184.368| -184.368|   34.54%|   0:00:03.0| 6026.0M|default_emulate_view|  reg2reg| u_core/u_update/acc_mul_reg_reg[2][28]/D           |
|  -0.586|   -0.586|-184.261| -184.261|   34.54%|   0:00:00.0| 6026.0M|default_emulate_view|  reg2reg| u_core/u_update/acc_mul_reg_reg[2][28]/D           |
|  -0.586|   -0.586|-183.583| -183.583|   34.56%|   0:00:01.0| 6026.5M|default_emulate_view|  reg2reg| u_core/u_update/acc_mul_reg_reg[2][28]/D           |
|  -0.586|   -0.586|-183.582| -183.582|   34.56%|   0:00:01.0| 6026.5M|default_emulate_view|  reg2reg| u_core/u_update/acc_mul_reg_reg[2][28]/D           |
|  -0.586|   -0.586|-183.367| -183.367|   34.57%|   0:00:01.0| 6026.4M|default_emulate_view|  reg2reg| u_core/u_update/acc_mul_reg_reg[2][28]/D           |
|  -0.586|   -0.586|-183.038| -183.038|   34.58%|   0:00:01.0| 6026.0M|default_emulate_view|  reg2reg| u_finalize/u_norm_product_reg_reg[0][32]/D         |
|  -0.586|   -0.586|-182.864| -182.864|   34.58%|   0:00:01.0| 6026.0M|default_emulate_view|  reg2reg| u_finalize/u_norm_product_reg_reg[0][32]/D         |
|  -0.586|   -0.586|-182.844| -182.844|   34.58%|   0:00:00.0| 6026.0M|default_emulate_view|  reg2reg| u_finalize/u_norm_product_reg_reg[0][32]/D         |
|  -0.586|   -0.586|-182.839| -182.839|   34.58%|   0:00:00.0| 6026.0M|default_emulate_view|  reg2reg| u_finalize/u_norm_product_reg_reg[0][32]/D         |
|  -0.586|   -0.586|-182.839| -182.839|   34.58%|   0:00:03.0| 6025.4M|default_emulate_view|  reg2reg| u_finalize/u_norm_product_reg_reg[1][63]/D         |
+--------+---------+--------+---------+---------+------------+--------+--------------------+---------+----------------------------------------------------+

*** Finish Core Optimize Step (cpu=0:06:10 real=0:02:14 mem=6025.4M) ***

*** Finished Optimize Step Cumulative (cpu=0:06:57 real=0:02:31 mem=6028.9M) ***
OptDebug: End of Optimizer TNS Pass:
+----------+------+--------+
|Path Group|   WNS|     TNS|
+----------+------+--------+
|default   | 0.004|   0.000|
|reg2reg   |-0.586|-182.839|
|HEPG      |-0.586|-182.839|
|All Paths |-0.586|-182.839|
+----------+------+--------+

*** Finished re-routing un-routed nets (5143.3M) ***

*** Finish Physical Update (cpu=0:00:04.9 real=0:00:05.0 mem=5145.0M) ***
** GigaOpt Optimizer WNS Slack -0.586 TNS Slack -182.839 Density 34.58
OptDebug: End of Setup Fixing:
+----------+------+--------+
|Path Group|   WNS|     TNS|
+----------+------+--------+
|default   | 0.004|   0.000|
|reg2reg   |-0.586|-182.839|
|HEPG      |-0.586|-182.839|
|All Paths |-0.586|-182.839|
+----------+------+--------+

**** Begin Transform Statistics ****
+-----------------------------+-------+-----------+------------+------------+----------+----------+----------+--------+--------------+--------------+-------+------------------+------------------------+
|                    Transform| Called| Pre Filter| Filter Eval| Detail Eval| Committed|       CPU| CommitCPU| Density| Leakage Power| Dynamic Power| Delete| buffers/inverters| Resize Tot/FF/HghtIncFF|
+-----------------------------+-------+-----------+------------+------------+----------+----------+----------+--------+--------------+--------------+-------+------------------+------------------------+
|                    remapGate|  17694|       7819|        4528|        2432|      1370|   0:01:44| 0:00:02.0|   0.459|      0.000000|      0.000000|     NA|                NA|                      NA|
|              lowEffortResize|  22889|      22685|       10688|        5056|      3290|   0:01:05| 0:00:00.2|   0.267|      0.000000|      0.000000|     NA|                NA|               3290/38/0|
|             rebufferPreRoute|   1866|       1754|         401|          55|        28| 0:00:42.2| 0:00:00.1|   0.004|      0.000000|      0.000000|    152|            96/133|                   7/0/0|
| MultiBufferLowEffortPreRoute|   5402|       5157|        1323|         479|       281| 0:00:38.3| 0:00:00.2|   0.080|      0.000000|      0.000000|     NA|             389/8|                      NA|
|             bufToInvPreRoute|   1610|        303|          21|           0|         0| 0:00:10.1| 0:00:00.0|   0.000|      0.000000|      0.000000|     NA|                NA|                      NA|
|          DeleteBufInvTreeTNS|   1760|        121|         121|           0|         0| 0:00:04.7| 0:00:00.0|   0.000|      0.000000|      0.000000|     NA|                NA|                      NA|
|                 DeleteBuffer|   1761|         59|          59|           1|         0| 0:00:01.2| 0:00:00.0|   0.000|      0.000000|      0.000000|     NA|                NA|                      NA|
|        RouteTypeAssignResize|  22889|          0|           0|           0|         0| 0:00:00.2| 0:00:00.0|   0.000|      0.000000|      0.000000|     NA|                NA|                      NA|
+-----------------------------+-------+-----------+------------+------------+----------+----------+----------+--------+--------------+--------------+-------+------------------+------------------------+
**** End Transform Statistics ****
Bottom Preferred Layer:
+-------------+------------+----------+
|    Layer    |   OPT_LA   |   Rule   |
+-------------+------------+----------+
| met3 (z=4)  |         43 | default  |
| met4 (z=5)  |          4 | default  |
+-------------+------------+----------+
Via Pillar Rule:
    None

*** Finish pre-CTS Setup Fixing (cpu=0:07:07 real=0:02:40 mem=5146.5M) ***

**** Begin Polishing Statistics ****
 #NodeCalled:240; #SubnwCalled:0(#candNode:0); #PassFilter:157; #PassDetailEval:140; #FailedDetailEval:29; #FilterCandSol:271; #CPU:0:00:01.2; #transformCPU:0:00:01.0
**** End Polishing Statistics ****
*** TnsOpt #1 [finish] (place_opt_design #1) : cpu/real = 0:07:14.6/0:02:47.0 (2.6), totSession cpu/real = 1:13:59.8/0:35:53.1 (2.1), mem = 4873.9M
End: GigaOpt Optimization in TNS mode
*** Timing NOT met, worst failing slack is -0.586
*** Check timing (0:00:00.0)
Begin: GigaOpt Optimization in WNS mode
GigaOpt Checkpoint: Internal optTiming -maxLocalDensity 1.2 -maxLocalDensityForHardenOpt 1.2 -numThreads 8 -preCTS -wtns -pgMode all -ipoTgtSlackCoef 1.5 -effTgtSlackCoef 1 -nativePathGroupFlow -NDROptEffortAuto -usefulSkew -nonLegalPlaceEcoBumpRecoveryInWNSOpt
Info: 1 clock net  excluded from IPO operation.
*** WnsOpt #1 [begin] (place_opt_design #1) : totSession cpu/real = 1:14:01.5/0:35:55.2 (2.1), mem = 4858.8M
*info: 1 clock net excluded
*info: 524 no-driver nets excluded.
#InfoCS: Num dontuse cells 10, Num usable cells 387, Num real usable cells 383
** GigaOpt Optimizer WNS Slack -0.586 TNS Slack -182.839 Density 34.58
OptDebug: Start of Optimizer WNS Pass 0:
+----------+------+--------+
|Path Group|   WNS|     TNS|
+----------+------+--------+
|default   | 0.004|   0.000|
|reg2reg   |-0.586|-182.839|
|HEPG      |-0.586|-182.839|
|All Paths |-0.586|-182.839|
+----------+------+--------+

Active Path Group: reg2reg  
+--------+---------+--------+---------+---------+------------+--------+--------------------+---------+----------------------------------------------------+
|  WNS   | All WNS |  TNS   | All TNS | Density |    Real    |  Mem   |     Worst View     |Pathgroup|                     End Point                      |
+--------+---------+--------+---------+---------+------------+--------+--------------------+---------+----------------------------------------------------+
|  -0.586|   -0.586|-182.839| -182.839|   34.58%|   0:00:00.0| 4906.3M|default_emulate_view|  reg2reg| u_finalize/u_norm_product_reg_reg[1][63]/D         |
|  -0.549|   -0.549|-181.096| -181.096|   34.59%|   0:00:03.0| 5106.6M|default_emulate_view|  reg2reg| u_finalize/u_norm_product_reg_reg[1][77]/D         |
|  -0.531|   -0.531|-180.961| -180.961|   34.59%|   0:00:00.0| 5113.2M|default_emulate_view|  reg2reg| u_finalize/u_norm_product_reg_reg[1][77]/D         |
|  -0.512|   -0.512|-180.392| -180.392|   34.59%|   0:00:01.0| 5134.9M|default_emulate_view|  reg2reg| u_finalize/u_norm_product_reg_reg[1][62]/D         |
|  -0.500|   -0.500|-178.900| -178.900|   34.60%|   0:00:01.0| 5142.9M|default_emulate_view|  reg2reg| u_finalize/u_norm_product_reg_reg[0][61]/D         |
|  -0.488|   -0.488|-177.886| -177.886|   34.61%|   0:00:02.0| 5120.9M|default_emulate_view|  reg2reg| u_finalize/u_norm_product_reg_reg[0][70]/D         |
|  -0.484|   -0.484|-177.947| -177.947|   34.62%|   0:00:04.0| 5156.7M|default_emulate_view|  reg2reg| u_finalize/u_norm_product_reg_reg[0][61]/D         |
|  -0.478|   -0.478|-177.580| -177.580|   34.62%|   0:00:01.0| 5157.5M|default_emulate_view|  reg2reg| u_finalize/u_norm_product_reg_reg[0][55]/D         |
|  -0.469|   -0.469|-177.409| -177.409|   34.63%|   0:00:01.0| 5158.5M|default_emulate_view|  reg2reg| u_finalize/u_norm_product_reg_reg[1][62]/D         |
|  -0.449|   -0.449|-175.583| -175.583|   34.64%|   0:00:02.0| 5159.0M|default_emulate_view|  reg2reg| u_finalize/u_norm_product_reg_reg[1][62]/D         |
|  -0.441|   -0.441|-175.072| -175.072|   34.66%|   0:00:02.0| 5159.9M|default_emulate_view|  reg2reg| u_finalize/u_norm_product_reg_reg[1][66]/D         |
|  -0.432|   -0.432|-174.449| -174.449|   34.66%|   0:00:01.0| 5160.8M|default_emulate_view|  reg2reg| u_finalize/u_norm_product_reg_reg[1][69]/D         |
|  -0.427|   -0.427|-173.918| -173.918|   34.68%|   0:00:02.0| 5160.9M|default_emulate_view|  reg2reg| u_finalize/u_norm_product_reg_reg[1][63]/D         |
|  -0.417|   -0.417|-173.360| -173.360|   34.68%|   0:00:01.0| 5161.0M|default_emulate_view|  reg2reg| u_finalize/u_norm_product_reg_reg[1][69]/D         |
|  -0.410|   -0.410|-173.016| -173.016|   34.70%|   0:00:02.0| 5163.0M|default_emulate_view|  reg2reg| u_finalize/u_norm_product_reg_reg[0][61]/D         |
|  -0.409|   -0.409|-172.636| -172.636|   34.71%|   0:00:01.0| 5167.6M|default_emulate_view|  reg2reg| u_finalize/u_norm_product_reg_reg[0][61]/D         |
|  -0.405|   -0.405|-172.380| -172.380|   34.71%|   0:00:02.0| 5167.9M|default_emulate_view|  reg2reg| u_finalize/u_norm_product_reg_reg[0][58]/D         |
|  -0.400|   -0.400|-171.621| -171.621|   34.72%|   0:00:01.0| 5168.0M|default_emulate_view|  reg2reg| u_finalize/u_norm_product_reg_reg[0][61]/D         |
|  -0.399|   -0.399|-171.662| -171.662|   34.73%|   0:00:02.0| 5170.3M|default_emulate_view|  reg2reg| u_finalize/u_norm_product_reg_reg[1][62]/D         |
|  -0.391|   -0.391|-171.358| -171.358|   34.73%|   0:00:01.0| 5170.4M|default_emulate_view|  reg2reg| u_finalize/u_norm_product_reg_reg[0][73]/D         |
|  -0.388|   -0.388|-179.146| -179.146|   34.74%|   0:00:03.0| 5185.3M|default_emulate_view|  reg2reg| u_finalize/u_norm_product_reg_reg[0][73]/D         |
|  -0.383|   -0.383|-178.152| -178.152|   34.75%|   0:00:02.0| 5185.5M|default_emulate_view|  reg2reg| u_finalize/u_norm_product_reg_reg[1][78]/D         |
|  -0.381|   -0.381|-177.975| -177.975|   34.76%|   0:00:02.0| 5188.8M|default_emulate_view|  reg2reg| u_finalize/u_norm_product_reg_reg[0][73]/D         |
|  -0.376|   -0.376|-178.154| -178.154|   34.76%|   0:00:01.0| 5188.8M|default_emulate_view|  reg2reg| u_finalize/u_norm_product_reg_reg[1][71]/D         |
|  -0.369|   -0.369|-177.580| -177.580|   34.77%|   0:00:02.0| 5189.3M|default_emulate_view|  reg2reg| u_finalize/u_norm_product_reg_reg[0][55]/D         |
|  -0.365|   -0.365|-177.981| -177.981|   34.81%|   0:00:09.0| 5222.3M|default_emulate_view|  reg2reg| u_finalize/u_norm_product_reg_reg[1][73]/D         |
|  -0.364|   -0.364|-177.088| -177.088|   34.82%|   0:00:02.0| 5223.6M|default_emulate_view|  reg2reg| u_finalize/u_norm_product_reg_reg[1][75]/D         |
|  -0.363|   -0.363|-177.014| -177.014|   34.82%|   0:00:01.0| 5223.9M|default_emulate_view|  reg2reg| u_finalize/u_norm_product_reg_reg[0][73]/D         |
|  -0.361|   -0.361|-176.711| -176.711|   34.83%|   0:00:01.0| 5224.0M|default_emulate_view|  reg2reg| u_finalize/u_norm_product_reg_reg[0][73]/D         |
|  -0.360|   -0.360|-176.273| -176.273|   34.83%|   0:00:02.0| 5242.6M|default_emulate_view|  reg2reg| u_finalize/u_norm_product_reg_reg[0][55]/D         |
|  -0.356|   -0.356|-176.217| -176.217|   34.83%|   0:00:02.0| 5251.6M|default_emulate_view|  reg2reg| u_finalize/u_norm_product_reg_reg[1][65]/D         |
|  -0.366|   -0.366|-175.643| -175.643|   34.83%|   0:00:01.0| 5251.9M|default_emulate_view|  reg2reg| u_finalize/u_norm_product_reg_reg[0][55]/D         |
|  -0.354|   -0.354|-175.174| -175.174|   34.83%|   0:00:01.0| 5252.1M|default_emulate_view|  reg2reg| u_finalize/u_norm_product_reg_reg[0][55]/D         |
|  -0.351|   -0.351|-175.383| -175.383|   34.84%|   0:00:02.0| 5252.6M|default_emulate_view|  reg2reg| u_finalize/u_norm_product_reg_reg[1][76]/D         |
|  -0.349|   -0.349|-174.803| -174.803|   34.84%|   0:00:02.0| 5252.9M|default_emulate_view|  reg2reg| u_finalize/u_norm_product_reg_reg[0][55]/D         |
|  -0.346|   -0.346|-173.791| -173.791|   34.85%|   0:00:03.0| 5257.8M|default_emulate_view|  reg2reg| u_finalize/u_norm_product_reg_reg[0][55]/D         |
|  -0.345|   -0.345|-173.128| -173.128|   34.86%|   0:00:03.0| 5259.9M|default_emulate_view|  reg2reg| u_finalize/u_norm_product_reg_reg[0][55]/D         |
|  -0.343|   -0.343|-173.075| -173.075|   34.86%|   0:00:01.0| 5260.0M|default_emulate_view|  reg2reg| u_finalize/u_norm_product_reg_reg[0][55]/D         |
|  -0.343|   -0.343|-172.886| -172.886|   34.86%|   0:00:01.0| 5260.4M|default_emulate_view|  reg2reg| u_finalize/u_norm_product_reg_reg[0][55]/D         |
|  -0.340|   -0.340|-172.871| -172.871|   34.87%|   0:00:00.0| 5260.6M|default_emulate_view|  reg2reg| u_finalize/u_norm_product_reg_reg[0][73]/D         |
|  -0.340|   -0.340|-173.056| -173.056|   34.87%|   0:00:02.0| 5261.4M|default_emulate_view|  reg2reg| u_finalize/u_norm_product_reg_reg[0][55]/D         |
|  -0.339|   -0.339|-173.047| -173.047|   34.87%|   0:00:01.0| 5261.5M|default_emulate_view|  reg2reg| u_finalize/u_norm_product_reg_reg[0][55]/D         |
|  -0.337|   -0.337|-173.015| -173.015|   34.87%|   0:00:00.0| 5261.2M|default_emulate_view|  reg2reg| u_finalize/u_norm_product_reg_reg[0][55]/D         |
|  -0.335|   -0.335|-170.634| -170.634|   34.88%|   0:00:03.0| 5261.5M|default_emulate_view|  reg2reg| u_finalize/u_norm_product_reg_reg[0][73]/D         |
|  -0.332|   -0.332|-170.078| -170.078|   34.89%|   0:00:02.0| 5262.1M|default_emulate_view|  reg2reg| u_finalize/u_norm_product_reg_reg[0][55]/D         |
|  -0.332|   -0.332|-169.818| -169.818|   34.89%|   0:00:02.0| 5262.4M|default_emulate_view|  reg2reg| u_finalize/u_norm_product_reg_reg[0][55]/D         |
|  -0.332|   -0.332|-169.462| -169.462|   34.89%|   0:00:00.0| 5262.6M|default_emulate_view|  reg2reg| u_finalize/u_norm_product_reg_reg[0][55]/D         |
|  -0.329|   -0.329|-169.487| -169.487|   34.92%|   0:00:05.0| 5268.4M|default_emulate_view|  reg2reg| u_finalize/u_norm_product_reg_reg[1][68]/D         |
|  -0.327|   -0.327|-168.122| -168.122|   34.93%|   0:00:02.0| 5268.4M|default_emulate_view|  reg2reg| u_finalize/u_norm_product_reg_reg[0][73]/D         |
|  -0.326|   -0.326|-168.795| -168.795|   34.94%|   0:00:03.0| 5295.1M|default_emulate_view|  reg2reg| u_finalize/u_norm_product_reg_reg[0][55]/D         |
|  -0.324|   -0.324|-168.721| -168.721|   34.94%|   0:00:01.0| 5295.2M|default_emulate_view|  reg2reg| u_finalize/u_norm_product_reg_reg[1][68]/D         |
|  -0.322|   -0.322|-167.056| -167.056|   34.95%|   0:00:03.0| 5295.0M|default_emulate_view|  reg2reg| u_finalize/u_norm_product_reg_reg[0][73]/D         |
|  -0.320|   -0.320|-165.993| -165.993|   34.96%|   0:00:02.0| 5294.8M|default_emulate_view|  reg2reg| u_finalize/u_norm_product_reg_reg[0][55]/D         |
|  -0.318|   -0.318|-165.256| -165.256|   34.97%|   0:00:02.0| 5294.5M|default_emulate_view|  reg2reg| u_finalize/u_norm_product_reg_reg[0][73]/D         |
|  -0.316|   -0.316|-164.161| -164.161|   34.97%|   0:00:02.0| 5294.8M|default_emulate_view|  reg2reg| u_finalize/u_norm_product_reg_reg[0][73]/D         |
|  -0.313|   -0.313|-163.455| -163.455|   34.98%|   0:00:02.0| 5293.9M|default_emulate_view|  reg2reg| u_finalize/u_norm_product_reg_reg[0][73]/D         |
|  -0.312|   -0.312|-162.691| -162.691|   34.99%|   0:00:03.0| 5293.6M|default_emulate_view|  reg2reg| u_finalize/u_norm_product_reg_reg[0][69]/D         |
|  -0.312|   -0.312|-162.161| -162.161|   34.99%|   0:00:02.0| 5294.2M|default_emulate_view|  reg2reg| u_finalize/u_norm_product_reg_reg[0][55]/D         |
|  -0.312|   -0.312|-162.152| -162.152|   34.99%|   0:00:00.0| 5294.2M|default_emulate_view|  reg2reg| u_finalize/u_norm_product_reg_reg[0][73]/D         |
|  -0.312|   -0.312|-161.999| -161.999|   35.00%|   0:00:01.0| 5295.1M|default_emulate_view|  reg2reg| u_finalize/u_norm_product_reg_reg[0][73]/D         |
|  -0.312|   -0.312|-161.935| -161.935|   35.03%|   0:00:04.0| 5300.6M|default_emulate_view|  reg2reg| u_finalize/u_norm_product_reg_reg[0][73]/D         |
|  -0.312|   -0.312|-161.930| -161.930|   35.05%|   0:00:02.0| 5303.8M|default_emulate_view|  reg2reg| u_finalize/u_norm_product_reg_reg[0][73]/D         |
|  -0.312|   -0.312|-161.922| -161.922|   35.05%|   0:00:01.0| 5304.1M|default_emulate_view|  reg2reg| u_finalize/u_norm_product_reg_reg[0][73]/D         |
|  -0.312|   -0.312|-161.918| -161.918|   35.07%|   0:00:03.0| 5304.9M|default_emulate_view|  reg2reg| u_finalize/u_norm_product_reg_reg[0][73]/D         |
|  -0.312|   -0.312|-161.918| -161.918|   35.07%|   0:00:00.0| 5304.8M|default_emulate_view|  reg2reg| u_finalize/u_norm_product_reg_reg[0][73]/D         |
+--------+---------+--------+---------+---------+------------+--------+--------------------+---------+----------------------------------------------------+

*** Finish Core Optimize Step (cpu=0:06:13 real=0:01:59 mem=5304.8M) ***
Active Path Group: default 
+--------+---------+--------+---------+---------+------------+--------+--------------------+---------+----------------------------------------------------+
|  WNS   | All WNS |  TNS   | All TNS | Density |    Real    |  Mem   |     Worst View     |Pathgroup|                     End Point                      |
+--------+---------+--------+---------+---------+------------+--------+--------------------+---------+----------------------------------------------------+
|   0.004|   -0.312|   0.000| -161.918|   35.07%|   0:00:00.0| 5306.9M|default_emulate_view|  default| u_regs_s_rdata_reg[23]/D                           |
|   0.006|   -0.312|   0.000| -161.918|   35.07%|   0:00:02.0| 5355.2M|default_emulate_view|  default| u_core/u_update/mul_v_data_reg_reg[15][3]/D        |
|   0.025|   -0.312|   0.000| -161.918|   35.07%|   0:00:01.0| 5358.8M|default_emulate_view|  default| u_core/u_update/mul_v_data_reg_reg[5][11]/D        |
|   0.044|   -0.312|   0.000| -161.918|   35.07%|   0:00:01.0| 5358.5M|default_emulate_view|  default| u_core/u_update/fin_acc_rsp_data_reg[70]/D         |
|   0.044|   -0.312|   0.000| -161.918|   35.07%|   0:00:00.0| 5358.2M|default_emulate_view|  default| u_core/u_update/fin_acc_rsp_data_reg[70]/D         |
+--------+---------+--------+---------+---------+------------+--------+--------------------+---------+----------------------------------------------------+

*** Finish Core Optimize Step (cpu=0:00:10.3 real=0:00:04.0 mem=5358.2M) ***

*** Finished Optimize Step Cumulative (cpu=0:06:41 real=0:02:11 mem=5358.2M) ***
OptDebug: End of Optimizer WNS Pass 0:
+----------+------+--------+
|Path Group|   WNS|     TNS|
+----------+------+--------+
|default   | 0.044|   0.000|
|reg2reg   |-0.312|-161.918|
|HEPG      |-0.312|-161.918|
|All Paths |-0.312|-161.918|
+----------+------+--------+

** GigaOpt Optimizer WNS Slack -0.312 TNS Slack -161.918 Density 35.07
** GigaOpt Optimizer WNS Slack -0.312 TNS Slack -161.918 Density 35.07
OptDebug: Start of Optimizer WNS Pass 1:
+----------+------+--------+
|Path Group|   WNS|     TNS|
+----------+------+--------+
|default   | 0.044|   0.000|
|reg2reg   |-0.312|-161.918|
|HEPG      |-0.312|-161.918|
|All Paths |-0.312|-161.918|
+----------+------+--------+

Active Path Group: reg2reg  
+--------+---------+--------+---------+---------+------------+--------+--------------------+---------+----------------------------------------------------+
|  WNS   | All WNS |  TNS   | All TNS | Density |    Real    |  Mem   |     Worst View     |Pathgroup|                     End Point                      |
+--------+---------+--------+---------+---------+------------+--------+--------------------+---------+----------------------------------------------------+
|  -0.312|   -0.312|-161.918| -161.918|   35.07%|   0:00:01.0| 5360.6M|default_emulate_view|  reg2reg| u_finalize/u_norm_product_reg_reg[0][73]/D         |
|  -0.311|   -0.311|-159.176| -159.176|   35.10%|   0:00:12.0| 5624.9M|default_emulate_view|  reg2reg| u_finalize/u_norm_product_reg_reg[0][54]/D         |
|  -0.306|   -0.306|-159.166| -159.166|   35.10%|   0:00:00.0| 5625.1M|default_emulate_view|  reg2reg| u_finalize/u_norm_product_reg_reg[0][76]/D         |
|  -0.308|   -0.308|-157.530| -157.530|   35.12%|   0:00:04.0| 5624.0M|default_emulate_view|  reg2reg| u_finalize/u_norm_product_reg_reg[0][61]/D         |
|  -0.295|   -0.295|-156.740| -156.740|   35.12%|   0:00:02.0| 5623.8M|default_emulate_view|  reg2reg| u_finalize/u_norm_product_reg_reg[1][71]/D         |
|  -0.291|   -0.291|-152.926| -152.926|   35.17%|   0:00:10.0| 5624.2M|default_emulate_view|  reg2reg| u_finalize/u_norm_product_reg_reg[0][66]/D         |
|  -0.297|   -0.297|-149.886| -149.886|   35.20%|   0:00:05.0| 5622.5M|default_emulate_view|  reg2reg| u_finalize/u_norm_product_reg_reg[0][66]/D         |
|  -0.287|   -0.287|-149.530| -149.530|   35.20%|   0:00:00.0| 5622.5M|default_emulate_view|  reg2reg| u_finalize/u_norm_product_reg_reg[0][66]/D         |
|  -0.290|   -0.290|-148.650| -148.650|   35.23%|   0:00:05.0| 5631.6M|default_emulate_view|  reg2reg| u_core/u_update/acc_mul_reg_reg[12][60]/D          |
|  -0.283|   -0.283|-148.536| -148.536|   35.23%|   0:00:01.0| 5631.2M|default_emulate_view|  reg2reg| u_finalize/u_norm_product_reg_reg[0][66]/D         |
|  -0.283|   -0.283|-147.125| -147.125|   35.25%|   0:00:04.0| 5629.7M|default_emulate_view|  reg2reg| u_finalize/u_norm_product_reg_reg[0][66]/D         |
|  -0.283|   -0.283|-146.931| -146.931|   35.25%|   0:00:01.0| 5629.7M|default_emulate_view|  reg2reg| u_finalize/u_norm_product_reg_reg[0][66]/D         |
|  -0.284|   -0.284|-146.888| -146.888|   35.28%|   0:00:16.0| 5631.2M|default_emulate_view|  reg2reg| u_finalize/u_norm_product_reg_reg[0][79]/D         |
|  -0.285|   -0.285|-147.550| -147.550|   35.32%|   0:00:14.0| 5630.3M|default_emulate_view|  reg2reg| u_finalize/u_norm_product_reg_reg[0][79]/D         |
+--------+---------+--------+---------+---------+------------+--------+--------------------+---------+----------------------------------------------------+

*** Finish Core Optimize Step (cpu=0:05:28 real=0:01:15 mem=5630.3M) ***

*** Finished Optimize Step Cumulative (cpu=0:05:45 real=0:01:21 mem=5630.2M) ***
OptDebug: End of Optimizer WNS Pass 1:
+----------+------+--------+
|Path Group|   WNS|     TNS|
+----------+------+--------+
|default   | 0.044|   0.000|
|reg2reg   |-0.285|-147.550|
|HEPG      |-0.285|-147.550|
|All Paths |-0.285|-147.550|
+----------+------+--------+

** GigaOpt Optimizer WNS Slack -0.285 TNS Slack -147.550 Density 35.32
** GigaOpt Optimizer WNS Slack -0.285 TNS Slack -147.550 Density 35.32
OptDebug: Start of Optimizer WNS Pass 2:
+----------+------+--------+
|Path Group|   WNS|     TNS|
+----------+------+--------+
|default   | 0.044|   0.000|
|reg2reg   |-0.285|-147.550|
|HEPG      |-0.285|-147.550|
|All Paths |-0.285|-147.550|
+----------+------+--------+

Active Path Group: reg2reg  
+--------+---------+--------+---------+---------+------------+--------+--------------------+---------+----------------------------------------------------+
|  WNS   | All WNS |  TNS   | All TNS | Density |    Real    |  Mem   |     Worst View     |Pathgroup|                     End Point                      |
+--------+---------+--------+---------+---------+------------+--------+--------------------+---------+----------------------------------------------------+
|  -0.285|   -0.285|-147.550| -147.550|   35.32%|   0:00:00.0| 5630.6M|default_emulate_view|  reg2reg| u_finalize/u_norm_product_reg_reg[0][79]/D         |
|  -0.274|   -0.274|-145.440| -145.440|   35.35%|   0:00:15.0| 5631.2M|default_emulate_view|  reg2reg| u_finalize/u_norm_product_reg_reg[0][66]/D         |
|  -0.269|   -0.269|-141.751| -141.751|   35.38%|   0:00:09.0| 5629.5M|default_emulate_view|  reg2reg| u_finalize/u_norm_product_reg_reg[0][66]/D         |
|  -0.272|   -0.272|-140.170| -140.170|   35.43%|   0:00:09.0| 5626.2M|default_emulate_view|  reg2reg| u_finalize/u_norm_product_reg_reg[0][66]/D         |
|  -0.268|   -0.268|-139.872| -139.872|   35.43%|   0:00:02.0| 5626.3M|default_emulate_view|  reg2reg| u_finalize/u_norm_product_reg_reg[0][66]/D         |
|  -0.268|   -0.268|-139.798| -139.798|   35.43%|   0:00:01.0| 5626.3M|default_emulate_view|  reg2reg| u_finalize/u_norm_product_reg_reg[0][66]/D         |
|  -0.268|   -0.268|-138.769| -138.769|   35.44%|   0:00:02.0| 5626.7M|default_emulate_view|  reg2reg| u_finalize/u_norm_product_reg_reg[0][66]/D         |
|  -0.268|   -0.268|-138.731| -138.731|   35.44%|   0:00:00.0| 5626.7M|default_emulate_view|  reg2reg| u_finalize/u_norm_product_reg_reg[0][66]/D         |
|  -0.268|   -0.268|-138.245| -138.245|   35.46%|   0:00:19.0| 5628.3M|default_emulate_view|  reg2reg| u_finalize/u_norm_product_reg_reg[0][66]/D         |
|  -0.268|   -0.268|-138.189| -138.189|   35.48%|   0:00:06.0| 5629.7M|default_emulate_view|  reg2reg| u_finalize/u_norm_product_reg_reg[0][66]/D         |
Analyzing useful skew in preCTS mode ...
The view delay ratios are: (default_emulate_view 1)
|  -0.194|   -0.205| -14.580|  -15.212|   35.49%|   0:00:04.0| 5630.5M|default_emulate_view|  reg2reg| u_finalize/u_norm_product_reg_reg[1][65]/D         |
|  -0.183|   -0.205| -13.593|  -14.226|   35.50%|   0:00:01.0| 5630.6M|default_emulate_view|  reg2reg| u_finalize/u_norm_product_reg_reg[0][66]/D         |
|  -0.184|   -0.205| -12.784|  -13.416|   35.50%|   0:00:02.0| 5631.6M|default_emulate_view|  reg2reg| u_finalize/u_norm_product_reg_reg[0][66]/D         |
|  -0.178|   -0.205| -12.637|  -13.270|   35.50%|   0:00:00.0| 5631.7M|default_emulate_view|  reg2reg| u_finalize/u_norm_product_reg_reg[0][66]/D         |
|  -0.174|   -0.205| -12.286|  -12.919|   35.51%|   0:00:02.0| 5631.8M|default_emulate_view|  reg2reg| u_finalize/u_norm_product_reg_reg[0][66]/D         |
|  -0.166|   -0.205| -11.987|  -12.620|   35.51%|   0:00:01.0| 5631.8M|default_emulate_view|  reg2reg| u_finalize/u_norm_product_reg_reg[0][79]/D         |
|  -0.159|   -0.205| -11.310|  -11.942|   35.53%|   0:00:02.0| 5631.9M|default_emulate_view|  reg2reg| u_finalize/u_norm_product_reg_reg[0][79]/D         |
|  -0.152|   -0.205| -10.805|  -11.438|   35.54%|   0:00:02.0| 5632.1M|default_emulate_view|  reg2reg| u_finalize/u_norm_product_reg_reg[0][79]/D         |
|  -0.145|   -0.205| -10.184|  -10.817|   35.55%|   0:00:01.0| 5632.2M|default_emulate_view|  reg2reg| u_finalize/u_norm_product_reg_reg[0][66]/D         |
|  -0.141|   -0.205|  -9.832|  -10.464|   35.56%|   0:00:02.0| 5632.3M|default_emulate_view|  reg2reg| u_finalize/u_norm_product_reg_reg[0][66]/D         |
|  -0.134|   -0.205|  -9.160|   -9.793|   35.58%|   0:00:02.0| 5632.3M|default_emulate_view|  reg2reg| u_finalize/u_norm_product_reg_reg[0][66]/D         |
|  -0.130|   -0.205|  -8.747|   -9.380|   35.59%|   0:00:03.0| 5632.3M|default_emulate_view|  reg2reg| u_finalize/u_norm_product_reg_reg[0][66]/D         |
|  -0.124|   -0.205|  -8.262|   -8.895|   35.60%|   0:00:01.0| 5632.3M|default_emulate_view|  reg2reg| u_finalize/u_norm_product_reg_reg[0][79]/D         |
|  -0.118|   -0.205|  -7.720|   -8.352|   35.61%|   0:00:02.0| 5632.3M|default_emulate_view|  reg2reg| u_finalize/u_norm_product_reg_reg[0][66]/D         |
|  -0.119|   -0.205|  -7.521|   -8.154|   35.62%|   0:00:02.0| 5632.6M|default_emulate_view|  reg2reg| u_finalize/u_norm_product_reg_reg[0][66]/D         |
|  -0.116|   -0.205|  -7.379|   -8.011|   35.62%|   0:00:01.0| 5632.6M|default_emulate_view|  reg2reg| u_finalize/u_norm_product_reg_reg[0][66]/D         |
|  -0.111|   -0.205|  -7.100|   -7.732|   35.62%|   0:00:01.0| 5631.7M|default_emulate_view|  reg2reg| u_finalize/u_norm_product_reg_reg[0][79]/D         |
|  -0.108|   -0.205|  -6.761|   -7.393|   35.63%|   0:00:02.0| 5631.7M|default_emulate_view|  reg2reg| u_finalize/u_norm_product_reg_reg[0][66]/D         |
|  -0.104|   -0.205|  -6.404|   -7.037|   35.63%|   0:00:01.0| 5631.7M|default_emulate_view|  reg2reg| u_finalize/u_norm_product_reg_reg[0][66]/D         |
|  -0.101|   -0.205|  -6.123|   -6.755|   35.64%|   0:00:02.0| 5631.7M|default_emulate_view|  reg2reg| u_finalize/u_norm_product_reg_reg[0][66]/D         |
|  -0.097|   -0.205|  -5.883|   -6.516|   35.64%|   0:00:02.0| 5631.7M|default_emulate_view|  reg2reg| u_finalize/u_norm_product_reg_reg[0][66]/D         |
|  -0.094|   -0.205|  -5.164|   -5.797|   35.65%|   0:00:01.0| 5631.7M|default_emulate_view|  reg2reg| u_finalize/u_norm_product_reg_reg[0][79]/D         |
|  -0.100|   -0.205|  -5.124|   -5.756|   35.65%|   0:00:01.0| 5631.7M|default_emulate_view|  reg2reg| u_finalize/u_norm_product_reg_reg[0][79]/D         |
|  -0.091|   -0.205|  -5.013|   -5.646|   35.65%|   0:00:01.0| 5631.7M|default_emulate_view|  reg2reg| u_finalize/u_norm_product_reg_reg[0][66]/D         |
|  -0.088|   -0.205|  -4.754|   -5.387|   35.66%|   0:00:02.0| 5634.8M|default_emulate_view|  reg2reg| u_finalize/u_norm_product_reg_reg[0][66]/D         |
|  -0.086|   -0.205|  -4.455|   -5.088|   35.66%|   0:00:01.0| 5634.8M|default_emulate_view|  reg2reg| u_finalize/u_norm_product_reg_reg[0][66]/D         |
|  -0.086|   -0.205|  -4.399|   -5.032|   35.66%|   0:00:01.0| 5634.8M|default_emulate_view|  reg2reg| u_finalize/u_norm_product_reg_reg[0][66]/D         |
|  -0.086|   -0.205|  -4.389|   -5.021|   35.66%|   0:00:01.0| 5633.8M|default_emulate_view|  reg2reg| u_finalize/u_norm_product_reg_reg[0][66]/D         |
|  -0.086|   -0.205|  -4.379|   -5.012|   35.67%|   0:00:03.0| 5637.1M|default_emulate_view|  reg2reg| u_finalize/u_norm_product_reg_reg[0][66]/D         |
|  -0.086|   -0.205|  -4.346|   -4.979|   35.68%|   0:00:03.0| 5637.2M|default_emulate_view|  reg2reg| u_finalize/u_norm_product_reg_reg[0][66]/D         |
Analyzing useful skew in preCTS mode ...
|  -0.050|   -0.205|  -1.097|   -1.729|   35.68%|   0:00:01.0| 5637.3M|default_emulate_view|  reg2reg| u_finalize/u_norm_product_reg_reg[0][66]/D         |
|  -0.030|   -0.205|  -0.747|   -1.380|   35.68%|   0:00:01.0| 5637.3M|default_emulate_view|  reg2reg| u_finalize/u_norm_product_reg_reg[0][66]/D         |
|  -0.024|   -0.205|  -0.517|   -1.150|   35.68%|   0:00:00.0| 5637.3M|default_emulate_view|  reg2reg| u_finalize/u_norm_product_reg_reg[0][66]/D         |
|  -0.015|   -0.205|  -0.123|   -0.755|   35.68%|   0:00:01.0| 5637.3M|default_emulate_view|  reg2reg| u_finalize/u_norm_product_reg_reg[0][79]/D         |
|  -0.008|   -0.205|  -0.044|   -0.677|   35.69%|   0:00:02.0| 5636.3M|default_emulate_view|  reg2reg| u_finalize/u_norm_product_reg_reg[0][66]/D         |
|  -0.001|   -0.205|  -0.002|   -0.634|   35.71%|   0:00:02.0| 5637.1M|default_emulate_view|  reg2reg| u_finalize/u_norm_product_reg_reg[0][66]/D         |
|   0.008|   -0.205|   0.000|   -0.633|   35.72%|   0:00:03.0| 5637.2M|default_emulate_view|  reg2reg| u_core/u_update/l_product_reg_reg[55]/D            |
|   0.011|   -0.205|   0.000|   -0.633|   35.74%|   0:00:03.0| 5635.9M|default_emulate_view|  reg2reg| u_finalize/u_norm_product_reg_reg[0][79]/D         |
|   0.014|   -0.205|   0.000|   -0.633|   35.75%|   0:00:02.0| 5635.9M|default_emulate_view|  reg2reg| u_finalize/u_norm_product_reg_reg[0][66]/D         |
|   0.020|   -0.205|   0.000|   -0.633|   35.76%|   0:00:01.0| 5635.9M|default_emulate_view|  reg2reg| u_finalize/u_norm_product_reg_reg[0][66]/D         |
|   0.025|   -0.205|   0.000|   -0.633|   35.77%|   0:00:04.0| 5636.3M|default_emulate_view|  reg2reg| u_finalize/u_norm_product_reg_reg[0][66]/D         |
|   0.029|   -0.205|   0.000|   -0.633|   35.79%|   0:00:04.0| 5636.2M|default_emulate_view|  reg2reg| u_finalize/u_norm_product_reg_reg[0][79]/D         |
|   0.031|   -0.205|   0.000|   -0.633|   35.80%|   0:00:04.0| 5636.5M|default_emulate_view|  reg2reg| u_finalize/u_norm_product_reg_reg[0][79]/D         |
|   0.033|   -0.205|   0.000|   -0.633|   35.81%|   0:00:03.0| 5636.1M|default_emulate_view|  reg2reg| u_finalize/u_norm_product_reg_reg[0][66]/D         |
|   0.034|   -0.205|   0.000|   -0.633|   35.82%|   0:00:04.0| 5635.9M|default_emulate_view|  reg2reg| u_finalize/u_norm_product_reg_reg[0][66]/D         |
Analyzing useful skew in preCTS mode ...
|   0.034|   -0.205|   0.000|   -0.633|   35.83%|   0:00:05.0| 5637.1M|default_emulate_view|  reg2reg| u_finalize/u_norm_product_reg_reg[0][66]/D         |
+--------+---------+--------+---------+---------+------------+--------+--------------------+---------+----------------------------------------------------+

*** Finish Core Optimize Step (cpu=0:08:38 real=0:02:33 mem=5637.1M) ***
Active Path Group: default 
+--------+---------+--------+---------+---------+------------+--------+--------------------+---------+----------------------------------------------------+
|  WNS   | All WNS |  TNS   | All TNS | Density |    Real    |  Mem   |     Worst View     |Pathgroup|                     End Point                      |
+--------+---------+--------+---------+---------+------------+--------+--------------------+---------+----------------------------------------------------+
|  -0.205|   -0.205|  -0.633|   -0.633|   35.83%|   0:00:00.0| 5637.4M|default_emulate_view|  default| u_core/u_update/mul_alpha_reg_reg[3]/D             |
|   0.017|    0.017|   0.000|    0.000|   35.83%|   0:00:03.0| 5656.0M|default_emulate_view|  default| u_regs_task_k_hi_reg[17]/D                         |
|   0.044|    0.034|   0.000|    0.000|   35.83%|   0:00:01.0| 5655.1M|default_emulate_view|  default| u_dma_u_read_burst_beats_reg_reg[3]/D              |
|   0.044|    0.034|   0.000|    0.000|   35.83%|   0:00:00.0| 5655.1M|default_emulate_view|  default| u_dma_u_read_burst_beats_reg_reg[3]/D              |
+--------+---------+--------+---------+---------+------------+--------+--------------------+---------+----------------------------------------------------+

*** Finish Core Optimize Step (cpu=0:00:06.4 real=0:00:04.0 mem=5655.1M) ***

*** Finished Optimize Step Cumulative (cpu=0:09:02 real=0:02:45 mem=5655.1M) ***
OptDebug: End of Optimizer WNS Pass 2:
+----------+-----+-----+
|Path Group|  WNS|  TNS|
+----------+-----+-----+
|default   |0.044|0.000|
|reg2reg   |0.034|0.000|
|HEPG      |0.034|0.000|
|All Paths |0.034|0.000|
+----------+-----+-----+

** GigaOpt Optimizer WNS Slack 0.034 TNS Slack 0.000 Density 35.83
** GigaOpt Optimizer WNS Slack 0.034 TNS Slack 0.000 Density 35.83
OptDebug: Start of Optimizer WNS Pass 3:
+----------+-----+-----+
|Path Group|  WNS|  TNS|
+----------+-----+-----+
|default   |0.044|0.000|
|reg2reg   |0.034|0.000|
|HEPG      |0.034|0.000|
|All Paths |0.034|0.000|
+----------+-----+-----+

Active Path Group: reg2reg  
+--------+---------+--------+---------+---------+------------+--------+--------------------+---------+----------------------------------------------------+
|  WNS   | All WNS |  TNS   | All TNS | Density |    Real    |  Mem   |     Worst View     |Pathgroup|                     End Point                      |
+--------+---------+--------+---------+---------+------------+--------+--------------------+---------+----------------------------------------------------+
|   0.034|    0.034|   0.000|    0.000|   35.83%|   0:00:00.0| 5655.9M|default_emulate_view|  reg2reg| u_finalize/u_norm_product_reg_reg[0][66]/D         |
|   0.041|    0.041|   0.000|    0.000|   35.83%|   0:00:07.0| 5654.5M|default_emulate_view|  reg2reg| u_finalize/u_norm_product_reg_reg[0][66]/D         |
|   0.041|    0.041|   0.000|    0.000|   35.83%|   0:00:00.0| 5654.5M|default_emulate_view|  reg2reg| u_finalize/u_norm_product_reg_reg[0][66]/D         |
+--------+---------+--------+---------+---------+------------+--------+--------------------+---------+----------------------------------------------------+

*** Finish Core Optimize Step (cpu=0:00:29.4 real=0:00:07.0 mem=5654.5M) ***

*** Finished Optimize Step Cumulative (cpu=0:00:36.9 real=0:00:12.0 mem=5656.4M) ***
OptDebug: End of Optimizer WNS Pass 3:
+----------+-----+-----+
|Path Group|  WNS|  TNS|
+----------+-----+-----+
|default   |0.044|0.000|
|reg2reg   |0.041|0.000|
|HEPG      |0.041|0.000|
|All Paths |0.041|0.000|
+----------+-----+-----+

** GigaOpt Optimizer WNS Slack 0.041 TNS Slack 0.000 Density 35.83
** GigaOpt Optimizer WNS Slack 0.041 TNS Slack 0.000 Density 35.83
OptDebug: End of Setup Fixing:
+----------+-----+-----+
|Path Group|  WNS|  TNS|
+----------+-----+-----+
|default   |0.044|0.000|
|reg2reg   |0.041|0.000|
|HEPG      |0.041|0.000|
|All Paths |0.041|0.000|
+----------+-----+-----+

**** Begin Transform Statistics ****
+----------------------------------+-------+-----------+------------+------------+----------+----------+----------+--------+--------------+--------------+-------+------------------+------------------------+
|                         Transform| Called| Pre Filter| Filter Eval| Detail Eval| Committed|       CPU| CommitCPU| Density| Leakage Power| Dynamic Power| Delete| buffers/inverters| Resize Tot/FF/HghtIncFF|
+----------------------------------+-------+-----------+------------+------------+----------+----------+----------+--------+--------------+--------------+-------+------------------+------------------------+
|                      SingleBuffer|  22298|      22064|        9413|        3849|      2197|   0:03:16| 0:00:00.8|   0.286|      0.000000|      0.000000|     NA|            2197/0|                      NA|
|    booleanWithPolishingLow0Effort|  20095|      19543|        1447|         571|       268|   0:02:54| 0:00:00.3|   0.033|      0.000000|      0.000000|     NA|                NA|                      NA|
|                         remapGate|  28155|       7008|        3625|        1274|       912|   0:02:05| 0:00:00.6|   0.198|      0.000000|      0.000000|     NA|                NA|                      NA|
|                   lowEffortResize|  51978|      51978|       22394|       11814|      8048|   0:01:48| 0:00:00.6|   0.472|      0.000000|      0.000000|     NA|                NA|              8048/180/0|
|      MultiBufferLowEffortPreRoute|  22311|      22078|        1740|         290|       190|   0:01:20| 0:00:00.1|   0.058|      0.000000|      0.000000|     NA|            249/12|                      NA|
|                  rebufferPreRoute|   3203|       3118|        1053|          55|        40|   0:01:20| 0:00:00.1|  -0.001|      0.000000|      0.000000|    136|            50/150|                   6/0/0|
|                  DeleteBufInvTree|  25811|       2291|        2291|          35|        29| 0:00:41.8| 0:00:00.0|  -0.009|      0.000000|      0.000000|     NA|                NA|                      NA|
|        rebufferPreRouteHighEffort|   1075|       1046|         550|          11|         2| 0:00:35.3| 0:00:00.0|  -0.000|      0.000000|      0.000000|      5|               8/0|                   1/0/0|
|                         DupDriver|   9483|       4717|        4717|        1178|       657| 0:00:32.5| 0:00:00.4|   0.171|      0.000000|      0.000000|     NA|                NA|                      NA|
|                           PinSwap|  12252|       9636|        2804|        2091|      1095| 0:00:28.7| 0:00:00.1|   0.001|      0.000000|      0.000000|     NA|                NA|                      NA|
|            remapGateWithPolishing|   3097|       1018|         382|          46|        19| 0:00:18.7| 0:00:00.0|   0.002|      0.000000|      0.000000|     NA|                NA|                      NA|
|              ResizeMultipleFanout|   4042|       3869|        1611|         524|       233| 0:00:18.5| 0:00:00.0|   0.020|      0.000000|      0.000000|     NA|                NA|                 258/1/0|
|    booleanWithPolishingHighEffort|   1471|       1356|          92|          55|        25| 0:00:18.1| 0:00:00.0|   0.006|      0.000000|      0.000000|     NA|                NA|                      NA|
|                      DeleteBuffer|  25722|       1835|        1835|         211|       180| 0:00:18.0| 0:00:00.1|  -0.027|      0.000000|      0.000000|     NA|                NA|                      NA|
| booleanWithPolishingMedium0Effort|   2165|       2034|         116|          29|         9| 0:00:17.9| 0:00:00.0|   0.002|      0.000000|      0.000000|     NA|                NA|                      NA|
|                             Phase|   1483|       1379|        1109|          70|        30| 0:00:13.2| 0:00:00.1|  -0.000|      0.000001|      0.000000|     NA|                NA|                      NA|
|               FaninSizingImproved|   2758|       1495|         818|           0|         0| 0:00:12.1| 0:00:00.0|   0.000|      0.000000|      0.000000|     NA|                NA|                      NA|
|                 GateDecomposition|   1199|       1110|         427|           9|         8| 0:00:11.1| 0:00:00.0|  -0.000|     -0.000001|      0.000000|     NA|                NA|                      NA|
|      GateCompositionDecomposition|   1091|       1016|         386|           4|         4| 0:00:10.9| 0:00:00.0|  -0.000|     -0.000000|      0.000000|     NA|                NA|                      NA|
|                   GateComposition|   1027|        953|         362|           4|         1| 0:00:10.6| 0:00:00.0|   0.000|      0.000000|      0.000000|     NA|                NA|                      NA|
|                 GateRecomposition|   4832|       4640|         341|           3|         3| 0:00:09.6| 0:00:00.0|  -0.000|      0.000000|      0.000000|     NA|                NA|                      NA|
|     MultiBufferHighEffortPreRoute|   1082|       1053|         263|           1|         1| 0:00:09.3| 0:00:00.0|   0.000|      0.000000|      0.000000|     NA|                NA|                   1/0/0|
|            remapConeWithPolishing|   1617|        467|         167|          70|        35| 0:00:07.3| 0:00:00.1|   0.001|      0.000000|      0.000000|     NA|                NA|                      NA|
|   MultipleOutputGateDecomposition|   4911|       4712|         199|          19|        14| 0:00:05.5| 0:00:00.0|   0.002|      0.000002|      0.000000|     NA|                NA|                      NA|
|                GateCompositionTwo|   1236|       1138|         327|          14|        10| 0:00:05.0| 0:00:00.0|  -0.001|     -0.000002|      0.000000|     NA|                NA|                      NA|
|       XorCompositionDecomposition|   1152|       1075|          58|           6|         3| 0:00:04.7| 0:00:00.0|   0.001|      0.000000|      0.000000|     NA|                NA|                      NA|
|   SeqPathBalanceNonLegalTransform|   7898|        285|           0|          38|        26| 0:00:03.9| 0:00:00.0|   0.000|      0.000000|      0.000000|     NA|                NA|                      NA|
|                  XorDecomposition|   1185|       1101|         144|           8|         4| 0:00:03.7| 0:00:00.0|  -0.001|     -0.000002|      0.000000|     NA|                NA|                      NA|
|                  bufToInvPreRoute|   2780|        971|          32|           0|         0| 0:00:03.2| 0:00:00.0|   0.000|      0.000000|      0.000000|     NA|                NA|                      NA|
|          CombPathBalanceTransform|   2949|        717|           0|          19|        16| 0:00:03.0| 0:00:00.0|  -0.000|      0.000000|      0.000000|     NA|                NA|                      NA|
|            PathCompactionNonLegal|   1046|        935|           0|           4|         1| 0:00:02.2| 0:00:00.0|   0.000|      0.000000|      0.000000|     NA|                NA|                      NA|
|        topomapWithPolishingMedium|   2802|        412|          25|           6|         3| 0:00:01.7| 0:00:00.0|   0.001|      0.000000|      0.000000|     NA|                NA|                      NA|
|   RouteTypeAssignResizeHighEffort|   1283|        181|         181|          26|        25| 0:00:01.1| 0:00:00.0|   0.000|      0.000000|      0.000000|     NA|                NA|                      NA|
|             RouteTypeAssignResize|  51981|          0|           0|           0|         0| 0:00:00.5| 0:00:00.0|   0.000|      0.000000|      0.000000|     NA|                NA|                      NA|
|                          mergeInv|   2836|        141|          23|           5|         3| 0:00:00.2| 0:00:00.0|   0.000|      0.000000|      0.000000|     NA|                NA|                      NA|
|                     mergeInputInv|   2831|         80|          25|           5|         4| 0:00:00.2| 0:00:00.0|  -0.000|      0.000000|      0.000000|     NA|                NA|                      NA|
|         rebufferPreRouteHighLayer|   1006|          0|           0|           0|         0| 0:00:00.0| 0:00:00.0|   0.000|      0.000000|      0.000000|     NA|                NA|                      NA|
+----------------------------------+-------+-----------+------------+------------+----------+----------+----------+--------+--------------+--------------+-------+------------------+------------------------+
**** End Transform Statistics ****
Bottom Preferred Layer:
+-------------+------------+----------+
|    Layer    |   OPT_LA   |   Rule   |
+-------------+------------+----------+
| met3 (z=4)  |         64 | default  |
| met4 (z=5)  |         22 | default  |
+-------------+------------+----------+
Via Pillar Rule:
    None

*** Finish pre-CTS Setup Fixing (cpu=0:22:15 real=0:06:38 mem=5656.6M) ***

**** Begin Polishing Statistics ****
 #NodeCalled:16828; #SubnwCalled:21969(#candNode:114027); #PassFilter:24163; #PassDetailEval:18760; #FailedDetailEval:6722; #FilterCandSol:41019; #CPU:0:00:39.6; #transformCPU:0:00:26.4
**** End Polishing Statistics ****
*** WnsOpt #1 [finish] (place_opt_design #1) : cpu/real = 0:22:22.9/0:06:47.8 (3.3), totSession cpu/real = 1:36:24.4/0:42:43.0 (2.3), mem = 4997.8M
End: GigaOpt Optimization in WNS mode
Starting delay calculation for Setup views
AAE_INFO: opIsDesignInPostRouteState() is 0
#################################################################################
# Design Stage: PreRoute
# Design Name: fa_top
# Design Mode: 90nm
# Analysis Mode: MMMC Non-OCV 
# Parasitics Mode: No SPEF/RCDB 
# Signoff Settings: SI Off 
#################################################################################
Calculate delays in Single mode...
Start delay calculation (fullDC) (8 T). (MEM=4970.36)
Total number of fetched objects 208667
AAE_INFO: Total number of nets for which stage creation was skipped for all views 0
End delay calculation. (MEM=5108.78 CPU=0:00:49.7 REAL=0:00:09.0)
End delay calculation (fullDC). (MEM=5108.78 CPU=0:00:56.8 REAL=0:00:13.0)
*** Done Building Timing Graph (cpu=0:01:14 real=0:00:21.0 totSessionCpu=1:37:40 mem=5110.4M)
[NR-eGR] Started Early Global Route ( Curr Mem: 3.34 MB )
[NR-eGR] Started Early Global Route kernel ( Curr Mem: 3.34 MB )
[NR-eGR] Read 206979 nets ( ignored 0 )
[NR-eGR] There are 1 clock nets ( 0 with NDR ).
[NR-eGR] Started Multi-thread eGR-Steiner ( 8threads ) ( Curr Mem: 4.27 MB )
[NR-eGR] Finished Multi-thread eGR-Steiner ( 8threads ) ( CPU: 2.71 sec, Real: 0.67 sec, Curr Mem: 4.32 MB )
[NR-eGR] Total eGR-routed clock nets wire length: 166040um, number of vias: 42084
[NR-eGR] --------------------------------------------------------------------------
[NR-eGR]               Length (um)     Vias 
[NR-eGR] -----------------------------------
[NR-eGR]  li1   (1V)             0   645450 
[NR-eGR]  met1  (2H)       4655531   744183 
[NR-eGR]  met2  (3V)       6418988    14116 
[NR-eGR]  met3  (4H)        432293    15554 
[NR-eGR]  met4  (5V)        483564    12326 
[NR-eGR]  met5  (6H)       1300078        0 
[NR-eGR] -----------------------------------
[NR-eGR]        Total     13290455  1431629 
[NR-eGR] --------------------------------------------------------------------------
[NR-eGR] Total half perimeter of net bounding box: 12390647um
[NR-eGR] Total length: 13290455um, number of vias: 1431629
[NR-eGR] --------------------------------------------------------------------------
[NR-eGR] Finished Early Global Route kernel ( CPU: 12.83 sec, Real: 9.60 sec, Curr Mem: 4.03 MB )
[NR-eGR] Finished Early Global Route ( CPU: 13.09 sec, Real: 9.95 sec, Curr Mem: 3.05 MB )
Extraction called for design 'fa_top' of instances=193864 and nets=209653 using extraction engine 'pre_route' .
**WARN: (IMPEXT-3530):	The process node is not set. Use the command set_design_mode -process <process node> prior to extraction for maximum accuracy and optimal automatic threshold setting.
Type 'man IMPEXT-3530' for more detail.
pre_route RC Extraction called for design fa_top.
RC Extraction called in multi-corner(1) mode.
RCMode: PreRoute
      RC Corner Indexes            0   
Capacitance Scaling Factor   : 1.00000 
Resistance Scaling Factor    : 1.00000 
Clock Cap. Scaling Factor    : 1.00000 
Clock Res. Scaling Factor    : 1.00000 
Shrink Factor                : 1.00000
PreRoute extraction is honoring NDR/Shielding/ExtraSpace for clock nets.
Using Quantus QRC technology file ...
Grid density data update skipped
Initializing multi-corner resistance tables ...
PreRoute RC Extraction DONE (CPU Time: 0:00:01.7  Real Time: 0:00:02.0  MEM: 4727.113M)
Starting delay calculation for Setup views
AAE_INFO: opIsDesignInPostRouteState() is 0
#################################################################################
# Design Stage: PreRoute
# Design Name: fa_top
# Design Mode: 90nm
# Analysis Mode: MMMC Non-OCV 
# Parasitics Mode: No SPEF/RCDB 
# Signoff Settings: SI Off 
#################################################################################
Calculate delays in Single mode...
Start delay calculation (fullDC) (8 T). (MEM=4853.54)
Total number of fetched objects 208667
AAE_INFO: Total number of nets for which stage creation was skipped for all views 0
End delay calculation. (MEM=5001.16 CPU=0:00:49.6 REAL=0:00:09.0)
End delay calculation (fullDC). (MEM=5001.16 CPU=0:00:56.6 REAL=0:00:12.0)
*** Done Building Timing Graph (cpu=0:01:30 real=0:00:27.0 totSessionCpu=1:39:31 mem=5039.9M)
Begin: GigaOpt postEco DRV Optimization
GigaOpt Checkpoint: Internal optDRV -inPostEcoStage -smallScaleFixing -maxIter 3 -max_tran -max_cap -maxLocalDensity 1.2 -numThreads 8 -preRouteDontEndWithRefinePlaceIncrSteinerRouteDC -setupTNSCostFactor 1.0 -preCTS
*** DrvOpt #3 [begin] (place_opt_design #1) : totSession cpu/real = 1:39:34.8/0:43:49.9 (2.3), mem = 5039.6M
Info: 1 clock net  excluded from IPO operation.
	CornerforLayerOpt timing analysis view default_emulate_view has been selected for calibration 
	CornerforLayerOpt timing analysis view default_emulate_view has been selected for calibration 
	CornerforLayerOpt timing analysis view default_emulate_view has been selected for calibration 
	CornerforLayerOpt timing analysis view default_emulate_view has been selected for calibration 
#InfoCS: Num dontuse cells 10, Num usable cells 387, Num real usable cells 383
+-------------------------------------------------------------------------------------------------------------------------------------------------------+
|        max-tran       |        max-cap        |  max-fanout |  max-length |       setup       |        |        |        |       |          |         |
+-------------------------------------------------------------------------------------------------------------------------------------------------------+
| nets | terms|  wViol  | nets | terms|  wViol  | nets | terms| nets | terms|   WNS   |   TNS   |  #Buf  |  #Inv  | #Resize|Density|   Real   |   Mem   |
+-------------------------------------------------------------------------------------------------------------------------------------------------------+
|   604|   863|    -0.61|    25|    25|    -0.03|     0|     0|     0|     0|    -0.15|   -26.55|       0|       0|       0| 35.83%|          |         |
|   154|   174|    -0.08|     1|     1|    -0.00|     0|     0|     0|     0|    -0.15|   -27.72|     474|      82|     218| 35.97%| 0:00:02.0|  5118.3M|
|   133|   148|    -0.04|     1|     1|    -0.00|     0|     0|     0|     0|    -0.24|   -28.61|      56|       9|      64| 35.99%| 0:00:01.0|  5120.7M|
|   109|   121|    -0.04|     1|     1|    -0.00|     0|     0|     0|     0|    -0.35|   -29.41|      37|       0|      16| 36.01%| 0:00:01.0|  5120.3M|
+-------------------------------------------------------------------------------------------------------------------------------------------------------+
**** Begin Transform Statistics ****
+-----------------------+-------+-----------+------------+------------+----------+----------+----------+--------+--------------+--------------+------------------+------------------------+
|              Transform| Called| Pre Filter| Filter Eval| Detail Eval| Committed|       CPU| CommitCPU| Density| Leakage Power| Dynamic Power| buffers/inverters| Resize Tot/FF/HghtIncFF|
+-----------------------+-------+-----------+------------+------------+----------+----------+----------+--------+--------------+--------------+------------------+------------------------+
| multiBufferDRVPreRoute|    898|        898|        1214|         489|       489| 0:00:06.8| 0:00:00.2|   0.064|      0.000000|      0.000000|            376/91|                 254/0/0|
|                 Resize|    409|        406|         131|          44|        44| 0:00:00.5| 0:00:00.0|   0.007|      0.000000|      0.000000|                NA|                  44/0/0|
|           SingleBuffer|    365|        365|         239|         191|       191| 0:00:00.8| 0:00:00.1|   0.101|      0.000000|      0.000000|             191/0|                      NA|
+-----------------------+-------+-----------+------------+------------+----------+----------+----------+--------+--------------+--------------+------------------+------------------------+
**** End Transform Statistics ****
Bottom Preferred Layer:
+-------------+------------+----------+
|    Layer    |   OPT_LA   |   Rule   |
+-------------+------------+----------+
| met3 (z=4)  |         64 | default  |
| met4 (z=5)  |         22 | default  |
+-------------+------------+----------+
Via Pillar Rule:
    None


=======================================================================
                Reasons for remaining drv violations
=======================================================================
*info: Total 96 net(s) have violations which can't be fixed by DRV optimization.

MultiBuffering failure reasons
------------------------------------------------
*info:    77 net(s): Could not be fixed because the gain is not enough.
*info:    12 net(s): Could not be fixed because usable cell area larger than available area.

SingleBuffering failure reasons
------------------------------------------------
*info:    32 net(s): Could not be fixed because of the buffering solution introduces DRV degradation.
*info:    36 net(s): Could not be fixed because of routing congestion.

Resizing failure reasons
------------------------------------------------
*info:     1 net(s): Could not be fixed because instance couldn't be resized.
*info:    92 net(s): Could not be fixed because no move is found.

*info: Total 14 net(s) were new nets created by previous iteration of DRV buffering. Further DRV fixing might remove some violations.

*info: detailed failure reason files are generated below
*info: 	./genus2invs__1001821_98bebad6-1f56-4d85-af38-42c022bfcc8afa_top/drvFailureReason/invs2genus_final.preCts.3.maxTran
*info: 	./genus2invs__1001821_98bebad6-1f56-4d85-af38-42c022bfcc8afa_top/drvFailureReason/invs2genus_final.preCts.3.maxCap


Change summary: 567/91 (0) buffers/inverters were added (deleted) and 298 instances were resized.

*** Finish DRV Fixing (cpu=0:00:18.3 real=0:00:08.0 mem=5120.4M) ***

*** DrvOpt #3 [finish] (place_opt_design #1) : cpu/real = 0:00:28.1/0:00:14.9 (1.9), totSession cpu/real = 1:40:02.9/0:44:04.8 (2.3), mem = 4971.8M
End: GigaOpt postEco DRV Optimization
GigaOpt: WNS changes after postEco optimization: 0.000 -> -0.349 (bump = 0.349)
Begin: GigaOpt nonLegal postEco optimization
GigaOpt Checkpoint: Internal optTiming -setupRecovery -newSetupRecovery -maxLocalDensity 1.2 -numThreads 8 -maxSmoothenIter 1 -nativePathGroupFlow  -NDROptEffortAuto -ipoTgtSlackCoef 0 -effTgtSlackCoef 0
Info: 1 clock net  excluded from IPO operation.
*** WnsOpt #2 [begin] (place_opt_design #1) : totSession cpu/real = 1:40:06.6/0:44:09.0 (2.3), mem = 4960.6M
*info: 1 clock net excluded
*info: 524 no-driver nets excluded.
#InfoCS: Num dontuse cells 10, Num usable cells 387, Num real usable cells 383
** GigaOpt Optimizer WNS Slack -0.349 TNS Slack -29.413 Density 36.01
OptDebug: Start of Optimizer WNS Pass 0:
+----------+------+-------+
|Path Group|   WNS|    TNS|
+----------+------+-------+
|default   |-0.151|-26.425|
|reg2reg   |-0.349| -2.988|
|HEPG      |-0.349| -2.988|
|All Paths |-0.349|-29.413|
+----------+------+-------+

Active Path Group: reg2reg  
+--------+---------+--------+---------+---------+------------+--------+--------------------+---------+----------------------------------------------------+
|  WNS   | All WNS |  TNS   | All TNS | Density |    Real    |  Mem   |     Worst View     |Pathgroup|                     End Point                      |
+--------+---------+--------+---------+---------+------------+--------+--------------------+---------+----------------------------------------------------+
|  -0.349|   -0.349|  -2.988|  -29.413|   36.01%|   0:00:00.0| 5009.5M|default_emulate_view|  reg2reg| u_core/u_update/u_acc_sram_g_bank[6].u_bank_u_mem/ |
|        |         |        |         |         |            |        |                    |         | addr1[4]                                           |
|  -0.182|   -0.182|  -1.870|  -28.296|   36.01%|   0:00:01.0| 5037.6M|default_emulate_view|  reg2reg| u_core/u_update/u_acc_sram_g_bank[6].u_bank_u_mem/ |
|        |         |        |         |         |            |        |                    |         | addr1[4]                                           |
|  -0.156|   -0.156|  -1.374|  -27.799|   36.01%|   0:00:00.0| 5041.4M|default_emulate_view|  reg2reg| u_core/u_dot_u_q_sram_g_bank[7].u_bank_u_mem/din0[ |
|        |         |        |         |         |            |        |                    |         | 45]                                                |
|  -0.126|   -0.151|  -1.013|  -27.439|   36.01%|   0:00:00.0| 5061.2M|default_emulate_view|  reg2reg| u_core/u_dot_u_q_sram_g_bank[6].u_bank_u_mem/addr0 |
|        |         |        |         |         |            |        |                    |         | [0]                                                |
|  -0.093|   -0.151|  -0.584|  -27.009|   36.01%|   0:00:00.0| 5084.5M|default_emulate_view|  reg2reg| u_core/u_update/u_v_sram_g_bank[0].u_bank_p1_u_mem |
|        |         |        |         |         |            |        |                    |         | /addr0[2]                                          |
|  -0.045|   -0.151|  -0.355|  -26.781|   36.01%|   0:00:00.0| 5089.9M|default_emulate_view|  reg2reg| u_core/u_update/u_acc_sram_g_bank[6].u_bank_u_mem/ |
|        |         |        |         |         |            |        |                    |         | addr1[3]                                           |
|  -0.021|   -0.151|  -0.112|  -26.537|   36.01%|   0:00:01.0| 5119.7M|default_emulate_view|  reg2reg| u_core/u_update/u_acc_sram_g_bank[10].u_bank_u_mem |
|        |         |        |         |         |            |        |                    |         | /addr1[4]                                          |
|  -0.002|   -0.151|  -0.006|  -26.431|   36.01%|   0:00:00.0| 5121.6M|default_emulate_view|  reg2reg| u_core/u_update/u_v_sram_g_bank[1].u_bank_p1_rd_da |
|        |         |        |         |         |            |        |                    |         | ta_reg[52]/D                                       |
|   0.000|   -0.151|   0.000|  -26.425|   36.01%|   0:00:00.0| 5123.3M|                  NA|       NA| NA                                                 |
|   0.000|   -0.151|   0.000|  -26.425|   36.01%|   0:00:00.0| 5123.3M|default_emulate_view|       NA| NA                                                 |
+--------+---------+--------+---------+---------+------------+--------+--------------------+---------+----------------------------------------------------+

*** Finish Core Optimize Step (cpu=0:00:01.9 real=0:00:02.0 mem=5123.3M) ***
Active Path Group: default 
+--------+---------+--------+---------+---------+------------+--------+--------------------+---------+----------------------------------------------------+
|  WNS   | All WNS |  TNS   | All TNS | Density |    Real    |  Mem   |     Worst View     |Pathgroup|                     End Point                      |
+--------+---------+--------+---------+---------+------------+--------+--------------------+---------+----------------------------------------------------+
|  -0.151|   -0.151| -26.425|  -26.425|   36.01%|   0:00:00.0| 5125.3M|default_emulate_view|  default| u_dma_u_read_addr_reg_reg[56]/D                    |
|  -0.123|   -0.123| -20.161|  -20.161|   36.01%|   0:00:01.0| 5213.7M|default_emulate_view|  default| u_core/u_update/mul_v_data_reg_reg[3][14]/D        |
|  -0.123|   -0.123| -12.102|  -12.102|   36.01%|   0:00:01.0| 5263.1M|default_emulate_view|  default| u_core/u_update/mul_v_data_reg_reg[3][14]/D        |
|   0.000|    0.001|   0.000|    0.000|   36.01%|   0:00:01.0| 5290.0M|                  NA|       NA| NA                                                 |
|   0.000|    0.001|   0.000|    0.000|   36.01%|   0:00:00.0| 5290.0M|default_emulate_view|       NA| NA                                                 |
+--------+---------+--------+---------+---------+------------+--------+--------------------+---------+----------------------------------------------------+

*** Finish Core Optimize Step (cpu=0:00:05.6 real=0:00:03.0 mem=5290.0M) ***

*** Finished Optimize Step Cumulative (cpu=0:00:15.7 real=0:00:11.0 mem=5290.0M) ***
OptDebug: End of Optimizer WNS Pass 0:
+----------+-----+-----+
|Path Group|  WNS|  TNS|
+----------+-----+-----+
|default   |0.001|0.000|
|reg2reg   |0.003|0.000|
|HEPG      |0.003|0.000|
|All Paths |0.001|0.000|
+----------+-----+-----+

** GigaOpt Optimizer WNS Slack 0.000 TNS Slack 0.000 Density 36.01
** GigaOpt Optimizer WNS Slack 0.000 TNS Slack 0.000 Density 36.01
OptDebug: End of Setup Fixing:
+----------+-----+-----+
|Path Group|  WNS|  TNS|
+----------+-----+-----+
|default   |0.001|0.000|
|reg2reg   |0.003|0.000|
|HEPG      |0.003|0.000|
|All Paths |0.001|0.000|
+----------+-----+-----+

**** Begin Transform Statistics ****
+-----------------------------+-------+-----------+------------+------------+----------+----------+----------+--------+--------------+--------------+------------------+------------------------+
|                    Transform| Called| Pre Filter| Filter Eval| Detail Eval| Committed|       CPU| CommitCPU| Density| Leakage Power| Dynamic Power| buffers/inverters| Resize Tot/FF/HghtIncFF|
+-----------------------------+-------+-----------+------------+------------+----------+----------+----------+--------+--------------+--------------+------------------+------------------------+
|             DeleteBufInvTree|     84|         55|          55|          14|         6| 0:00:02.5| 0:00:00.0|  -0.001|      0.000000|      0.000000|                NA|                      NA|
| MultiBufferLowEffortPreRoute|     19|         19|          20|          11|         2| 0:00:01.2| 0:00:00.0|   0.001|      0.000000|      0.000000|               4/0|                      NA|
|                 DeleteBuffer|    104|         39|          39|          20|         9| 0:00:00.7| 0:00:00.0|  -0.001|      0.000000|      0.000000|                NA|                      NA|
|              lowEffortResize|     81|         81|          70|          64|        19| 0:00:00.6| 0:00:00.0|   0.002|      0.000000|      0.000000|                NA|                  19/2/0|
|                    remapGate|    110|          8|           7|           5|         0| 0:00:00.2| 0:00:00.0|   0.000|      0.000000|      0.000000|                NA|                      NA|
|        RouteTypeAssignResize|     82|          0|           0|           0|         0| 0:00:00.0| 0:00:00.0|   0.000|      0.000000|      0.000000|                NA|                      NA|
+-----------------------------+-------+-----------+------------+------------+----------+----------+----------+--------+--------------+--------------+------------------+------------------------+
**** End Transform Statistics ****
Bottom Preferred Layer:
+-------------+------------+----------+
|    Layer    |   OPT_LA   |   Rule   |
+-------------+------------+----------+
| met3 (z=4)  |         64 | default  |
| met4 (z=5)  |         22 | default  |
+-------------+------------+----------+
Via Pillar Rule:
    None

*** Finish pre-CTS Setup Fixing (cpu=0:00:21.0 real=0:00:15.0 mem=5290.3M) ***

**** Begin Polishing Statistics ****
 #NodeCalled:96; #SubnwCalled:0(#candNode:0); #PassFilter:77; #PassDetailEval:76; #FailedDetailEval:3; #FilterCandSol:140; #CPU:0:00:00.7; #transformCPU:0:00:00.6
**** End Polishing Statistics ****
*** WnsOpt #2 [finish] (place_opt_design #1) : cpu/real = 0:00:28.6/0:00:21.9 (1.3), totSession cpu/real = 1:40:35.2/0:44:30.9 (2.3), mem = 4983.6M
End: GigaOpt nonLegal postEco optimization
Register exp ratio and priority group on 86 nets on 209309 nets : 
z=4 : 64 nets
z=5 : 22 nets

Active setup views:
 default_emulate_view
  Dominating endpoints: 0
  Dominating TNS: -0.000

Extraction called for design 'fa_top' of instances=194506 and nets=210295 using extraction engine 'pre_route' .
**WARN: (IMPEXT-3530):	The process node is not set. Use the command set_design_mode -process <process node> prior to extraction for maximum accuracy and optimal automatic threshold setting.
Type 'man IMPEXT-3530' for more detail.
pre_route RC Extraction called for design fa_top.
RC Extraction called in multi-corner(1) mode.
RCMode: PreRoute
      RC Corner Indexes            0   
Capacitance Scaling Factor   : 1.00000 
Resistance Scaling Factor    : 1.00000 
Clock Cap. Scaling Factor    : 1.00000 
Clock Res. Scaling Factor    : 1.00000 
Shrink Factor                : 1.00000
PreRoute extraction is honoring NDR/Shielding/ExtraSpace for clock nets.
Using Quantus QRC technology file ...
Grid density data update skipped
Initializing multi-corner resistance tables ...
PreRoute RC Extraction DONE (CPU Time: 0:00:01.7  Real Time: 0:00:02.0  MEM: 4725.953M)
Skewing Data Summary (End_of_FINAL)

Skew summary for view default_emulate_view:
* Accumulated skew : count = 188
         Advancing : count = 188, max = -300.0, min =  -17.9, total = -34626.9 (ps)
          Delaying : count =   0

Starting delay calculation for Setup views
AAE_INFO: opIsDesignInPostRouteState() is 0
#################################################################################
# Design Stage: PreRoute
# Design Name: fa_top
# Design Mode: 90nm
# Analysis Mode: MMMC Non-OCV 
# Parasitics Mode: No SPEF/RCDB 
# Signoff Settings: SI Off 
#################################################################################
Calculate delays in Single mode...
Start delay calculation (fullDC) (8 T). (MEM=4857.07)
Total number of fetched objects 209309
AAE_INFO: Total number of nets for which stage creation was skipped for all views 0
End delay calculation. (MEM=5002.71 CPU=0:00:49.4 REAL=0:00:09.0)
End delay calculation (fullDC). (MEM=5002.71 CPU=0:00:56.7 REAL=0:00:12.0)
*** Done Building Timing Graph (cpu=0:01:15 real=0:00:18.0 totSessionCpu=1:42:08 mem=5016.6M)
OPTC: user 20.0
Reported timing to dir ./genus2invs__1001821_98bebad6-1f56-4d85-af38-42c022bfcc8afa_top
**opt_design ... cpu = 1:01:59, real = 0:22:21, mem = 4882.7M, totSessionCpu=1:42:30 **

OptSummary:

------------------------------------------------------------------
     opt_design Final Summary
------------------------------------------------------------------

Setup views included:
 default_emulate_view 

+--------------------+---------+---------+---------+
|     Setup mode     |   all   | reg2reg | default |
+--------------------+---------+---------+---------+
|           WNS (ns):|  0.001  |  0.003  |  0.001  |
|           TNS (ns):|  0.000  |  0.000  |  0.000  |
|    Violating Paths:|    0    |    0    |    0    |
|          All Paths:|  34520  |  33529  |  21083  |
+--------------------+---------+---------+---------+

+----------------+-------------------------------+------------------+
|                |              Real             |       Total      |
|    DRVs        +------------------+------------+------------------|
|                |  Nr nets(terms)  | Worst Vio  |  Nr nets(terms)  |
+----------------+------------------+------------+------------------+
|   max_cap      |      0 (0)       |   0.000    |      0 (0)       |
|   max_tran     |     26 (30)      |   -0.036   |     47 (51)      |
|   max_fanout   |      0 (0)       |     0      |      0 (0)       |
|   max_length   |      0 (0)       |     0      |      0 (0)       |
+----------------+------------------+------------+------------------+

Density: 35.941%
Routing Overflow: 14.67% H and 2.12% V
------------------------------------------------------------------
Begin: Reporting instances with restriction 
+----------------------------------------------------------------------------------------------------------------------------------------------------------+
|            |                                        |           All        |      Sequential      | Combinational(Data Path) | Combinational(Clock Path) |
|   Category |                      Detailed Reasons  +-------------+--------+-------------+--------+-------------+------------+-------------+-------------|
|            |                                        |   Count     |   %    |    Count    |   %    |   Count     |     %      |    Count    |      %      |
|------------+----------------------------------------+-------------+--------+-------------+--------+-------------+------------+-------------+-------------|
| Constraint |            instance is sdc constrained |         188 |   0.10 |         188 |   1.01 |           0 |       0.00 |           0 |        -nan | 
|            |                                    All |         188 |   0.10 |         188 |   1.01 |           0 |       0.00 |           0 |        -nan | 
|------------+----------------------------------------+-------------+--------+-------------+--------+-------------+------------+-------------+-------------|
|    Library | cell for instance is not standard cell |          37 |   0.02 |          37 |   0.20 |           0 |       0.00 |           0 |        -nan | 
|            |                                    All |          37 |   0.02 |          37 |   0.20 |           0 |       0.00 |           0 |        -nan | 
|------------+----------------------------------------+-------------+--------+-------------+--------+-------------+------------+-------------+-------------|
|        All |                                    All |         225 |   0.12 |         225 |   1.20 |           0 |       0.00 |           0 |        -nan | 
+----------------------------------------------------------------------------------------------------------------------------------------------------------+
End: Reporting instances with restriction 
Begin: Collecting metrics
 ---------------------------------------------------------------------------------------------------------------------------------- 
| Snapshot        | WNS                  | TNS                  | Density (%) | Resource               | DRVs        | Layer-OPT   |
|                 | HEPG (ns) | ALL (ns) | HEPG (ns) | ALL (ns) |             | Real (s) | Memory (MB) | Tran | Cap  | met3 | met4 |
|-----------------+-----------+----------+-----------+----------+-------------+----------+-------------+------+------+------+------|
| initial_summary |           |  -43.087 |           |  -159528 |       31.50 | 0:00:30  |        4280 | 9022 | 5589 |      |      |
| drv_fixing      |     0.000 |  -22.836 |         0 |   -89169 |       31.74 | 0:00:15  |        4402 |      |      |      |      |
| drv_fixing_2    |     0.000 |   -4.270 |         0 |   -21447 |       33.22 | 0:00:41  |        4438 |  294 |    0 |    1 |    6 |
| global_opt      |           |   -0.769 |           |     -359 |       34.17 | 0:05:07  |        4656 |      |      |   46 |    8 |
| area_reclaiming |     0.000 |   -0.761 |         0 |     -353 |       33.73 | 0:01:02  |        4692 |      |      |   44 |    3 |
| tns_fixing      |    -0.586 |   -0.586 |      -183 |     -183 |       34.59 | 0:02:46  |        6029 |      |      |   43 |    4 |
| wns_fixing      |     0.041 |    0.041 |         0 |        0 |       35.83 | 0:06:47  |        5656 |      |      |   64 |   22 |
| drv_eco_fixing  |    -0.349 |   -0.349 |        -3 |      -29 |       36.01 | 0:00:15  |        4963 |  109 |    1 |   64 |   22 |
| wns_eco_fixing  |     0.003 |    0.001 |         0 |        0 |       36.01 | 0:00:21  |        5290 |      |      |   64 |   22 |
| final_summary   |     0.003 |    0.001 |           |        0 |       35.94 | 0:00:17  |        4895 |   26 |    0 |      |      |
 ---------------------------------------------------------------------------------------------------------------------------------- 
End: Collecting metrics
**opt_design ... cpu = 1:02:15, real = 0:22:34, mem = 4893.6M, totSessionCpu=1:42:46 **
**WARN: (IMPOPT-3195):	Analysis mode has changed.
Type 'man IMPOPT-3195' for more detail.
*** Finished opt_design ***
      flow.cputime  flow.realtime  timing.setup.tns  timing.setup.wns  snapshot
UM:*                                                                   final
      flow.cputime  flow.realtime  timing.setup.tns  timing.setup.wns  snapshot
UM:*                                                                   opt_design_prects
 *** Writing scheduling file: 'scheduling_file.cts.1189133_KDY87kAaD6' ***
Disable CTE adjustment.
Disable Layer aware incrSKP.
#optDebug: fT-D <X 1 0 0 0>
**place_opt_design ... cpu = 1:41:37, real = 0:43:48, mem = 4810.4M **
*** Finished GigaPlace ***

*** Summary of all messages that are not suppressed in this session:
Severity  ID               Count  Summary                                  
WARNING   IMPEXT-3493          1  The design extraction status has been re...
WARNING   IMPEXT-3530          3  The process node is not set. Use the com...
ERROR     IMPSP-9099           2  Scan chains exist in this design but are...
WARNING   IMPOPT-3195          2  Analysis mode has changed.               
WARNING   IMPOPT-7330         12  Net %s has fanout exceed delaycal_use_de...
*** Message Summary: 18 warning(s), 2 error(s)

*** place_opt_design #1 [finish] () : cpu/real = 1:41:36.6/0:43:47.6 (2.3), totSession cpu/real = 1:42:47.4/0:45:22.0 (2.3), mem = 4810.4M
Setting 'newExpressflow' beta feature to true (or false) is no longer required to enable (or disable) iSpatial. This beta feature is obsoleted and will be removed in the next release.
      flow.cputime  flow.realtime  timing.setup.tns  timing.setup.wns  snapshot
UM:*                                                                   place_opt_design_predict_prects
save_interface_files ...
%# Begin ::rcp_cui::save_interface_files (07/07 03:14:18, mem=4810.43M)
Info: Syncronize Metrics ...
UM: Running design category ...
      flow.cputime  flow.realtime  timing.setup.tns  timing.setup.wns  snapshot
UM:           6.94              7                                      invs2genus
rcp_cui::save_interface_file:  flow == 'ispatial'
rcp_cui::save_interface_file:  fe_view_list == 'default_emulate_view'
rcp_cui::save_interface_file:  wnm_flow == '1'
rcp_cui::save_interface_file:  shep_write_congestion == '1'
rcp_cui::save_interface_file:  x2def_mode == '0'
rcp_cui::save_interface_file:  iprefix == 'genus2invs'
rcp_cui::save_interface_file:  idir == './genus2invs__1001821_98bebad6-1f56-4d85-af38-42c022bfcc8afa_top'
rcp_cui::save_interface_file:  design == 'design:fa_top'
rcp_cui::save_interface_file:  congestion_include_blockage == '0'
rcp_cui::save_interface_file:  chk_fp == '0'
rcp_cui::save_interface_file:  shep_save_only_db == '0'
rcp_cui::save_interface_file:  fe_colorized == '0'
rcp_cui::save_interface_file:  ndr_only == '0'
rcp_cui::save_interface_file:  innovus_constraint_interface == 'mmmc2'
rcp_cui::save_interface_file:  tim_mode == ''
rcp_cui::save_interface_file:  do_fp == '0'
rcp_cui::save_interface_file:  des_str == 'fa_top'
rcp_cui::save_interface_file:  spatial == '0'
rcp_cui::save_interface_file:  congestion_3d == '0'
rcp_cui::save_interface_file:  cts_effort == ''
rcp_cui::save_interface_file:  fe_use_um == '1'
rcp_cui::save_interface_file:  odir == './genus2invs__1001821_98bebad6-1f56-4d85-af38-42c022bfcc8afa_top'
rcp_cui::save_interface_file:  2d_compression == '0'
rcp_cui::save_interface_file:  do_fe_pd == '0'
rcp_cui::save_interface_file:  fp_mode == '0'
rcp_cui::save_interface_file:  incr_plc == '0'
rcp_cui::save_interface_file:  eco_mode == '0'
rcp_cui::save_interface_file:  cts_clk == ''
rcp_cui::save_interface_file:  oprefix == 'invs2genus'
rcp_cui::save_interface_file:  no_mmmc == '0'
rcp_cui::save_interface_file:  genus_constraint_interface == 'smsc'
rcp_cui::save_interface_file:  no_update == '0'
rcp_cui::save_interface_file:  do_sdp == '0'
rcp_cui::save_interface_file:  invs_ld_pd == '1'
rcp_cui::save_interface_file:  no_msv == '1'
rcp_cui::save_interface_file:  no_spef == '0'
rcp_cui::save_interface_file:  place_effort == 'ispatial'
rcp_cui::save_interface_file:  tdrc_valid == '0'
rcp_cui::save_interface_file:  save_fe_db == '0'
rcp_cui::save_interface_file:  ispatial == '1'
rcp_cui::save_interface_file:  opt_effort == 'high'
rcp_cui::save_interface_file:  fe_consistency_check == '0'
rcp_cui::save_interface_file:  no_scan == '1'
rcp_cui::save_interface_file:  mem_mode == '1'
rcp_cui::save_interface_file:  do_stylus_db == '1'
rcp_cui::save_interface_file:  del_corner == ''
rcp_cui::save_interface_file:  write_pin_properties == '0'
rcp_cui::save_interface_file:  qos_mode == '1'
rcp_cui::save_interface_file:  hdl_name_flow == '0'
rcp_cui::save_interface_file:  fe_wnm_file == ''
rcp_cui::save_interface_file:  fe_mcmd == './genus2invs__1001821_98bebad6-1f56-4d85-af38-42c022bfcc8afa_top/invs2genus.cmdWarn'
rcp_cui::save_interface_file:  fe_pwr == ''
rcp_cui::save_interface_file:  fe_1801 == ''
rcp_cui::save_interface_file:  fe_flag == './genus2invs__1001821_98bebad6-1f56-4d85-af38-42c022bfcc8afa_top/.invs2genus.encDone'
rcp_cui::save_interface_file:  fe_xdata == './genus2invs__1001821_98bebad6-1f56-4d85-af38-42c022bfcc8afa_top/invs2genus.xdata'
rcp_cui::save_interface_file:  fe_fcmd == './genus2invs__1001821_98bebad6-1f56-4d85-af38-42c022bfcc8afa_top/invs2genus.cmdFail'
rcp_cui::save_interface_file:  fe_sdef == ''
rcp_cui::save_interface_file:  fe_load_stat == './genus2invs__1001821_98bebad6-1f56-4d85-af38-42c022bfcc8afa_top/invs2genus_load.stat'
rcp_cui::save_interface_file:  fe_def_lnk == ''
rcp_cui::save_interface_file:  fe_ndr == ''
rcp_cui::save_interface_file:  fe_pd == ''
rcp_cui::save_interface_file:  fe_globals == ''
rcp_cui::save_interface_file:  fe_tcf == ''
rcp_cui::save_interface_file:  fe_rc == ''
rcp_cui::save_interface_file:  fe_load_rpt == './genus2invs__1001821_98bebad6-1f56-4d85-af38-42c022bfcc8afa_top/invs2genus_load'
rcp_cui::save_interface_file:  fe_db == './genus2invs__1001821_98bebad6-1f56-4d85-af38-42c022bfcc8afa_top/invs2genus_db'
rcp_cui::save_interface_file:  fe_subdesign_taf == ''
rcp_cui::save_interface_file:  fe_rpt == './genus2invs__1001821_98bebad6-1f56-4d85-af38-42c022bfcc8afa_top/invs2genus_final'
rcp_cui::save_interface_file:  fe_metrics == './genus2invs__1001821_98bebad6-1f56-4d85-af38-42c022bfcc8afa_top/invs2genus.metrics.json'
rcp_cui::save_interface_file:  fe_sdp == ''
rcp_cui::save_interface_file:  fe_def == ''
rcp_cui::save_interface_file:  fe_vflag == './genus2invs__1001821_98bebad6-1f56-4d85-af38-42c022bfcc8afa_top/.invs2genus.encVerFail'
rcp_cui::save_interface_file:  fe_inst_taf == ''
rcp_cui::save_interface_file:  fe_con == ''
rcp_cui::save_interface_file:  fe_cpf == ''
rcp_cui::save_interface_file:  fe_mmmc == ''
rcp_cui::save_interface_file:  fe_gridinfo == ''
rcp_cui::save_interface_file:  fe_log == './genus2invs__1001821_98bebad6-1f56-4d85-af38-42c022bfcc8afa_top/innovus'
rcp_cui::save_interface_file:  fe_cts == ''
rcp_cui::save_interface_file:  fe_nl == ''
rcp_cui::save_interface_file:  fe_reportwire == './genus2invs__1001821_98bebad6-1f56-4d85-af38-42c022bfcc8afa_top/invs2genus.reportwire.txt'
rcp_cui::save_interface_file:  fe_svr == ''
rcp_cui::save_interface_file:  fe_lec == ''
rcp_cui::save_interface_file:  fe_stat == './genus2invs__1001821_98bebad6-1f56-4d85-af38-42c022bfcc8afa_top/invs2genus_final.stat'
rcp_cui::save_interface_file:  fe_basename == './genus2invs__1001821_98bebad6-1f56-4d85-af38-42c022bfcc8afa_top/invs2genus'
rcp_cui::save_interface_file:  fe_lflag == './genus2invs__1001821_98bebad6-1f56-4d85-af38-42c022bfcc8afa_top/.invs2genus.encLicFail'
rcp_cui::save_interface_file:  fe_spef == ''
rcp_cui::save_interface_file:  fe_dotg == ''
rcp_cui::save_interface_file:  fe_ndr_taf == ''
rcp_cui::save_interface_file:  fe_final_db == './genus2invs__1001821_98bebad6-1f56-4d85-af38-42c022bfcc8afa_top/invs2genus_final_db'
rcp_cui::save_interface_file:  fe_route_cmap == ''
rcp_cui::save_interface_file:  fe_aae == './genus2invs__1001821_98bebad6-1f56-4d85-af38-42c022bfcc8afa_top/invs2genus_final_db/cmn/fa_top.aae'
DELETE: ./genus2invs__1001821_98bebad6-1f56-4d85-af38-42c022bfcc8afa_top/invs2genus.def.gz
%# child-enqueued metrics_wirelen
%# child-enqueued metrics_drv_stats
%# Begin ::rcp::wait_for_children (07/07 03:14:25, mem=4807.44M)
Starting parallel execution of queued child processes.
Multi-CPU acceleration using 8 CPU(s).

Gathering Wire Length Metrics...
%# child-done metrics_wirelen (total cpu=0, real=0)
%# child-done metrics_drv_stats (total cpu=0, real=0)
%# End ::rcp::wait_for_children (07/07 03:14:26, total cpu=16:00:00, real=16:00:01, peak res=6047.11M, current mem=4807.24M)
<CMD> timeDesign -reportOnly -outDir ./genus2invs__1001821_98bebad6-1f56-4d85-af38-42c022bfcc8afa_top -prefix invs2genus_final
*** time_design #1 [begin] () : totSession cpu/real = 1:42:54.9/0:45:30.1 (2.3), mem = 4807.3M

OptSummary:

------------------------------------------------------------------
         time_design Summary
------------------------------------------------------------------

Setup views included:
 default_emulate_view 

+--------------------+---------+---------+---------+
|     Setup mode     |   all   | reg2reg | default |
+--------------------+---------+---------+---------+
|           WNS (ns):|  0.001  |  0.003  |  0.001  |
|           TNS (ns):|  0.000  |  0.000  |  0.000  |
|    Violating Paths:|    0    |    0    |    0    |
|          All Paths:|  34520  |  33529  |  21083  |
+--------------------+---------+---------+---------+

+----------------+-------------------------------+------------------+
|                |              Real             |       Total      |
|    DRVs        +------------------+------------+------------------|
|                |  Nr nets(terms)  | Worst Vio  |  Nr nets(terms)  |
+----------------+------------------+------------+------------------+
|   max_cap      |      0 (0)       |   0.000    |      0 (0)       |
|   max_tran     |     26 (30)      |   -0.036   |     47 (51)      |
|   max_fanout   |      0 (0)       |     0      |      0 (0)       |
|   max_length   |      0 (0)       |     0      |      0 (0)       |
+----------------+------------------+------------+------------------+

Density: 35.941%
------------------------------------------------------------------
Reported timing to dir ./genus2invs__1001821_98bebad6-1f56-4d85-af38-42c022bfcc8afa_top
Total CPU time: 24.78 sec
Total Real time: 14.0 sec
Total Memory Usage: 4810.246094 Mbytes
*** time_design #1 [finish] () : cpu/real = 0:00:24.8/0:00:14.5 (1.7), totSession cpu/real = 1:43:19.7/0:45:44.6 (2.3), mem = 4810.2M
      flow.cputime  flow.realtime  timing.setup.tns  timing.setup.wns  snapshot
UM:*                                       0.000 ns          0.001 ns  run_time_design

Gathering Run Metrics...
%# child-enqueued metrics_timing
STATS: Capture
Will restore congestion map file from route /home/hujinzhao/pro/genus_bs2_300m/genus2invs__1001821_98bebad6-1f56-4d85-af38-42c022bfcc8afa_top/invs2genus.route.congestion.gz
Reading congestion map file /home/hujinzhao/pro/genus_bs2_300m/genus2invs__1001821_98bebad6-1f56-4d85-af38-42c022bfcc8afa_top/invs2genus.route.congestion.gz ...
Suppress "**WARN ..." messages.
Un-suppress "**WARN ..." messages.
      flow.cputime  flow.realtime  timing.setup.tns  timing.setup.wns  snapshot
UM:*                                                                   refresh_ispatial_congestion

Writing out NDR and layer assignment information.

Writing out inst information.

Writing out subdesign information.
Resetting transient modes.
%# Begin ::rcp::wait_for_children (07/07 03:14:46, mem=4808.03M)
Starting parallel execution of queued child processes.
Multi-CPU acceleration using 8 CPU(s).
%# child-done metrics_timing (total cpu=0, real=0)
%# End ::rcp::wait_for_children (07/07 03:14:46, total cpu=16:00:00, real=16:00:00, peak res=6047.11M, current mem=4808.71M)
%# Begin rcp::final_db (07/07 03:14:46, mem=4808.71M)

Writing Common (Stylus) db
#% Begin Save Common DB (date=07/07 03:14:47, mem=4811.7M)
(stylus_db): setting userDir to '/home/hujinzhao/pro/genus_bs2_300m/genus2invs__1001821_98bebad6-1f56-4d85-af38-42c022bfcc8afa_top/invs2genus_final_db' 
(stylus_db): Start Save Innovus Native DB ...
Multi-CPU acceleration using 8 CPU(s).
Starting separate write_db process.  See './genus2invs__1001821_98bebad6-1f56-4d85-af38-42c022bfcc8afa_top/invs2genus_final_db/pnr/save_design_background.log' for any output messages.
(stylus_db): Completed Saving Innovus Native DB "./genus2invs__1001821_98bebad6-1f56-4d85-af38-42c022bfcc8afa_top/invs2genus_final_db/pnr/fa_top.db"
(stylus_db): Start Saving Common DB ...
(stylus_db): Create link to libraries
(stylus_db): Save Verilog Netlist ...
% Begin Save Verilog Netlist (date=07/07 03:14:47, mem=4810.8M)
Writing Netlist "./genus2invs__1001821_98bebad6-1f56-4d85-af38-42c022bfcc8afa_top/invs2genus_final_db/cmn/fa_top.v.gz" ...
% End Save Verilog Netlist (date=07/07 03:14:48, total cpu=0:00:00.6, real=0:00:01.0, peak res=4815.8M, current mem=4815.8M)
% Begin Save TCF (date=07/07 03:14:48, mem=4815.8M)
% End Save TCF (date=07/07 03:14:49, total cpu=0:00:00.1, real=0:00:00.0, peak res=4815.9M, current mem=4815.9M)
(stylus_db): Save DEF ...
(stylus_db): Save Route congestion map ...
(stylus_db): Save MMMC ...
Writing DEF file './genus2invs__1001821_98bebad6-1f56-4d85-af38-42c022bfcc8afa_top/invs2genus_final_db/cmn/fa_top.def.gz', current time is Tue Jul  7 03:14:49 2026 ...
Saving congestion map file ./genus2invs__1001821_98bebad6-1f56-4d85-af38-42c022bfcc8afa_top/invs2genus_final_db/cmn/fa_top.route.congestion.gz ...
unitPerMicron=1000, dbgMicronPerDBU=0.001000, unitPerDBU=1.000000
% Begin Save MMMC data (date=07/07 03:14:49, mem=4816.1M)
% End Save MMMC data (date=07/07 03:14:51, total cpu=0:00:03.7, real=0:00:02.0, peak res=4816.1M, current mem=4815.1M)
(stylus_db): Save LefInfo ...
% Begin Save SDP file (date=07/07 03:14:51, mem=4815.1M)
(stylus_db): Save SDP ...
% End Save SDP file (date=07/07 03:14:51, total cpu=0:00:00.2, real=0:00:00.0, peak res=4815.1M, current mem=4815.1M)
(stylus_db): Save Metric data ...
% Begin Save Metric data (date=07/07 03:14:51, mem=4815.3M)
% End Save Metric data (date=07/07 03:14:52, total cpu=0:00:00.6, real=0:00:01.0, peak res=4815.9M, current mem=4815.9M)
(stylus_db): Save Flow-Kit settings ...
% Begin Save FLow-Kit settings (date=07/07 03:14:52, mem=4815.9M)
% End Save FLow-Kit settings (date=07/07 03:14:52, total cpu=0:00:00.3, real=0:00:00.0, peak res=4815.9M, current mem=4815.9M)
DEF file './genus2invs__1001821_98bebad6-1f56-4d85-af38-42c022bfcc8afa_top/invs2genus_final_db/cmn/fa_top.def.gz' is written, current time is Tue Jul  7 03:14:53 2026 ...
TAT_INFO: ::defOut REAL = 4 : CPU = 3 : MEM = 0.
(stylus_db): Save Scandef file...
(stylus_db): Info: Could not save power intent as neither 1801(UPF) nor CPF was loaded ...
(stylus_db): Save AAE settings ...
(stylus_db): Save SPEF data ...
% Begin Save SPEF (date=07/07 03:14:53, mem=4815.7M)
% End Save SPEF (date=07/07 03:15:04, total cpu=0:00:20.6, real=0:00:10.0, peak res=4818.9M, current mem=4818.9M)
(stylus_db): Save RC preroute extraction data ...
Saving preRoute extracted patterns in file './genus2invs__1001821_98bebad6-1f56-4d85-af38-42c022bfcc8afa_top/invs2genus_final_db/cmn/fa_top.extraction/fa_top.techData.gz' ...
Saving preRoute extraction data in directory './genus2invs__1001821_98bebad6-1f56-4d85-af38-42c022bfcc8afa_top/invs2genus_final_db/cmn/fa_top.extraction/extraction/' ...
(stylus_db): Save Min Layer data file : ./genus2invs__1001821_98bebad6-1f56-4d85-af38-42c022bfcc8afa_top/invs2genus_final_db/cmn/fa_top.min_layer
% Begin Save Min Layer data (date=07/07 03:15:04, mem=4819.7M)
Saved 86 nets on 209309
% End Save Min Layer data (date=07/07 03:15:04, total cpu=0:00:00.1, real=0:00:00.0, peak res=4819.7M, current mem=4819.7M)
% Begin Save attributes and preserves (date=07/07 03:15:04, mem=4819.7M)
(stylus_db): Save SQLite db (version 0.2) ...
(stylus_db): Save Root attributes ...
  Saved 22 Root attributes
(stylus_db): Start saving preserve attributes ...
  Saved dont_use of 393 base_cells
  Saved dont_touch of 393 base_cells
  Saved dont_touch of 37 insts
  Saved 824 preserve attributes
(stylus_db): Start saving attributes of design objects ...
  Saved original_name attribute of 847 ports
  Saved file_row_col attribute of 847 ports
  Saved single_bit_orig_name attribute of 18702 insts
  Saved original_name attribute of 18702 insts
  Saved is_clock attribute of 1 nets
  Saved route_bottom_preferred_layer attribute of 86 nets
  Saved top_bottom_preferred_layer attribute of 86 nets
  Saved route_bottom_preferred_layer_app attribute of 86 nets
  Saved top_bottom_preferred_layer_app attribute of 86 nets
  Saved original_name attribute of 23668 pins
  Saved file_row_col attribute of 55952 pins
  Saved file_row_col attribute on design
  Saved file_row_col attribute of 3 modules
  Saved file_row_col attribute of 194506 insts
  Saved file_row_col attribute of 3 hInsts
  Saved original_name attribute of 3 hinsts
  Saved single_bit_original_name attribute of 3 hinsts
  Saved file_row_col attribute of 1859 hpins
  Saved original_name attribute of 1859 hports
  Saved 317582 attributes of design objects
  Saved 2 user-defined attributes
(stylus_db): Saved 22 Root attributes, 0 route_type attributes, 0 place_blockages attributes, 824 DB preserves, 0 power_domain attributes, 2 user-defined attributes , 0 attributes of messages and 317582 attributes of design objects
(stylus_db): Saved 0 total USF attributes
% End Save attributes and preserves (date=07/07 03:15:27, total cpu=0:00:22.4, real=0:00:23.0, peak res=4825.2M, current mem=4824.9M)
(stylus_db): Start Saving Innovus Common DB ...
  Save Globals file ...
  Save Mode file ...
  Save CCOPT config data ...
  Save iHDB config data ...
(stylus_db): Completed Saving Innovus Common DB "./genus2invs__1001821_98bebad6-1f56-4d85-af38-42c022bfcc8afa_top/invs2genus_final_db/cmn/pnr_cmn" ...
TAT_INFO: ::saveCongMap REAL = 0 : CPU = 0 : MEM = 0.
TAT_INFO: ::save_ccopt_config REAL = 0 : CPU = 0 : MEM = 0.
(stylus_db): Saving Synthesis Common DB ...
#% End Save Common DB (date=07/07 03:15:27, total cpu=0:00:51.6, real=0:00:41.0, peak res=4826.8M, current mem=4826.8M)
*** Message Summary: 0 warning(s), 0 error(s)

-method static                           # enums={static dynamic dynamic_vectorless dynamic_vectorbased dynamic_mixed_mode vector_profile event_based}, default=static
Generating Default TCF
%# child-enqueued write_tcf
%# Begin ::rcp::wait_for_children (07/07 03:15:28, mem=4826.79M)
Starting parallel execution of queued child processes.
Multi-CPU acceleration using 8 CPU(s).
Total CPU(s) requested: 6
Total CPU(s) enabled with current License(s): 8
Current free CPU(s): 1
No more licenses are available for multi-cpu acceleration.
Total CPU(s) now enabled: 8
** WARN:  (VOLTUS_POWR-1230): Insufficient number of licenses to run with 6 CPUs.  Reducing number of CPUs to 1.

clk(300.03MHz) CK: assigning clock clk to net clk

Starting Levelizing
2026-Jul-07 03:15:41 (2026-Jul-06 19:15:41 GMT)
2026-Jul-07 03:15:41 (2026-Jul-06 19:15:41 GMT): 10%
2026-Jul-07 03:15:41 (2026-Jul-06 19:15:41 GMT): 20%
2026-Jul-07 03:15:41 (2026-Jul-06 19:15:41 GMT): 30%
2026-Jul-07 03:15:41 (2026-Jul-06 19:15:41 GMT): 40%
2026-Jul-07 03:15:41 (2026-Jul-06 19:15:41 GMT): 50%
2026-Jul-07 03:15:41 (2026-Jul-06 19:15:41 GMT): 60%
2026-Jul-07 03:15:42 (2026-Jul-06 19:15:42 GMT): 70%
2026-Jul-07 03:15:42 (2026-Jul-06 19:15:42 GMT): 80%
2026-Jul-07 03:15:42 (2026-Jul-06 19:15:42 GMT): 90%

Finished Levelizing
2026-Jul-07 03:15:43 (2026-Jul-06 19:15:43 GMT)

Starting Activity Propagation
2026-Jul-07 03:15:43 (2026-Jul-06 19:15:43 GMT)
** INFO:  (VOLTUS_POWR-1356): No default input activity has been set. Defaulting to 0.2.
Use 'set_default_switching_activity -input_activity' command to change the default activity value.

2026-Jul-07 03:15:45 (2026-Jul-06 19:15:45 GMT): 10%
2026-Jul-07 03:15:46 (2026-Jul-06 19:15:46 GMT): 20%
2026-Jul-07 03:15:47 (2026-Jul-06 19:15:47 GMT): 30%

Finished Activity Propagation
2026-Jul-07 03:15:51 (2026-Jul-06 19:15:51 GMT)
Writing TCF output to file
'./genus2invs__1001821_98bebad6-1f56-4d85-af38-42c022bfcc8afa_top/invs2genus_final_db/cmn/fa_top.power/fa_top.comp.tcf'
%# child-done write_tcf (total cpu=23, real=24)
%# End ::rcp::wait_for_children (07/07 03:15:51, total cpu=16:00:22, real=16:00:23, peak res=6047.11M, current mem=4826.79M)
%# End rcp::final_db (07/07 03:15:51, total cpu=16:01:14, real=16:01:05, peak res=6047.11M, current mem=4826.79M)

Writing out Metrics file - ./genus2invs__1001821_98bebad6-1f56-4d85-af38-42c022bfcc8afa_top/invs2genus.metrics.json
      flow.cputime  flow.realtime  timing.setup.tns  timing.setup.wns  snapshot
UM:*                                                                   invs2genus_export
Configuring postexport environment.
Configuring postexport command environment. 0
%# End ::rcp_cui::save_interface_files (07/07 03:15:52, total cpu=16:01:52, real=16:01:34, peak res=6047.11M, current mem=4825.86M)
*** Message Summary: 965 warning(s), 198022 error(s)


*** Memory Usage v#3 (Current mem = 4826.027M, initial mem = 976.887M) ***
--- Ending "Innovus" (totcpu=1:44:40, real=0:46:57, mem=4826.0M) ---


Finished batch session (command execution time: real mm:ss 47:03).
%# End launch_innovus (07/07 03:15:56, total cpu=16:00:08, real=16:47:03, peak res=8374.70M, current mem=3072.83M)
Updating database...
%# Begin phys_update_database (07/07 03:15:56, mem=3072.83M)
%# Begin preload_script (07/07 03:15:56, mem=3072.83M)
%# End preload_script (07/07 03:15:56, total cpu=16:00:00, real=16:00:00, peak res=8374.70M, current mem=3072.83M)
      flow.cputime  flow.realtime  timing.setup.tns  timing.setup.wns  snapshot
UM:*                                                                   preload_script
%# Begin read_metric (07/07 03:15:56, mem=3072.83M)
%# End read_metric (07/07 03:15:56, total cpu=16:00:00, real=16:00:00, peak res=8374.70M, current mem=3072.83M)
      flow.cputime  flow.realtime  timing.setup.tns  timing.setup.wns  snapshot
UM:*                                                                   read_metric
%# Begin stylus_db::read (07/07 03:15:56, mem=3072.83M)
(stylus_db): Argument checking
  Setting attribute of root '/': 'init_mmmc_version' = 2
(stylus_db): Set 'init_mmmc_version' to 2
(stylus_db): Reading USER attribute definitions
Sourcing script file ./genus2invs__1001821_98bebad6-1f56-4d85-af38-42c022bfcc8afa_top/invs2genus_final_db/cmn/syn_cmn/fa_top.smsc.library_setup.tcl...
Done reading script file ./genus2invs__1001821_98bebad6-1f56-4d85-af38-42c022bfcc8afa_top/invs2genus_final_db/cmn/syn_cmn/fa_top.smsc.library_setup.tcl.
Sourcing script file ./genus2invs__1001821_98bebad6-1f56-4d85-af38-42c022bfcc8afa_top/invs2genus_final_db/cmn/syn_cmn/fa_top.smsc.library_domains.g.gz...
Done reading script file ./genus2invs__1001821_98bebad6-1f56-4d85-af38-42c022bfcc8afa_top/invs2genus_final_db/cmn/syn_cmn/fa_top.smsc.library_domains.g.gz.
(stylus_db): Reading Root DOTG
Sourcing script file ./genus2invs__1001821_98bebad6-1f56-4d85-af38-42c022bfcc8afa_top/invs2genus_final_db/cmn/syn_cmn/fa_top.root.g.gz...
Done reading script file ./genus2invs__1001821_98bebad6-1f56-4d85-af38-42c022bfcc8afa_top/invs2genus_final_db/cmn/syn_cmn/fa_top.root.g.gz.
(stylus_db): Setting root attributes
There were 19 applications and 0 problems processing root attributes.
(stylus_db): Reading of Root Attributes complete
(stylus_db): Refreshing Extraction Engine

  According to qrc_tech_file, there are total 6 routing layers [ V(3) / H(3) ]

  Setting attribute of root '/': 'qrc_tech_file' = /home/share/pdk/sky130A/libs.tech/cadence/qrcTechFile
(stylus_db): Completed creating implied root attributes
(stylus_db): Reading Verilog
Warning : Non-monotonic wireload model found. [LBR-81]
        : 'Length' table in wireload model 'Huge' is non-monotonic.
Warning : Non-monotonic wireload model found. [LBR-81]
        : 'Length' table in wireload model 'Huge' is non-monotonic.
Warning : Non-monotonic wireload model found. [LBR-81]
        : 'Length' table in wireload model 'Huge' is non-monotonic.
Warning : Non-monotonic wireload model found. [LBR-81]
        : 'Length' table in wireload model 'Large' is non-monotonic.
Warning : Non-monotonic wireload model found. [LBR-81]
        : 'Length' table in wireload model 'Large' is non-monotonic.
Warning : Non-monotonic wireload model found. [LBR-81]
        : 'Length' table in wireload model 'Large' is non-monotonic.
Warning : Non-monotonic wireload model found. [LBR-81]
        : 'Length' table in wireload model 'Medium' is non-monotonic.
Warning : Non-monotonic wireload model found. [LBR-81]
        : 'Length' table in wireload model 'Medium' is non-monotonic.
  Done reading and elaborating the structural design 'fa_top'.
Checking for source RTL...
Check completed for source RTL.
(stylus_db): Interpreting MMMC as SMSC
Using compressed SDC constraint file ./genus2invs__1001821_98bebad6-1f56-4d85-af38-42c022bfcc8afa_top/invs2genus_final_db/cmn/fa_top.mmmc/modes/default_emulate_constraint_mode/default_emulate_constraint_mode.sdc.gz
Statistics for commands executed by read_sdc:
 "create_clock"             - successful      1 , failed      0 (runtime  0.02)
 "current_design"           - successful      1 , failed      0 (runtime  0.02)
 "get_clocks"               - successful    846 , failed      0 (runtime  0.02)
 "get_ports"                - successful    847 , failed      0 (runtime  0.09)
 "set_clock_gating_check"   - successful      2 , failed      0 (runtime  0.02)
 "set_input_delay"          - successful    353 , failed      0 (runtime  0.03)
 "set_output_delay"         - successful    493 , failed      0 (runtime  0.03)
 "set_units"                - successful      1 , failed      0 (runtime  0.01)
read_sdc completed in 00:00:01 (hh:mm:ss)
  Setting attribute of design 'fa_top': 'global_route_overflow_TR_H' = 12.41
  Setting attribute of design 'fa_top': 'global_route_overflow_TR_V' = 1.94
  Setting attribute of design 'fa_top': 'phys_max_congestion_hotspot' = 5087.65
  Setting attribute of design 'fa_top': 'phys_total_congestion_hotspot' = 17314.9
(stylus_db): Root to Design Attrs
(stylus_db): Init Design
Started checking and loading power intent for design fa_top...
==============================================================
No power intent for design 'fa_top'.
Completed checking and loading power intent for design fa_top (runtime:0.00s memory_usage:0.00M peak_memory:0.00M).
===================================================================================================================
  Setting attribute of root '/': 'read_qrc_tech_file_rc_corner' = true
(stylus_db): Reading DEF

Reading and processing DEF file './genus2invs__1001821_98bebad6-1f56-4d85-af38-42c022bfcc8afa_top/invs2genus_final_db/cmn/fa_top.def.gz'...
Parsing DEF file...

  'read_def' read 10000 lines...
  'read_def' read 20000 lines...
  'read_def' read 30000 lines...
  'read_def' read 40000 lines...
  'read_def' read 50000 lines...
  'read_def' read 60000 lines...
  'read_def' read 70000 lines...
  'read_def' read 80000 lines...
  'read_def' read 90000 lines...
  'read_def' read 100000 lines...
  'read_def' read 200000 lines...
  'read_def' read 300000 lines...
Warning : Net specified in pin is undefined in the netlist. [PHYS-2257]
        : Net 'm_axi_arlen[7]' specified in Pin 'm_axi_arlen[5]' is undefined in netlist.
Warning : Net specified in pin is undefined in the netlist. [PHYS-2257]
        : Net 'm_axi_arlen[5]' specified in Pin 'm_axi_arlen[5]' is undefined in netlist.
Warning : Net specified in pin is undefined in the netlist. [PHYS-2257]
        : Net 'm_axi_awlen[7]' specified in Pin 'm_axi_awlen[5]' is undefined in netlist.
Warning : Net specified in pin is undefined in the netlist. [PHYS-2257]
        : Net 'm_axi_awlen[6]' specified in Pin 'm_axi_awlen[5]' is undefined in netlist.
Warning : Net specified in pin is undefined in the netlist. [PHYS-2257]
        : Net 'm_axi_awlen[5]' specified in Pin 'm_axi_awlen[5]' is undefined in netlist.
Warning : Net specified in pin is undefined in the netlist. [PHYS-2257]
        : Net 'm_axi_wstrb[15]' specified in Pin 'm_axi_wstrb[10]' is undefined in netlist.
Warning : Net specified in pin is undefined in the netlist. [PHYS-2257]
        : Net 'm_axi_wstrb[13]' specified in Pin 'm_axi_wstrb[0]' is undefined in netlist.
Warning : Net specified in pin is undefined in the netlist. [PHYS-2257]
        : Net 'm_axi_wstrb[12]' specified in Pin 'm_axi_wstrb[0]' is undefined in netlist.
Warning : Net specified in pin is undefined in the netlist. [PHYS-2257]
        : Net 'm_axi_wstrb[10]' specified in Pin 'm_axi_wstrb[10]' is undefined in netlist.
Warning : Net specified in pin is undefined in the netlist. [PHYS-2257]
        : Net 'm_axi_wstrb[9]' specified in Pin 'm_axi_wstrb[0]' is undefined in netlist.
Warning : Net specified in pin is undefined in the netlist. [PHYS-2257]
        : Net 'm_axi_wstrb[8]' specified in Pin 'm_axi_wstrb[10]' is undefined in netlist.
Warning : Net specified in pin is undefined in the netlist. [PHYS-2257]
        : Net 'm_axi_wstrb[3]' specified in Pin 'm_axi_wstrb[0]' is undefined in netlist.
Warning : Net specified in pin is undefined in the netlist. [PHYS-2257]
        : Net 'm_axi_wstrb[2]' specified in Pin 'm_axi_wstrb[0]' is undefined in netlist.
Warning : Net specified in pin is undefined in the netlist. [PHYS-2257]
        : Net 'm_axi_wstrb[1]' specified in Pin 'm_axi_wstrb[10]' is undefined in netlist.
Warning : Net specified in pin is undefined in the netlist. [PHYS-2257]
        : Net 'm_axi_wstrb[0]' specified in Pin 'm_axi_wstrb[0]' is undefined in netlist.
  'read_def' read 400000 lines...
  'read_def' read 500000 lines...
  'read_def' read 600000 lines...
  'read_def' read 700000 lines...
  'read_def' read 800000 lines...
  'read_def' read 900000 lines...
  'read_def' read 1000000 lines...
  'read_def' read 2000000 lines...

Done parsing DEF file (wall time: 4s, CPU time: 4164ms).
Processing DEF file...

Creating gcells from DEF (count: 170624)
  Summary report for DEF file './genus2invs__1001821_98bebad6-1f56-4d85-af38-42c022bfcc8afa_top/invs2genus_final_db/cmn/fa_top.def.gz'

    Components
    ----------
        Cover:      0
        Fixed:     37
   Soft Fixed:      0
     Physical:      0
         Bump:      0
       Placed: 194469
     Unplaced:      0
        TOTAL: 194506 (37 are class macro)
   
          Pins
          ----
        Cover:   0
        Fixed: 847
     Physical:   0
       Placed:   0
     Unplaced:   0
        TOTAL: 847
   
          Nets
          ----
         Read:      0
      Skipped: 207621
        TOTAL: 207621
   
   SpecialNets
   -----------
         Read: 0
      Skipped: 0
        TOTAL: 0
   
       Fences: 0
       Guides: 0
      Regions: 0

Done processing DEF file (wall time: 0s, CPU time: 163ms).
   
  ========================
  Physical Message Summary
  ========================
   
  37 /  0  I   PHYS-181  Full preserve set on instance.
  15 / 15  W  PHYS-2257  Net specified in pin is undefined in the netlist.
   
Info : Initializing 2-D Early Global router engine...
Info : Installing 2-D Early Global router...
Info : Early Global router engine is using 8 threads.
Info : 2-D Early Global router initialization complete.
Info : 2-D Early Global router installation complete.
Info : Installing 3-D Early Global router...
Info : 3-D Early Global router installation complete.
Done reading and processing DEF file './genus2invs__1001821_98bebad6-1f56-4d85-af38-42c022bfcc8afa_top/invs2genus_final_db/cmn/fa_top.def.gz' (wall time: 9s, CPU time: 8119ms).

(stylus_db): Creating exchange objects
(stylus_db): Read Latency
Using compressed SDC constraint file ./genus2invs__1001821_98bebad6-1f56-4d85-af38-42c022bfcc8afa_top/invs2genus_final_db/cmn/fa_top.mmmc/views/default_emulate_view/latency.sdc.gz
Statistics for commands executed by read_sdc:
 "get_pins"                 - successful    188 , failed      0 (runtime  0.00)
 "set_clock_latency"        - successful    188 , failed      0 (runtime  0.00)
read_sdc completed in 00:00:00 (hh:mm:ss)
(stylus_db): Reading any Extra SDC
Statistics for commands executed by read_sdc:
 "set_path_group_options"   - successful      2 , failed      0 (runtime  0.01)
read_sdc completed in 00:00:00 (hh:mm:ss)
(stylus_db): Reading DOTG
Sourcing script file ./genus2invs__1001821_98bebad6-1f56-4d85-af38-42c022bfcc8afa_top/invs2genus_final_db/cmn/syn_cmn/fa_top.g.gz...
Done reading script file ./genus2invs__1001821_98bebad6-1f56-4d85-af38-42c022bfcc8afa_top/invs2genus_final_db/cmn/syn_cmn/fa_top.g.gz.
Applied 148 Innovus Modes and globals.
(stylus_db): Setting root attributes
There were 17 applications and 0 problems processing root attributes.
(stylus_db): Reading User Attributes
Sourcing script file ./genus2invs__1001821_98bebad6-1f56-4d85-af38-42c022bfcc8afa_top/invs2genus_final_db/cmn/syn_cmn/fa_top.syn_userattrs.gz...
Done reading script file ./genus2invs__1001821_98bebad6-1f56-4d85-af38-42c022bfcc8afa_top/invs2genus_final_db/cmn/syn_cmn/fa_top.syn_userattrs.gz.
(stylus_db): Reading Flowkit Settings
Sourcing script file ./genus2invs__1001821_98bebad6-1f56-4d85-af38-42c022bfcc8afa_top/invs2genus_final_db/cmn/fa_top.flowkit_settings.tcl...
Done reading script file ./genus2invs__1001821_98bebad6-1f56-4d85-af38-42c022bfcc8afa_top/invs2genus_final_db/cmn/fa_top.flowkit_settings.tcl.
(stylus_db): Reading Design Attributes
(stylus_db): Setting attributes on design objects
Updated 0 and validated 18702 original_name instance attributes. With 0 problems deriving from pin based values.
(stylus_db): Summary count of attributes that could be applied
could_apply(boundary_change)                  = 285
could_apply(dont_touch)                       = 430
could_apply(dont_use)                         = 393
could_apply(file_row_col)                     = 253171
could_apply(is_clock)                         = 1
could_apply(original_name)                    = 45079
could_apply(route_bottom_preferred_layer)     = 86
could_apply(route_bottom_preferred_layer_app) = 86
could_apply(route_top_preferred_layer)        = 86
could_apply(route_top_preferred_layer_app)    = 86
could_apply(single_bit_orig_name)             = 18702
could_apply(single_bit_original_name)         = 3
(stylus_db): Reading Min Layer Application
(stylus_db): Reading TCF
Info    : Joules engine is used. [RPT-16]
        : Joules parser is being used for the command read_tcf.
Info   : STIM-0001 [StimInfo] read_stimulus effective options 
       : -file :
       : /home/hujinzhao/pro/genus_bs2_300m/genus2invs__1001821_98bebad6-1f56-4d85-af38-42c022bfcc8afa_top/invs2genus_final_db/cmn/fa_top.power/fa_top.comp.tcf
       : -dut_instance : /
       : -design_root : fa_top
       : -format : tcf
Info   : STIM-0001 Design top is fa_top
Info   : STIM-0001 Started reading input stimulus file
       : /home/hujinzhao/pro/genus_bs2_300m/genus2invs__1001821_98bebad6-1f56-4d85-af38-42c022bfcc8afa_top/invs2genus_final_db/cmn/fa_top.power/fa_top.comp.tcf
Info   : STIM-0002 [StimInfo] Stimulus has been identified as a gate level
       : stimulus, switching on -allow_n_nets option..
Info   : STIM-0007 [StimInfo] Stored stimulus information '/stim#1' in SDB.
---------------------------- Annotation Report ---------------------------
Object Type         Asserted  UnAsserted  Unconnected   Total  Asserted% 
                                           + Constant                    
--------------------------------------------------------------------------
Primary Ports                                                            
  Inputs                 337          17            0     354     95.19% 
  Outputs                333           0          160     493    100.00% 
  I/O                      0           0            0       0        N/A 
Sequential Outputs                                                       
  Memory                4864           0            0    4864    100.00% 
  Flop                 18804           0            0   18804    100.00% 
  Latch                    0           0            0       0        N/A 
  Arch ICGC                0           0            0       0        N/A 
  Inferred ICGC            0           0            0       0        N/A 
  Total ICGC               0           0            0       0        N/A 
Drivers                                                                  
  Driver nets         209309          17            0  209326     99.99% 
  RTL Driver nets     208972           0            0  208972    100.00% 
DFT                                                                      
  Input Ports              0           0            0       0        N/A 
  Flop Outputs             0           0            0       0        N/A 
  Memory Outputs           0           0            0       0        N/A 
--------------------------------------------------------------------------
Info   : STIM-0013 [StimInfo] Completed successfully.
       : Info=5, Warn=0, Error=0, Fatal=0
Info: Removing all stims from SDB
(stylus_db): Reading Routing Congestion
Reading Innovus congestion map file './genus2invs__1001821_98bebad6-1f56-4d85-af38-42c022bfcc8afa_top/invs2genus_final_db/cmn/fa_top.route.congestion.gz'...
(stylus_db): Reading AAE settings
Read 3992 values from Innovus AAE file.
Detected that AAE fast_mode is correctly communicated from Innovus.
(stylus_db): Switching timing analysis to placement based PLE
(stylus_db): Read SPEF
Reading ./genus2invs__1001821_98bebad6-1f56-4d85-af38-42c022bfcc8afa_top/invs2genus_final_db/cmn/fa_top.mmmc/corners/default_emulate_rc_corner/default_emulate_rc_corner.spef.gz ...

Annotating parasitics for design fa_top
Warning : Small lumped capacitance will be ignored. [PHYS-262]
        : The lumped capacitance for net 'u_core/FE_OFN64544_n' is too small: 0.00035 ff, use 0.1 ff
Warning : Cannot annotate physical data on this net. [PHYS-254]
        : The lumped capacitance for net 'u_core/FE_OFN64465_n' is zero.
Warning : Annotated physical data will be ignored for timing analysis. [PHYS-256]
        : Net 'clk' has an ideal pin 'u_dma_u_read_state_reg_reg[1]/CLK (sky130_fd_sc_hs__dfxbp_1/CLK)'.
Warning : Cannot find this net. [PHYS-266]
        : Multi-port net 'm_axi_arlen[5]' in line 1788531 of file './genus2invs__1001821_98bebad6-1f56-4d85-af38-42c022bfcc8afa_top/invs2genus_final_db/cmn/fa_top.mmmc/corners/default_emulate_rc_corner/default_emulate_rc_corner.spef.gz' replaced with m_axi_arlen[7].
Warning : Cannot find this net. [PHYS-266]
        : Multi-port net 'm_axi_awlen[5]' in line 1793630 of file './genus2invs__1001821_98bebad6-1f56-4d85-af38-42c022bfcc8afa_top/invs2genus_final_db/cmn/fa_top.mmmc/corners/default_emulate_rc_corner/default_emulate_rc_corner.spef.gz' replaced with m_axi_awlen[7].
Warning : Cannot find this net. [PHYS-266]
        : Multi-port net 'm_axi_wstrb[10]' in line 1796898 of file './genus2invs__1001821_98bebad6-1f56-4d85-af38-42c022bfcc8afa_top/invs2genus_final_db/cmn/fa_top.mmmc/corners/default_emulate_rc_corner/default_emulate_rc_corner.spef.gz' replaced with m_axi_wstrb[15].
Warning : Cannot find this net. [PHYS-266]
        : Multi-port net 'm_axi_wstrb[0]' in line 1797094 of file './genus2invs__1001821_98bebad6-1f56-4d85-af38-42c022bfcc8afa_top/invs2genus_final_db/cmn/fa_top.mmmc/corners/default_emulate_rc_corner/default_emulate_rc_corner.spef.gz' replaced with m_axi_wstrb[13].

##### read_spef statistics #####
Corner: default_emulate_rc_corner
Total number of nets: 207621
Number of nets cannot be annotated: 22
Number of nets with lumped capacitance less than 0.1 ff: 29
Number of nets with zero lumped capacitance 22
Number of nets annotated, but ignored for timing 1
Total runtime: 16.5 seconds
(stylus_db): Configure PLE
============================================================
  Generated by:           Genus(TM) Synthesis Solution 25.12-s067_1
  Generated on:           Jul 07 2026  03:17:44 am
  Module:                 fa_top
  Technology libraries:   sky130_fd_sc_hs__tt_025C_1v80 1.0000000000
                          sky130_sram_0kbytes_1rw1r_64x32_8_TT_1p8V_25C_lib 
                          sky130_sram_0kbytes_1rw1r_64x64_8_TT_1p8V_25C_lib 
                          sky130_sram_0kbytes_1rw1r_128x16_16_TT_1p8V_25C_lib 
                          physical_cells 
  Operating conditions:   typ 
  Interconnect mode:      placement
  Area mode:              physical library
============================================================

Aspect ratio        : 0.999
Shrink factor       : 1.000
Scale of res/length : 1.000
Scale of cap/length : 1.000
Net derating factor : 1.000
Thermal factor      : 1.000
Via Resistance      : 6.862 ohm (from qrc_tech_file)
Site size           : 3.810 um (from lef [tech+cell])

                                   Capacitance  
  Layer                             / Length         Data source:
Name        Direction Utilization  (pF/micron)       user override
------------------------------------------------
<extracted>     U         n/a         0.000189  
<extracted>     V         n/a         0.000165  
<extracted>     H         n/a         0.000213  

                                    Resistance   
  Layer                              / Length         Data source:
Name        Direction Utilization  (ohm/micron)       user override
-------------------------------------------------
<extracted>     U         n/a          0.870720  
<extracted>     V         n/a          0.873597  
<extracted>     H         n/a          0.867843  

                                        Area     
  Layer                               / Length        Data source:
Name (bin)  Direction Utilization     (micron)        lef_library
-------------------------------------------------
li1             V         0.00         0.170000  
met1            H         1.00         0.140000  
met2            V         1.00         0.140000  
met3            H         1.00         0.300000  
met4            V         1.00         0.300000  
met5            H         1.00         1.600000  

(stylus_db): Reading EXTRACTION
There is no ndr for this design!
INFO (IMPEXT-7055): Loading preRoute extraction data from directory '/home/hujinzhao/pro/genus_bs2_300m/genus2invs__1001821_98bebad6-1f56-4d85-af38-42c022bfcc8afa_top/invs2genus_final_db/cmn/fa_top.extraction/extraction/' ...

No NDR for EEKit
INFO (IMPEXT-7048): Generating auto layer map file.

INFO (IMPEXT-7026): Loading preRoute extracted patterns from file '/home/hujinzhao/pro/genus_bs2_300m/genus2invs__1001821_98bebad6-1f56-4d85-af38-42c022bfcc8afa_top/invs2genus_final_db/cmn/fa_top.extraction/fa_top.techData.gz' ...

INFO (IMPEXT-6209): Completed (cpu: 286964.000000 real: 286964.000000)

There is no ndr for this design!
%# End stylus_db::read (07/07 03:17:45, total cpu=16:01:39, real=16:01:49, peak res=8374.70M, current mem=3994.22M)
      flow.cputime  flow.realtime  timing.setup.tns  timing.setup.wns  snapshot
UM:*                                                                   read_invs2genus_db
(updb): (07/07 03:17:46) Refreshing Timer
Info    : AAE enabled for delay calculation. [TIM-45]
        :  
      flow.cputime  flow.realtime  timing.setup.tns  timing.setup.wns  snapshot
UM:*                                                                   timer_refresh
%# End phys_update_database (07/07 03:18:04, total cpu=16:02:18, real=16:02:08, peak res=8374.70M, current mem=5705.47M)
      flow.cputime  flow.realtime  timing.setup.tns  timing.setup.wns  snapshot
UM:*                                                                   phys_update_database




Finished QoS prediction (command execution time mm:ss (real) = 51:54).

      flow.cputime  flow.realtime  timing.setup.tns  timing.setup.wns  snapshot
UM:*                                                                   predict_qos
  Done placing fa_top.
(syn_opt_placed): Activating iSpatial - opt_spatial_effort standard
  Done spatial mode optimization fa_top.
      flow.cputime  flow.realtime  timing.setup.tns  timing.setup.wns  snapshot
UM:*                                                                   syn_opt_ispatial_standard
@file(run_fa_accel_sky130_sram.tcl) 287: redirect [file join $report_dir timing.rpt] {report timing}
@file(run_fa_accel_sky130_sram.tcl) 288: redirect [file join $report_dir area.rpt] {report area}
@file(run_fa_accel_sky130_sram.tcl) 289: redirect [file join $report_dir power.rpt] {report power}
@file(run_fa_accel_sky130_sram.tcl) 290: redirect [file join $report_dir qor_final.rpt] {report qor}
@file(run_fa_accel_sky130_sram.tcl) 291: redirect [file join $report_dir check_design_post.rpt] {check_design}
@file(run_fa_accel_sky130_sram.tcl) 292: redirect [file join $report_dir hierarchy_final.rpt] {report hierarchy}
@file(run_fa_accel_sky130_sram.tcl) 295: set syn_method_lines {}
@file(run_fa_accel_sky130_sram.tcl) 296: lappend syn_method_lines "SYNTHESIS_METHODOLOGY"
@file(run_fa_accel_sky130_sram.tcl) 297: lappend syn_method_lines "Tool: Genus 25.12"
@file(run_fa_accel_sky130_sram.tcl) 298: if {$physical_mode} {
  lappend syn_method_lines "Physical synthesis: YES (syn_opt -spatial)"
  lappend syn_method_lines "QRC probabilistic extraction: ENABLED"
  lappend syn_method_lines "Floorplan prediction: predict_floorplan"
} else {
  lappend syn_method_lines "Physical synthesis: NO (logical only)"
  lappend syn_method_lines "QRC probabilistic extraction: N/A"
  lappend syn_method_lines "Floorplan prediction: N/A"
}
@file(run_fa_accel_sky130_sram.tcl) 307: lappend syn_method_lines "SPEF annotation: check main log for 'read_spef statistics'"
@file(run_fa_accel_sky130_sram.tcl) 308: lappend syn_method_lines "Verification: grep 'syn_opt -spatial' in Genus log to confirm execution"
@file(run_fa_accel_sky130_sram.tcl) 309: write_text_report [file join $report_dir syn_methodology.rpt] $syn_method_lines
@file(run_fa_accel_sky130_sram.tcl) 310: if {[catch {redirect [file join $report_dir gates.rpt] {report gates}} err]} {
  puts "WARNING: optional gates report failed: $err"
}
@file(run_fa_accel_sky130_sram.tcl) 313: if {[catch {redirect [file join $report_dir cell_usage.rpt] {report cell_usage}} err]} {
  puts "WARNING: optional cell usage report failed: $err"
}
WARNING: optional cell usage report failed: Failed on 'report cell_usage'
@file(run_fa_accel_sky130_sram.tcl) 316: if {[catch {redirect [file join $report_dir unmapped_final.rpt] {report unmapped}} err]} {
  puts "WARNING: optional unmapped final report failed: $err"
}
WARNING: optional unmapped final report failed: Failed on 'report unmapped'
@file(run_fa_accel_sky130_sram.tcl) 320: write_hdl > [file join $output_dir ${top}_mapped.v]
@file(run_fa_accel_sky130_sram.tcl) 321: write_sdc > [file join $output_dir ${top}_mapped.sdc]
Finished SDC export (command execution time mm:ss (real) = 00:04).
@file(run_fa_accel_sky130_sram.tcl) 322: if {[catch {write_db [file join $output_dir ${top}.db]} err]} {
  puts "WARNING: optional write_db failed: $err"
}
INFO (IMPEXT-7027): Saving preRoute extracted patterns in file '/home/hujinzhao/pro/genus_bs2_300m/results/outputs/fa_top/fa_top.db.xdata/fa_top.techData.gz' ...

INFO (IMPEXT-7054): Saving preRoute extraction data in directory '/home/hujinzhao/pro/genus_bs2_300m/results/outputs/fa_top/fa_top.db.xdata/extraction/' ...

Successfully saved preroute extraction data
Finished exporting design database to file '/home/hujinzhao/pro/genus_bs2_300m/results/outputs/fa_top/fa_top.db' for 'fa_top' (command execution time mm:ss cpu = 00:29, real = 00:39).
@file(run_fa_accel_sky130_sram.tcl) 328: set nand2_area [get_db [get_lib_cells sky130_fd_sc_hs__nand2_1] .area]
@file(run_fa_accel_sky130_sram.tcl) 329: redirect -variable area_str {report area}
@file(run_fa_accel_sky130_sram.tcl) 331: if {[regexp {Total Cell Area[:\s]+([0-9.]+)} $area_str -> cell_only]} {
  set nand2_gates [expr {$cell_only / $nand2_area}]
  puts "NAND2_EQ_GATES = [format %.0f $nand2_gates]"
  puts "  NAND2_1 area = $nand2_area um2"
  puts "  Cell area = $cell_only um2"
} else {
  puts "WARNING: Could not parse cell area from report output."
}
WARNING: Could not parse cell area from report output.
@file(run_fa_accel_sky130_sram.tcl) 340: puts "GENUS_DONE $top"
GENUS_DONE fa_top
@file(run_fa_accel_sky130_sram.tcl) 341: exit

Lic Summary:
[03:20:11.057995] Cdslmd servers: sh02lo01
[03:20:11.058041] Feature usage summary:
[03:20:11.058042] Genus_Synthesis  
[03:20:11.058043] Genus_CPU_Opt  
[03:20:11.058043] Genus_Physical_Opt  
=======================
PBS_overall Index: 0.00
=======================
/home/hujinzhao/pro/genus_bs2_300m/.st_launch_sh02lo01_1001821
Normal exit.
