TMPDIR is being set to /tmp/genus_temp_2646528_c0db12f1-65d0-49e8-880e-4f9c383f8545_sh02lo01_hujinzhao_jGyHrh
Cadence Genus(TM) Synthesis Solution.
Copyright 2025 Cadence Design Systems, Inc. All rights reserved worldwide.
Cadence and the Cadence logo are registered trademarks and Genus is a trademark
of Cadence Design Systems, Inc. in the United States and other countries.

[10:47:26.060321] Configured Lic search path (25.01-s002): 5280@sh02lo01

Version: 25.12-s067_1, built Sun Nov 16 21:10:10 PST 2025
Options: -batch -files /home/hujinzhao/pro/genus_bs1_300m/SYN/run_fa_accel_sky130_sram.tcl 
Date:    Sun Jul 05 10:47:26 2026
Host:    sh02lo01 (x86_64 w/Linux 4.18.0-477.10.1.el8_8.x86_64) (18cores*36cpus*2physical cpus*Intel(R) Xeon(R) Gold 6140 CPU @ 2.30GHz 25344KB) (1056000372KB)
PID:     2646528
OS:      Red Hat Enterprise Linux 8.8 (Ootpa)

Checking out license: Genus_Synthesis
[10:47:26.456378] Periodic Lic check successful
[10:47:26.980683] Feature usage summary:
[10:47:26.980683] Genus_Synthesis  
License checkout complete (0 seconds elapsed).


***********************************************************************************************************
***********************************************************************************************************



Finished executable startup (8 seconds elapsed).

Loading tool scripts...
Finished loading tool scripts (25 seconds elapsed).

#@ Processing -files option
@genus:root: 1> source /home/hujinzhao/pro/genus_bs1_300m/SYN/run_fa_accel_sky130_sram.tcl
#@ Begin verbose source /home/hujinzhao/pro/genus_bs1_300m/SYN/run_fa_accel_sky130_sram.tcl
@file(run_fa_accel_sky130_sram.tcl) 1: set STAGE syn
@file(run_fa_accel_sky130_sram.tcl) 2: set DEFAULT_TOP fa_top
@file(run_fa_accel_sky130_sram.tcl) 4: proc require_file ...
@file(run_fa_accel_sky130_sram.tcl) 12: proc env_or_default ...
@file(run_fa_accel_sky130_sram.tcl) 19: proc require_dir ...
@file(run_fa_accel_sky130_sram.tcl) 27: proc read_path_list ...
@file(run_fa_accel_sky130_sram.tcl) 48: proc write_text_report ...
@file(run_fa_accel_sky130_sram.tcl) 56: proc env_flag ...
@file(run_fa_accel_sky130_sram.tcl) 63: proc env_value ...
@file(run_fa_accel_sky130_sram.tcl) 70: proc run_physical_command ...
@file(run_fa_accel_sky130_sram.tcl) 82: proc configure_multicpu ...
@file(run_fa_accel_sky130_sram.tcl) 98: proc configure_physical_context ...
@file(run_fa_accel_sky130_sram.tcl) 136: set script_dir [file dirname [info script]]
@file(run_fa_accel_sky130_sram.tcl) 137: set bundle_root [env_or_default GENUS_PROJECT_ROOT [file join $script_dir ..]]
@file(run_fa_accel_sky130_sram.tcl) 138: set workspace_dir [env_or_default GENUS_WORKSPACE_DIR [file join $bundle_root workspace]]
@file(run_fa_accel_sky130_sram.tcl) 139: set results_root [env_or_default GENUS_RESULTS_DIR [file join $bundle_root results]]
@file(run_fa_accel_sky130_sram.tcl) 140: set bundle_root [require_dir $bundle_root "Genus project root"]
@file(run_fa_accel_sky130_sram.tcl) 141: set workspace_dir [require_dir $workspace_dir "Genus workspace directory"]
@file(run_fa_accel_sky130_sram.tcl) 142: set filelist_dir [file join $workspace_dir filelists]
@file(run_fa_accel_sky130_sram.tcl) 143: set constraint_dir [file join $workspace_dir constraints]
@file(run_fa_accel_sky130_sram.tcl) 145: set top $DEFAULT_TOP
@file(run_fa_accel_sky130_sram.tcl) 146: if {[info exists ::env(TOP)] && $::env(TOP) ne ""} {
  set top $::env(TOP)
}
@file(run_fa_accel_sky130_sram.tcl) 150: set physical_mode 1
@file(run_fa_accel_sky130_sram.tcl) 151: if {[info exists ::env(GENUS_PHYSICAL)] && $::env(GENUS_PHYSICAL) eq "0"} {
  set physical_mode 0
}
@file(run_fa_accel_sky130_sram.tcl) 155: set allow_physical_fallback [env_flag GENUS_ALLOW_PHYSICAL_FALLBACK 0]
@file(run_fa_accel_sky130_sram.tcl) 157: set read_sram_behav_rtl 0
@file(run_fa_accel_sky130_sram.tcl) 158: if {[info exists ::env(READ_SRAM_BEHAV_RTL)] && $::env(READ_SRAM_BEHAV_RTL) ne "0"} {
  set read_sram_behav_rtl 1
}
@file(run_fa_accel_sky130_sram.tcl) 162: set report_dir [file join $results_root reports $top]
@file(run_fa_accel_sky130_sram.tcl) 163: set output_dir [file join $results_root outputs $top]
@file(run_fa_accel_sky130_sram.tcl) 164: set log_dir [file join $results_root logs]
@file(run_fa_accel_sky130_sram.tcl) 165: file mkdir $report_dir
@file(run_fa_accel_sky130_sram.tcl) 166: file mkdir $output_dir
@file(run_fa_accel_sky130_sram.tcl) 167: file mkdir $log_dir
@file(run_fa_accel_sky130_sram.tcl) 169: set rtl_filelist [env_or_default RTL_FILELIST [file join $filelist_dir rtl.f]]
@file(run_fa_accel_sky130_sram.tcl) 170: set sram_behav_filelist [env_or_default SRAM_BEHAV_RTL_FILELIST [file join $filelist_dir sram_macro_verilog.f]]
@file(run_fa_accel_sky130_sram.tcl) 171: set lib_filelist [env_or_default LIB_FILELIST [file join $filelist_dir libs_tt.f]]
@file(run_fa_accel_sky130_sram.tcl) 172: set lef_filelist [env_or_default LEF_FILELIST [file join $filelist_dir lefs.f]]
@file(run_fa_accel_sky130_sram.tcl) 173: set sdc_file [env_or_default SDC_FILE [file join $constraint_dir timing_300m.sdc]]
@file(run_fa_accel_sky130_sram.tcl) 175: puts "INFO: STAGE=$STAGE"
INFO: STAGE=syn
@file(run_fa_accel_sky130_sram.tcl) 176: puts "INFO: TOP=$top"
INFO: TOP=fa_top
@file(run_fa_accel_sky130_sram.tcl) 177: puts "INFO: PROJECT_ROOT=$bundle_root"
INFO: PROJECT_ROOT=/home/hujinzhao/pro/genus_bs1_300m
@file(run_fa_accel_sky130_sram.tcl) 178: puts "INFO: WORKSPACE_DIR=$workspace_dir"
INFO: WORKSPACE_DIR=/home/hujinzhao/pro/genus_bs1_300m/workspace
@file(run_fa_accel_sky130_sram.tcl) 179: puts "INFO: RESULTS_DIR=$results_root"
INFO: RESULTS_DIR=/home/hujinzhao/pro/genus_bs1_300m/results
@file(run_fa_accel_sky130_sram.tcl) 180: puts "INFO: PHYSICAL_MODE=$physical_mode"
INFO: PHYSICAL_MODE=1
@file(run_fa_accel_sky130_sram.tcl) 181: puts "INFO: READ_SRAM_BEHAV_RTL=$read_sram_behav_rtl"
INFO: READ_SRAM_BEHAV_RTL=0
@file(run_fa_accel_sky130_sram.tcl) 182: puts "INFO: GENUS_ALLOW_PHYSICAL_FALLBACK=$allow_physical_fallback"
INFO: GENUS_ALLOW_PHYSICAL_FALLBACK=0
@file(run_fa_accel_sky130_sram.tcl) 184: configure_multicpu
INFO: GENUS_THREADS=8
  Setting attribute of root '/': 'max_cpus_per_server' = 8
INFO: Applied multi-CPU command: set_db max_cpus_per_server 8
  Setting attribute of root '/': 'auto_super_thread' = true
INFO: Applied multi-CPU command: set_db auto_super_thread true
  Setting attribute of root '/': 'super_thread_servers' = localhost 8
INFO: Applied multi-CPU command: set_db super_thread_servers {localhost 8}
@file(run_fa_accel_sky130_sram.tcl) 186: set lib_files [read_path_list $lib_filelist "Liberty filelist"]
@file(run_fa_accel_sky130_sram.tcl) 187: foreach lib_file $lib_files {
  puts "INFO: LIB=$lib_file"
}
INFO: LIB=/home/share/pdk/ciel/sky130/versions/e8294524e5f67c533c5d0c3afa0bcc5b2a5fa066/sky130A/libs.ref/sky130_fd_sc_hs/lib/sky130_fd_sc_hs__tt_025C_1v80.lib
INFO: LIB=/home/hujinzhao/pro/genus_bs1_300m/workspace/LIBS/sky130_sram_0kbytes_1rw1r_64x32_8_TT_1p8V_25C.lib
INFO: LIB=/home/hujinzhao/pro/genus_bs1_300m/workspace/LIBS/sky130_sram_0kbytes_1rw1r_64x64_8_TT_1p8V_25C.lib
INFO: LIB=/home/hujinzhao/pro/genus_bs1_300m/workspace/LIBS/sky130_sram_0kbytes_1rw1r_128x16_16_TT_1p8V_25C.lib
@file(run_fa_accel_sky130_sram.tcl) 190: eval read_libs $lib_files
Error   : Could not find the look-up table definition. [LBR-517]
        : Template name 'ccsn_dc' used in group 'dc_current' on line 832 is not defined in the library. To fix this issue, define the missing template in the library. (File /home/share/pdk/ciel/sky130/versions/e8294524e5f67c533c5d0c3afa0bcc5b2a5fa066/sky130A/libs.ref/sky130_fd_sc_hs/lib/sky130_fd_sc_hs__tt_025C_1v80.lib)
        : Add the look-up table definition, then reload the library.
Warning : Ignoring the timing group. [LBR-709]
        : The dc_current group 'ccsn_dc' is being ignored due to errors in this group. This group will be excluded for any further library checks. Refer to the previous messages issued for dc_current group 'ccsn_dc' to find the details of the issues in this group. (File /home/share/pdk/ciel/sky130/versions/e8294524e5f67c533c5d0c3afa0bcc5b2a5fa066/sky130A/libs.ref/sky130_fd_sc_hs/lib/sky130_fd_sc_hs__tt_025C_1v80.lib, Line 832)
        : Fix the library cell error and then reload the library.
Error   : Could not find the look-up table definition. [LBR-517]
        : Template name 'ccsn_ovrf' used in group 'vector' on line 884 is not defined in the library. To fix this issue, define the missing template in the library. (File /home/share/pdk/ciel/sky130/versions/e8294524e5f67c533c5d0c3afa0bcc5b2a5fa066/sky130A/libs.ref/sky130_fd_sc_hs/lib/sky130_fd_sc_hs__tt_025C_1v80.lib)
Warning : Ignoring the timing group. [LBR-709]
        : The vector group 'ccsn_ovrf' is being ignored due to errors in this group. This group will be excluded for any further library checks. Refer to the previous messages issued for vector group 'ccsn_ovrf' to find the details of the issues in this group. (File /home/share/pdk/ciel/sky130/versions/e8294524e5f67c533c5d0c3afa0bcc5b2a5fa066/sky130A/libs.ref/sky130_fd_sc_hs/lib/sky130_fd_sc_hs__tt_025C_1v80.lib, Line 884)
Error   : Could not find the look-up table definition. [LBR-517]
        : Template name 'ccsn_ovrf' used in group 'vector' on line 890 is not defined in the library. To fix this issue, define the missing template in the library. (File /home/share/pdk/ciel/sky130/versions/e8294524e5f67c533c5d0c3afa0bcc5b2a5fa066/sky130A/libs.ref/sky130_fd_sc_hs/lib/sky130_fd_sc_hs__tt_025C_1v80.lib)
Warning : Ignoring the timing group. [LBR-709]
        : The vector group 'ccsn_ovrf' is being ignored due to errors in this group. This group will be excluded for any further library checks. Refer to the previous messages issued for vector group 'ccsn_ovrf' to find the details of the issues in this group. (File /home/share/pdk/ciel/sky130/versions/e8294524e5f67c533c5d0c3afa0bcc5b2a5fa066/sky130A/libs.ref/sky130_fd_sc_hs/lib/sky130_fd_sc_hs__tt_025C_1v80.lib, Line 890)
Error   : Could not find the look-up table definition. [LBR-517]
        : Template name 'ccsn_ovrf' used in group 'vector' on line 870 is not defined in the library. To fix this issue, define the missing template in the library. (File /home/share/pdk/ciel/sky130/versions/e8294524e5f67c533c5d0c3afa0bcc5b2a5fa066/sky130A/libs.ref/sky130_fd_sc_hs/lib/sky130_fd_sc_hs__tt_025C_1v80.lib)
Warning : Ignoring the timing group. [LBR-709]
        : The vector group 'ccsn_ovrf' is being ignored due to errors in this group. This group will be excluded for any further library checks. Refer to the previous messages issued for vector group 'ccsn_ovrf' to find the details of the issues in this group. (File /home/share/pdk/ciel/sky130/versions/e8294524e5f67c533c5d0c3afa0bcc5b2a5fa066/sky130A/libs.ref/sky130_fd_sc_hs/lib/sky130_fd_sc_hs__tt_025C_1v80.lib, Line 870)
Error   : Could not find the look-up table definition. [LBR-517]
        : Template name 'ccsn_ovrf' used in group 'vector' on line 876 is not defined in the library. To fix this issue, define the missing template in the library. (File /home/share/pdk/ciel/sky130/versions/e8294524e5f67c533c5d0c3afa0bcc5b2a5fa066/sky130A/libs.ref/sky130_fd_sc_hs/lib/sky130_fd_sc_hs__tt_025C_1v80.lib)
Warning : Ignoring the timing group. [LBR-709]
        : The vector group 'ccsn_ovrf' is being ignored due to errors in this group. This group will be excluded for any further library checks. Refer to the previous messages issued for vector group 'ccsn_ovrf' to find the details of the issues in this group. (File /home/share/pdk/ciel/sky130/versions/e8294524e5f67c533c5d0c3afa0bcc5b2a5fa066/sky130A/libs.ref/sky130_fd_sc_hs/lib/sky130_fd_sc_hs__tt_025C_1v80.lib, Line 876)
Error   : Could not find the look-up table definition. [LBR-517]
        : Template name 'ccsn_pnlh' used in group 'vector' on line 949 is not defined in the library. To fix this issue, define the missing template in the library. (File /home/share/pdk/ciel/sky130/versions/e8294524e5f67c533c5d0c3afa0bcc5b2a5fa066/sky130A/libs.ref/sky130_fd_sc_hs/lib/sky130_fd_sc_hs__tt_025C_1v80.lib)
Warning : Ignoring the timing group. [LBR-709]
        : The vector group 'ccsn_pnlh' is being ignored due to errors in this group. This group will be excluded for any further library checks. Refer to the previous messages issued for vector group 'ccsn_pnlh' to find the details of the issues in this group. (File /home/share/pdk/ciel/sky130/versions/e8294524e5f67c533c5d0c3afa0bcc5b2a5fa066/sky130A/libs.ref/sky130_fd_sc_hs/lib/sky130_fd_sc_hs__tt_025C_1v80.lib, Line 949)
Error   : Could not find the look-up table definition. [LBR-517]
        : Template name 'ccsn_pnlh' used in group 'vector' on line 956 is not defined in the library. To fix this issue, define the missing template in the library. (File /home/share/pdk/ciel/sky130/versions/e8294524e5f67c533c5d0c3afa0bcc5b2a5fa066/sky130A/libs.ref/sky130_fd_sc_hs/lib/sky130_fd_sc_hs__tt_025C_1v80.lib)
Warning : Ignoring the timing group. [LBR-709]
        : The vector group 'ccsn_pnlh' is being ignored due to errors in this group. This group will be excluded for any further library checks. Refer to the previous messages issued for vector group 'ccsn_pnlh' to find the details of the issues in this group. (File /home/share/pdk/ciel/sky130/versions/e8294524e5f67c533c5d0c3afa0bcc5b2a5fa066/sky130A/libs.ref/sky130_fd_sc_hs/lib/sky130_fd_sc_hs__tt_025C_1v80.lib, Line 956)
Error   : Could not find the look-up table definition. [LBR-517]
        : Template name 'ccsn_pnlh' used in group 'vector' on line 963 is not defined in the library. To fix this issue, define the missing template in the library. (File /home/share/pdk/ciel/sky130/versions/e8294524e5f67c533c5d0c3afa0bcc5b2a5fa066/sky130A/libs.ref/sky130_fd_sc_hs/lib/sky130_fd_sc_hs__tt_025C_1v80.lib)
Warning : Ignoring the timing group. [LBR-709]
        : The vector group 'ccsn_pnlh' is being ignored due to errors in this group. This group will be excluded for any further library checks. Refer to the previous messages issued for vector group 'ccsn_pnlh' to find the details of the issues in this group. (File /home/share/pdk/ciel/sky130/versions/e8294524e5f67c533c5d0c3afa0bcc5b2a5fa066/sky130A/libs.ref/sky130_fd_sc_hs/lib/sky130_fd_sc_hs__tt_025C_1v80.lib, Line 963)
Error   : Could not find the look-up table definition. [LBR-517]
        : Template name 'ccsn_pnlh' used in group 'vector' on line 970 is not defined in the library. To fix this issue, define the missing template in the library. (File /home/share/pdk/ciel/sky130/versions/e8294524e5f67c533c5d0c3afa0bcc5b2a5fa066/sky130A/libs.ref/sky130_fd_sc_hs/lib/sky130_fd_sc_hs__tt_025C_1v80.lib)
Warning : Ignoring the timing group. [LBR-709]
        : The vector group 'ccsn_pnlh' is being ignored due to errors in this group. This group will be excluded for any further library checks. Refer to the previous messages issued for vector group 'ccsn_pnlh' to find the details of the issues in this group. (File /home/share/pdk/ciel/sky130/versions/e8294524e5f67c533c5d0c3afa0bcc5b2a5fa066/sky130A/libs.ref/sky130_fd_sc_hs/lib/sky130_fd_sc_hs__tt_025C_1v80.lib, Line 970)
Error   : Could not find the look-up table definition. [LBR-517]
        : Template name 'ccsn_pnlh' used in group 'vector' on line 977 is not defined in the library. To fix this issue, define the missing template in the library. (File /home/share/pdk/ciel/sky130/versions/e8294524e5f67c533c5d0c3afa0bcc5b2a5fa066/sky130A/libs.ref/sky130_fd_sc_hs/lib/sky130_fd_sc_hs__tt_025C_1v80.lib)
Warning : Ignoring the timing group. [LBR-709]
        : The vector group 'ccsn_pnlh' is being ignored due to errors in this group. This group will be excluded for any further library checks. Refer to the previous messages issued for vector group 'ccsn_pnlh' to find the details of the issues in this group. (File /home/share/pdk/ciel/sky130/versions/e8294524e5f67c533c5d0c3afa0bcc5b2a5fa066/sky130A/libs.ref/sky130_fd_sc_hs/lib/sky130_fd_sc_hs__tt_025C_1v80.lib, Line 977)
Error   : Could not find the look-up table definition. [LBR-517]
        : Template name 'ccsn_pnlh' used in group 'vector' on line 984 is not defined in the library. To fix this issue, define the missing template in the library. (File /home/share/pdk/ciel/sky130/versions/e8294524e5f67c533c5d0c3afa0bcc5b2a5fa066/sky130A/libs.ref/sky130_fd_sc_hs/lib/sky130_fd_sc_hs__tt_025C_1v80.lib)
Warning : Ignoring the timing group. [LBR-709]
        : The vector group 'ccsn_pnlh' is being ignored due to errors in this group. This group will be excluded for any further library checks. Refer to the previous messages issued for vector group 'ccsn_pnlh' to find the details of the issues in this group. (File /home/share/pdk/ciel/sky130/versions/e8294524e5f67c533c5d0c3afa0bcc5b2a5fa066/sky130A/libs.ref/sky130_fd_sc_hs/lib/sky130_fd_sc_hs__tt_025C_1v80.lib, Line 984)
Error   : Could not find the look-up table definition. [LBR-517]
        : Template name 'ccsn_pnlh' used in group 'vector' on line 991 is not defined in the library. To fix this issue, define the missing template in the library. (File /home/share/pdk/ciel/sky130/versions/e8294524e5f67c533c5d0c3afa0bcc5b2a5fa066/sky130A/libs.ref/sky130_fd_sc_hs/lib/sky130_fd_sc_hs__tt_025C_1v80.lib)
Warning : Ignoring the timing group. [LBR-709]
        : The vector group 'ccsn_pnlh' is being ignored due to errors in this group. This group will be excluded for any further library checks. Refer to the previous messages issued for vector group 'ccsn_pnlh' to find the details of the issues in this group. (File /home/share/pdk/ciel/sky130/versions/e8294524e5f67c533c5d0c3afa0bcc5b2a5fa066/sky130A/libs.ref/sky130_fd_sc_hs/lib/sky130_fd_sc_hs__tt_025C_1v80.lib, Line 991)
Error   : Could not find the look-up table definition. [LBR-517]
        : Template name 'ccsn_pnlh' used in group 'vector' on line 898 is not defined in the library. To fix this issue, define the missing template in the library. (File /home/share/pdk/ciel/sky130/versions/e8294524e5f67c533c5d0c3afa0bcc5b2a5fa066/sky130A/libs.ref/sky130_fd_sc_hs/lib/sky130_fd_sc_hs__tt_025C_1v80.lib)
Warning : Ignoring the timing group. [LBR-709]
        : The vector group 'ccsn_pnlh' is being ignored due to errors in this group. This group will be excluded for any further library checks. Refer to the previous messages issued for vector group 'ccsn_pnlh' to find the details of the issues in this group. (File /home/share/pdk/ciel/sky130/versions/e8294524e5f67c533c5d0c3afa0bcc5b2a5fa066/sky130A/libs.ref/sky130_fd_sc_hs/lib/sky130_fd_sc_hs__tt_025C_1v80.lib, Line 898)
Error   : Could not find the look-up table definition. [LBR-517]
        : Template name 'ccsn_pnlh' used in group 'vector' on line 905 is not defined in the library. To fix this issue, define the missing template in the library. (File /home/share/pdk/ciel/sky130/versions/e8294524e5f67c533c5d0c3afa0bcc5b2a5fa066/sky130A/libs.ref/sky130_fd_sc_hs/lib/sky130_fd_sc_hs__tt_025C_1v80.lib)
Warning : Ignoring the timing group. [LBR-709]
        : The vector group 'ccsn_pnlh' is being ignored due to errors in this group. This group will be excluded for any further library checks. Refer to the previous messages issued for vector group 'ccsn_pnlh' to find the details of the issues in this group. (File /home/share/pdk/ciel/sky130/versions/e8294524e5f67c533c5d0c3afa0bcc5b2a5fa066/sky130A/libs.ref/sky130_fd_sc_hs/lib/sky130_fd_sc_hs__tt_025C_1v80.lib, Line 905)
Error   : Could not find the look-up table definition. [LBR-517]
        : Template name 'ccsn_pnlh' used in group 'vector' on line 912 is not defined in the library. To fix this issue, define the missing template in the library. (File /home/share/pdk/ciel/sky130/versions/e8294524e5f67c533c5d0c3afa0bcc5b2a5fa066/sky130A/libs.ref/sky130_fd_sc_hs/lib/sky130_fd_sc_hs__tt_025C_1v80.lib)
Warning : Ignoring the timing group. [LBR-709]
        : The vector group 'ccsn_pnlh' is being ignored due to errors in this group. This group will be excluded for any further library checks. Refer to the previous messages issued for vector group 'ccsn_pnlh' to find the details of the issues in this group. (File /home/share/pdk/ciel/sky130/versions/e8294524e5f67c533c5d0c3afa0bcc5b2a5fa066/sky130A/libs.ref/sky130_fd_sc_hs/lib/sky130_fd_sc_hs__tt_025C_1v80.lib, Line 912)
Error   : Could not find the look-up table definition. [LBR-517]
        : Template name 'ccsn_pnlh' used in group 'vector' on line 919 is not defined in the library. To fix this issue, define the missing template in the library. (File /home/share/pdk/ciel/sky130/versions/e8294524e5f67c533c5d0c3afa0bcc5b2a5fa066/sky130A/libs.ref/sky130_fd_sc_hs/lib/sky130_fd_sc_hs__tt_025C_1v80.lib)
Warning : Ignoring the timing group. [LBR-709]
        : The vector group 'ccsn_pnlh' is being ignored due to errors in this group. This group will be excluded for any further library checks. Refer to the previous messages issued for vector group 'ccsn_pnlh' to find the details of the issues in this group. (File /home/share/pdk/ciel/sky130/versions/e8294524e5f67c533c5d0c3afa0bcc5b2a5fa066/sky130A/libs.ref/sky130_fd_sc_hs/lib/sky130_fd_sc_hs__tt_025C_1v80.lib, Line 919)
Error   : Could not find the look-up table definition. [LBR-517]
        : Template name 'ccsn_pnlh' used in group 'vector' on line 926 is not defined in the library. To fix this issue, define the missing template in the library. (File /home/share/pdk/ciel/sky130/versions/e8294524e5f67c533c5d0c3afa0bcc5b2a5fa066/sky130A/libs.ref/sky130_fd_sc_hs/lib/sky130_fd_sc_hs__tt_025C_1v80.lib)
Warning : Ignoring the timing group. [LBR-709]
        : The vector group 'ccsn_pnlh' is being ignored due to errors in this group. This group will be excluded for any further library checks. Refer to the previous messages issued for vector group 'ccsn_pnlh' to find the details of the issues in this group. (File /home/share/pdk/ciel/sky130/versions/e8294524e5f67c533c5d0c3afa0bcc5b2a5fa066/sky130A/libs.ref/sky130_fd_sc_hs/lib/sky130_fd_sc_hs__tt_025C_1v80.lib, Line 926)
Error   : Could not find the look-up table definition. [LBR-517]
        : Template name 'ccsn_pnlh' used in group 'vector' on line 933 is not defined in the library. To fix this issue, define the missing template in the library. (File /home/share/pdk/ciel/sky130/versions/e8294524e5f67c533c5d0c3afa0bcc5b2a5fa066/sky130A/libs.ref/sky130_fd_sc_hs/lib/sky130_fd_sc_hs__tt_025C_1v80.lib)
Warning : Ignoring the timing group. [LBR-709]
        : The vector group 'ccsn_pnlh' is being ignored due to errors in this group. This group will be excluded for any further library checks. Refer to the previous messages issued for vector group 'ccsn_pnlh' to find the details of the issues in this group. (File /home/share/pdk/ciel/sky130/versions/e8294524e5f67c533c5d0c3afa0bcc5b2a5fa066/sky130A/libs.ref/sky130_fd_sc_hs/lib/sky130_fd_sc_hs__tt_025C_1v80.lib, Line 933)
Error   : Could not find the look-up table definition. [LBR-517]
        : Template name 'ccsn_pnlh' used in group 'vector' on line 940 is not defined in the library. To fix this issue, define the missing template in the library. (File /home/share/pdk/ciel/sky130/versions/e8294524e5f67c533c5d0c3afa0bcc5b2a5fa066/sky130A/libs.ref/sky130_fd_sc_hs/lib/sky130_fd_sc_hs__tt_025C_1v80.lib)
Warning : Ignoring the timing group. [LBR-709]
        : The vector group 'ccsn_pnlh' is being ignored due to errors in this group. This group will be excluded for any further library checks. Refer to the previous messages issued for vector group 'ccsn_pnlh' to find the details of the issues in this group. (File /home/share/pdk/ciel/sky130/versions/e8294524e5f67c533c5d0c3afa
  Message Summary for Library all 4 libraries:
  ********************************************
0bcc5b2a5fa066/sky130A/libs.ref/sky130_fd_sc_hs/lib/sky130_fd_sc_hs__tt_025C_1v80.lib, Line 940)
Error   : Could not find the look-up table definition. [LBR-517]
        : Template name 'ccsn_dc' used in group 'dc_current' on line 1002 is not defined in the library. To fix this issue, define the missing template in the library. (File /home/share/pdk/ciel/sky130/versions/e8294524e5f67c533c5d0c3afa0bcc5b2a5fa066/sky130A/libs.ref/sky130_fd_sc_hs/lib/sky130_fd_sc_hs__tt_025C_1v80.lib)
Warning : Ignoring the timing group. [LBR-709]
        : The dc_current group 'ccsn_dc' is being ignored due to errors in this group. This group will be excluded for any further library checks. Refer to the previous messages issued for dc_current group 'ccsn_dc' to find the details of the issues in this group. (File /home/share/pdk/ciel/sky130/versions/e8294524e5f67c533c5d0c3afa0bcc5b2a5fa066/sky130A/libs.ref/sky130_fd_sc_hs/lib/sky130_fd_sc_hs__tt_025C_1v80.lib, Line 1002)
Warning : Maximum message print count reached. [MESG-11]
        : Maximum print count of '20' reached for message 'LBR-517'.
Warning : Maximum message print count reached. [MESG-11]
        : Maximum print count of '20' reached for message 'LBR-709'.
  Ignoring the timing group. [LBR-709]: 96732
  Could not find the look-up table definition. [LBR-517]: 96732
  Missing library level attribute. [LBR-516]: 3
  An unsupported construct was detected in this library. [LBR-40]: 7
  ********************************************
 
Info    : Created nominal operating condition. [LBR-412]
        : Operating condition '_nominal_' was created for the PVT values (1.000000, 1.800000, 25.000000) in library 'sky130_fd_sc_hs__tt_025C_1v80.lib'.
        : The nominal operating condition is represented, either by the nominal PVT values specified in the library source (via nom_process,nom_voltage and nom_temperature respectively), or by the default PVT values (1.0,1.0,1.0).
Info    : Created nominal operating condition. [LBR-412]
        : Operating condition '_nominal_' was created for the PVT values (1.000000, 1.800000, 25.000000) in library 'sky130_sram_0kbytes_1rw1r_64x32_8_TT_1p8V_25C.lib'.
Info    : Created nominal operating condition. [LBR-412]
        : Operating condition '_nominal_' was created for the PVT values (1.000000, 1.800000, 25.000000) in library 'sky130_sram_0kbytes_1rw1r_64x64_8_TT_1p8V_25C.lib'.
Info    : Created nominal operating condition. [LBR-412]
        : Operating condition '_nominal_' was created for the PVT values (1.000000, 1.800000, 25.000000) in library 'sky130_sram_0kbytes_1rw1r_128x16_16_TT_1p8V_25C.lib'.
Warning : Library cell has no output pins defined. [LBR-9]
        : Library cell 'sky130_fd_sc_hs__decap_4' must have an output pin.
        : Add the missing output pin(s), then reload the library. Else the library cell will be marked as timing model i.e. unusable. Timing_model means that the cell does not have any defined function. If there is no output pin, Genus will mark library cell as unusable i.e. the attribute 'usable' will be marked to 'false' on the libcell. Therefore, the cell is not used for mapping and it will not be picked up from the library for synthesis. If you query the attribute 'unusable_reason' on the libcell; result will be: 'Library cell has no output pins.'Note: The message LBR-9 is only for the logical pins and not for the power_ground pins. Genus will depend upon the output function defined in the pin group (output pin) of the cell, to use it for mapping. The pg_pin will not have any function defined.
Warning : Library cell has no output pins defined. [LBR-9]
        : Library cell 'sky130_fd_sc_hs__decap_4' must have an output pin.
Warning : Library cell has no output pins defined. [LBR-9]
        : Library cell 'sky130_fd_sc_hs__decap_8' must have an output pin.
Warning : Library cell has no output pins defined. [LBR-9]
        : Library cell 'sky130_fd_sc_hs__decap_8' must have an output pin.
@file(run_fa_accel_sky130_sram.tcl) 192: set lef_files [read_path_list $lef_filelist "LEF filelist"]
@file(run_fa_accel_sky130_sram.tcl) 193: foreach lef_file $lef_files {
  puts "INFO: LEF=$lef_file"
}
INFO: LEF=/home/hujinzhao/pro/genus_bs1_300m/workspace/LEFS/sky130_fd_sc_hs__nom.tlef
INFO: LEF=/home/hujinzhao/pro/genus_bs1_300m/workspace/LEFS/sky130_fd_sc_hs.lef
INFO: LEF=/home/hujinzhao/pro/genus_bs1_300m/workspace/LEFS/sky130_sram_0kbytes_1rw1r_64x32_8.lef
INFO: LEF=/home/hujinzhao/pro/genus_bs1_300m/workspace/LEFS/sky130_sram_0kbytes_1rw1r_128x16_16.lef
INFO: LEF=/home/hujinzhao/pro/genus_bs1_300m/workspace/LEFS/sky130_sram_0kbytes_1rw1r_64x64_8.lef
@file(run_fa_accel_sky130_sram.tcl) 196: if {[llength $lef_files] > 0} {
  set lef_arg [join $lef_files " "]
  if {[catch {read_physical -lefs $lef_arg} err]} {
    puts "WARNING: read_physical -lefs failed or is unsupported in this Genus setup: $err"
  }
}
Info    : Via with no resistance will have a value of '0.0' assigned for resistance value. [PHYS-129]
        : Via 'L1M1_PR' has no resistance value.
        : If this is the expected behavior, this message can be ignored.
Info    : Via with no resistance will have a value of '0.0' assigned for resistance value. [PHYS-129]
        : Via 'L1M1_PR_R' has no resistance value.
Info    : Via with no resistance will have a value of '0.0' assigned for resistance value. [PHYS-129]
        : Via 'L1M1_PR_M' has no resistance value.
Info    : Via with no resistance will have a value of '0.0' assigned for resistance value. [PHYS-129]
        : Via 'L1M1_PR_MR' has no resistance value.
Info    : Via with no resistance will have a value of '0.0' assigned for resistance value. [PHYS-129]
        : Via 'L1M1_PR_C' has no resistance value.
Info    : Via with no resistance will have a value of '0.0' assigned for resistance value. [PHYS-129]
        : Via 'M1M2_PR' has no resistance value.
Info    : Via with no resistance will have a value of '0.0' assigned for resistance value. [PHYS-129]
        : Via 'M1M2_PR_R' has no resistance value.
Info    : Via with no resistance will have a value of '0.0' assigned for resistance value. [PHYS-129]
        : Via 'M1M2_PR_M' has no resistance value.
Info    : Via with no resistance will have a value of '0.0' assigned for resistance value. [PHYS-129]
        : Via 'M1M2_PR_MR' has no resistance value.
Info    : Via with no resistance will have a value of '0.0' assigned for resistance value. [PHYS-129]
        : Via 'M1M2_PR_C' has no resistance value.
Info    : Via with no resistance will have a value of '0.0' assigned for resistance value. [PHYS-129]
        : Via 'M2M3_PR' has no resistance value.
Info    : Via with no resistance will have a value of '0.0' assigned for resistance value. [PHYS-129]
        : Via 'M2M3_PR_R' has no resistance value.
Info    : Via with no resistance will have a value of '0.0' assigned for resistance value. [PHYS-129]
        : Via 'M2M3_PR_M' has no resistance value.
Info    : Via with no resistance will have a value of '0.0' assigned for resistance value. [PHYS-129]
        : Via 'M2M3_PR_MR' has no resistance value.
Info    : Via with no resistance will have a value of '0.0' assigned for resistance value. [PHYS-129]
        : Via 'M2M3_PR_C' has no resistance value.
Info    : Via with no resistance will have a value of '0.0' assigned for resistance value. [PHYS-129]
        : Via 'M3M4_PR' has no resistance value.
Info    : Via with no resistance will have a value of '0.0' assigned for resistance value. [PHYS-129]
        : Via 'M3M4_PR_R' has no resistance value.
Info    : Via with no resistance will have a value of '0.0' assigned for resistance value. [PHYS-129]
        : Via 'M3M4_PR_M' has no resistance value.
Info    : Via with no resistance will have a value of '0.0' assigned for resistance value. [PHYS-129]
        : Via 'M3M4_PR_MR' has no resistance value.
Info    : Via with no resistance will have a value of '0.0' assigned for resistance value. [PHYS-129]
        : Via 'M3M4_PR_C' has no resistance value.
Warning : Maximum message print count reached. [MESG-11]
        : Maximum print count of '20' reached for message 'PHYS-129'.

  According to lef_library, there are total 6 routing layers [ V(3) / H(3) ]

Warning : The variant range of wire parameters is too large. An example of wire parameters are, a WIDTH for layer, PITCH for layer, MINSPACING for layers, etc. [PHYS-12]
        : The variant range (0.14, 1.6) of 'WIDTH' for layers 'met2' and 'met5' is too large.
        : Check the consistency of the parameters, and see if you can ignore this message or you're using different LEF file with wrong parameters.
Warning : The variant range of wire parameters is too large. An example of wire parameters are, a WIDTH for layer, PITCH for layer, MINSPACING for layers, etc. [PHYS-12]
        : The variant range (0.0285, 12.8) of 'RPERSQ' for layers 'met5' and 'li1' is too large.
Warning : The value of the wire parameter is too big. [PHYS-13]
        : The 'RPERSQ: 12.8' of layer 'li1' is much bigger than others.
        : Check the consistency of the specified wire parameter.
Warning : The variant range of wire parameters is too large. An example of wire parameters are, a WIDTH for layer, PITCH for layer, MINSPACING for layers, etc. [PHYS-12]
        : The variant range (0.14, 1.6) of 'MINSPACING' for layers 'met2' and 'met5' is too large.
Warning : Library cell pin 'use' attribute is inconsistent between lib and LEF. [PHYS-128]
        : Pin 'VNB' of library cell 'sky130_fd_sc_hs__a2bb2o_1' is marked as GROUND in LEF file.
        : Overriding lib value with LEF value. To use .lib as golden do: '::legacy::set_attribute use_power_ground_pin_from_lef false'.
Warning : Library cell pin 'use' attribute is inconsistent between lib and LEF. [PHYS-128]
        : Pin 'VPB' of library cell 'sky130_fd_sc_hs__a2bb2o_1' is marked as POWER in LEF file.
Warning : Library cell pin 'use' attribute is inconsistent between lib and LEF. [PHYS-128]
        : Pin 'VNB' of library cell 'sky130_fd_sc_hs__a2bb2o_2' is marked as GROUND in LEF file.
Warning : Library cell pin 'use' attribute is inconsistent between lib and LEF. [PHYS-128]
        : Pin 'VPB' of library cell 'sky130_fd_sc_hs__a2bb2o_2' is marked as POWER in LEF file.
Warning : Library cell pin 'use' attribute is inconsistent between lib and LEF. [PHYS-128]
        : Pin 'VNB' of library cell 'sky130_fd_sc_hs__a2bb2o_4' is marked as GROUND in LEF file.
Warning : Library cell pin 'use' attribute is inconsistent between lib and LEF. [PHYS-128]
        : Pin 'VPB' of library cell 'sky130_fd_sc_hs__a2bb2o_4' is marked as POWER in LEF file.
Warning : Library cell pin 'use' attribute is inconsistent between lib and LEF. [PHYS-128]
        : Pin 'VNB' of library cell 'sky130_fd_sc_hs__a2bb2oi_1' is marked as GROUND in LEF file.
Warning : Library cell pin 'use' attribute is inconsistent between lib and LEF. [PHYS-128]
        : Pin 'VPB' of library cell 'sky130_fd_sc_hs__a2bb2oi_1' is marked as POWER in LEF file.
Warning : Library cell pin 'use' attribute is inconsistent between lib and LEF. [PHYS-128]
        : Pin 'VNB' of library cell 'sky130_fd_sc_hs__a2bb2oi_2' is marked as GROUND in LEF file.
Warning : Library cell pin 'use' attribute is inconsistent between lib and LEF. [PHYS-128]
        : Pin 'VPB' of library cell 'sky130_fd_sc_hs__a2bb2oi_2' is marked as POWER in LEF file.
Warning : Library cell pin 'use' attribute is inconsistent between lib and LEF. [PHYS-128]
        : Pin 'VNB' of library cell 'sky130_fd_sc_hs__a2bb2oi_4' is marked as GROUND in LEF file.
Warning : Library cell pin 'use' attribute is inconsistent between lib and LEF. [PHYS-128]
        : Pin 'VPB' of library cell 'sky130_fd_sc_hs__a2bb2oi_4' is marked as POWER in LEF file.
Warning : Library cell pin 'use' attribute is inconsistent between lib and LEF. [PHYS-128]
        : Pin 'VNB' of library cell 'sky130_fd_sc_hs__a21bo_1' is marked as GROUND in LEF file.
Warning : Library cell pin 'use' attribute is inconsistent between lib and LEF. [PHYS-128]
        : Pin 'VPB' of library cell 'sky130_fd_sc_hs__a21bo_1' is marked as POWER in LEF file.
Warning : Library cell pin 'use' attribute is inconsistent between lib and LEF. [PHYS-128]
        : Pin 'VNB' of library cell 'sky130_fd_sc_hs__a21bo_2' is marked as GROUND in LEF file.
Warning : Library cell pin 'use' attribute is inconsistent between lib and LEF. [PHYS-128]
        : Pin 'VPB' of library cell 'sky130_fd_sc_hs__a21bo_2' is marked as POWER in LEF file.
Warning : Library cell pin 'use' attribute is inconsistent between lib and LEF. [PHYS-128]
        : Pin 'VNB' of library cell 'sky130_fd_sc_hs__a21bo_4' is marked as GROUND in LEF file.
Warning : Library cell pin 'use' attribute is inconsistent between lib and LEF. [PHYS-128]
        : Pin 'VPB' of library cell 'sky130_fd_sc_hs__a21bo_4' is marked as POWER in LEF file.
Warning : Library cell pin 'use' attribute is inconsistent between lib and LEF. [PHYS-128]
        : Pin 'VNB' of library cell 'sky130_fd_sc_hs__a21boi_1' is marked as GROUND in LEF file.
Warning : Library cell pin 'use' attribute is inconsistent between lib and LEF. [PHYS-128]
        : Pin 'VPB' of library cell 'sky130_fd_sc_hs__a21boi_1' is marked as POWER in LEF file.
Warning : Maximum message print count reached. [MESG-11]
        : Maximum print count of '20' reached for message 'PHYS-128'.
Warning : Physical cell not defined in library. [PHYS-279]
        : The physical (LEF) cell sky130_fd_sc_hs__diode_2 cannot be found in library.
        : Ensure that the proper library files are available and have been imported.
Warning : Physical cell not defined in library. [PHYS-279]
        : The physical (LEF) cell sky130_fd_sc_hs__fill_1 cannot be found in library.
Warning : Physical cell not defined in library. [PHYS-279]
        : The physical (LEF) cell sky130_fd_sc_hs__fill_2 cannot be found in library.
Warning : Physical cell not defined in library. [PHYS-279]
        : The physical (LEF) cell sky130_fd_sc_hs__fill_4 cannot be found in library.
Warning : Physical cell not defined in library. [PHYS-279]
        : The physical (LEF) cell sky130_fd_sc_hs__fill_8 cannot be found in library.
Warning : Physical cell not defined in library. [PHYS-279]
        : The physical (LEF) cell sky130_fd_sc_hs__fill_diode_2 cannot be found in library.
Warning : Physical cell not defined in library. [PHYS-279]
        : The physical (LEF) cell sky130_fd_sc_hs__fill_diode_4 cannot be found in library.
Warning : Physical cell not defined in library. [PHYS-279]
        : The physical (LEF) cell sky130_fd_sc_hs__fill_diode_8 cannot be found in library.
Warning : Physical cell not defined in library. [PHYS-279]
        : The physical (LEF) cell sky130_fd_sc_hs__tap_1 cannot be found in library.
Warning : Physical cell not defined in library. [PHYS-279]
        : The physical (LEF) cell sky130_fd_sc_hs__tap_2 cannot be found in library.
Warning : Physical cell not defined in library. [PHYS-279]
        : The physical (LEF) cell sky130_fd_sc_hs__tapmet1_2 cannot be found in library.
Warning : Physical cell not defined in library. [PHYS-279]
        : The physical (LEF) cell sky130_fd_sc_hs__tapvgnd2_1 cannot be found in library.
Warning : Physical cell not defined in library. [PHYS-279]
        : The physical (LEF) cell sky130_fd_sc_hs__tapvgnd_1 cannot be found in library.
Warning : Physical cell not defined in library. [PHYS-279]
        : The physical (LEF) cell sky130_fd_sc_hs__tapvpwrvgnd_1 cannot be found in library.
@file(run_fa_accel_sky130_sram.tcl) 203: set_db init_hdl_search_path [list [file join $workspace_dir RTL]]
  Setting attribute of root '/': 'init_hdl_search_path' = /home/hujinzhao/pro/genus_bs1_300m/workspace/RTL
@file(run_fa_accel_sky130_sram.tcl) 204: set_db hdl_language sv
  Setting attribute of root '/': 'hdl_language' = sv
@file(run_fa_accel_sky130_sram.tcl) 205: catch {set_db hdl_track_filename_row_col true}
Info   : Enabled hdl_track_filename_row_col attribute.
       : Setting this attribute to 'true' can have an impact on the run time. Use this attribute only when filename, line number, and column information are needed in reports.
  Setting attribute of root '/': 'hdl_track_filename_row_col' = true
@file(run_fa_accel_sky130_sram.tcl) 206: if {[catch {set_db hdl_resolve_instance_with_libcell true} err]} {
  puts "WARNING: hdl_resolve_instance_with_libcell not accepted: $err"
}
  Setting attribute of root '/': 'hdl_resolve_instance_with_libcell' = true
@file(run_fa_accel_sky130_sram.tcl) 209: puts "INFO: Defining SYNTHESIS for Genus RTL read so SRAM wrappers use unparameterized macro instances."
INFO: Defining SYNTHESIS for Genus RTL read so SRAM wrappers use unparameterized macro instances.
@file(run_fa_accel_sky130_sram.tcl) 211: if {$read_sram_behav_rtl} {
  set sram_behav_files [read_path_list $sram_behav_filelist "SRAM behavioral Verilog filelist"]
  foreach src $sram_behav_files {
    puts "INFO: SRAM_BEHAV_RTL=$src"
  }
  eval read_hdl -sv $sram_behav_files
} else {
  puts "INFO: SRAM behavioral Verilog is packaged but not read by default; Liberty cells resolve SRAM macro instances."
}
INFO: SRAM behavioral Verilog is packaged but not read by default; Liberty cells resolve SRAM macro instances.
@file(run_fa_accel_sky130_sram.tcl) 221: set rtl_files [read_path_list $rtl_filelist "RTL filelist"]
@file(run_fa_accel_sky130_sram.tcl) 222: foreach src $rtl_files {
  puts "INFO: RTL=$src"
}
INFO: RTL=/home/hujinzhao/pro/genus_bs1_300m/workspace/RTL/fa_top.v
INFO: RTL=/home/hujinzhao/pro/genus_bs1_300m/workspace/RTL/dot_frontend.v
INFO: RTL=/home/hujinzhao/pro/genus_bs1_300m/workspace/RTL/packed_compute_core.v
INFO: RTL=/home/hujinzhao/pro/genus_bs1_300m/workspace/RTL/score_scheduler.v
INFO: RTL=/home/hujinzhao/pro/genus_bs1_300m/workspace/RTL/score_exp_pipe.v
INFO: RTL=/home/hujinzhao/pro/genus_bs1_300m/workspace/RTL/score_exp_banked_rom.v
INFO: RTL=/home/hujinzhao/pro/genus_bs1_300m/workspace/RTL/output_norm_pipe.v
INFO: RTL=/home/hujinzhao/pro/genus_bs1_300m/workspace/RTL/reciprocal_approx.v
INFO: RTL=/home/hujinzhao/pro/genus_bs1_300m/workspace/RTL/finalize_cluster.v
INFO: RTL=/home/hujinzhao/pro/genus_bs1_300m/workspace/RTL/update_state_cluster.v
INFO: RTL=/home/hujinzhao/pro/genus_bs1_300m/workspace/RTL/update_token_fifo.v
INFO: RTL=/home/hujinzhao/pro/genus_bs1_300m/workspace/RTL/axi_lite_regs.v
INFO: RTL=/home/hujinzhao/pro/genus_bs1_300m/workspace/RTL/task_ctrl.v
INFO: RTL=/home/hujinzhao/pro/genus_bs1_300m/workspace/RTL/dma_engine.v
INFO: RTL=/home/hujinzhao/pro/genus_bs1_300m/workspace/RTL/dma_cmd_queue.v
INFO: RTL=/home/hujinzhao/pro/genus_bs1_300m/workspace/RTL/dma_read_master.v
INFO: RTL=/home/hujinzhao/pro/genus_bs1_300m/workspace/RTL/dma_write_master.v
INFO: RTL=/home/hujinzhao/pro/genus_bs1_300m/workspace/RTL/q_load_store_adapter.v
INFO: RTL=/home/hujinzhao/pro/genus_bs1_300m/workspace/RTL/qk_sram_cluster.v
INFO: RTL=/home/hujinzhao/pro/genus_bs1_300m/workspace/RTL/v_load_adapter.v
INFO: RTL=/home/hujinzhao/pro/genus_bs1_300m/workspace/RTL/k_load_adapter.v
INFO: RTL=/home/hujinzhao/pro/genus_bs1_300m/workspace/RTL/o_store_adapter.v
INFO: RTL=/home/hujinzhao/pro/genus_bs1_300m/workspace/RTL/v_sram_cluster.v
INFO: RTL=/home/hujinzhao/pro/genus_bs1_300m/workspace/RTL/acc_sram_cluster.v
INFO: RTL=/home/hujinzhao/pro/genus_bs1_300m/workspace/RTL/meta_sram_cluster.v
INFO: RTL=/home/hujinzhao/pro/genus_bs1_300m/workspace/RTL/page_manager.v
INFO: RTL=/home/hujinzhao/pro/genus_bs1_300m/workspace/RTL/perf_counters.v
INFO: RTL=/home/hujinzhao/pro/genus_bs1_300m/workspace/RTL/sky130_sram_0kbytes_1rw1r_64x64_8_wrapper.v
@file(run_fa_accel_sky130_sram.tcl) 225: eval read_hdl -sv -define SYNTHESIS $rtl_files
function signed [33:0] sum_four_products;
              |
Warning : Usage of non-static tasks or functions might result in simulation-synthesis mismatch. [VLOGPT-692]
        : in file '/home/hujinzhao/pro/genus_bs1_300m/workspace/RTL/dot_frontend.v' on line 109, column 15.
        : Use the 'automatic' keyword for declaring functions and tasks.
function [15:0] pack_score_token;
         |
Warning : Usage of non-static tasks or functions might result in simulation-synthesis mismatch. [VLOGPT-692]
        : in file '/home/hujinzhao/pro/genus_bs1_300m/workspace/RTL/packed_compute_core.v' on line 97, column 10.
function signed [48:0] round_shift16;
              |
Warning : Usage of non-static tasks or functions might result in simulation-synthesis mismatch. [VLOGPT-692]
        : in file '/home/hujinzhao/pro/genus_bs1_300m/workspace/RTL/score_exp_pipe.v' on line 48, column 15.
function [15:0] bank0_lookup; input [6:0] addr; begin case (addr)
         |
Warning : Usage of non-static tasks or functions might result in simulation-synthesis mismatch. [VLOGPT-692]
        : in file '/home/hujinzhao/pro/genus_bs1_300m/workspace/RTL/score_exp_banked_rom.v' on line 10, column 10.
function [15:0] bank1_lookup; input [6:0] addr; begin case (addr)
         |
Warning : Usage of non-static tasks or functions might result in simulation-synthesis mismatch. [VLOGPT-692]
        : in file '/home/hujinzhao/pro/genus_bs1_300m/workspace/RTL/score_exp_banked_rom.v' on line 141, column 10.
function [15:0] bank2_lookup; input [6:0] addr; begin case (addr)
         |
Warning : Usage of non-static tasks or functions might result in simulation-synthesis mismatch. [VLOGPT-692]
        : in file '/home/hujinzhao/pro/genus_bs1_300m/workspace/RTL/score_exp_banked_rom.v' on line 272, column 10.
function [15:0] bank3_lookup; input [6:0] addr; begin case (addr)
         |
Warning : Usage of non-static tasks or functions might result in simulation-synthesis mismatch. [VLOGPT-692]
        : in file '/home/hujinzhao/pro/genus_bs1_300m/workspace/RTL/score_exp_banked_rom.v' on line 403, column 10.
function [15:0] bank4_lookup; input [6:0] addr; begin case (addr)
         |
Warning : Usage of non-static tasks or functions might result in simulation-synthesis mismatch. [VLOGPT-692]
        : in file '/home/hujinzhao/pro/genus_bs1_300m/workspace/RTL/score_exp_banked_rom.v' on line 534, column 10.
function [15:0] bank5_lookup; input [6:0] addr; begin case (addr)
         |
Warning : Usage of non-static tasks or functions might result in simulation-synthesis mismatch. [VLOGPT-692]
        : in file '/home/hujinzhao/pro/genus_bs1_300m/workspace/RTL/score_exp_banked_rom.v' on line 665, column 10.
function [15:0] bank6_lookup; input [6:0] addr; begin case (addr)
         |
Warning : Usage of non-static tasks or functions might result in simulation-synthesis mismatch. [VLOGPT-692]
        : in file '/home/hujinzhao/pro/genus_bs1_300m/workspace/RTL/score_exp_banked_rom.v' on line 796, column 10.
function [15:0] bank7_lookup; input [6:0] addr; begin case (addr)
         |
Warning : Usage of non-static tasks or functions might result in simulation-synthesis mismatch. [VLOGPT-692]
        : in file '/home/hujinzhao/pro/genus_bs1_300m/workspace/RTL/score_exp_banked_rom.v' on line 927, column 10.
function [15:0] bank8_lookup; input [6:0] addr; begin case (addr)
         |
Warning : Usage of non-static tasks or functions might result in simulation-synthesis mismatch. [VLOGPT-692]
        : in file '/home/hujinzhao/pro/genus_bs1_300m/workspace/RTL/score_exp_banked_rom.v' on line 1058, column 10.
function [15:0] bank9_lookup; input [6:0] addr; begin case (addr)
         |
Warning : Usage of non-static tasks or functions might result in simulation-synthesis mismatch. [VLOGPT-692]
        : in file '/home/hujinzhao/pro/genus_bs1_300m/workspace/RTL/score_exp_banked_rom.v' on line 1189, column 10.
function [15:0] bank10_lookup; input [6:0] addr; begin case (addr)
         |
Warning : Usage of non-static tasks or functions might result in simulation-synthesis mismatch. [VLOGPT-692]
        : in file '/home/hujinzhao/pro/genus_bs1_300m/workspace/RTL/score_exp_banked_rom.v' on line 1320, column 10.
function [15:0] bank11_lookup; input [6:0] addr; begin case (addr)
         |
Warning : Usage of non-static tasks or functions might result in simulation-synthesis mismatch. [VLOGPT-692]
        : in file '/home/hujinzhao/pro/genus_bs1_300m/workspace/RTL/score_exp_banked_rom.v' on line 1451, column 10.
function [15:0] bank12_lookup; input [6:0] addr; begin case (addr)
         |
Warning : Usage of non-static tasks or functions might result in simulation-synthesis mismatch. [VLOGPT-692]
        : in file '/home/hujinzhao/pro/genus_bs1_300m/workspace/RTL/score_exp_banked_rom.v' on line 1582, column 10.
function [15:0] bank13_lookup; input [6:0] addr; begin case (addr)
         |
Warning : Usage of non-static tasks or functions might result in simulation-synthesis mismatch. [VLOGPT-692]
        : in file '/home/hujinzhao/pro/genus_bs1_300m/workspace/RTL/score_exp_banked_rom.v' on line 1713, column 10.
function [15:0] bank14_lookup; input [6:0] addr; begin case (addr)
         |
Warning : Usage of non-static tasks or functions might result in simulation-synthesis mismatch. [VLOGPT-692]
        : in file '/home/hujinzhao/pro/genus_bs1_300m/workspace/RTL/score_exp_banked_rom.v' on line 1844, column 10.
function [15:0] bank15_lookup; input [6:0] addr; begin case (addr)
         |
Warning : Usage of non-static tasks or functions might result in simulation-synthesis mismatch. [VLOGPT-692]
        : in file '/home/hujinzhao/pro/genus_bs1_300m/workspace/RTL/score_exp_banked_rom.v' on line 1975, column 10.
function signed [SHIFTED_WIDTH-1:0] round_shift_product;
              |
Warning : Usage of non-static tasks or functions might result in simulation-synthesis mismatch. [VLOGPT-692]
        : in file '/home/hujinzhao/pro/genus_bs1_300m/workspace/RTL/output_norm_pipe.v' on line 53, column 15.
Warning : Maximum message print count reached. [MESG-11]
        : Maximum print count of '20' reached for message 'VLOGPT-692'.
@file(run_fa_accel_sky130_sram.tcl) 227: elaborate $top
  Libraries have 305 usable logic and 62 usable sequential lib-cells.
Warning : Non-monotonic wireload model found. [LBR-81]
        : 'Length' table in wireload model 'Huge' is non-monotonic.
        : Non-monotonic wireload models can cause problems during synthesis and/or mapping.  Raising some of the points in the curve to give it a monotonic shape.
Warning : Non-monotonic wireload model found. [LBR-81]
        : 'Length' table in wireload model 'Huge' is non-monotonic.
Warning : Non-monotonic wireload model found. [LBR-81]
        : 'Length' table in wireload model 'Huge' is non-monotonic.
Warning : Non-monotonic wireload model found. [LBR-81]
        : 'Length' table in wireload model 'Large' is non-monotonic.
Warning : Non-monotonic wireload model found. [LBR-81]
        : 'Length' table in wireload model 'Large' is non-monotonic.
Warning : Non-monotonic wireload model found. [LBR-81]
        : 'Length' table in wireload model 'Large' is non-monotonic.
Warning : Non-monotonic wireload model found. [LBR-81]
        : 'Length' table in wireload model 'Medium' is non-monotonic.
Warning : Non-monotonic wireload model found. [LBR-81]
        : 'Length' table in wireload model 'Medium' is non-monotonic.
Warning : Non-monotonic wireload model found. [LBR-81]
        : 'Length' table in wireload model 'Medium' is non-monotonic.
Warning : Non-monotonic wireload model found. [LBR-81]
        : 'Length' table in wireload model 'Small' is non-monotonic.
Warning : Non-monotonic wireload model found. [LBR-81]
        : 'Length' table in wireload model 'Small' is non-monotonic.
Warning : Non-monotonic wireload model found. [LBR-81]
        : 'Length' table in wireload model 'Small' is non-monotonic.
Info    : Elaborating Design. [ELAB-1]
        : Elaborating top-level block 'fa_top' from file '/home/hujinzhao/pro/genus_bs1_300m/workspace/RTL/fa_top.v'.
Warning : Unreachable statements for case item. [CDFG-472]
        : Case item 'default' in module 'dma_write_master_ADDR_WIDTH64_DATA_WIDTH128_TAG_WIDTH8' in file '/home/hujinzhao/pro/genus_bs1_300m/workspace/RTL/dma_write_master.v' on line 101.
Warning : Unreachable statements for case item. [CDFG-472]
        : Case item 'default' in module 'score_scheduler' in file '/home/hujinzhao/pro/genus_bs1_300m/workspace/RTL/score_scheduler.v' on line 155.
Warning : Removing unused register. [CDFG-508]
        : Removing unused flip-flop register 'issued_last_reg' in module 'score_scheduler' in file '/home/hujinzhao/pro/genus_bs1_300m/workspace/RTL/score_scheduler.v' on line 160.
        : Genus removes the flip-flop or latch inferred for an unused signal or variable. To preserve the flip-flop or latch, set the hdl_preserve_unused_registers attribute to true or use a pragma in the RTL.
Warning : Unreachable statements for case item. [CDFG-472]
        : Case item 'default' in module 'score_exp_banked_rom_bank0_lookup_score_exp_banked_rom' in file '/home/hujinzhao/pro/genus_bs1_300m/workspace/RTL/score_exp_banked_rom.v' on line 10.
Warning : Unreachable statements for case item. [CDFG-472]
        : Case item 'default' in module 'score_exp_banked_rom_bank1_lookup_score_exp_banked_rom' in file '/home/hujinzhao/pro/genus_bs1_300m/workspace/RTL/score_exp_banked_rom.v' on line 141.
Warning : Unreachable statements for case item. [CDFG-472]
        : Case item 'default' in module 'score_exp_banked_rom_bank2_lookup_score_exp_banked_rom' in file '/home/hujinzhao/pro/genus_bs1_300m/workspace/RTL/score_exp_banked_rom.v' on line 272.
Warning : Unreachable statements for case item. [CDFG-472]
        : Case item 'default' in module 'score_exp_banked_rom_bank3_lookup_score_exp_banked_rom' in file '/home/hujinzhao/pro/genus_bs1_300m/workspace/RTL/score_exp_banked_rom.v' on line 403.
Warning : Unreachable statements for case item. [CDFG-472]
        : Case item 'default' in module 'score_exp_banked_rom_bank4_lookup_score_exp_banked_rom' in file '/home/hujinzhao/pro/genus_bs1_300m/workspace/RTL/score_exp_banked_rom.v' on line 534.
Warning : Unreachable statements for case item. [CDFG-472]
        : Case item 'default' in module 'score_exp_banked_rom_bank5_lookup_score_exp_banked_rom' in file '/home/hujinzhao/pro/genus_bs1_300m/workspace/RTL/score_exp_banked_rom.v' on line 665.
Warning : Unreachable statements for case item. [CDFG-472]
        : Case item 'default' in module 'score_exp_banked_rom_bank6_lookup_score_exp_banked_rom' in file '/home/hujinzhao/pro/genus_bs1_300m/workspace/RTL/score_exp_banked_rom.v' on line 796.
Warning : Unreachable statements for case item. [CDFG-472]
        : Case item 'default' in module 'score_exp_banked_rom_bank7_lookup_score_exp_banked_rom' in file '/home/hujinzhao/pro/genus_bs1_300m/workspace/RTL/score_exp_banked_rom.v' on line 927.
Warning : Unreachable statements for case item. [CDFG-472]
        : Case item 'default' in module 'score_exp_banked_rom_bank8_lookup_score_exp_banked_rom' in file '/home/hujinzhao/pro/genus_bs1_300m/workspace/RTL/score_exp_banked_rom.v' on line 1058.
Warning : Unreachable statements for case item. [CDFG-472]
        : Case item 'default' in module 'score_exp_banked_rom_bank9_lookup_score_exp_banked_rom' in file '/home/hujinzhao/pro/genus_bs1_300m/workspace/RTL/score_exp_banked_rom.v' on line 1189.
Warning : Unreachable statements for case item. [CDFG-472]
        : Case item 'default' in module 'score_exp_banked_rom_bank10_lookup_score_exp_banked_rom' in file '/home/hujinzhao/pro/genus_bs1_300m/workspace/RTL/score_exp_banked_rom.v' on line 1320.
Warning : Unreachable statements for case item. [CDFG-472]
        : Case item 'default' in module 'score_exp_banked_rom_bank11_lookup_score_exp_banked_rom' in file '/home/hujinzhao/pro/genus_bs1_300m/workspace/RTL/score_exp_banked_rom.v' on line 1451.
Warning : Unreachable statements for case item. [CDFG-472]
        : Case item 'default' in module 'score_exp_banked_rom_bank12_lookup_score_exp_banked_rom' in file '/home/hujinzhao/pro/genus_bs1_300m/workspace/RTL/score_exp_banked_rom.v' on line 1582.
Warning : Unreachable statements for case item. [CDFG-472]
        : Case item 'default' in module 'score_exp_banked_rom_bank13_lookup_score_exp_banked_rom' in file '/home/hujinzhao/pro/genus_bs1_300m/workspace/RTL/score_exp_banked_rom.v' on line 1713.
Warning : Unreachable statements for case item. [CDFG-472]
        : Case item 'default' in module 'score_exp_banked_rom_bank14_lookup_score_exp_banked_rom' in file '/home/hujinzhao/pro/genus_bs1_300m/workspace/RTL/score_exp_banked_rom.v' on line 1844.
Warning : Unreachable statements for case item. [CDFG-472]
        : Case item 'default' in module 'score_exp_banked_rom_bank15_lookup_score_exp_banked_rom' in file '/home/hujinzhao/pro/genus_bs1_300m/workspace/RTL/score_exp_banked_rom.v' on line 1975.
Warning : Unreachable statements for case item. [CDFG-472]
        : Case item 'default' in module 'score_exp_banked_rom' in file '/home/hujinzhao/pro/genus_bs1_300m/workspace/RTL/score_exp_banked_rom.v' on line 2146.
Warning : Removing unused register. [CDFG-508]
        : Removing unused flip-flop register 'pending_meta_valid_reg' in module 'update_state_cluster_TOKEN_WIDTH16' in file '/home/hujinzhao/pro/genus_bs1_300m/workspace/RTL/update_state_cluster.v' on line 511.
Warning : Removing unused register. [CDFG-508]
        : Removing unused flip-flop register 'overflow_reg' in module 'reciprocal_approx_TOKEN_WIDTH3' in file '/home/hujinzhao/pro/genus_bs1_300m/workspace/RTL/reciprocal_approx.v' on line 92.
Info    : Done Elaborating Design. [ELAB-3]
        : Done elaborating 'fa_top'.
Checking for source RTL...
Check completed for source RTL.
Running Unified Mux Engine Tricks...
Completed Unified Mux Engine Tricks

Stage: post_elab
-------------------------------------------------------
| Trick             | Accepts | Rejects | Runtime (s) | 
-------------------------------------------------------
| ume_constant_bmux |       0 |       0 |        0.00 | 
| ume_merge         |       0 |       0 |        0.00 | 
| ume_ssm           |       0 |       0 |        0.03 | 
| ume_cse           |       1 |       0 |        0.70 | 
| ume_shrink        |       6 |       0 |        0.02 | 
| ume_sweep         |       0 |       0 |        0.01 | 
| ume_constant_bmux |       0 |       0 |        0.00 | 
| ume_merge         |       0 |       0 |        0.00 | 
| ume_ssm           |       0 |       0 |        0.03 | 
| ume_cse           |       0 |       0 |        0.50 | 
| ume_shrink        |       0 |       0 |        0.01 | 
| ume_sweep         |       0 |       0 |        0.01 | 
-------------------------------------------------------
Starting optimize datapath shifters [v1.0] (stage: post_elab, startdef: fa_top, recur: true)
Completed optimize datapath shifters (accepts: 0, rejects: 0, runtime: 0.003s)
Starting clip mux common data inputs [v1.0] (stage: post_elab, startdef: fa_top, recur: true)
Completed clip mux common data inputs (accepts: 5, rejects: 0, runtime: 0.010s)
Starting clip the non-user hierarchies [v2.0] (stage: post_elab, startdef: fa_top, recur: true)
Completed clip the non-user hierarchies (accepts: 0, rejects: 0, runtime: 0.003s)
Starting basic netlist cleanup [v1.0] (stage: post_elab, startdef: fa_top, recur: true)
Completed basic netlist cleanup (accepts: 0, rejects: 0, runtime: 0.003s)

Stage: post_elab
--------------------------------------------------------------------
| Transform                      | Accepts | Rejects | Runtime (s) | 
--------------------------------------------------------------------
| hlo_optimize_datapath_shifters |       0 |       0 |        0.00 | 
| hlo_clip_mux_input             |       5 |       0 |        0.01 | 
| hlo_clip                       |       0 |       0 |        0.00 | 
| hlo_cleanup                    |       0 |       0 |        0.00 | 
--------------------------------------------------------------------
UM:   flow.cputime  flow.realtime  timing.setup.tns  timing.setup.wns  snapshot
UM:*                                                                   elaborate
@file(run_fa_accel_sky130_sram.tcl) 229: set sram_refs [list \
  sky130_sram_0kbytes_1rw1r_64x64_8]
@file(run_fa_accel_sky130_sram.tcl) 231: set sram_report_lines {}
@file(run_fa_accel_sky130_sram.tcl) 232: set total_sram_insts 0
@file(run_fa_accel_sky130_sram.tcl) 233: foreach ref $sram_refs {
  set insts [get_cells -hier -filter "ref_name == $ref"]
  set count [sizeof_collection $insts]
  lappend sram_report_lines "$ref $count"
  puts "INFO: SRAM_COUNT $ref = $count"
  if {$count > 0} {
    catch {set_db $insts .preserve true}
    catch {set_db $insts .dont_touch true}
    set total_sram_insts [expr {$total_sram_insts + $count}]
  }
}
INFO: SRAM_COUNT sky130_sram_0kbytes_1rw1r_64x64_8 = 38
  Setting attribute of inst 'u_mem': 'preserve' = true
  Setting attribute of inst 'u_mem': 'preserve' = true
  Setting attribute of inst 'u_mem': 'preserve' = true
  Setting attribute of inst 'u_mem': 'preserve' = true
  Setting attribute of inst 'u_mem': 'preserve' = true
  Setting attribute of inst 'u_mem': 'preserve' = true
  Setting attribute of inst 'u_mem': 'preserve' = true
  Setting attribute of inst 'u_mem': 'preserve' = true
  Setting attribute of inst 'u_mem': 'preserve' = true
  Setting attribute of inst 'u_mem': 'preserve' = true
  Setting attribute of inst 'u_mem': 'preserve' = true
  Setting attribute of inst 'u_mem': 'preserve' = true
  Setting attribute of inst 'u_mem': 'preserve' = true
  Setting attribute of inst 'u_mem': 'preserve' = true
  Setting attribute of inst 'u_mem': 'preserve' = true
  Setting attribute of inst 'u_mem': 'preserve' = true
  Setting attribute of inst 'u_mem': 'preserve' = true
  Setting attribute of inst 'u_mem': 'preserve' = true
  Setting attribute of inst 'u_mem': 'preserve' = true
  Setting attribute of inst 'u_mem': 'preserve' = true
  Setting attribute of inst 'u_mem': 'preserve' = true
  Setting attribute of inst 'u_mem': 'preserve' = true
  Setting attribute of inst 'u_mem': 'preserve' = true
  Setting attribute of inst 'u_mem': 'preserve' = true
  Setting attribute of inst 'u_mem': 'preserve' = true
  Setting attribute of inst 'u_mem': 'preserve' = true
  Setting attribute of inst 'u_mem': 'preserve' = true
  Setting attribute of inst 'u_mem': 'preserve' = true
  Setting attribute of inst 'u_mem': 'preserve' = true
  Setting attribute of inst 'u_mem': 'preserve' = true
  Setting attribute of inst 'u_mem': 'preserve' = true
  Setting attribute of inst 'u_mem': 'preserve' = true
  Setting attribute of inst 'u_mem': 'preserve' = true
  Setting attribute of inst 'u_mem': 'preserve' = true
  Setting attribute of inst 'u_mem': 'preserve' = true
  Setting attribute of inst 'u_mem': 'preserve' = true
  Setting attribute of inst 'u_mem': 'preserve' = true
  Setting attribute of inst 'u_mem': 'preserve' = true
  Setting attribute of inst 'u_mem': 'dont_touch' = true
  Setting attribute of inst 'u_mem': 'dont_touch' = true
  Setting attribute of inst 'u_mem': 'dont_touch' = true
  Setting attribute of inst 'u_mem': 'dont_touch' = true
  Setting attribute of inst 'u_mem': 'dont_touch' = true
  Setting attribute of inst 'u_mem': 'dont_touch' = true
  Setting attribute of inst 'u_mem': 'dont_touch' = true
  Setting attribute of inst 'u_mem': 'dont_touch' = true
  Setting attribute of inst 'u_mem': 'dont_touch' = true
  Setting attribute of inst 'u_mem': 'dont_touch' = true
  Setting attribute of inst 'u_mem': 'dont_touch' = true
  Setting attribute of inst 'u_mem': 'dont_touch' = true
  Setting attribute of inst 'u_mem': 'dont_touch' = true
  Setting attribute of inst 'u_mem': 'dont_touch' = true
  Setting attribute of inst 'u_mem': 'dont_touch' = true
  Setting attribute of inst 'u_mem': 'dont_touch' = true
  Setting attribute of inst 'u_mem': 'dont_touch' = true
  Setting attribute of inst 'u_mem': 'dont_touch' = true
  Setting attribute of inst 'u_mem': 'dont_touch' = true
  Setting attribute of inst 'u_mem': 'dont_touch' = true
  Setting attribute of inst 'u_mem': 'dont_touch' = true
  Setting attribute of inst 'u_mem': 'dont_touch' = true
  Setting attribute of inst 'u_mem': 'dont_touch' = true
  Setting attribute of inst 'u_mem': 'dont_touch' = true
  Setting attribute of inst 'u_mem': 'dont_touch' = true
  Setting attribute of inst 'u_mem': 'dont_touch' = true
  Setting attribute of inst 'u_mem': 'dont_touch' = true
  Setting attribute of inst 'u_mem': 'dont_touch' = true
  Setting attribute of inst 'u_mem': 'dont_touch' = true
  Setting attribute of inst 'u_mem': 'dont_touch' = true
  Setting attribute of inst 'u_mem': 'dont_touch' = true
  Setting attribute of inst 'u_mem': 'dont_touch' = true
  Setting attribute of inst 'u_mem': 'dont_touch' = true
  Setting attribute of inst 'u_mem': 'dont_touch' = true
  Setting attribute of inst 'u_mem': 'dont_touch' = true
  Setting attribute of inst 'u_mem': 'dont_touch' = true
  Setting attribute of inst 'u_mem': 'dont_touch' = true
  Setting attribute of inst 'u_mem': 'dont_touch' = true
@file(run_fa_accel_sky130_sram.tcl) 244: lappend sram_report_lines "TOTAL $total_sram_insts"
@file(run_fa_accel_sky130_sram.tcl) 245: write_text_report [file join $report_dir sram_macro_instances.rpt] $sram_report_lines
@file(run_fa_accel_sky130_sram.tcl) 246: if {$total_sram_insts == 0} {
  error "No SRAM macro instances were found after elaboration; check Liberty names and wrapper RTL."
}
@file(run_fa_accel_sky130_sram.tcl) 250: read_sdc [require_file $sdc_file "timing SDC"]
Statistics for commands executed by read_sdc:
 "all_inputs"               - successful      1 , failed      0 (runtime  0.00)
 "all_outputs"              - successful      1 , failed      0 (runtime  0.00)
 "create_clock"             - successful      1 , failed      0 (runtime  0.01)
 "get_ports"                - successful      2 , failed      0 (runtime  0.01)
 "remove_from_collection"   - successful      1 , failed      0 (runtime  0.00)
 "set_input_delay"          - successful      1 , failed      0 (runtime  0.01)
 "set_output_delay"         - successful      1 , failed      0 (runtime  0.00)
read_sdc completed in 00:00:00 (hh:mm:ss)
@file(run_fa_accel_sky130_sram.tcl) 252: redirect [file join $report_dir check_design_pre.rpt] {check_design}
@file(run_fa_accel_sky130_sram.tcl) 253: redirect [file join $report_dir hierarchy_pre.rpt] {report hierarchy}
@file(run_fa_accel_sky130_sram.tcl) 254: if {[catch {redirect [file join $report_dir timing_lint_pre.rpt] {report timing -lint}} err]} {
  puts "WARNING: optional timing lint report failed: $err"
}
@file(run_fa_accel_sky130_sram.tcl) 257: if {[catch {redirect [file join $report_dir unmapped_pre.rpt] {report unmapped}} err]} {
  puts "WARNING: optional unmapped pre-synth report failed: $err"
}
WARNING: optional unmapped pre-synth report failed: Failed on 'report unmapped'
@file(run_fa_accel_sky130_sram.tcl) 261: if {$physical_mode} {
  puts "INFO: Preparing floorplan before physical-aware synthesis."
  set physical_floorplan_ready [configure_physical_context $output_dir $top $allow_physical_fallback]
  if {!$physical_floorplan_ready && !$allow_physical_fallback} {
    error "GENUS_PHYSICAL=1 requires a successful predict_floorplan result. Set GENUS_ALLOW_PHYSICAL_FALLBACK=1 only for debug logical fallback runs."
  }
  puts "INFO: Running physical-aware synthesis stages."
  run_physical_command {syn_generic -physical} {syn_generic} "syn_generic -physical" $allow_physical_fallback
  redirect [file join $report_dir qor_generic.rpt] {report qor}
  run_physical_command {syn_map -physical} {syn_map} "syn_map -physical" $allow_physical_fallback
  redirect [file join $report_dir qor_mapped.rpt] {report qor}
  # Re-assert QRC extraction (may be reset by syn_map)
  set_db probabilistic_extraction true
  puts "INFO: Re-asserting probabilistic_extraction before syn_opt -spatial."
  run_physical_command {syn_opt -spatial} {syn_opt} "syn_opt -spatial" $allow_physical_fallback
} else {
  puts "INFO: Running logical synthesis stages."
  syn_generic
  redirect [file join $report_dir qor_generic.rpt] {report qor}
  syn_map
  redirect [file join $report_dir qor_mapped.rpt] {report qor}
  syn_opt
}
INFO: Preparing floorplan before physical-aware synthesis.
INFO: QRC tech file: /home/share/pdk/sky130A/libs.tech/cadence/qrcTechFile
There is no ndr for this design!
INFO (IMPEXT-7048): Generating auto layer map file.

INFO (IMPEXT-6188): Importing multi-corner technology file(s) for preRoute extraction...

INFO (IMPEXT-5003): /home/share/pdk/sky130A/libs.tech/cadence/qrcTechFile

INFO (IMPEXT-7048): Generating auto layer map file.

INFO (IMPEXT-6209): Completed (cpu: 1447268.000000 real: 1447268.000000)


  According to qrc_tech_file, there are total 6 routing layers [ V(3) / H(3) ]

  Setting attribute of root '/': 'qrc_tech_file' = /home/share/pdk/sky130A/libs.tech/cadence/qrcTechFile
INFO: QRC tech file loaded.
  Setting attribute of root '/': 'probabilistic_extraction' = true
INFO: probabilistic_extraction enabled.
INFO: GENUS_FP_UTIL=0.55 GENUS_FP_ASPECT_RATIO=1.0 GENUS_FP_CORE_MARGIN=20.0
INFO: Attempting: predict_floorplan -utilization 0.55 -aspect_ratio 1.0 -core_margin 20.0
Error   : An invalid option was specified. [TUI-204] [parse_options]
        : An option named '-utilization' could not be found.
        : Run 'command_name -help' to check all valid options. To correct the option and rerun the command.
  predict_floorplan: predicts design floorplan 

Usage: predict_floorplan [-constraints <string>] [-script <string>] [<design>]

    [-constraints <string>]:
        constraints file for planDesign 
    [-script <string>]:
        script file for Master Plan 
    [<design>]:
        design 
WARNING: predict_floorplan attempt failed: Failed on predict_floorplan
INFO: Attempting: predict_floorplan -utilization 0.55 -aspect_ratio 1.0
Error   : An invalid option was specified. [TUI-204] [parse_options]
        : An option named '-utilization' could not be found.
  predict_floorplan: predicts design floorplan 

Usage: predict_floorplan [-constraints <string>] [-script <string>] [<design>]

    [-constraints <string>]:
        constraints file for planDesign 
    [-script <string>]:
        script file for Master Plan 
    [<design>]:
        design 
WARNING: predict_floorplan attempt failed: Failed on predict_floorplan
INFO: Attempting: predict_floorplan
Starting floorplan prediction for fa_top...
Warning : Non-monotonic wireload model found. [LBR-81]
        : 'Length' table in wireload model 'Huge' is non-monotonic.
Warning : Non-monotonic wireload model found. [LBR-81]
        : 'Length' table in wireload model 'Huge' is non-monotonic.
Warning : Non-monotonic wireload model found. [LBR-81]
        : 'Length' table in wireload model 'Huge' is non-monotonic.
Warning : Non-monotonic wireload model found. [LBR-81]
        : 'Length' table in wireload model 'Large' is non-monotonic.
Warning : Non-monotonic wireload model found. [LBR-81]
        : 'Length' table in wireload model 'Large' is non-monotonic.
Warning : Non-monotonic wireload model found. [LBR-81]
        : 'Length' table in wireload model 'Large' is non-monotonic.
Warning : Non-monotonic wireload model found. [LBR-81]
        : 'Length' table in wireload model 'Medium' is non-monotonic.
Warning : Non-monotonic wireload model found. [LBR-81]
        : 'Length' table in wireload model 'Medium' is non-monotonic.
Warning : Maximum message print count reached. [MESG-11]
        : Maximum print count of '20' reached for message 'LBR-81'.
Warning : This attribute will be obsolete in a next major release. [TUI-32]
        : attribute: 'invs_wnm_original_name_phase_inverted_flow', object type: 'root'
Checking out license: Genus_Physical_Opt
[10:48:28.369272] Periodic Lic check successful
[10:48:28.369299] Feature usage summary:
[10:48:28.369299] Genus_Synthesis  
[10:48:28.369299] Genus_Physical_Opt  
License checkout complete (0 seconds elapsed).
  Setting attribute of root '/': 'invs_temp_dir' = ./genus2invs__2646528_c0db12f1-65d0-49e8-880e-4f9c383f8545fa_top
(write_design): Writing Innovus content. Constraint interface is: 'mmmc2'
(write_design): Writing Genus content. Constraint interface is 'smsc'
Warning : Attribute design_process_node is not set for this design. [PHYS-1011]
        : Missing data.
        : When attribute design_process_node is not set to an appropriate integer value >=1 and <=250, then Innovus will assume its own default value for the design process node. See the Innovus setDesignMode -process <> command for more information about what this setting does.
Warning : Option ignored. [PHYS-58]
        : -ignore_scan_chains option ignored for Genus fileset generation
        : The specified option will be treated as indicated above.
Warning : Option ignored. [PHYS-58]
        : -ignore_msv option ignored for Genus fileset generation
Exporting design data for 'fa_top' to ./genus2invs__2646528_c0db12f1-65d0-49e8-880e-4f9c383f8545fa_top/genus2invs...
%# Begin write_design (07/05 10:48:36, mem=2618.62M)
      flow.cputime  flow.realtime  timing.setup.tns  timing.setup.wns  snapshot
UM:*                                                                   write_design
  Setting attribute of root '/': 'set_boundary_change' = 
**INFO: (write_design): Any loop-breaker instances will be included in SDC constraints.
File ./genus2invs__2646528_c0db12f1-65d0-49e8-880e-4f9c383f8545fa_top/genus2invs.mmmc.tcl has been written.
Finished SDC export (command execution time mm:ss (real) = 00:05).
Info: file ./genus2invs__2646528_c0db12f1-65d0-49e8-880e-4f9c383f8545fa_top/genus2invs.default_emulate_constraint_mode.sdc has been written
Info: file ./genus2invs__2646528_c0db12f1-65d0-49e8-880e-4f9c383f8545fa_top/genus2invs.default_emulate_constraint_mode.sdc has been written


Number of user defined NDR nets found: 0

Number of NDR nets found: 0
Number of nets with minimum layer assignments: 0

** To load the database source ./genus2invs__2646528_c0db12f1-65d0-49e8-880e-4f9c383f8545fa_top/genus2invs.invs_setup.tcl in an Innovus session.
** To load the database source ./genus2invs__2646528_c0db12f1-65d0-49e8-880e-4f9c383f8545fa_top/genus2invs.genus_setup.tcl in an Genus(TM) Synthesis Solution session.
Finished exporting design data for 'fa_top' (command execution time mm:ss cpu = 01:23, real = 01:35).
.
%# End write_design (07/05 10:50:11, total cpu=16:01:23, real=16:01:35, peak res=2797.60M, current mem=2681.62M)
%# Begin launch_innovus (07/05 10:50:15, mem=2845.22M)
Info    : Beta feature. [LIC-2]
        : Beta feature 'do_not_encrypt_genus2invs.top.tcl' request.
        : Final production licensing of this beta feature has not been determined and is subject to change. Usage and support of this beta feature are subject to prior agreement with Cadence. In addition, Cadence assumes you understand the feature limitations and expected results. Contact your Cadence representative if you have any questions.
Launching batch session (07/05/2026 10:50:16)...

Cadence Innovus(TM) Implementation System.
Copyright 2025 Cadence Design Systems, Inc. All rights reserved worldwide.

Version:	v25.12-s079_1, built Tue Nov 18 12:56:37 PST 2025
Options:	-init /home/hujinzhao/pro/genus_bs1_300m/genus2invs__2646528_c0db12f1-65d0-49e8-880e-4f9c383f8545fa_top/genus2invs.top.tcl -nowin -log ./genus2invs__2646528_c0db12f1-65d0-49e8-880e-4f9c383f8545fa_top/innovus.log -cmd ./genus2invs__2646528_c0db12f1-65d0-49e8-880e-4f9c383f8545fa_top/innovus.cmd -overwrite -execute set_db source_verbose false -stylus -x 0001A72991... 
Date:		Sun Jul  5 10:50:17 2026
Host:		sh02lo01 (x86_64 w/Linux 4.18.0-477.10.1.el8_8.x86_64) (18cores*36cpus*Intel(R) Xeon(R) Gold 6140 CPU @ 2.30GHz 25344KB)
OS:		Red Hat Enterprise Linux 8.8 (Ootpa)

License:
		[10:50:17.060273] Configured Lic search path (25.01-s002): 5280@sh02lo01

		Running innovus (-x) with FE_GPS capability.
		Extra license Encounter_NG100
		Extra license Genus_Synthesis
		Extra license Genus_Physical_Opt
		Extra license Innovus_2nm_GAA_Opt
		8 CPU jobs allowed with the current license(s). Use set_multi_cpu_usage to set your required CPU count.


Create and set the environment variable TMPDIR to /tmp/genus_temp_2646528_c0db12f1-65d0-49e8-880e-4f9c383f8545_sh02lo01_hujinzhao_jGyHrh/innovus_temp_2652240_a9086869-265f-4cc6-93fd-e0dfc09691f5_sh02lo01_hujinzhao_F93jC2.

The soft stacksize limit is either up to the hard limit or larger than 0.2% of RAM. No change is needed.
Info: Process UID = 2652240 / a9086869-265f-4cc6-93fd-e0dfc09691f5 / zBnUiwVReS

**INFO:  MMMC transition support version v31-84 

#@ Processing -execute option
@innovus 1> set_db source_verbose false
#@ Processing -files option
@innovus 2> source /home/hujinzhao/pro/genus_bs1_300m/genus2invs__2646528_c0db12f1-65d0-49e8-880e-4f9c383f8545fa_top/genus2invs.top.tcl
Checking Innovus major version against Genus expectations ...
%# Design Import Start (07/05 10:50:45, mem=1922.73M)
#@ Begin verbose source ./genus2invs__2646528_c0db12f1-65d0-49e8-880e-4f9c383f8545fa_top/genus2invs.invs_setup.tcl (pre)
@file 1: ################################################################################
@file 2: #
@file 3: # Innovus setup file
@file 4: # Created by Genus(TM) Synthesis Solution 25.12-s067_1
@file 5: #   on 07/05/2026 10:50:10
@file 6: #
@file 7: ################################################################################
@file 8: #
@file 9: # Genus(TM) Synthesis Solution setup file
@file 10: # This file can only be run in Innovus Common UI mode.
@file 11: #
@file 12: ################################################################################
@file 13:
@file 14:
@file 15: # Version Check
@file 16: ###########################################################
@file 17:
@file 18: namespace eval ::genus_innovus_version_check { 
        set minimum_version 25
        set maximum_version 26
        regexp {\d\d} [get_db program_version] this_version
        puts "Checking Innovus major version against Genus expectations ..."
        if { $this_version < $minimum_version || $this_version > $maximum_version } {
          error "**ERROR: this operation requires Innovus major version to be between '$minimum_version' and '$maximum_version'."
        }
      }
Checking Innovus major version against Genus expectations ...
@file 27:
@file 28: set _t0 [clock seconds]
@file 29: puts [format  {%%%s Begin Genus to Innovus Setup (%s)} \# [clock format $_t0 -format {%m/%d %H:%M:%S}]]
%# Begin Genus to Innovus Setup (07/05 10:50:45)
@@file 30: set_db read_physical_allow_multiple_port_pin_without_must_join true
@@file 31: set_db must_join_all_ports true
@@file 32: set_db timing_cap_unit 1pf
@@file 33: set_db timing_time_unit 1ns
@@file 34: eval_legacy {setMultiCpuUsage -localCpu 8}
@file 35:
@file 36:
@file 37: # Design Import
@file 38: ################################################################################
@file 39: source -quiet /apps/DDI251/25.12.000/GENUS251/tools.lnx86/lib/cdn/rc/edi/innovus_procs_common_ui.tcl
@file 40: ## Set read_taf debug value from Genus
@file 41: pqos_eval {variable rcp::read_taf_num_debug}
@file 42: pqos_eval {set rcp::read_taf_num_debug 10}
@file 43: ## Preload Innovus Mode attributes file
@file 44: pqos_eval {rcp::read_taf ./genus2invs__2646528_c0db12f1-65d0-49e8-880e-4f9c383f8545fa_top/genus2invs.mode_attributes.taf.gz}
%# Begin ::rcp::silent_eval (07/05 10:50:45, mem=1923.39M)
%# End ::rcp::silent_eval (07/05 10:50:45, total cpu=16:00:00, real=16:00:00, peak res=1927.05M, current mem=1923.41M)
(genus2invs.mode_attributes.taf.gz): Summary count of attributes that could be applied
could_apply(design_bottom_routing_layer)       = 1
could_apply(extract_rc_assume_metal_fill)      = 1
could_apply(timing_report_enable_novus_header) = 1

[genus2invs.mode_attributes.taf.gz]: applied 3 attributes with 0 problems.
@file 45: ## Reading FlowKit settings file
@file 46: source ./genus2invs__2646528_c0db12f1-65d0-49e8-880e-4f9c383f8545fa_top/genus2invs.flowkit_settings.tcl
@file 47:
@file 48: source ./genus2invs__2646528_c0db12f1-65d0-49e8-880e-4f9c383f8545fa_top/genus2invs.invs_init.tcl
Starting library reading in 'Multi-threaded flow' (with '8' threads)
Reading default_emulate_libset_max timing library /home/share/pdk/ciel/sky130/versions/e8294524e5f67c533c5d0c3afa0bcc5b2a5fa066/sky130A/libs.ref/sky130_fd_sc_hs/lib/sky130_fd_sc_hs__tt_025C_1v80.lib.
**ERROR: (TECHLIB-1175):	Template name 'ccsn_dc' used in group 'dc_current' on line 832 is not defined in the library. To fix this issue, define the missing template in the library. (File /home/share/pdk/ciel/sky130/versions/e8294524e5f67c533c5d0c3afa0bcc5b2a5fa066/sky130A/libs.ref/sky130_fd_sc_hs/lib/sky130_fd_sc_hs__tt_025C_1v80.lib)
**ERROR: (TECHLIB-1256):	The dc_current group 'ccsn_dc' is being ignored due to errors in this group. This group will be excluded for any further library checks. Refer to the previous messages issued for dc_current group 'ccsn_dc' to find the details of the issues in this group. (File /home/share/pdk/ciel/sky130/versions/e8294524e5f67c533c5d0c3afa0bcc5b2a5fa066/sky130A/libs.ref/sky130_fd_sc_hs/lib/sky130_fd_sc_hs__tt_025C_1v80.lib, Line 832)
**ERROR: (TECHLIB-1175):	Template name 'ccsn_ovrf' used in group 'vector' on line 884 is not defined in the library. To fix this issue, define the missing template in the library. (File /home/share/pdk/ciel/sky130/versions/e8294524e5f67c533c5d0c3afa0bcc5b2a5fa066/sky130A/libs.ref/sky130_fd_sc_hs/lib/sky130_fd_sc_hs__tt_025C_1v80.lib)
**ERROR: (TECHLIB-1256):	The vector group 'ccsn_ovrf' is being ignored due to errors in this group. This group will be excluded for any further library checks. Refer to the previous messages issued for vector group 'ccsn_ovrf' to find the details of the issues in this group. (File /home/share/pdk/ciel/sky130/versions/e8294524e5f67c533c5d0c3afa0bcc5b2a5fa066/sky130A/libs.ref/sky130_fd_sc_hs/lib/sky130_fd_sc_hs__tt_025C_1v80.lib, Line 884)
**ERROR: (TECHLIB-1175):	Template name 'ccsn_ovrf' used in group 'vector' on line 890 is not defined in the library. To fix this issue, define the missing template in the library. (File /home/share/pdk/ciel/sky130/versions/e8294524e5f67c533c5d0c3afa0bcc5b2a5fa066/sky130A/libs.ref/sky130_fd_sc_hs/lib/sky130_fd_sc_hs__tt_025C_1v80.lib)
**ERROR: (TECHLIB-1256):	The vector group 'ccsn_ovrf' is being ignored due to errors in this group. This group will be excluded for any further library checks. Refer to the previous messages issued for vector group 'ccsn_ovrf' to find the details of the issues in this group. (File /home/share/pdk/ciel/sky130/versions/e8294524e5f67c533c5d0c3afa0bcc5b2a5fa066/sky130A/libs.ref/sky130_fd_sc_hs/lib/sky130_fd_sc_hs__tt_025C_1v80.lib, Line 890)
**ERROR: (TECHLIB-1175):	Template name 'ccsn_ovrf' used in group 'vector' on line 870 is not defined in the library. To fix this issue, define the missing template in the library. (File /home/share/pdk/ciel/sky130/versions/e8294524e5f67c533c5d0c3afa0bcc5b2a5fa066/sky130A/libs.ref/sky130_fd_sc_hs/lib/sky130_fd_sc_hs__tt_025C_1v80.lib)
**ERROR: (TECHLIB-1256):	The vector group 'ccsn_ovrf' is being ignored due to errors in this group. This group will be excluded for any further library checks. Refer to the previous messages issued for vector group 'ccsn_ovrf' to find the details of the issues in this group. (File /home/share/pdk/ciel/sky130/versions/e8294524e5f67c533c5d0c3afa0bcc5b2a5fa066/sky130A/libs.ref/sky130_fd_sc_hs/lib/sky130_fd_sc_hs__tt_025C_1v80.lib, Line 870)
**ERROR: (TECHLIB-1175):	Template name 'ccsn_ovrf' used in group 'vector' on line 876 is not defined in the library. To fix this issue, define the missing template in the library. (File /home/share/pdk/ciel/sky130/versions/e8294524e5f67c533c5d0c3afa0bcc5b2a5fa066/sky130A/libs.ref/sky130_fd_sc_hs/lib/sky130_fd_sc_hs__tt_025C_1v80.lib)
**ERROR: (TECHLIB-1256):	The vector group 'ccsn_ovrf' is being ignored due to errors in this group. This group will be excluded for any further library checks. Refer to the previous messages issued for vector group 'ccsn_ovrf' to find the details of the issues in this group. (File /home/share/pdk/ciel/sky130/versions/e8294524e5f67c533c5d0c3afa0bcc5b2a5fa066/sky130A/libs.ref/sky130_fd_sc_hs/lib/sky130_fd_sc_hs__tt_025C_1v80.lib, Line 876)
**ERROR: (TECHLIB-1175):	Template name 'ccsn_pnlh' used in group 'vector' on line 949 is not defined in the library. To fix this issue, define the missing template in the library. (File /home/share/pdk/ciel/sky130/versions/e8294524e5f67c533c5d0c3afa0bcc5b2a5fa066/sky130A/libs.ref/sky130_fd_sc_hs/lib/sky130_fd_sc_hs__tt_025C_1v80.lib)
**ERROR: (TECHLIB-1256):	The vector group 'ccsn_pnlh' is being ignored due to errors in this group. This group will be excluded for any further library checks. Refer to the previous messages issued for vector group 'ccsn_pnlh' to find the details of the issues in this group. (File /home/share/pdk/ciel/sky130/versions/e8294524e5f67c533c5d0c3afa0bcc5b2a5fa066/sky130A/libs.ref/sky130_fd_sc_hs/lib/sky130_fd_sc_hs__tt_025C_1v80.lib, Line 949)
**ERROR: (TECHLIB-1175):	Template name 'ccsn_pnlh' used in group 'vector' on line 956 is not defined in the library. To fix this issue, define the missing template in the library. (File /home/share/pdk/ciel/sky130/versions/e8294524e5f67c533c5d0c3afa0bcc5b2a5fa066/sky130A/libs.ref/sky130_fd_sc_hs/lib/sky130_fd_sc_hs__tt_025C_1v80.lib)
**ERROR: (TECHLIB-1256):	The vector group 'ccsn_pnlh' is being ignored due to errors in this group. This group will be excluded for any further library checks. Refer to the previous messages issued for vector group 'ccsn_pnlh' to find the details of the issues in this group. (File /home/share/pdk/ciel/sky130/versions/e8294524e5f67c533c5d0c3afa0bcc5b2a5fa066/sky130A/libs.ref/sky130_fd_sc_hs/lib/sky130_fd_sc_hs__tt_025C_1v80.lib, Line 956)
**ERROR: (TECHLIB-1175):	Template name 'ccsn_pnlh' used in group 'vector' on line 963 is not defined in the library. To fix this issue, define the missing template in the library. (File /home/share/pdk/ciel/sky130/versions/e8294524e5f67c533c5d0c3afa0bcc5b2a5fa066/sky130A/libs.ref/sky130_fd_sc_hs/lib/sky130_fd_sc_hs__tt_025C_1v80.lib)
**ERROR: (TECHLIB-1256):	The vector group 'ccsn_pnlh' is being ignored due to errors in this group. This group will be excluded for any further library checks. Refer to the previous messages issued for vector group 'ccsn_pnlh' to find the details of the issues in this group. (File /home/share/pdk/ciel/sky130/versions/e8294524e5f67c533c5d0c3afa0bcc5b2a5fa066/sky130A/libs.ref/sky130_fd_sc_hs/lib/sky130_fd_sc_hs__tt_025C_1v80.lib, Line 963)
**ERROR: (TECHLIB-1175):	Template name 'ccsn_pnlh' used in group 'vector' on line 970 is not defined in the library. To fix this issue, define the missing template in the library. (File /home/share/pdk/ciel/sky130/versions/e8294524e5f67c533c5d0c3afa0bcc5b2a5fa066/sky130A/libs.ref/sky130_fd_sc_hs/lib/sky130_fd_sc_hs__tt_025C_1v80.lib)
**ERROR: (TECHLIB-1256):	The vector group 'ccsn_pnlh' is being ignored due to errors in this group. This group will be excluded for any further library checks. Refer to the previous messages issued for vector group 'ccsn_pnlh' to find the details of the issues in this group. (File /home/share/pdk/ciel/sky130/versions/e8294524e5f67c533c5d0c3afa0bcc5b2a5fa066/sky130A/libs.ref/sky130_fd_sc_hs/lib/sky130_fd_sc_hs__tt_025C_1v80.lib, Line 970)
**ERROR: (TECHLIB-1175):	Template name 'ccsn_pnlh' used in group 'vector' on line 977 is not defined in the library. To fix this issue, define the missing template in the library. (File /home/share/pdk/ciel/sky130/versions/e8294524e5f67c533c5d0c3afa0bcc5b2a5fa066/sky130A/libs.ref/sky130_fd_sc_hs/lib/sky130_fd_sc_hs__tt_025C_1v80.lib)
**ERROR: (TECHLIB-1256):	The vector group 'ccsn_pnlh' is being ignored due to errors in this group. This group will be excluded for any further library checks. Refer to the previous messages issued for vector group 'ccsn_pnlh' to find the details of the issues in this group. (File /home/share/pdk/ciel/sky130/versions/e8294524e5f67c533c5d0c3afa0bcc5b2a5fa066/sky130A/libs.ref/sky130_fd_sc_hs/lib/sky130_fd_sc_hs__tt_025C_1v80.lib, Line 977)
**ERROR: (TECHLIB-1175):	Template name 'ccsn_pnlh' used in group 'vector' on line 984 is not defined in the library. To fix this issue, define the missing template in the library. (File /home/share/pdk/ciel/sky130/versions/e8294524e5f67c533c5d0c3afa0bcc5b2a5fa066/sky130A/libs.ref/sky130_fd_sc_hs/lib/sky130_fd_sc_hs__tt_025C_1v80.lib)
**ERROR: (TECHLIB-1256):	The vector group 'ccsn_pnlh' is being ignored due to errors in this group. This group will be excluded for any further library checks. Refer to the previous messages issued for vector group 'ccsn_pnlh' to find the details of the issues in this group. (File /home/share/pdk/ciel/sky130/versions/e8294524e5f67c533c5d0c3afa0bcc5b2a5fa066/sky130A/libs.ref/sky130_fd_sc_hs/lib/sky130_fd_sc_hs__tt_025C_1v80.lib, Line 984)
**ERROR: (TECHLIB-1175):	Template name 'ccsn_pnlh' used in group 'vector' on line 991 is not defined in the library. To fix this issue, define the missing template in the library. (File /home/share/pdk/ciel/sky130/versions/e8294524e5f67c533c5d0c3afa0bcc5b2a5fa066/sky130A/libs.ref/sky130_fd_sc_hs/lib/sky130_fd_sc_hs__tt_025C_1v80.lib)
**ERROR: (TECHLIB-1256):	The vector group 'ccsn_pnlh' is being ignored due to errors in this group. This group will be excluded for any further library checks. Refer to the previous messages issued for vector group 'ccsn_pnlh' to find the details of the issues in this group. (File /home/share/pdk/ciel/sky130/versions/e8294524e5f67c533c5d0c3afa0bcc5b2a5fa066/sky130A/libs.ref/sky130_fd_sc_hs/lib/sky130_fd_sc_hs__tt_025C_1v80.lib, Line 991)
**ERROR: (TECHLIB-1175):	Template name 'ccsn_pnlh' used in group 'vector' on line 898 is not defined in the library. To fix this issue, define the missing template in the library. (File /home/share/pdk/ciel/sky130/versions/e8294524e5f67c533c5d0c3afa0bcc5b2a5fa066/sky130A/libs.ref/sky130_fd_sc_hs/lib/sky130_fd_sc_hs__tt_025C_1v80.lib)
**ERROR: (TECHLIB-1256):	The vector group 'ccsn_pnlh' is being ignored due to errors in this group. This group will be excluded for any further library checks. Refer to the previous messages issued for vector group 'ccsn_pnlh' to find the details of the issues in this group. (File /home/share/pdk/ciel/sky130/versions/e8294524e5f67c533c5d0c3afa0bcc5b2a5fa066/sky130A/libs.ref/sky130_fd_sc_hs/lib/sky130_fd_sc_hs__tt_025C_1v80.lib, Line 898)
**ERROR: (TECHLIB-1175):	Template name 'ccsn_pnlh' used in group 'vector' on line 905 is not defined in the library. To fix this issue, define the missing template in the library. (File /home/share/pdk/ciel/sky130/versions/e8294524e5f67c533c5d0c3afa0bcc5b2a5fa066/sky130A/libs.ref/sky130_fd_sc_hs/lib/sky130_fd_sc_hs__tt_025C_1v80.lib)
**ERROR: (TECHLIB-1256):	The vector group 'ccsn_pnlh' is being ignored due to errors in this group. This group will be excluded for any further library checks. Refer to the previous messages issued for vector group 'ccsn_pnlh' to find the details of the issues in this group. (File /home/share/pdk/ciel/sky130/versions/e8294524e5f67c533c5d0c3afa0bcc5b2a5fa066/sky130A/libs.ref/sky130_fd_sc_hs/lib/sky130_fd_sc_hs__tt_025C_1v80.lib, Line 905)
**ERROR: (TECHLIB-1175):	Template name 'ccsn_pnlh' used in group 'vector' on line 912 is not defined in the library. To fix this issue, define the missing template in the library. (File /home/share/pdk/ciel/sky130/versions/e8294524e5f67c533c5d0c3afa0bcc5b2a5fa066/sky130A/libs.ref/sky130_fd_sc_hs/lib/sky130_fd_sc_hs__tt_025C_1v80.lib)
**ERROR: (TECHLIB-1256):	The vector group 'ccsn_pnlh' is being ignored due to errors in this group. This group will be excluded for any further library checks. Refer to the previous messages issued for vector group 'ccsn_pnlh' to find the details of the issues in this group. (File /home/share/pdk/ciel/sky130/versions/e8294524e5f67c533c5d0c3afa0bcc5b2a5fa066/sky130A/libs.ref/sky130_fd_sc_hs/lib/sky130_fd_sc_hs__tt_025C_1v80.lib, Line 912)
**ERROR: (TECHLIB-1175):	Template name 'ccsn_pnlh' used in group 'vector' on line 919 is not defined in the library. To fix this issue, define the missing template in the library. (File /home/share/pdk/ciel/sky130/versions/e8294524e5f67c533c5d0c3afa0bcc5b2a5fa066/sky130A/libs.ref/sky130_fd_sc_hs/lib/sky130_fd_sc_hs__tt_025C_1v80.lib)
**ERROR: (TECHLIB-1256):	The vector group 'ccsn_pnlh' is being ignored due to errors in this group. This group will be excluded for any further library checks. Refer to the previous messages issued for vector group 'ccsn_pnlh' to find the details of the issues in this group. (File /home/share/pdk/ciel/sky130/versions/e8294524e5f67c533c5d0c3afa0bcc5b2a5fa066/sky130A/libs.ref/sky130_fd_sc_hs/lib/sky130_fd_sc_hs__tt_025C_1v80.lib, Line 919)
**ERROR: (TECHLIB-1175):	Template name 'ccsn_pnlh' used in group 'vector' on line 926 is not defined in the library. To fix this issue, define the missing template in the library. (File /home/share/pdk/ciel/sky130/versions/e8294524e5f67c533c5d0c3afa0bcc5b2a5fa066/sky130A/libs.ref/sky130_fd_sc_hs/lib/sky130_fd_sc_hs__tt_025C_1v80.lib)
**ERROR: (TECHLIB-1256):	The vector group 'ccsn_pnlh' is being ignored due to errors in this group. This group will be excluded for any further library checks. Refer to the previous messages issued for vector group 'ccsn_pnlh' to find the details of the issues in this group. (File /home/share/pdk/ciel/sky130/versions/e8294524e5f67c533c5d0c3afa0bcc5b2a5fa066/sky130A/libs.ref/sky130_fd_sc_hs/lib/sky130_fd_sc_hs__tt_025C_1v80.lib, Line 926)
**ERROR: (TECHLIB-1175):	Template name 'ccsn_pnlh' used in group 'vector' on line 933 is not defined in the library. To fix this issue, define the missing template in the library. (File /home/share/pdk/ciel/sky130/versions/e8294524e5f67c533c5d0c3afa0bcc5b2a5fa066/sky130A/libs.ref/sky130_fd_sc_hs/lib/sky130_fd_sc_hs__tt_025C_1v80.lib)
**ERROR: (TECHLIB-1256):	The vector group 'ccsn_pnlh' is being ignored due to errors in this group. This group will be excluded for any further library checks. Refer to the previous messages issued for vector group 'ccsn_pnlh' to find the details of the issues in this group. (File /home/share/pdk/ciel/sky130/versions/e8294524e5f67c533c5d0c3afa0bcc5b2a5fa066/sky130A/libs.ref/sky130_fd_sc_hs/lib/sky130_fd_sc_hs__tt_025C_1v80.lib, Line 933)
**ERROR: (TECHLIB-1175):	Template name 'ccsn_pnlh' used in group 'vector' on line 940 is not defined in the library. To fix this issue, define the missing template in the library. (File /home/share/pdk/ciel/sky130/versions/e8294524e5f67c533c5d0c3afa0bcc5b2a5fa066/sky130A/libs.ref/sky130_fd_sc_hs/lib/sky130_fd_sc_hs__tt_025C_1v80.lib)
**ERROR: (TECHLIB-1256):	The vector group 'ccsn_pnlh' is being ignored due to errors in this group. This group will be excluded for any further library checks. Refer to the previous messages issued for vector group 'ccsn_pnlh' to find the details of the issues in this group. (File /home/share/pdk/ciel/sky130/versions/e8294524e5f67c533c5d0c3afa0bcc5b2a5fa066/sky130A/libs.ref/sky130_fd_sc_hs/lib/sky130_fd_sc_hs__tt_025C_1v80.lib, Line 940)
**ERROR: (TECHLIB-1173):	The 'dc_current' attribute has not been defined for group 'ccsn_first_stage' on line 831. This may lead to undesirable analysis results. To fix this issue, define the missing attribute in library. (File /home/share/pdk/ciel/sky130/versions/e8294524e5f67c533c5d0c3afa0bcc5b2a5fa066/sky130A/libs.ref/sky130_fd_sc_hs/lib/sky130_fd_sc_hs__tt_025C_1v80.lib)
**ERROR: (TECHLIB-1175):	Template name 'ccsn_dc' used in group 'dc_current' on line 1002 is not defined in the library. To fix this issue, define the missing template in the library. (File /home/share/pdk/ciel/sky130/versions/e8294524e5f67c533c5d0c3afa0bcc5b2a5fa066/sky130A/libs.ref/sky130_fd_sc_hs/lib/sky130_fd_sc_hs__tt_025C_1v80.lib)
**ERROR: (TECHLIB-1256):	The dc_current group 'ccsn_dc' is being ignored due to errors in this group. This group will be excluded for any further library checks. Refer to the previous messages issued for dc_current group 'ccsn_dc' to find the details of the issues in this group. (File /home/share/pdk/ciel/sky130/versions/e8294524e5f67c533c5d0c3afa0bcc5b2a5fa066/sky130A/libs.ref/sky130_fd_sc_hs/lib/sky130_fd_sc_hs__tt_025C_1v80.lib, Line 1002)
Message <TECHLIB-1175> has exceeded the message display limit of '20'. Use 'set_message -no_limit -id list_of_msgIDs' to reset the message limit.
Message <TECHLIB-1256> has exceeded the message display limit of '20'. Use 'set_message -no_limit -id list_of_msgIDs' to reset the message limit.
**ERROR: (TECHLIB-1173):	The 'dc_current' attribute has not been defined for group 'ccsn_last_stage' on line 1001. This may lead to undesirable analysis results. To fix this issue, define the missing attribute in library. (File /home/share/pdk/ciel/sky130/versions/e8294524e5f67c533c5d0c3afa0bcc5b2a5fa066/sky130A/libs.ref/sky130_fd_sc_hs/lib/sky130_fd_sc_hs__tt_025C_1v80.lib)
**ERROR: (TECHLIB-1173):	The 'dc_current' attribute has not been defined for group 'ccsn_first_stage' on line 1267. This may lead to undesirable analysis results. To fix this issue, define the missing attribute in library. (File /home/share/pdk/ciel/sky130/versions/e8294524e5f67c533c5d0c3afa0bcc5b2a5fa066/sky130A/libs.ref/sky130_fd_sc_hs/lib/sky130_fd_sc_hs__tt_025C_1v80.lib)
**ERROR: (TECHLIB-1173):	The 'dc_current' attribute has not been defined for group 'ccsn_last_stage' on line 1437. This may lead to undesirable analysis results. To fix this issue, define the missing attribute in library. (File /home/share/pdk/ciel/sky130/versions/e8294524e5f67c533c5d0c3afa0bcc5b2a5fa066/sky130A/libs.ref/sky130_fd_sc_hs/lib/sky130_fd_sc_hs__tt_025C_1v80.lib)
**ERROR: (TECHLIB-1173):	The 'dc_current' attribute has not been defined for group 'ccsn_first_stage' on line 1703. This may lead to undesirable analysis results. To fix this issue, define the missing attribute in library. (File /home/share/pdk/ciel/sky130/versions/e8294524e5f67c533c5d0c3afa0bcc5b2a5fa066/sky130A/libs.ref/sky130_fd_sc_hs/lib/sky130_fd_sc_hs__tt_025C_1v80.lib)
**ERROR: (TECHLIB-1173):	The 'dc_current' attribute has not been defined for group 'ccsn_last_stage' on line 1874. This may lead to undesirable analysis results. To fix this issue, define the missing attribute in library. (File /home/share/pdk/ciel/sky130/versions/e8294524e5f67c533c5d0c3afa0bcc5b2a5fa066/sky130A/libs.ref/sky130_fd_sc_hs/lib/sky130_fd_sc_hs__tt_025C_1v80.lib)
**ERROR: (TECHLIB-1173):	The 'dc_current' attribute has not been defined for group 'ccsn_first_stage' on line 2143. This may lead to undesirable analysis results. To fix this issue, define the missing attribute in library. (File /home/share/pdk/ciel/sky130/versions/e8294524e5f67c533c5d0c3afa0bcc5b2a5fa066/sky130A/libs.ref/sky130_fd_sc_hs/lib/sky130_fd_sc_hs__tt_025C_1v80.lib)
**ERROR: (TECHLIB-1173):	The 'dc_current' attribute has not been defined for group 'ccsn_last_stage' on line 2314. This may lead to undesirable analysis results. To fix this issue, define the missing attribute in library. (File /home/share/pdk/ciel/sky130/versions/e8294524e5f67c533c5d0c3afa0bcc5b2a5fa066/sky130A/libs.ref/sky130_fd_sc_hs/lib/sky130_fd_sc_hs__tt_025C_1v80.lib)
**ERROR: (TECHLIB-1173):	The 'dc_current' attribute has not been defined for group 'ccsn_first_stage' on line 2583. This may lead to undesirable analysis results. To fix this issue, define the missing attribute in library. (File /home/share/pdk/ciel/sky130/versions/e8294524e5f67c533c5d0c3afa0bcc5b2a5fa066/sky130A/libs.ref/sky130_fd_sc_hs/lib/sky130_fd_sc_hs__tt_025C_1v80.lib)
**ERROR: (TECHLIB-1173):	The 'dc_current' attribute has not been defined for group 'ccsn_last_stage' on line 2754. This may lead to undesirable analysis results. To fix this issue, define the missing attribute in library. (File /home/share/pdk/ciel/sky130/versions/e8294524e5f67c533c5d0c3afa0bcc5b2a5fa066/sky130A/libs.ref/sky130_fd_sc_hs/lib/sky130_fd_sc_hs__tt_025C_1v80.lib)
**ERROR: (TECHLIB-1173):	The 'dc_current' attribute has not been defined for group 'ccsn_first_stage' on line 3023. This may lead to undesirable analysis results. To fix this issue, define the missing attribute in library. (File /home/share/pdk/ciel/sky130/versions/e8294524e5f67c533c5d0c3afa0bcc5b2a5fa066/sky130A/libs.ref/sky130_fd_sc_hs/lib/sky130_fd_sc_hs__tt_025C_1v80.lib)
**ERROR: (TECHLIB-1173):	The 'dc_current' attribute has not been defined for group 'ccsn_last_stage' on line 3194. This may lead to undesirable analysis results. To fix this issue, define the missing attribute in library. (File /home/share/pdk/ciel/sky130/versions/e8294524e5f67c533c5d0c3afa0bcc5b2a5fa066/sky130A/libs.ref/sky130_fd_sc_hs/lib/sky130_fd_sc_hs__tt_025C_1v80.lib)
**ERROR: (TECHLIB-1173):	The 'dc_current' attribute has not been defined for group 'ccsn_first_stage' on line 3463. This may lead to undesirable analysis results. To fix this issue, define the missing attribute in library. (File /home/share/pdk/ciel/sky130/versions/e8294524e5f67c533c5d0c3afa0bcc5b2a5fa066/sky130A/libs.ref/sky130_fd_sc_hs/lib/sky130_fd_sc_hs__tt_025C_1v80.lib)
**ERROR: (TECHLIB-1173):	The 'dc_current' attribute has not been defined for group 'ccsn_last_stage' on line 3634. This may lead to undesirable analysis results. To fix this issue, define the missing attribute in library. (File /home/share/pdk/ciel/sky130/versions/e8294524e5f67c533c5d0c3afa0bcc5b2a5fa066/sky130A/libs.ref/sky130_fd_sc_hs/lib/sky130_fd_sc_hs__tt_025C_1v80.lib)
**ERROR: (TECHLIB-1173):	The 'dc_current' attribute has not been defined for group 'ccsn_first_stage' on line 3903. This may lead to undesirable analysis results. To fix this issue, define the missing attribute in library. (File /home/share/pdk/ciel/sky130/versions/e8294524e5f67c533c5d0c3afa0bcc5b2a5fa066/sky130A/libs.ref/sky130_fd_sc_hs/lib/sky130_fd_sc_hs__tt_025C_1v80.lib)
**ERROR: (TECHLIB-1173):	The 'dc_current' attribute has not been defined for group 'ccsn_last_stage' on line 4074. This may lead to undesirable analysis results. To fix this issue, define the missing attribute in library. (File /home/share/pdk/ciel/sky130/versions/e8294524e5f67c533c5d0c3afa0bcc5b2a5fa066/sky130A/libs.ref/sky130_fd_sc_hs/lib/sky130_fd_sc_hs__tt_025C_1v80.lib)
**ERROR: (TECHLIB-1173):	The 'dc_current' attribute has not been defined for group 'ccsn_first_stage' on line 4343. This may lead to undesirable analysis results. To fix this issue, define the missing attribute in library. (File /home/share/pdk/ciel/sky130/versions/e8294524e5f67c533c5d0c3afa0bcc5b2a5fa066/sky130A/libs.ref/sky130_fd_sc_hs/lib/sky130_fd_sc_hs__tt_025C_1v80.lib)
**ERROR: (TECHLIB-1173):	The 'dc_current' attribute has not been defined for group 'ccsn_last_stage' on line 4514. This may lead to undesirable analysis results. To fix this issue, define the missing attribute in library. (File /home/share/pdk/ciel/sky130/versions/e8294524e5f67c533c5d0c3afa0bcc5b2a5fa066/sky130A/libs.ref/sky130_fd_sc_hs/lib/sky130_fd_sc_hs__tt_025C_1v80.lib)
**ERROR: (TECHLIB-1173):	The 'dc_current' attribute has not been defined for group 'ccsn_first_stage' on line 4783. This may lead to undesirable analysis results. To fix this issue, define the missing attribute in library. (File /home/share/pdk/ciel/sky130/versions/e8294524e5f67c533c5d0c3afa0bcc5b2a5fa066/sky130A/libs.ref/sky130_fd_sc_hs/lib/sky130_fd_sc_hs__tt_025C_1v80.lib)
**ERROR: (TECHLIB-1173):	The 'dc_current' attribute has not been defined for group 'ccsn_last_stage' on line 4954. This may lead to undesirable analysis results. To fix this issue, define the missing attribute in library. (File /home/share/pdk/ciel/sky130/versions/e8294524e5f67c533c5d0c3afa0bcc5b2a5fa066/sky130A/libs.ref/sky130_fd_sc_hs/lib/sky130_fd_sc_hs__tt_025C_1v80.lib)
Message <TECHLIB-1173> has exceeded the message display limit of '20'. Use 'set_message -no_limit -id list_of_msgIDs' to reset the message limit.
**WARN: (TECHLIB-302):	No function defined for cell 'sky130_fd_sc_hs__decap_8'. The cell will only be used for analysis. (File /home/share/pdk/ciel/sky130/versions/e8294524e5f67c533c5d0c3afa0bcc5b2a5fa066/sky130A/libs.ref/sky130_fd_sc_hs/lib/sky130_fd_sc_hs__tt_025C_1v80.lib)
**WARN: (TECHLIB-302):	No function defined for cell 'sky130_fd_sc_hs__decap_4'. The cell will only be used for analysis. (File /home/share/pdk/ciel/sky130/versions/e8294524e5f67c533c5d0c3afa0bcc5b2a5fa066/sky130A/libs.ref/sky130_fd_sc_hs/lib/sky130_fd_sc_hs__tt_025C_1v80.lib)
Read 376 cells in library sky130_fd_sc_hs__tt_025C_1v80.
Reading default_emulate_libset_max timing library /home/hujinzhao/pro/genus_bs1_300m/workspace/LIBS/sky130_sram_0kbytes_1rw1r_64x32_8_TT_1p8V_25C.lib.
Read 1 cells in library sky130_sram_0kbytes_1rw1r_64x32_8_TT_1p8V_25C_lib.
Reading default_emulate_libset_max timing library /home/hujinzhao/pro/genus_bs1_300m/workspace/LIBS/sky130_sram_0kbytes_1rw1r_64x64_8_TT_1p8V_25C.lib.
Read 1 cells in library sky130_sram_0kbytes_1rw1r_64x64_8_TT_1p8V_25C_lib.
Reading default_emulate_libset_max timing library /home/hujinzhao/pro/genus_bs1_300m/workspace/LIBS/sky130_sram_0kbytes_1rw1r_128x16_16_TT_1p8V_25C.lib.
Read 1 cells in library sky130_sram_0kbytes_1rw1r_128x16_16_TT_1p8V_25C_lib.
Reading default_emulate_libset_max timing library /home/hujinzhao/pro/genus_bs1_300m/genus2invs__2646528_c0db12f1-65d0-49e8-880e-4f9c383f8545fa_top/genus2invs.gen.lib.
**WARN: (TECHLIB-9018):	Nominal Condition 'nom_process' is not defined in timing library. Assuming default value '1.000000'. Setting this attribute is recommended as it can impact timing and SI results. (File /home/hujinzhao/pro/genus_bs1_300m/genus2invs__2646528_c0db12f1-65d0-49e8-880e-4f9c383f8545fa_top/genus2invs.gen.lib)
**WARN: (TECHLIB-9018):	Nominal Condition 'nom_voltage' is not defined in timing library. Assuming default value '1.800000'. Setting this attribute is recommended as it can impact timing and SI results. (File /home/hujinzhao/pro/genus_bs1_300m/genus2invs__2646528_c0db12f1-65d0-49e8-880e-4f9c383f8545fa_top/genus2invs.gen.lib)
**WARN: (TECHLIB-9018):	Nominal Condition 'nom_temperature' is not defined in timing library. Assuming default value '25.000000'. Setting this attribute is recommended as it can impact timing and SI results. (File /home/hujinzhao/pro/genus_bs1_300m/genus2invs__2646528_c0db12f1-65d0-49e8-880e-4f9c383f8545fa_top/genus2invs.gen.lib)
**WARN: (TECHLIB-9108):	 'input_threshold_pct_rise' not specified in the library, using .lib default of '50%'. (File /home/hujinzhao/pro/genus_bs1_300m/genus2invs__2646528_c0db12f1-65d0-49e8-880e-4f9c383f8545fa_top/genus2invs.gen.lib, Line 1)
**WARN: (TECHLIB-9108):	 'input_threshold_pct_fall' not specified in the library, using .lib default of '50%'. (File /home/hujinzhao/pro/genus_bs1_300m/genus2invs__2646528_c0db12f1-65d0-49e8-880e-4f9c383f8545fa_top/genus2invs.gen.lib, Line 1)
**WARN: (TECHLIB-9108):	 'output_threshold_pct_rise' not specified in the library, using .lib default of '50%'. (File /home/hujinzhao/pro/genus_bs1_300m/genus2invs__2646528_c0db12f1-65d0-49e8-880e-4f9c383f8545fa_top/genus2invs.gen.lib, Line 1)
**WARN: (TECHLIB-9108):	 'output_threshold_pct_fall' not specified in the library, using .lib default of '50%'. (File /home/hujinzhao/pro/genus_bs1_300m/genus2invs__2646528_c0db12f1-65d0-49e8-880e-4f9c383f8545fa_top/genus2invs.gen.lib, Line 1)
**WARN: (TECHLIB-9108):	 'slew_lower_threshold_pct_rise' not specified in the library, using .lib default of '20%'. (File /home/hujinzhao/pro/genus_bs1_300m/genus2invs__2646528_c0db12f1-65d0-49e8-880e-4f9c383f8545fa_top/genus2invs.gen.lib, Line 1)
**WARN: (TECHLIB-9108):	 'slew_lower_threshold_pct_fall' not specified in the library, using .lib default of '20%'. (File /home/hujinzhao/pro/genus_bs1_300m/genus2invs__2646528_c0db12f1-65d0-49e8-880e-4f9c383f8545fa_top/genus2invs.gen.lib, Line 1)
**WARN: (TECHLIB-9108):	 'slew_upper_threshold_pct_rise' not specified in the library, using .lib default of '80%'. (File /home/hujinzhao/pro/genus_bs1_300m/genus2invs__2646528_c0db12f1-65d0-49e8-880e-4f9c383f8545fa_top/genus2invs.gen.lib, Line 1)
**WARN: (TECHLIB-9108):	 'slew_upper_threshold_pct_fall' not specified in the library, using .lib default of '80%'. (File /home/hujinzhao/pro/genus_bs1_300m/genus2invs__2646528_c0db12f1-65d0-49e8-880e-4f9c383f8545fa_top/genus2invs.gen.lib, Line 1)
Read 40 cells in library abstract_techlib.
Library reading multithread flow ended.

Loading LEF file /home/hujinzhao/pro/genus_bs1_300m/workspace/LEFS/sky130_fd_sc_hs__nom.tlef ...

Loading LEF file /home/hujinzhao/pro/genus_bs1_300m/workspace/LEFS/sky130_fd_sc_hs.lef ...
WARNING (LEFPARS-2008): NOWIREEXTENSIONATPIN statement is obsolete in version 5.6 or later.
The NOWIREEXTENSIONATPIN statement will be ignored. See file /home/hujinzhao/pro/genus_bs1_300m/workspace/LEFS/sky130_fd_sc_hs.lef at line 2.
**WARN: (IMPLF-108):	There is no overlap layer defined in any LEF file
so you are unable to create rectilinear partition in a hierarchical flow.
Set DBUPerIGU to M1 pitch 480.

Loading LEF file /home/hujinzhao/pro/genus_bs1_300m/workspace/LEFS/sky130_sram_0kbytes_1rw1r_64x32_8.lef ...
**WARN: (IMPLF-246):	The 'UNITS' attribute is only allowed to be set in the first LEF file (technology LEF). The attribute was found in this LEF file, and will be ignored.

Loading LEF file /home/hujinzhao/pro/genus_bs1_300m/workspace/LEFS/sky130_sram_0kbytes_1rw1r_128x16_16.lef ...
**WARN: (IMPLF-246):	The 'UNITS' attribute is only allowed to be set in the first LEF file (technology LEF). The attribute was found in this LEF file, and will be ignored.

Loading LEF file /home/hujinzhao/pro/genus_bs1_300m/workspace/LEFS/sky130_sram_0kbytes_1rw1r_64x64_8.lef ...
**WARN: (IMPLF-246):	The 'UNITS' attribute is only allowed to be set in the first LEF file (technology LEF). The attribute was found in this LEF file, and will be ignored.

Loading LEF file ./genus2invs__2646528_c0db12f1-65d0-49e8-880e-4f9c383f8545fa_top/genus2invs.gen.lef ...
WARNING (LEFPARS-2001): No VERSION statement found, using the default value 5.8. See file ./genus2invs__2646528_c0db12f1-65d0-49e8-880e-4f9c383f8545fa_top/genus2invs.gen.lef at line 4968.
**WARN: (IMPLF-200):	Pin 'clk' in macro 'flop_srd' has no ANTENNAGATEAREA value defined. The library data is incomplete and some process antenna rules will not be checked correctly.
Type 'man IMPLF-200' for more detail.
**WARN: (IMPLF-200):	Pin 'd' in macro 'flop_srd' has no ANTENNAGATEAREA value defined. The library data is incomplete and some process antenna rules will not be checked correctly.
Type 'man IMPLF-200' for more detail.
**WARN: (IMPLF-200):	Pin 'srd' in macro 'flop_srd' has no ANTENNAGATEAREA value defined. The library data is incomplete and some process antenna rules will not be checked correctly.
Type 'man IMPLF-200' for more detail.
**WARN: (IMPLF-201):	Pin 'q' in macro 'flop_srd' has no ANTENNADIFFAREA value defined. The library data is incomplete and some process antenna rules will not be checked correctly.
Type 'man IMPLF-201' for more detail.
**WARN: (IMPLF-201):	Pin 'z' in macro 'CDN_mux128' has no ANTENNADIFFAREA value defined. The library data is incomplete and some process antenna rules will not be checked correctly.
Type 'man IMPLF-201' for more detail.
**WARN: (IMPLF-200):	Pin 'sel0' in macro 'CDN_mux128' has no ANTENNAGATEAREA value defined. The library data is incomplete and some process antenna rules will not be checked correctly.
Type 'man IMPLF-200' for more detail.
**WARN: (IMPLF-200):	Pin 'data0' in macro 'CDN_mux128' has no ANTENNAGATEAREA value defined. The library data is incomplete and some process antenna rules will not be checked correctly.
Type 'man IMPLF-200' for more detail.
**WARN: (IMPLF-200):	Pin 'sel1' in macro 'CDN_mux128' has no ANTENNAGATEAREA value defined. The library data is incomplete and some process antenna rules will not be checked correctly.
Type 'man IMPLF-200' for more detail.
**WARN: (IMPLF-200):	Pin 'data1' in macro 'CDN_mux128' has no ANTENNAGATEAREA value defined. The library data is incomplete and some process antenna rules will not be checked correctly.
Type 'man IMPLF-200' for more detail.
**WARN: (IMPLF-200):	Pin 'sel2' in macro 'CDN_mux128' has no ANTENNAGATEAREA value defined. The library data is incomplete and some process antenna rules will not be checked correctly.
Type 'man IMPLF-200' for more detail.
**WARN: (IMPLF-200):	Pin 'data2' in macro 'CDN_mux128' has no ANTENNAGATEAREA value defined. The library data is incomplete and some process antenna rules will not be checked correctly.
Type 'man IMPLF-200' for more detail.
**WARN: (IMPLF-200):	Pin 'sel3' in macro 'CDN_mux128' has no ANTENNAGATEAREA value defined. The library data is incomplete and some process antenna rules will not be checked correctly.
Type 'man IMPLF-200' for more detail.
**WARN: (IMPLF-200):	Pin 'data3' in macro 'CDN_mux128' has no ANTENNAGATEAREA value defined. The library data is incomplete and some process antenna rules will not be checked correctly.
Type 'man IMPLF-200' for more detail.
**WARN: (IMPLF-200):	Pin 'sel4' in macro 'CDN_mux128' has no ANTENNAGATEAREA value defined. The library data is incomplete and some process antenna rules will not be checked correctly.
Type 'man IMPLF-200' for more detail.
**WARN: (IMPLF-200):	Pin 'data4' in macro 'CDN_mux128' has no ANTENNAGATEAREA value defined. The library data is incomplete and some process antenna rules will not be checked correctly.
Type 'man IMPLF-200' for more detail.
**WARN: (IMPLF-200):	Pin 'sel5' in macro 'CDN_mux128' has no ANTENNAGATEAREA value defined. The library data is incomplete and some process antenna rules will not be checked correctly.
Type 'man IMPLF-200' for more detail.
**WARN: (IMPLF-200):	Pin 'data5' in macro 'CDN_mux128' has no ANTENNAGATEAREA value defined. The library data is incomplete and some process antenna rules will not be checked correctly.
Type 'man IMPLF-200' for more detail.
**WARN: (IMPLF-200):	Pin 'sel6' in macro 'CDN_mux128' has no ANTENNAGATEAREA value defined. The library data is incomplete and some process antenna rules will not be checked correctly.
Type 'man IMPLF-200' for more detail.
**WARN: (IMPLF-200):	Pin 'data6' in macro 'CDN_mux128' has no ANTENNAGATEAREA value defined. The library data is incomplete and some process antenna rules will not be checked correctly.
Type 'man IMPLF-200' for more detail.
**WARN: (IMPLF-200):	Pin 'sel7' in macro 'CDN_mux128' has no ANTENNAGATEAREA value defined. The library data is incomplete and some process antenna rules will not be checked correctly.
Type 'man IMPLF-200' for more detail.
**WARN: (IMPLF-200):	Pin 'data7' in macro 'CDN_mux128' has no ANTENNAGATEAREA value defined. The library data is incomplete and some process antenna rules will not be checked correctly.
Type 'man IMPLF-200' for more detail.
**WARN: (IMPLF-200):	Pin 'sel8' in macro 'CDN_mux128' has no ANTENNAGATEAREA value defined. The library data is incomplete and some process antenna rules will not be checked correctly.
Type 'man IMPLF-200' for more detail.
**WARN: (EMS-27):	Message (IMPLF-200) has exceeded the current message display limit of 20.
To increase the message display limit, refer to the product command reference manual.
**WARN: (IMPLF-201):	Pin 'z' in macro 'CDN_bmux16' has no ANTENNADIFFAREA value defined. The library data is incomplete and some process antenna rules will not be checked correctly.
Type 'man IMPLF-201' for more detail.
**WARN: (IMPLF-201):	Pin 'z' in macro 'CDN_mux8' has no ANTENNADIFFAREA value defined. The library data is incomplete and some process antenna rules will not be checked correctly.
Type 'man IMPLF-201' for more detail.
**WARN: (IMPLF-201):	Pin 'z' in macro 'CDN_bmux8' has no ANTENNADIFFAREA value defined. The library data is incomplete and some process antenna rules will not be checked correctly.
Type 'man IMPLF-201' for more detail.
**WARN: (IMPLF-201):	Pin 'q' in macro 'flop' has no ANTENNADIFFAREA value defined. The library data is incomplete and some process antenna rules will not be checked correctly.
Type 'man IMPLF-201' for more detail.
**WARN: (IMPLF-201):	Pin 'q' in macro 'flop_sena' has no ANTENNADIFFAREA value defined. The library data is incomplete and some process antenna rules will not be checked correctly.
Type 'man IMPLF-201' for more detail.
**WARN: (IMPLF-201):	Pin 'q' in macro 'flop_srl_srd' has no ANTENNADIFFAREA value defined. The library data is incomplete and some process antenna rules will not be checked correctly.
Type 'man IMPLF-201' for more detail.
**WARN: (IMPLF-201):	Pin 'z' in macro 'CDN_bmux4' has no ANTENNADIFFAREA value defined. The library data is incomplete and some process antenna rules will not be checked correctly.
Type 'man IMPLF-201' for more detail.
**WARN: (IMPLF-201):	Pin 'z' in macro 'CDN_bmux3' has no ANTENNADIFFAREA value defined. The library data is incomplete and some process antenna rules will not be checked correctly.
Type 'man IMPLF-201' for more detail.
**WARN: (IMPLF-201):	Pin 'z' in macro 'and4' has no ANTENNADIFFAREA value defined. The library data is incomplete and some process antenna rules will not be checked correctly.
Type 'man IMPLF-201' for more detail.
**WARN: (IMPLF-201):	Pin 'z' in macro 'and3' has no ANTENNADIFFAREA value defined. The library data is incomplete and some process antenna rules will not be checked correctly.
Type 'man IMPLF-201' for more detail.
**WARN: (IMPLF-201):	Pin 'z' in macro 'nand3' has no ANTENNADIFFAREA value defined. The library data is incomplete and some process antenna rules will not be checked correctly.
Type 'man IMPLF-201' for more detail.
**WARN: (IMPLF-201):	Pin 'z' in macro 'CDN_mux15' has no ANTENNADIFFAREA value defined. The library data is incomplete and some process antenna rules will not be checked correctly.
Type 'man IMPLF-201' for more detail.
**WARN: (IMPLF-201):	Pin 'z' in macro 'CDN_mux7' has no ANTENNADIFFAREA value defined. The library data is incomplete and some process antenna rules will not be checked correctly.
Type 'man IMPLF-201' for more detail.
**WARN: (IMPLF-201):	Pin 'z' in macro 'or3' has no ANTENNADIFFAREA value defined. The library data is incomplete and some process antenna rules will not be checked correctly.
Type 'man IMPLF-201' for more detail.
**WARN: (IMPLF-201):	Pin 'z' in macro 'CDN_mux13' has no ANTENNADIFFAREA value defined. The library data is incomplete and some process antenna rules will not be checked correctly.
Type 'man IMPLF-201' for more detail.
**WARN: (IMPLF-201):	Pin 'z' in macro 'xnor2' has no ANTENNADIFFAREA value defined. The library data is incomplete and some process antenna rules will not be checked correctly.
Type 'man IMPLF-201' for more detail.
**WARN: (IMPLF-201):	Pin 'z' in macro 'xor2' has no ANTENNADIFFAREA value defined. The library data is incomplete and some process antenna rules will not be checked correctly.
Type 'man IMPLF-201' for more detail.
**WARN: (IMPLF-201):	Pin 'z' in macro 'or4' has no ANTENNADIFFAREA value defined. The library data is incomplete and some process antenna rules will not be checked correctly.
Type 'man IMPLF-201' for more detail.
**WARN: (EMS-27):	Message (IMPLF-201) has exceeded the current message display limit of 20.
To increase the message display limit, refer to the product command reference manual.

##  Check design process and node:  
##  Both design process and tech node are not set.

#% Begin Load netlist data ... (date=07/05 10:50:46, mem=1964.8M)
*** Begin netlist parsing (mem=1964.8M) ***
Created 419 new cells from 5 timing libraries.
Reading netlist ...
Backslashed names will retain backslash and a trailing blank character.
Reading verilog netlist './genus2invs__2646528_c0db12f1-65d0-49e8-880e-4f9c383f8545fa_top/genus2invs.v.gz'

*** Memory Usage v#3 (Current mem = 2027.613M, initial mem = 973.113M) ***
*** End netlist parsing (cpu=0:00:00.6, real=0:00:01.0, mem=2027.6M) ***
#% End Load netlist data ... (date=07/05 10:50:47, total cpu=0:00:00.6, real=0:00:01.0, peak res=2027.5M, current mem=2027.5M)
Top level cell is fa_top.
Hooked 419 DB cells to tlib cells.
Starting recursive module instantiation check.
No recursion found.
Building hierarchical netlist for Cell fa_top ...
***** UseNewTieNetMode *****.
**WARN: (IMPECO-560):	The netlist is not unique, because the module 'bmux_5_36' is instantiated multiple times. Make the netlist unique by running 'set_db init_design_uniquify true' before loading the design to avoid the problem.
Type 'man IMPECO-560' for more detail.
*** Netlist is NOT unique.
** info: there are 651 modules.
** info: there are 352491 stdCell insts.
** info: there are 352491 stdCell insts with at least one signal pin.
** info: there are 38 macros.
** info: there are 92 multi-height stdCell insts (1 stdCells)

*** Memory Usage v#3 (Current mem = 2218.312M, initial mem = 973.113M) ***
**WARN: (IMPFP-3961):	The techSite 'unitdbl' has no related standard cells in the LEF/OA library. The calculations for this site type cannot be made unless standard cell models of this type exist in the LEF/OA library. Ignore this warning if the SITE is not used by the library. Alternatively, remove the SITE definition for the LEF/OA library to avoid this message.
Type 'man IMPFP-3961' for more detail.
**WARN: (IMPFP-3961):	The techSite 'unit' has no related standard cells in the LEF/OA library. The calculations for this site type cannot be made unless standard cell models of this type exist in the LEF/OA library. Ignore this warning if the SITE is not used by the library. Alternatively, remove the SITE definition for the LEF/OA library to avoid this message.
Type 'man IMPFP-3961' for more detail.
**WARN: (IMPFP-3961):	The techSite 'unitdbl' has no related standard cells in the LEF/OA library. The calculations for this site type cannot be made unless standard cell models of this type exist in the LEF/OA library. Ignore this warning if the SITE is not used by the library. Alternatively, remove the SITE definition for the LEF/OA library to avoid this message.
Type 'man IMPFP-3961' for more detail.
**WARN: (IMPFP-3961):	The techSite 'unit' has no related standard cells in the LEF/OA library. The calculations for this site type cannot be made unless standard cell models of this type exist in the LEF/OA library. Ignore this warning if the SITE is not used by the library. Alternatively, remove the SITE definition for the LEF/OA library to avoid this message.
Type 'man IMPFP-3961' for more detail.
Horizontal Layer M2 offset = 185 (derived)
Vertical Layer M1 offset = 240 (derived)
Start create_tracks
Generated pitch 3.66 in met5 is different from 3.33 defined in technology file in preferred direction.
Generated pitch 0.72 in met4 is different from 0.96 defined in technology file in preferred direction.
Generated pitch 0.61 in met3 is different from 0.74 defined in technology file in preferred direction.
Extraction setup Started for TopCell fa_top 
Initializing multi-corner RC extraction with 1 active RC Corners ...
Captable file(s) not specified in multi-corner setup. PreRoute extraction will use technology file. For post_route extraction, default value for effort level would be 'medium' and effort level 'low' would not be allowed.
Generating auto layer map file.
Importing multi-corner technology file(s) for preRoute extraction...
/home/share/pdk/sky130A/libs.tech/cadence/qrcTechFile
Generating auto layer map file.
Completed (cpu: 0:00:01.4 real: 0:00:02.0)
Set Shrink Factor to 1.00000
Summary of Active RC-Corners : 
 
 Analysis View: default_emulate_view
    RC-Corner Name        : default_emulate_rc_corner
    RC-Corner Index       : 0
    RC-Corner Temperature : 25 Celsius
    RC-Corner Cap Table   : ''
    RC-Corner PreRoute Res Factor         : 1
    RC-Corner PreRoute Cap Factor         : 1
    RC-Corner PostRoute Res Factor        : 1 {1 1 1}
    RC-Corner PostRoute Cap Factor        : 1 {1 1 1}
    RC-Corner PostRoute XCap Factor       : 1 {1 1 1}
    RC-Corner PreRoute Clock Res Factor   : 1	[Derived from postRoute_res (effortLevel low)]
    RC-Corner PreRoute Clock Cap Factor   : 1	[Derived from postRoute_cap (effortLevel low)]
    RC-Corner PostRoute Clock Cap Factor  : 1 {1 1 1} 
    RC-Corner PostRoute Clock Res Factor  : 1 {1 1 1} 
    RC-Corner PostRoute Clock coupling capacitance Factor : 1 {1 1 1} 
    RC-Corner Technology file: '/home/share/pdk/sky130A/libs.tech/cadence/qrcTechFile'
Updating RC Grid density data for preRoute extraction ...
Initializing multi-corner resistance tables ...
Default value for post_route extraction mode's extract_rc_effort_level (extract_rc_effort_level option of set_db) changed to 'medium'.
*Info: initialize multi-corner CTS.
Total number of combinational cells: 325
Total number of sequential cells: 77
Total number of tristate cells: 12
Total number of level shifter cells: 0
Total number of power gating cells: 0
Total number of isolation cells: 0
Total number of power switch cells: 0
Total number of pulse generator cells: 0
Total number of always on buffers: 0
Total number of retention cells: 0
Total number of physical cells: 2
List of usable buffers: sky130_fd_sc_hs__clkbuf_2 sky130_fd_sc_hs__clkbuf_1 sky130_fd_sc_hs__buf_1 sky130_fd_sc_hs__buf_2 sky130_fd_sc_hs__clkbuf_4 sky130_fd_sc_hs__buf_4 sky130_fd_sc_hs__dlymetal6s2s_1 sky130_fd_sc_hs__clkbuf_8 sky130_fd_sc_hs__buf_8 sky130_fd_sc_hs__clkbuf_16 sky130_fd_sc_hs__buf_16
Total number of usable buffers: 11
List of unusable buffers:
Total number of unusable buffers: 0
List of usable inverters: sky130_fd_sc_hs__inv_2 sky130_fd_sc_hs__inv_1 sky130_fd_sc_hs__clkinv_1 sky130_fd_sc_hs__clkinv_2 sky130_fd_sc_hs__inv_4 sky130_fd_sc_hs__clkdlyinv3sd3_1 sky130_fd_sc_hs__clkdlyinv3sd2_1 sky130_fd_sc_hs__clkdlyinv3sd1_1 sky130_fd_sc_hs__clkinv_4 sky130_fd_sc_hs__inv_8 sky130_fd_sc_hs__clkdlyinv5sd3_1 sky130_fd_sc_hs__clkdlyinv5sd2_1 sky130_fd_sc_hs__clkdlyinv5sd1_1 sky130_fd_sc_hs__clkinv_8 sky130_fd_sc_hs__bufinv_8 sky130_fd_sc_hs__inv_16 sky130_fd_sc_hs__clkinv_16 sky130_fd_sc_hs__bufinv_16 not1
Total number of usable inverters: 19
List of unusable inverters:
Total number of unusable inverters: 0
List of identified usable delay cells: sky130_fd_sc_hs__dlygate4sd3_1 sky130_fd_sc_hs__dlygate4sd2_1 sky130_fd_sc_hs__dlygate4sd1_1 sky130_fd_sc_hs__dlymetal6s6s_1 sky130_fd_sc_hs__dlymetal6s4s_1 sky130_fd_sc_hs__bufbuf_8 sky130_fd_sc_hs__bufbuf_16
Total number of identified usable delay cells: 7
List of identified unusable delay cells:
Total number of identified unusable delay cells: 0
Multithreaded Timing Analysis is initialized with 8 threads

Reading timing constraints file './genus2invs__2646528_c0db12f1-65d0-49e8-880e-4f9c383f8545fa_top/genus2invs.default_emulate_constraint_mode.sdc' ...
Current (total cpu=0:00:41.3, real=0:00:34.0, peak res=2912.9M, current mem=2912.9M)
fa_top
INFO (CTE): Constraints read successfully.
Ending "Constraint file reading stats" (total cpu=0:00:00.2, real=0:00:00.0, peak res=2930.1M, current mem=2930.1M)
Current (total cpu=0:00:41.5, real=0:00:34.0, peak res=2930.1M, current mem=2930.1M)
@file 49:
@file 50: # Reading metrics file
@file 51: ################################################################################
@@file 52: read_metric -id current ./genus2invs__2646528_c0db12f1-65d0-49e8-880e-4f9c383f8545fa_top/genus2invs.metrics.json
@file 53:
@file 54: ## Reading common preserve file for dont_touch and dont_use preserve settings
@file 55: source -quiet ./genus2invs__2646528_c0db12f1-65d0-49e8-880e-4f9c383f8545fa_top/genus2invs.preserve.tcl
@file 56:
@file 57: ## Reading Innovus Mode attributes file
@file 58: pqos_eval {rcp::read_taf ./genus2invs__2646528_c0db12f1-65d0-49e8-880e-4f9c383f8545fa_top/genus2invs.mode_attributes.taf.gz}
%# Begin ::rcp::silent_eval (07/05 10:50:51, mem=2948.95M)
%# End ::rcp::silent_eval (07/05 10:50:51, total cpu=16:00:00, real=16:00:00, peak res=2950.95M, current mem=2949.02M)
(genus2invs.mode_attributes.taf.gz): Summary count of attributes that could be applied
could_apply(design_bottom_routing_layer)       = 1
could_apply(extract_rc_assume_metal_fill)      = 1
could_apply(timing_report_enable_novus_header) = 1

[genus2invs.mode_attributes.taf.gz]: applied 3 attributes with 0 problems.
@file 59:
@file 60:
@file 61: # Mode Setup
@file 62: ################################################################################
@file 63: source ./genus2invs__2646528_c0db12f1-65d0-49e8-880e-4f9c383f8545fa_top/genus2invs.mode
@file 64:
@file 65:
@file 66: # MSV Setup
@file 67: ################################################################################
@file 68:
@file 69: # Reading NDR file
@file 70: source ./genus2invs__2646528_c0db12f1-65d0-49e8-880e-4f9c383f8545fa_top/genus2invs.ndr.tcl
@file 71:
@file 72: # Reading Safety file
@file 73: pqos_eval { rcp::read_taf ./genus2invs__2646528_c0db12f1-65d0-49e8-880e-4f9c383f8545fa_top/genus2invs.safety.taf.gz}
[genus2invs.safety.taf.gz]: empty.
@file 74:
@file 75: # Reading Instance Attributes file
@file 76: pqos_eval { rcp::read_taf ./genus2invs__2646528_c0db12f1-65d0-49e8-880e-4f9c383f8545fa_top/genus2invs.inst_attributes.taf.gz}
[genus2invs.inst_attributes.taf.gz]: empty.
@file 77:
@file 78: # Reading subdesign attributes file
@file 79: pqos_eval { rcp::read_taf ./genus2invs__2646528_c0db12f1-65d0-49e8-880e-4f9c383f8545fa_top/genus2invs.subdesign_attributes.taf.gz}
%# Begin ::rcp::silent_eval (07/05 10:50:52, mem=2954.94M)
%# End ::rcp::silent_eval (07/05 10:50:52, total cpu=16:00:00, real=16:00:00, peak res=2954.94M, current mem=2954.94M)
(genus2invs.subdesign_attributes.taf.gz): Summary count of attributes that could be applied
could_apply(comp_builder_info)        = 180
could_apply(gb_gdef_type)             = 190
could_apply(super_thread_speed_grade) = 180

[genus2invs.subdesign_attributes.taf.gz]: applied 550 attributes with 0 problems.
@file 80:
@file 81: # Reading minimum routing layer data file
@file 82: ################################################################################
@file 83: pqos_eval {rcp::load_min_layer_file ./genus2invs__2646528_c0db12f1-65d0-49e8-880e-4f9c383f8545fa_top/genus2invs.min_layer {li1 met1 met2 met3 met4 met5} {1 2 3 4 5 6}}
%# Begin rcp::load_min_layer_file (07/05 10:50:52, mem=2954.97M)
Read 0 nets
%# End rcp::load_min_layer_file (07/05 10:50:52, total cpu=16:00:00, real=16:00:00, peak res=2955.10M, current mem=2955.10M)
@@file 84: eval_legacy {set edi_pe::pegConsiderMacroLayersUnblocked 1}
@@file 85: eval_legacy {set edi_pe::pegPreRouteWireWidthBasedDensityCalModel 1}
Updating RC Grid density data for preRoute extraction ...
Initializing multi-corner resistance tables ...
@file 86:
@file 87: set _t1 [clock seconds]
@file 88: puts [format  {%%%s End Genus to Innovus Setup (%s, real=%s)} \# [clock format $_t1 -format {%m/%d %H:%M:%S}] [clock format [expr {28800 + $_t1 - $_t0}] -format {%H:%M:%S}]]
%# End Genus to Innovus Setup (07/05 10:50:52, real=16:00:07)
@file 89:
#@ End verbose source ./genus2invs__2646528_c0db12f1-65d0-49e8-880e-4f9c383f8545fa_top/genus2invs.invs_setup.tcl
UM:   flow.cputime  flow.realtime  timing.setup.tns  timing.setup.wns  snapshot
UM:*                                                                   genus2invs_setup
%# Design Import Complete (07/05 10:50:52, mem=2955.23M)
%# Begin ::rcp::predict_floorplan_control (07/05 10:50:52, mem=2956.54M)
Configuring predict_floorplan control settings
%# End ::rcp::predict_floorplan_control (07/05 10:50:52, total cpu=16:00:00, real=16:00:00, peak res=2956.54M, current mem=2956.54M)
**WARN: (IMPTCM-77):	Option "-fixPlacedMacros" for command setPlanDesignMode is obsolete and will be removed in a future release. The obsolete option still works in this release but to avoid this warning and to ensure compatibility with future releases, remove the obsolete option from your script.
**WARN: (IMPDBTCL-321):	The attribute 'plan_design_fix_placed_macros' still works but will be obsolete in a future major release. You should remove it from your script before the next major release to avoid errors.
**WARN: (IMPAFP-9024):	This command is hidden and will be obsolete in the next major release. For module placement, use proto_design instead. For macro placement, use place_design -concurrent_macros to place both standard cells and macros together.
**WARN: (IMPAFP-9024):	This command is hidden and will be obsolete in the next major release. For module placement, use proto_design instead. For macro placement, use place_design -concurrent_macros to place both standard cells and macros together.
**WARN: (IMPAFP-9024):	This command is hidden and will be obsolete in the next major release. For module placement, use proto_design instead. For macro placement, use place_design -concurrent_macros to place both standard cells and macros together.
**WARN: (IMPTCM-77):	Option "-honorOrientation" for command getPlanDesignMode is obsolete and will be removed in a future release. The obsolete option still works in this release but to avoid this warning and to ensure compatibility with future releases, remove the obsolete option from your script.
**WARN: (IMPAFP-9024):	This command is hidden and will be obsolete in the next major release. For module placement, use proto_design instead. For macro placement, use place_design -concurrent_macros to place both standard cells and macros together.
**WARN: (IMPTCM-77):	Option "-savePlacement" for command getPlanDesignMode is obsolete and will be removed in a future release. The obsolete option still works in this release but to avoid this warning and to ensure compatibility with future releases, remove the obsolete option from your script.
**WARN: (IMPAFP-9024):	This command is hidden and will be obsolete in the next major release. For module placement, use proto_design instead. For macro placement, use place_design -concurrent_macros to place both standard cells and macros together.
**WARN: (IMPTCM-77):	Option "-moduleAware" for command getPlanDesignMode is obsolete and will be removed in a future release. The obsolete option still works in this release but to avoid this warning and to ensure compatibility with future releases, remove the obsolete option from your script.
 *** Starting placeMacroHigh flow *** 
***** New seed flow = 1. *****  
Auto Seed: u_core/u_dot
Auto Seed: u_core/u_update
Auto Macro Seed: u_core/u_update/u_acc_sram
Auto Macro Seed: u_core/u_update/u_v_sram
Auto Macro Seed: u_core/u_update
Auto Macro Seed: u_core/u_dot/u_k_sram
Auto Macro Seed: u_core/u_dot/u_q_sram
Ignore PD Guides: numIgnoredGuide = 0 
INFO: #ExclusiveGroups=0
INFO: There are no Exclusive Groups.
Extracting standard cell pins and blockage ...... 
Pin and blockage extraction finished
Extracting macro/IO cell pins and blockage ...... 
Pin and blockage extraction finished
*** Starting "NanoPlace(TM) placement v#12 (mem=2961.6M)" ...
Estimated loop count for BSM: 43615
*** Build Buffered Sizing Timing Model
(cpu=0:00:01.3 mem=2979.2M) ***
*** Build Virtual Sizing Timing Model
(cpu=0:00:01.5 mem=2993.6M) ***
No user-set net weight.
Net fanout histogram:
2		: 233082 (65.6%) nets
3		: 56760 (16.0%) nets
4     -	14	: 62711 (17.6%) nets
15    -	39	: 2016 (0.6%) nets
40    -	79	: 488 (0.1%) nets
80    -	159	: 334 (0.1%) nets
160   -	319	: 12 (0.0%) nets
320   -	639	: 3 (0.0%) nets
640   -	1279	: 17 (0.0%) nets
1280  -	2559	: 2 (0.0%) nets
2560  -	5119	: 1 (0.0%) nets
5120+		: 1 (0.0%) nets
#std cell=352491 (0 fixed + 352491 movable) #buf cell=0 #inv cell=52308 #block=38 (38 floating + 0 preplaced)
#ioInst=0 #net=355427 #term=1065870 #term/net=3.00, #fixedIo=0, #floatIo=0, #fixedPin=0, #floatPin=525
stdCell: 352399 single + 0 double + 92 multi
Total standard cell length = 877.0613 (mm), area = 2.9961 (mm^2)
Average module density = 0.695.
Density for the design = 0.695.
       = (stdcell_area 1874407 sites (2996052 um^2) + block_area 3614895 sites (5778047 um^2)) / alloc_area 7896928 sites (12622450 um^2).
Pin Density = 0.1350.
            = total # of pins 1065870 / total area 7896928.
Fence Initialization: numPrefixFence = 0,  numAutoFence = 0, numPrefixGuide = 0  numAutoGuide = 0 numNoCon = 0 
Enabling multi-CPU acceleration with 8 CPU(s) for placement
=== lastAutoLevel = 11 
[spp] 0
Iteration  1: Total net bbox = 3.558e+06 (9.92e+05 2.57e+06)
              Est.  stn bbox = 3.711e+06 (1.04e+06 2.67e+06)
              cpu = 0:00:05.0 real = 0:00:02.0 mem = 3607.8M
User specified -module_cluster_mode =  0 

Iteration  2: Total net bbox = 3.558e+06 (9.93e+05 2.57e+06)
              Est.  stn bbox = 3.712e+06 (1.04e+06 2.67e+06)
              cpu = 0:00:00.2 real = 0:00:01.0 mem = 3748.5M
Iteration  3: Total net bbox = 4.521e+06 (1.55e+06 2.97e+06)
              Est.  stn bbox = 4.792e+06 (1.65e+06 3.14e+06)
              cpu = 0:00:00.8 real = 0:00:00.0 mem = 4310.0M


Iteration  4: Total net bbox = 7.820e+06 (2.50e+06 5.32e+06)
              Est.  stn bbox = 9.181e+06 (2.99e+06 6.19e+06)
              cpu = 0:01:01 real = 0:00:09.0 mem = 4394.1M


Iteration  5: Total net bbox = 1.095e+07 (5.57e+06 5.38e+06)
              Est.  stn bbox = 1.261e+07 (6.40e+06 6.21e+06)
              cpu = 0:00:44.1 real = 0:00:07.0 mem = 4394.4M


Iteration  6: Total net bbox = 1.235e+07 (6.48e+06 5.87e+06)
              Est.  stn bbox = 1.408e+07 (7.37e+06 6.71e+06)
              cpu = 0:02:49 real = 0:00:55.0 mem = 4007.4M
Iteration  7: Total net bbox = 1.209e+07 (6.92e+06 5.17e+06)
              Est.  stn bbox = 1.412e+07 (8.14e+06 5.97e+06)
              cpu = 0:01:48 real = 0:00:18.0 mem = 4815.4M
Iteration  8: Total net bbox = 1.209e+07 (6.92e+06 5.17e+06)
              Est.  stn bbox = 1.412e+07 (8.14e+06 5.97e+06)
              cpu = 0:00:47.6 real = 0:00:29.0 mem = 3785.2M
Iteration  9: Total net bbox = 1.249e+07 (7.15e+06 5.34e+06)
              Est.  stn bbox = 1.485e+07 (8.59e+06 6.26e+06)
              cpu = 0:01:57 real = 0:00:20.0 mem = 4485.6M
 RelinkConst: Total constraint = 2, Relinked 2 constraints . 
User specified -fenceSpacing =  -1.0000 
User specified fence spacing: -1.0000 um
===== HInst FP constraint u_core/u_update HInst utilization 1.000001, conUtil 0.737739 
===== HInst FP constraint u_core/u_dot HInst utilization 1.000002, conUtil 0.737739 
*** The nonConstraint instance area ratio is 0.695061 
*** The prefixed-fenceArea/coreBoxArea is 0.000000, The auto-ConstraintArea/coreBoxArea is 0.860824 
*** Total utilization of core box is 1.555885 
Start Auto fence creation, hasNoConInst = 1  .

================== Start Auto-Fence Creation ==================
User define fence spacing: -1.0000 um
Number of Movable Guide      : 0
Number of Movable Region     : 0
Number of Movable Fence      : 0
Number of Movable Soft Guide : 0
Total Movable Objects        : 0 (non-group: 0, group: 0)
Total Prefixed Objects       : 0
Total Partition Cut Objects  : 0



Number of Nested Objects    : 0
Number of Non-Nested Objects: 0
Number of Nested Sets       : 0
Number of Master&Clone Pairs: 0

Fence Spacing: 2.0000 um
Snap Spacing: X(0.4800 um), Y(3.3300 um)
Fence2Core Spaceing: 0.0000 um

==== Design Information ====
Core site: (0, 0) - (3556135, 3549780)
Design Whitespace: 100.00%
Maximum Logical Level: 0
Has Non-constraint Instance: 1
Allow Disjoint Whitespace: 0

==To Place Non-Nested Objects==
Targets: 
Number of Total Targets: 0

================== Finished Auto-Fence Creation ===============
*** Done Auto-Fence Creation, (cpu = 0:00:00.0, mem = 4485.7M, mem_delta = 0.1M) ***
End Auto fence creation 1.
New Seed Flow: add u_core/u_dot as hinst seed
New Seed Flow: add u_core/u_dot/u_q_sram as hinst seed
New Seed Flow: add u_core/u_dot/u_k_sram as hinst seed
New Seed Flow: add u_core/u_update as hinst seed
New Seed Flow: add u_core/u_update/u_v_sram as hinst seed
New Seed Flow: add u_core/u_update/u_acc_sram as hinst seed
MacroPlacer: Options: -pathConnWeight 1.000000 -bp 6 
MacroPlacer: Reading Data for Block Placer
MacroPlacer: total number of seeds contain macros: 5
MacroPlacer: total number of seeds:                6
MacroPlacer: total number of macros:               38
MacroPlacer: total number of clusters:             7
MacroPlacer: total number of std::ios:                  551
MacroPlacer: total number of nets:                 6367
MacroPlacer: total number of keepouts:             0
MacroPlacer: total number of fences:               0
MacroPlacer: total number of fixed macros:         0
MacroPlacer:           5875 2-pins nets
MacroPlacer:              7 3-pins nets
MacroPlacer:             32 4-pins nets
MacroPlacer:            412 5-pins nets
MacroPlacer: Merging nets.
MacroPlacer: total number of merged nets: 128
-maxRouteLayer is specified which turned on auto macro spacing estimation.
Macro spacing is determined by auto spacing estimation, ..., see documentation for details.
MacroPlacer: Finished data reading for Block Placer
... in Multi-Level Module Mode...
Start generating contour.
Completed data preparation.

================== Start to Place This Module ===============

==== Design Information ====
Core site: (0, 0) - (3556135, 3549780)
Num of Blocks 38 (M: 38, F: 0, O: 0)
 Generating virtual wall for each modules
...
Calling Macro Packer
...
	 Packing whole design.

== Macro Placement Stage 0 (7)==

---Succeed on placing blocks!
*** Done Macro Placing, (cpu = 0:00:00.0, mem = 4489.0M, mem_delta = 0.2M) ***
Num of placed blocks:   38 / 38
Num of unplaced blocks: 0

================== Done Placing This Module ===============
Placing Macro with -bp mode 6.
*** Done refineMacro, (cpu = 0:00:01.1, mem = 4489.0M, mem_delta = 3.2M) ***
$$$$ RefineAll 38  macros
Iteration 10: Total net bbox = 2.402e+07 (1.49e+07 9.10e+06)
              Est.  stn bbox = 2.646e+07 (1.64e+07 1.01e+07)
              cpu = 0:07:25 real = 0:02:04 mem = 4489.1M
*** cost = 2.402e+07 (1.49e+07 9.10e+06) (cpu for global=0:07:25) real=495338:53:02***
Placement multithread real runtime: 495338:53:02 with 8 threads.
Solver runtime cpu: 0:05:18 real: 0:00:46.2
Core Placement runtime cpu: 0:05:44 real: 0:01:02
*** Free Virtual Timing Model ...(mem=4489.8M)
      flow.cputime  flow.realtime  timing.setup.tns  timing.setup.wns  snapshot
UM:*                                                                   final
      flow.cputime  flow.realtime  timing.setup.tns  timing.setup.wns  snapshot
UM:*                                                                   global_place
*** Finishing placeMacroHigh flow ***
***** runMacroHigh mode(initial) =   0 
checkFence: found no fence violation.
Checking routing tracks.....
Checking other grids.....
Checking FINFET Grid is on Manufacture Grid.....
Checking core/die box is on Grid.....
**WARN: (IMPFP-7235):	DIE's corner: (3556.1350000000 , 3549.7800000000) is NOT on PlacementGrid,  Please use command get_db to check current Grid settings, use command set_db to change which grid to snap to. And use command get_db floorplan_*_grid to get grids' offset and pitch. Command create_floorplan can be used to fix this issue.
**WARN: (IMPFP-7237):	CORE's corner: (3556.1350000000 , 3549.7800000000) is NOT on PlacementGrid,  Please use command get_db to check current Grid settings, use command set_db to change which grid to snap to. And use command get_db floorplan_*_grid to get grids' offset and pitch. Command create_floorplan can be used to fix this issue.
Checking snap rule ......
Checking Row is on grid......
Checking AreaIO row.....
Checking row out of die ...
Checking row across power domain ...
Checking routing blockage.....
Checking placement blockage.....
placeBlkGrid grid_type = 1 
Checking components.....
**WARN: (IMPFP-10013):	Halo should be created around block u_core/u_dot/u_q_sram/g_bank[0].u_bank/u_mem and snapping rules are not checked since it's width is not multiple of default tech site's width.
**WARN: (IMPFP-10013):	Halo should be created around block u_core/u_dot/u_q_sram/g_bank[0].u_bank/u_mem and snapping rules are not checked since it's height is not multiple of default tech site's height.
**WARN: (IMPFP-10013):	Halo should be created around block u_core/u_dot/u_q_sram/g_bank[1].u_bank/u_mem and snapping rules are not checked since it's width is not multiple of default tech site's width.
**WARN: (IMPFP-10013):	Halo should be created around block u_core/u_dot/u_q_sram/g_bank[1].u_bank/u_mem and snapping rules are not checked since it's height is not multiple of default tech site's height.
**WARN: (IMPFP-10013):	Halo should be created around block u_core/u_dot/u_q_sram/g_bank[2].u_bank/u_mem and snapping rules are not checked since it's width is not multiple of default tech site's width.
**WARN: (IMPFP-10013):	Halo should be created around block u_core/u_dot/u_q_sram/g_bank[2].u_bank/u_mem and snapping rules are not checked since it's height is not multiple of default tech site's height.
**WARN: (IMPFP-10013):	Halo should be created around block u_core/u_dot/u_q_sram/g_bank[3].u_bank/u_mem and snapping rules are not checked since it's width is not multiple of default tech site's width.
**WARN: (IMPFP-10013):	Halo should be created around block u_core/u_dot/u_q_sram/g_bank[3].u_bank/u_mem and snapping rules are not checked since it's height is not multiple of default tech site's height.
**WARN: (IMPFP-10013):	Halo should be created around block u_core/u_dot/u_q_sram/g_bank[4].u_bank/u_mem and snapping rules are not checked since it's width is not multiple of default tech site's width.
**WARN: (IMPFP-10013):	Halo should be created around block u_core/u_dot/u_q_sram/g_bank[4].u_bank/u_mem and snapping rules are not checked since it's height is not multiple of default tech site's height.
**WARN: (IMPFP-10013):	Halo should be created around block u_core/u_dot/u_q_sram/g_bank[5].u_bank/u_mem and snapping rules are not checked since it's width is not multiple of default tech site's width.
**WARN: (IMPFP-10013):	Halo should be created around block u_core/u_dot/u_q_sram/g_bank[5].u_bank/u_mem and snapping rules are not checked since it's height is not multiple of default tech site's height.
**WARN: (IMPFP-10013):	Halo should be created around block u_core/u_dot/u_q_sram/g_bank[6].u_bank/u_mem and snapping rules are not checked since it's width is not multiple of default tech site's width.
**WARN: (IMPFP-10013):	Halo should be created around block u_core/u_dot/u_q_sram/g_bank[6].u_bank/u_mem and snapping rules are not checked since it's height is not multiple of default tech site's height.
**WARN: (IMPFP-10013):	Halo should be created around block u_core/u_dot/u_q_sram/g_bank[7].u_bank/u_mem and snapping rules are not checked since it's width is not multiple of default tech site's width.
**WARN: (IMPFP-10013):	Halo should be created around block u_core/u_dot/u_q_sram/g_bank[7].u_bank/u_mem and snapping rules are not checked since it's height is not multiple of default tech site's height.
**WARN: (IMPFP-10013):	Halo should be created around block u_core/u_dot/u_k_sram/g_bank[0].u_bank/u_mem and snapping rules are not checked since it's width is not multiple of default tech site's width.
**WARN: (IMPFP-10013):	Halo should be created around block u_core/u_dot/u_k_sram/g_bank[0].u_bank/u_mem and snapping rules are not checked since it's height is not multiple of default tech site's height.
**WARN: (IMPFP-10013):	Halo should be created around block u_core/u_dot/u_k_sram/g_bank[1].u_bank/u_mem and snapping rules are not checked since it's width is not multiple of default tech site's width.
**WARN: (IMPFP-10013):	Halo should be created around block u_core/u_dot/u_k_sram/g_bank[1].u_bank/u_mem and snapping rules are not checked since it's height is not multiple of default tech site's height.
**WARN: (EMS-27):	Message (IMPFP-10013) has exceeded the current message display limit of 20.
To increase the message display limit, refer to the product command reference manual.
Checking IO Pads out of die...
Checking constraints (guide/region/fence).....

Checking Preroutes.....
No. of regular pre-routes not on tracks : 0 

Reporting Utilizations.....

Core utilization  = 69.465193
Effective Utilizations
Average macro density = 0.000.
Average module density = 0.441.
Pure std cell Density 0.441142
 Density for the design = 0.441.
       = stdcell_area 1874407 sites (2996052 um^2) / alloc_area 4248991 sites (6791587 um^2).
Pin Density = 0.1352.
            = total # of pins 1068003 / total area 7896928.

*** Summary of all messages that are not suppressed in this session:
Severity  ID               Count  Summary                                  
WARNING   IMPFP-7237           1  CORE's corner: %s is NOT on %s,  Please ...
WARNING   IMPFP-7235           1  DIE's corner: %s is NOT on %s,  Please u...
WARNING   IMPFP-10013         76  Halo should be created around block %s a...
WARNING   IMPAFP-9024          3  This command is hidden and will be obsol...
WARNING   IMPTCM-77            3  Option "%s" for command %s is obsolete a...
*** Message Summary: 84 warning(s), 0 error(s)

Starting IO pin assignment...
The design is not placed. Using create_floorplan based method for pin assignment.
**WARN: (IMPPTN-1754):	100.00% of possible pin-positions on layer [3] on the bottom side of partition [fa_top] from (2723.76, 0.00) to (3006.96, 0.00) are blocked due to an instance [u_core/u_dot/u_q_sram/g_bank[0].u_bank/u_mem] at [0.72] microns from partition boundary. This may affect the quality of pin assignment. Use set_db assign_pins_restricted_boundary_macro_distance and set_db assign_pins_blocked_boundary_macro_distance with smaller distance to remove influence of this modes in pin assignment.
**WARN: (IMPPTN-1754):	100.00% of possible pin-positions on layer [2] on the right side of partition [fa_top] from (3556.14, 11.29) to (3556.14, 294.33) are blocked due to an instance [u_core/u_dot/u_q_sram/g_bank[3].u_bank/u_mem] at [0.48] microns from partition boundary. This may affect the quality of pin assignment. Use set_db assign_pins_restricted_boundary_macro_distance and set_db assign_pins_blocked_boundary_macro_distance with smaller distance to remove influence of this modes in pin assignment.
**WARN: (IMPPTN-1754):	100.00% of possible pin-positions on layer [2] on the right side of partition [fa_top] from (3556.14, 310.99) to (3556.14, 594.03) are blocked due to an instance [u_core/u_dot/u_q_sram/g_bank[4].u_bank/u_mem] at [0.48] microns from partition boundary. This may affect the quality of pin assignment. Use set_db assign_pins_restricted_boundary_macro_distance and set_db assign_pins_blocked_boundary_macro_distance with smaller distance to remove influence of this modes in pin assignment.
**WARN: (IMPPTN-1754):	100.00% of possible pin-positions on layer [2] on the right side of partition [fa_top] from (3556.14, 610.69) to (3556.14, 893.74) are blocked due to an instance [u_core/u_dot/u_q_sram/g_bank[5].u_bank/u_mem] at [0.48] microns from partition boundary. This may affect the quality of pin assignment. Use set_db assign_pins_restricted_boundary_macro_distance and set_db assign_pins_blocked_boundary_macro_distance with smaller distance to remove influence of this modes in pin assignment.
**WARN: (IMPPTN-1754):	100.00% of possible pin-positions on layer [2] on the right side of partition [fa_top] from (3556.14, 910.38) to (3556.14, 1193.43) are blocked due to an instance [u_core/u_dot/u_q_sram/g_bank[6].u_bank/u_mem] at [0.48] microns from partition boundary. This may affect the quality of pin assignment. Use set_db assign_pins_restricted_boundary_macro_distance and set_db assign_pins_blocked_boundary_macro_distance with smaller distance to remove influence of this modes in pin assignment.
**WARN: (IMPPTN-1754):	100.00% of possible pin-positions on layer [2] on the right side of partition [fa_top] from (3556.14, 1210.09) to (3556.14, 1493.13) are blocked due to an instance [u_core/u_dot/u_q_sram/g_bank[7].u_bank/u_mem] at [0.48] microns from partition boundary. This may affect the quality of pin assignment. Use set_db assign_pins_restricted_boundary_macro_distance and set_db assign_pins_blocked_boundary_macro_distance with smaller distance to remove influence of this modes in pin assignment.
**WARN: (IMPPTN-1754):	89.94% of possible pin-positions on layer [2] on the left side of partition [fa_top] from (0.00, 1936.77) to (0.00, 2473.64) are blocked due to an instance [u_core/u_dot/u_k_sram/g_bank[0].u_bank/u_mem] at [5.28] microns from partition boundary. This may affect the quality of pin assignment. Use set_db assign_pins_restricted_boundary_macro_distance and set_db assign_pins_blocked_boundary_macro_distance with smaller distance to remove influence of this modes in pin assignment.
**WARN: (IMPPTN-1754):	89.90% of possible pin-positions on layer [4] on the left side of partition [fa_top] from (0.00, 1936.93) to (0.00, 2473.74) are blocked due to an instance [u_core/u_dot/u_k_sram/g_bank[0].u_bank/u_mem] at [5.28] microns from partition boundary. This may affect the quality of pin assignment. Use set_db assign_pins_restricted_boundary_macro_distance and set_db assign_pins_blocked_boundary_macro_distance with smaller distance to remove influence of this modes in pin assignment.
**WARN: (IMPPTN-1754):	89.94% of possible pin-positions on layer [2] on the left side of partition [fa_top] from (0.00, 2474.74) to (0.00, 3011.24) are blocked due to an instance [u_core/u_dot/u_k_sram/g_bank[1].u_bank/u_mem] at [5.28] microns from partition boundary. This may affect the quality of pin assignment. Use set_db assign_pins_restricted_boundary_macro_distance and set_db assign_pins_blocked_boundary_macro_distance with smaller distance to remove influence of this modes in pin assignment.
**WARN: (IMPPTN-1754):	90.00% of possible pin-positions on layer [4] on the left side of partition [fa_top] from (0.00, 2474.95) to (0.00, 3011.14) are blocked due to an instance [u_core/u_dot/u_k_sram/g_bank[1].u_bank/u_mem] at [5.28] microns from partition boundary. This may affect the quality of pin assignment. Use set_db assign_pins_restricted_boundary_macro_distance and set_db assign_pins_blocked_boundary_macro_distance with smaller distance to remove influence of this modes in pin assignment.
**WARN: (IMPPTN-1754):	100.00% of possible pin-positions on layer [3] on the top side of partition [fa_top] from (5.52, 3549.78) to (288.24, 3549.78) are blocked due to an instance [u_core/u_dot/u_k_sram/g_bank[2].u_bank/u_mem] at [0.48] microns from partition boundary. This may affect the quality of pin assignment. Use set_db assign_pins_restricted_boundary_macro_distance and set_db assign_pins_blocked_boundary_macro_distance with smaller distance to remove influence of this modes in pin assignment.
**WARN: (IMPPTN-1754):	90.01% of possible pin-positions on layer [2] on the left side of partition [fa_top] from (0.00, 3012.72) to (0.00, 3549.22) are blocked due to an instance [u_core/u_dot/u_k_sram/g_bank[2].u_bank/u_mem] at [5.28] microns from partition boundary. This may affect the quality of pin assignment. Use set_db assign_pins_restricted_boundary_macro_distance and set_db assign_pins_blocked_boundary_macro_distance with smaller distance to remove influence of this modes in pin assignment.
**WARN: (IMPPTN-1754):	90.01% of possible pin-positions on layer [4] on the left side of partition [fa_top] from (0.00, 3012.37) to (0.00, 3549.16) are blocked due to an instance [u_core/u_dot/u_k_sram/g_bank[2].u_bank/u_mem] at [5.28] microns from partition boundary. This may affect the quality of pin assignment. Use set_db assign_pins_restricted_boundary_macro_distance and set_db assign_pins_blocked_boundary_macro_distance with smaller distance to remove influence of this modes in pin assignment.
**WARN: (IMPPTN-1754):	100.00% of possible pin-positions on layer [2] on the left side of partition [fa_top] from (0.00, 11.29) to (0.00, 294.33) are blocked due to an instance [u_core/u_update/u_v_sram/g_bank[0].u_bank_p0/u_mem] at [0.72] microns from partition boundary. This may affect the quality of pin assignment. Use set_db assign_pins_restricted_boundary_macro_distance and set_db assign_pins_blocked_boundary_macro_distance with smaller distance to remove influence of this modes in pin assignment.
**WARN: (IMPPTN-1754):	100.00% of possible pin-positions on layer [2] on the left side of partition [fa_top] from (0.00, 310.99) to (0.00, 594.03) are blocked due to an instance [u_core/u_update/u_v_sram/g_bank[0].u_bank_p1/u_mem] at [0.72] microns from partition boundary. This may affect the quality of pin assignment. Use set_db assign_pins_restricted_boundary_macro_distance and set_db assign_pins_blocked_boundary_macro_distance with smaller distance to remove influence of this modes in pin assignment.
**WARN: (IMPPTN-1754):	90.00% of possible pin-positions on layer [3] on the top side of partition [fa_top] from (1158.96, 3549.78) to (1696.08, 3549.78) are blocked due to an instance [u_core/u_update/u_acc_sram/g_bank[2].u_bank/u_mem] at [5.28] microns from partition boundary. This may affect the quality of pin assignment. Use set_db assign_pins_restricted_boundary_macro_distance and set_db assign_pins_blocked_boundary_macro_distance with smaller distance to remove influence of this modes in pin assignment.
**WARN: (IMPPTN-1754):	89.95% of possible pin-positions on layer [5] on the top side of partition [fa_top] from (1159.44, 3549.78) to (1695.84, 3549.78) are blocked due to an instance [u_core/u_update/u_acc_sram/g_bank[2].u_bank/u_mem] at [5.28] microns from partition boundary. This may affect the quality of pin assignment. Use set_db assign_pins_restricted_boundary_macro_distance and set_db assign_pins_blocked_boundary_macro_distance with smaller distance to remove influence of this modes in pin assignment.
**WARN: (IMPPTN-1754):	89.99% of possible pin-positions on layer [3] on the top side of partition [fa_top] from (1758.48, 3549.78) to (2295.12, 3549.78) are blocked due to an instance [u_core/u_update/u_acc_sram/g_bank[5].u_bank/u_mem] at [5.28] microns from partition boundary. This may affect the quality of pin assignment. Use set_db assign_pins_restricted_boundary_macro_distance and set_db assign_pins_blocked_boundary_macro_distance with smaller distance to remove influence of this modes in pin assignment.
**WARN: (IMPPTN-1754):	89.96% of possible pin-positions on layer [5] on the top side of partition [fa_top] from (1758.48, 3549.78) to (2295.60, 3549.78) are blocked due to an instance [u_core/u_update/u_acc_sram/g_bank[5].u_bank/u_mem] at [5.28] microns from partition boundary. This may affect the quality of pin assignment. Use set_db assign_pins_restricted_boundary_macro_distance and set_db assign_pins_blocked_boundary_macro_distance with smaller distance to remove influence of this modes in pin assignment.
**WARN: (IMPPTN-1754):	89.99% of possible pin-positions on layer [3] on the top side of partition [fa_top] from (2358.00, 3549.78) to (2894.64, 3549.78) are blocked due to an instance [u_core/u_update/u_acc_sram/g_bank[8].u_bank/u_mem] at [5.28] microns from partition boundary. This may affect the quality of pin assignment. Use set_db assign_pins_restricted_boundary_macro_distance and set_db assign_pins_blocked_boundary_macro_distance with smaller distance to remove influence of this modes in pin assignment.
**WARN: (EMS-27):	Message (IMPPTN-1754) has exceeded the current message display limit of 20.
To increase the message display limit, refer to the product command reference manual.
Completed IO pin assignment.
There are 0 path_groups defined before optimization.
save_interface_files ...
%# Begin ::rcp_cui::save_interface_files (07/05 10:53:08, mem=3603.07M)
Writing Reduced outputs for Spatial High Effort
Info: Syncronize Metrics ...
UM: Running design category ...
      flow.cputime  flow.realtime  timing.setup.tns  timing.setup.wns  snapshot
UM:           9.98             10                                      invs2genus
rcp_cui::save_interface_file:  flow == 'fplan'
rcp_cui::save_interface_file:  fe_view_list == 'default_emulate_view'
rcp_cui::save_interface_file:  wnm_flow == '0'
rcp_cui::save_interface_file:  shep_write_congestion == '0'
rcp_cui::save_interface_file:  x2def_mode == '0'
rcp_cui::save_interface_file:  iprefix == 'genus2invs'
rcp_cui::save_interface_file:  idir == './genus2invs__2646528_c0db12f1-65d0-49e8-880e-4f9c383f8545fa_top'
rcp_cui::save_interface_file:  design == 'design:fa_top'
rcp_cui::save_interface_file:  congestion_include_blockage == '0'
rcp_cui::save_interface_file:  chk_fp == '0'
rcp_cui::save_interface_file:  shep_save_only_db == '0'
rcp_cui::save_interface_file:  fe_colorized == '1'
rcp_cui::save_interface_file:  ndr_only == '1'
rcp_cui::save_interface_file:  innovus_constraint_interface == 'mmmc2'
rcp_cui::save_interface_file:  tim_mode == ''
rcp_cui::save_interface_file:  do_fp == '1'
rcp_cui::save_interface_file:  des_str == 'fa_top'
rcp_cui::save_interface_file:  spatial == '1'
rcp_cui::save_interface_file:  congestion_3d == '0'
rcp_cui::save_interface_file:  cts_effort == ''
rcp_cui::save_interface_file:  fe_use_um == '1'
rcp_cui::save_interface_file:  odir == './genus2invs__2646528_c0db12f1-65d0-49e8-880e-4f9c383f8545fa_top'
rcp_cui::save_interface_file:  2d_compression == '0'
rcp_cui::save_interface_file:  do_fe_pd == '0'
rcp_cui::save_interface_file:  fp_mode == '1'
rcp_cui::save_interface_file:  incr_plc == '0'
rcp_cui::save_interface_file:  eco_mode == '0'
rcp_cui::save_interface_file:  cts_clk == ''
rcp_cui::save_interface_file:  oprefix == 'invs2genus'
rcp_cui::save_interface_file:  no_mmmc == '0'
rcp_cui::save_interface_file:  genus_constraint_interface == 'smsc'
rcp_cui::save_interface_file:  no_update == '0'
rcp_cui::save_interface_file:  do_sdp == '0'
rcp_cui::save_interface_file:  invs_ld_pd == '1'
rcp_cui::save_interface_file:  no_msv == '1'
rcp_cui::save_interface_file:  no_spef == '0'
rcp_cui::save_interface_file:  place_effort == ''
rcp_cui::save_interface_file:  tdrc_valid == '0'
rcp_cui::save_interface_file:  save_fe_db == '0'
rcp_cui::save_interface_file:  ispatial == '0'
rcp_cui::save_interface_file:  opt_effort == 'none'
rcp_cui::save_interface_file:  fe_consistency_check == '0'
rcp_cui::save_interface_file:  no_scan == '1'
rcp_cui::save_interface_file:  mem_mode == '0'
rcp_cui::save_interface_file:  del_corner == ''
rcp_cui::save_interface_file:  write_pin_properties == '0'
rcp_cui::save_interface_file:  qos_mode == '0'
rcp_cui::save_interface_file:  hdl_name_flow == '0'
rcp_cui::save_interface_file:  fe_wnm_file == ''
rcp_cui::save_interface_file:  fe_mcmd == './genus2invs__2646528_c0db12f1-65d0-49e8-880e-4f9c383f8545fa_top/invs2genus.cmdWarn'
rcp_cui::save_interface_file:  fe_pwr == ''
rcp_cui::save_interface_file:  fe_1801 == ''
rcp_cui::save_interface_file:  fe_flag == './genus2invs__2646528_c0db12f1-65d0-49e8-880e-4f9c383f8545fa_top/.invs2genus.encDone'
rcp_cui::save_interface_file:  fe_xdata == './genus2invs__2646528_c0db12f1-65d0-49e8-880e-4f9c383f8545fa_top/invs2genus.xdata'
rcp_cui::save_interface_file:  fe_fcmd == './genus2invs__2646528_c0db12f1-65d0-49e8-880e-4f9c383f8545fa_top/invs2genus.cmdFail'
rcp_cui::save_interface_file:  fe_sdef == './genus2invs__2646528_c0db12f1-65d0-49e8-880e-4f9c383f8545fa_top/invs2genus.scan.def'
rcp_cui::save_interface_file:  fe_load_stat == './genus2invs__2646528_c0db12f1-65d0-49e8-880e-4f9c383f8545fa_top/invs2genus_load.stat'
rcp_cui::save_interface_file:  fe_def_lnk == './genus2invs__2646528_c0db12f1-65d0-49e8-880e-4f9c383f8545fa_top/invs2genus.def.gz'
rcp_cui::save_interface_file:  fe_ndr == './genus2invs__2646528_c0db12f1-65d0-49e8-880e-4f9c383f8545fa_top/invs2genus.ndr.tcl'
rcp_cui::save_interface_file:  fe_pd == ''
rcp_cui::save_interface_file:  fe_globals == './genus2invs__2646528_c0db12f1-65d0-49e8-880e-4f9c383f8545fa_top/invs2genus.globals'
rcp_cui::save_interface_file:  fe_tcf == ''
rcp_cui::save_interface_file:  fe_rc == './genus2invs__2646528_c0db12f1-65d0-49e8-880e-4f9c383f8545fa_top/invs2genus_final.avgRC'
rcp_cui::save_interface_file:  fe_load_rpt == './genus2invs__2646528_c0db12f1-65d0-49e8-880e-4f9c383f8545fa_top/invs2genus_load'
rcp_cui::save_interface_file:  fe_db == './genus2invs__2646528_c0db12f1-65d0-49e8-880e-4f9c383f8545fa_top/invs2genus_db'
rcp_cui::save_interface_file:  fe_subdesign_taf == './genus2invs__2646528_c0db12f1-65d0-49e8-880e-4f9c383f8545fa_top/invs2genus.subdesign_attributes.taf.gz'
rcp_cui::save_interface_file:  fe_rpt == './genus2invs__2646528_c0db12f1-65d0-49e8-880e-4f9c383f8545fa_top/invs2genus_final'
rcp_cui::save_interface_file:  fe_metrics == './genus2invs__2646528_c0db12f1-65d0-49e8-880e-4f9c383f8545fa_top/invs2genus.metrics.json'
rcp_cui::save_interface_file:  fe_sdp == ''
rcp_cui::save_interface_file:  fe_def == './genus2invs__2646528_c0db12f1-65d0-49e8-880e-4f9c383f8545fa_top/invs2genus.def.gz'
rcp_cui::save_interface_file:  fe_vflag == './genus2invs__2646528_c0db12f1-65d0-49e8-880e-4f9c383f8545fa_top/.invs2genus.encVerFail'
rcp_cui::save_interface_file:  fe_inst_taf == './genus2invs__2646528_c0db12f1-65d0-49e8-880e-4f9c383f8545fa_top/invs2genus.inst_attributes.taf.gz'
rcp_cui::save_interface_file:  fe_con == './genus2invs__2646528_c0db12f1-65d0-49e8-880e-4f9c383f8545fa_top/invs2genus.sdc'
rcp_cui::save_interface_file:  fe_cpf == ''
rcp_cui::save_interface_file:  fe_mmmc == './genus2invs__2646528_c0db12f1-65d0-49e8-880e-4f9c383f8545fa_top/invs2genus.mmmc.tcl'
rcp_cui::save_interface_file:  fe_gridinfo == './genus2invs__2646528_c0db12f1-65d0-49e8-880e-4f9c383f8545fa_top/invs2genus.gridinfo'
rcp_cui::save_interface_file:  fe_log == './genus2invs__2646528_c0db12f1-65d0-49e8-880e-4f9c383f8545fa_top/innovus'
rcp_cui::save_interface_file:  fe_cts == './genus2invs__2646528_c0db12f1-65d0-49e8-880e-4f9c383f8545fa_top/invs2genus.ctstch'
rcp_cui::save_interface_file:  fe_nl == './genus2invs__2646528_c0db12f1-65d0-49e8-880e-4f9c383f8545fa_top/invs2genus.v.gz'
rcp_cui::save_interface_file:  fe_reportwire == './genus2invs__2646528_c0db12f1-65d0-49e8-880e-4f9c383f8545fa_top/invs2genus.reportwire.txt'
rcp_cui::save_interface_file:  fe_svr == './genus2invs__2646528_c0db12f1-65d0-49e8-880e-4f9c383f8545fa_top/invs2genus.svr.tcl'
rcp_cui::save_interface_file:  fe_lec == './genus2invs__2646528_c0db12f1-65d0-49e8-880e-4f9c383f8545fa_top/invs2genus.lec.taf.gz'
rcp_cui::save_interface_file:  fe_stat == './genus2invs__2646528_c0db12f1-65d0-49e8-880e-4f9c383f8545fa_top/invs2genus_final.stat'
rcp_cui::save_interface_file:  fe_basename == './genus2invs__2646528_c0db12f1-65d0-49e8-880e-4f9c383f8545fa_top/invs2genus'
rcp_cui::save_interface_file:  fe_lflag == './genus2invs__2646528_c0db12f1-65d0-49e8-880e-4f9c383f8545fa_top/.invs2genus.encLicFail'
rcp_cui::save_interface_file:  fe_spef == ''
rcp_cui::save_interface_file:  fe_dotg == './genus2invs__2646528_c0db12f1-65d0-49e8-880e-4f9c383f8545fa_top/invs2genus.g.gz'
rcp_cui::save_interface_file:  fe_ndr_taf == './genus2invs__2646528_c0db12f1-65d0-49e8-880e-4f9c383f8545fa_top/invs2genus.ndr.taf.gz'
rcp_cui::save_interface_file:  fe_final_db == ''
rcp_cui::save_interface_file:  fe_route_cmap == ''
rcp_cui::save_interface_file:  fe_aae == './genus2invs__2646528_c0db12f1-65d0-49e8-880e-4f9c383f8545fa_top/invs2genus.aae_globals.tcl'
STATS: Capture
Writing DEF file './genus2invs__2646528_c0db12f1-65d0-49e8-880e-4f9c383f8545fa_top/invs2genus.def.gz', current time is Sun Jul  5 10:53:14 2026 ...
unitPerMicron=1000, dbgMicronPerDBU=0.001000, unitPerDBU=1.000000
DEF file './genus2invs__2646528_c0db12f1-65d0-49e8-880e-4f9c383f8545fa_top/invs2genus.def.gz' is written, current time is Sun Jul  5 10:53:14 2026 ...
      flow.cputime  flow.realtime  timing.setup.tns  timing.setup.wns  snapshot
UM:*                                                                   write_def
Resetting transient modes.
%# Begin ::rcp::wait_for_children (07/05 10:53:15, mem=3635.67M)
Starting parallel execution of queued child processes.
%# End ::rcp::wait_for_children (07/05 10:53:15, total cpu=16:00:00, real=16:00:00, peak res=4824.08M, current mem=3635.69M)

Writing out Metrics file - ./genus2invs__2646528_c0db12f1-65d0-49e8-880e-4f9c383f8545fa_top/invs2genus.metrics.json
      flow.cputime  flow.realtime  timing.setup.tns  timing.setup.wns  snapshot
UM:*                                                                   invs2genus_export
%# Begin rcp::final_db (07/05 10:53:15, mem=3637.50M)
%# End rcp::final_db (07/05 10:53:15, total cpu=16:00:00, real=16:00:00, peak res=4824.08M, current mem=3637.50M)
%# End ::rcp_cui::save_interface_files (07/05 10:53:15, total cpu=16:00:06, real=16:00:07, peak res=4824.08M, current mem=3637.50M)
Writing extraction data from Innovus to ./genus2invs__2646528_c0db12f1-65d0-49e8-880e-4f9c383f8545fa_top/invs2genus.xdata
{107,107}
*** Message Summary: 1551 warning(s), 198020 error(s)


*** Memory Usage v#3 (Current mem = 3638.496M, initial mem = 973.113M) ***
--- Ending "Innovus" (totcpu=0:08:26, real=0:02:58, mem=3638.5M) ---


Finished batch session (command execution time: real mm:ss 03:02).
%# End launch_innovus (07/05 10:53:18, total cpu=16:00:01, real=16:03:03, peak res=5640.50M, current mem=2845.22M)
Updating database...
%# Begin phys_update_database (07/05 10:53:18, mem=2845.22M)
%# Begin preload_script (07/05 10:53:18, mem=2845.22M)
%# End preload_script (07/05 10:53:18, total cpu=16:00:00, real=16:00:00, peak res=5640.50M, current mem=2845.22M)
      flow.cputime  flow.realtime  timing.setup.tns  timing.setup.wns  snapshot
UM:*                                                                   preload_script
%# Begin read_metric (07/05 10:53:18, mem=2845.22M)
%# End read_metric (07/05 10:53:18, total cpu=16:00:00, real=16:00:00, peak res=5640.50M, current mem=2845.22M)
      flow.cputime  flow.realtime  timing.setup.tns  timing.setup.wns  snapshot
UM:*                                                                   read_metric
  Resetting attribute of root '/': 'init_state' = uninitialized
Warning : This attribute will be obsolete in a next major release. [TUI-32]
        : attribute: 'enc_statistics', object type: 'design'
Warning : This attribute will be obsolete in a next major release. [TUI-32]
        : attribute: 'enc_version', object type: 'design'
%# Begin read_sdc (07/05 10:53:18, mem=2845.22M)
%# End read_sdc (07/05 10:53:18, total cpu=16:00:00, real=16:00:00, peak res=5640.50M, current mem=2845.22M)
      flow.cputime  flow.realtime  timing.setup.tns  timing.setup.wns  snapshot
UM:*                                                                   read_sdc
%# Begin read_def (07/05 10:53:18, mem=2845.22M)

Reading and processing DEF file './genus2invs__2646528_c0db12f1-65d0-49e8-880e-4f9c383f8545fa_top/invs2genus.def.gz'...
Warning : Enabling message severity downgrade. [TUI-82]
        : Enabling message severity downgrade can result in unexpected tool behavior.
Parsing DEF file...


Done parsing DEF file (wall time: 3s, CPU time: 2170ms).
Processing DEF file...

Creating gcells from DEF (count: 197210)
  Summary report for DEF file './genus2invs__2646528_c0db12f1-65d0-49e8-880e-4f9c383f8545fa_top/invs2genus.def.gz'

    Components
    ----------
        Cover:  0
        Fixed: 38
   Soft Fixed:  0
     Physical:  0
         Bump:  0
       Placed:  0
     Unplaced:  0
        TOTAL: 38 (38 are class macro)
   
          Pins
          ----
        Cover:   0
        Fixed: 551
     Physical:   0
       Placed:   0
     Unplaced:   0
        TOTAL: 551
   
          Nets
          ----
         Read: 0
      Skipped: 0
        TOTAL: 0
   
   SpecialNets
   -----------
         Read: 0
      Skipped: 0
        TOTAL: 0
   
       Fences: 0
       Guides: 0
      Regions: 0

Done processing DEF file (wall time: 0s, CPU time: 183ms).
   
  ========================
  Physical Message Summary
  ========================
   
  38 / 0  I  PHYS-181  Full preserve set on instance.
   
Info : Initializing 2-D Early Global router engine...
Info : Installing 2-D Early Global router...
Info : Early Global router engine is using 8 threads.
Info : 2-D Early Global router initialization complete.
Info : 2-D Early Global router installation complete.
Info : Installing 3-D Early Global router...
Info : 3-D Early Global router installation complete.
Warning : Enabling message severity downgrade. [TUI-82]
        : Enabling message severity downgrade can result in unexpected tool behavior.
Done reading and processing DEF file './genus2invs__2646528_c0db12f1-65d0-49e8-880e-4f9c383f8545fa_top/invs2genus.def.gz' (wall time: 5s, CPU time: 4149ms).

%# End read_def (07/05 10:53:23, total cpu=16:00:05, real=16:00:05, peak res=5640.50M, current mem=3633.36M)
      flow.cputime  flow.realtime  timing.setup.tns  timing.setup.wns  snapshot
UM:*                                                                   read_def
%# End phys_update_database (07/05 10:53:23, total cpu=16:00:05, real=16:00:05, peak res=5640.50M, current mem=3633.36M)
      flow.cputime  flow.realtime  timing.setup.tns  timing.setup.wns  snapshot
UM:*                                                                   phys_update_database




Finished floorplan prediction (command execution time mm:ss (real) = 05:03).

INFO: predict_floorplan succeeded.
INFO: Running physical-aware synthesis stages.

=============================================================================
  Generated by: Cadence Genus(TM) Synthesis Solution 25.12-s067_1
  Generated on: Jul  5 2026 10:53:29
  Module:       fa_top
=============================================================================

=========================
  check_floorplan SUMMARY
=========================
--------------------------------------------------------------------------------------------------------------
        Floorplan Object  |  Status  | #Violations |   #Total    |    ID     |  Violation Reason 
--------------------------------------------------------------------------------------------------------------
Core/Die Box              |   PASS   |          0  |          1  |           |                                                             
ROW Definitions           |   PASS   |          0  |          1  |           |                                                             
ROW Site References       |   PASS   |          0  |       1066  |           |                                                             
Primary Port Placement    |   PASS   |          0  |        551  |           |                                                             
Hard Macro Placement      |   PASS   |          0  |         38  |           |                                                             
Macro Pin Outside Die     |   PASS   |          0  |       8246  |           |                                                             
Sites With No Rows        |   PASS   |          0  |          1  |           |                                                             
--------------------------------------------------------------------------------------------------------------

There is no error or warning detected for the floorplan.

Done checking floorplan - Elapsed time 0s, CPU time: 0.04s

Checking routing resources.

Done checking routing resources.
stamp 'PBS_Generic-Start' being created for table 'pbs_debug'

  Total Time (Wall) |  Stage Time (Wall)  |   % (Wall)   |    Date - Time     |  Memory   | Stage
--------------------+---------------------+--------------+--------------------+-----------+----------------------
 00:03:05(00:06:01) |  00:00:00(00:00:00) |   0.0(  0.0) |   10:53:31 (Jul05) |   2.50 GB | PBS_Generic-Start
--------------------+---------------------+--------------+--------------------+-----------+----------------------
Number of threads: 8 * 2   (id: pbs_debug, time_info v1.57)
Info: (*N*) indicates data that was populated from previously saved time_info database
Info: CPU time includes time of parent + longest thread
Info    : Deleting instances not driving any primary outputs. [GLO-34]
        : Deleting 303 sequential instances.
        : Optimizations such as constant propagation or redundancy removal could change the connections so a hierarchical instance does not drive any primary outputs anymore. To see the list of deleted hierarchical instances, set the 'information_level' attribute to 2 or above. If the message is truncated set the message attribute 'truncate' to false to see the complete list. To prevent this optimization, set the 'delete_unloaded_insts' root/subdesign attribute to 'false' or 'preserve' instance attribute to 'true'.
Info    : Deleting instances not driving any primary outputs. [GLO-34]
        : Deleting 17 hierarchical instances.

Stage: pre_early_cg
-----------------------------------------------
| Transform | Accepts | Rejects | Runtime (s) | 
-----------------------------------------------
-----------------------------------------------
Mapping ChipWare ICG instances in fa_top
Found 0 unmapped ChipWare ICG instances
Mapped 0 of 0 ChipWare ICG instances
##Generic Timing Info: typical gate delay  133.9 ps   std_slew:   16.0 ps   std_load:  4.8 fF  for library domain _default_
Starting mux data reorder optimization [v1.0] (stage: pre_to_gen_setup, startdef: fa_top, recur: true)
Completed mux data reorder optimization (accepts: 0, rejects: 0, runtime: 0.004s)

Stage: pre_to_gen_setup
-----------------------------------------------------
| Transform       | Accepts | Rejects | Runtime (s) | 
-----------------------------------------------------
| hlo_mux_reorder |       0 |       0 |        0.00 | 
-----------------------------------------------------
Running DP early constant propagation (netlist fa_top)...
Running DP early redundancy removal
Completed DP early redundancy removal on fa_top (runtime = 0.8s)
Multi-threaded constant propagation [4|0] ...
Info    : Replacing the synchronous part of an always feeding back flip-flop with a logic constant. [GLO-45]
        : The instance is 'u_page/prefetch_expect_tag_reg_reg[5]'. The constant is '0'.
        : To prevent this optimization, set 'optimize_constant_feedback_seqs' root attribute to 'false'. The instance attribute 'optimize_constant_feedback_seq' controls this optimization. 
Info    : Replacing the synchronous part of an always feeding back flip-flop with a logic constant. [GLO-45]
        : The instance is 'u_page/cmd_tag_reg[5]'. The constant is '0'.
Info    : Replacing the synchronous part of an always feeding back flip-flop with a logic constant. [GLO-45]
        : The instance is 'u_page/cmd_bytes_reg[15]'. The constant is '0'.
Info    : Replacing the synchronous part of an always feeding back flip-flop with a logic constant. [GLO-45]
        : The instance is 'u_page/cmd_bytes_reg[14]'. The constant is '0'.
Info    : Replacing the synchronous part of an always feeding back flip-flop with a logic constant. [GLO-45]
        : The instance is 'u_page/cmd_bytes_reg[13]'. The constant is '0'.
Info    : Replacing the synchronous part of an always feeding back flip-flop with a logic constant. [GLO-45]
        : The instance is 'u_page/cmd_bytes_reg[12]'. The constant is '0'.
Info    : Replacing the synchronous part of an always feeding back flip-flop with a logic constant. [GLO-45]
        : The instance is 'u_page/cmd_bytes_reg[11]'. The constant is '0'.
Info    : Replacing the synchronous part of an always feeding back flip-flop with a logic constant. [GLO-45]
        : The instance is 'u_page/cmd_bytes_reg[10]'. The constant is '1'.
Info    : Replacing the synchronous part of an always feeding back flip-flop with a logic constant. [GLO-45]
        : The instance is 'u_page/cmd_bytes_reg[9]'. The constant is '0'.
Info    : Replacing the synchronous part of an always feeding back flip-flop with a logic constant. [GLO-45]
        : The instance is 'u_page/cmd_bytes_reg[8]'. The constant is '0'.
Info    : Replacing the synchronous part of an always feeding back flip-flop with a logic constant. [GLO-45]
        : The instance is 'u_page/cmd_bytes_reg[7]'. The constant is '0'.
Info    : Replacing the synchronous part of an always feeding back flip-flop with a logic constant. [GLO-45]
        : The instance is 'u_page/cmd_bytes_reg[6]'. The constant is '0'.
Info    : Replacing the synchronous part of an always feeding back flip-flop with a logic constant. [GLO-45]
        : The instance is 'u_page/cmd_bytes_reg[5]'. The constant is '0'.
Info    : Replacing the synchronous part of an always feeding back flip-flop with a logic constant. [GLO-45]
        : The instance is 'u_page/cmd_bytes_reg[4]'. The constant is '0'.
Info    : Replacing the synchronous part of an always feeding back flip-flop with a logic constant. [GLO-45]
        : The instance is 'u_page/expect_tag_reg_reg[5]'. The constant is '0'.
Info    : Replacing a flip-flop with a logic constant 0. [GLO-12]
        : The instance is 'u_page/cmd_bytes_reg[4]'.
        : To prevent this optimization, set the 'optimize_constant_0_flops' root attribute to 'false' or 'optimize_constant_0_seq' instance attribute to 'false'. You can also see the complete list of deleted sequential with command "report sequential -deleted" (on Reason "constant0").
Info    : Replacing a flip-flop with a logic constant 0. [GLO-12]
        : The instance is 'u_page/cmd_bytes_reg[5]'.
Info    : Replacing a flip-flop with a logic constant 0. [GLO-12]
        : The instance is 'u_page/cmd_bytes_reg[6]'.
Info    : Replacing a flip-flop with a logic constant 0. [GLO-12]
        : The instance is 'u_page/cmd_bytes_reg[7]'.
Info    : Replacing a flip-flop with a logic constant 0. [GLO-12]
        : The instance is 'u_page/cmd_bytes_reg[8]'.
Info    : Replacing a flip-flop with a logic constant 0. [GLO-12]
        : The instance is 'u_page/cmd_bytes_reg[9]'.
Info    : Replacing a flip-flop with a logic constant 1. [GLO-13]
        : The instance is 'u_page/cmd_bytes_reg[10]'.
        : To prevent this optimization, set the 'optimize_constant_1_flops' root attribute to 'false' or 'optimize_constant_1_seq' instance attribute to 'false'.
Info    : Replacing a flip-flop with a logic constant 0. [GLO-12]
        : The instance is 'u_page/cmd_bytes_reg[11]'.
Info    : Replacing a flip-flop with a logic constant 0. [GLO-12]
        : The instance is 'u_page/cmd_bytes_reg[12]'.
Info    : Replacing a flip-flop with a logic constant 0. [GLO-12]
        : The instance is 'u_page/cmd_bytes_reg[13]'.
Info    : Replacing a flip-flop with a logic constant 0. [GLO-12]
        : The instance is 'u_page/cmd_bytes_reg[14]'.
Info    : Replacing a flip-flop with a logic constant 0. [GLO-12]
        : The instance is 'u_page/cmd_bytes_reg[15]'.
Info    : Replacing a flip-flop with a logic constant 0. [GLO-12]
        : The instance is 'u_page/cmd_tag_reg[5]'.
Info    : Replacing a flip-flop with a logic constant 0. [GLO-12]
        : The instance is 'u_page/expect_tag_reg_reg[5]'.
Info    : Replacing a flip-flop with a logic constant 0. [GLO-12]
        : The instance is 'u_page/prefetch_expect_tag_reg_reg[5]'.
Info    : Replacing the synchronous part of an always feeding back flip-flop with a logic constant. [GLO-45]
        : The instance is 'u_dma/u_read/tag_reg_reg[5]'. The constant is '0'.
Info    : Replacing a flip-flop with a logic constant 0. [GLO-12]
        : The instance is 'u_dma/u_read/tag_reg_reg[5]'.
Info    : Replacing the synchronous part of an always feeding back flip-flop with a logic constant. [GLO-45]
        : The instance is 'u_dma/u_write/tag_reg_reg[5]'. The constant is '0'.
Info    : Replacing a flip-flop with a logic constant 0. [GLO-12]
        : The instance is 'u_dma/u_write/tag_reg_reg[5]'.
Info    : Replacing the synchronous part of an always feeding back flip-flop with a logic constant. [GLO-45]
        : The instance is 'u_q_adapter/q_rw_wmask_reg[15]'. The constant is '1'.
Info    : Replacing the synchronous part of an always feeding back flip-flop with a logic constant. [GLO-45]
        : The instance is 'u_q_adapter/q_rw_wmask_reg[14]'. The constant is '1'.
Info    : Replacing the synchronous part of an always feeding back flip-flop with a logic constant. [GLO-45]
        : The instance is 'u_q_adapter/q_rw_wmask_reg[13]'. The constant is '1'.
Warning : Maximum message print count reached. [MESG-11]
        : Maximum print count of '20' reached for message 'GLO-45'.
Info    : Replacing a flip-flop with a logic constant 1. [GLO-13]
        : The instance is 'u_q_adapter/q_rw_wmask_reg[0]'.
Info    : Replacing a flip-flop with a logic constant 1. [GLO-13]
        : The instance is 'u_q_adapter/q_rw_wmask_reg[1]'.
Info    : Replacing a flip-flop with a logic constant 1. [GLO-13]
        : The instance is 'u_q_adapter/q_rw_wmask_reg[2]'.
Info    : Replacing a flip-flop with a logic constant 1. [GLO-13]
        : The instance is 'u_q_adapter/q_rw_wmask_reg[3]'.
Info    : Replacing a flip-flop with a logic constant 1. [GLO-13]
        : The instance is 'u_q_adapter/q_rw_wmask_reg[4]'.
Info    : Replacing a flip-flop with a logic constant 1. [GLO-13]
        : The instance is 'u_q_adapter/q_rw_wmask_reg[5]'.
Info    : Replacing a flip-flop with a logic constant 1. [GLO-13]
        : The instance is 'u_q_adapter/q_rw_wmask_reg[6]'.
Info    : Replacing a flip-flop with a logic constant 1. [GLO-13]
        : The instance is 'u_q_adapter/q_rw_wmask_reg[7]'.
Info    : Replacing a flip-flop with a logic constant 1. [GLO-13]
        : The instance is 'u_q_adapter/q_rw_wmask_reg[8]'.
Info    : Replacing a flip-flop with a logic constant 1. [GLO-13]
        : The instance is 'u_q_adapter/q_rw_wmask_reg[9]'.
Info    : Replacing a flip-flop with a logic constant 1. [GLO-13]
        : The instance is 'u_q_adapter/q_rw_wmask_reg[10]'.
Info    : Replacing a flip-flop with a logic constant 1. [GLO-13]
        : The instance is 'u_q_adapter/q_rw_wmask_reg[11]'.
Info    : Replacing a flip-flop with a logic constant 1. [GLO-13]
        : The instance is 'u_q_adapter/q_rw_wmask_reg[12]'.
Info    : Replacing a flip-flop with a logic constant 1. [GLO-13]
        : The instance is 'u_q_adapter/q_rw_wmask_reg[13]'.
Info    : Replacing a flip-flop with a logic constant 1. [GLO-13]
        : The instance is 'u_q_adapter/q_rw_wmask_reg[14]'.
Info    : Replacing a flip-flop with a logic constant 1. [GLO-13]
        : The instance is 'u_q_adapter/q_rw_wmask_reg[15]'.
Info    : Replacing a flip-flop with a logic constant 0. [GLO-12]
        : The instance is 'u_k_adapter/k_rw_addr_reg[5]'.
Info    : Replacing a flip-flop with a logic constant 0. [GLO-12]
        : The instance is 'u_core/u_score_exp/u_exp_rom/bank1_data_s0_reg[14]'.
Info    : Replacing a flip-flop with a logic constant 0. [GLO-12]
        : The instance is 'u_core/u_score_exp/u_exp_rom/bank1_data_s0_reg[15]'.
Info    : Replacing a flip-flop with a logic constant 0. [GLO-12]
        : The instance is 'u_core/u_score_exp/u_exp_rom/bank2_data_s0_reg[13]'.
Info    : Replacing a flip-flop with a logic constant 0. [GLO-12]
        : The instance is 'u_core/u_score_exp/u_exp_rom/bank2_data_s0_reg[14]'.
Info    : Replacing a flip-flop with a logic constant 0. [GLO-12]
        : The instance is 'u_core/u_score_exp/u_exp_rom/bank2_data_s0_reg[15]'.
Info    : Replacing a flip-flop with a logic constant 0. [GLO-12]
        : The instance is 'u_core/u_score_exp/u_exp_rom/bank3_data_s0_reg[11]'.
Info    : Replacing a flip-flop with a logic constant 0. [GLO-12]
        : The instance is 'u_core/u_score_exp/u_exp_rom/bank3_data_s0_reg[12]'.
Info    : Replacing a flip-flop with a logic constant 0. [GLO-12]
        : The instance is 'u_core/u_score_exp/u_exp_rom/bank3_data_s0_reg[13]'.
Info    : Replacing a flip-flop with a logic constant 0. [GLO-12]
        : The instance is 'u_core/u_score_exp/u_exp_rom/bank3_data_s0_reg[14]'.
Info    : Replacing a flip-flop with a logic constant 0. [GLO-12]
        : The instance is 'u_core/u_score_exp/u_exp_rom/bank3_data_s0_reg[15]'.
Info    : Replacing a flip-flop with a logic constant 0. [GLO-12]
        : The instance is 'u_core/u_score_exp/u_exp_rom/bank4_data_s0_reg[10]'.
Info    : Replacing a flip-flop with a logic constant 0. [GLO-12]
        : The instance is 'u_core/u_score_exp/u_exp_rom/bank4_data_s0_reg[11]'.
Info    : Replacing a flip-flop with a logic constant 0. [GLO-12]
        : The instance is 'u_core/u_score_exp/u_exp_rom/bank4_data_s0_reg[12]'.
Info    : Replacing a flip-flop with a logic constant 0. [GLO-12]
        : The instance is 'u_core/u_score_exp/u_exp_rom/bank4_data_s0_reg[13]'.
Info    : Replacing a flip-flop with a logic constant 0. [GLO-12]
        : The instance is 'u_core/u_score_exp/u_exp_rom/bank4_data_s0_reg[14]'.
Info    : Replacing a flip-flop with a logic constant 0. [GLO-12]
        : The instance is 'u_core/u_score_exp/u_exp_rom/bank4_data_s0_reg[15]'.
Info    : Replacing a flip-flop with a logic constant 0. [GLO-12]
        : The instance is 'u_core/u_score_exp/u_exp_rom/bank5_data_s0_reg[8]'.
Info    : Replacing a flip-flop with a logic constant 0. [GLO-12]
        : The instance is 'u_core/u_score_exp/u_exp_rom/bank5_data_s0_reg[9]'.
Info    : Replacing a flip-flop with a logic constant 0. [GLO-12]
        : The instance is 'u_core/u_score_exp/u_exp_rom/bank5_data_s0_reg[10]'.
Info    : Replacing a flip-flop with a logic constant 0. [GLO-12]
        : The instance is 'u_core/u_score_exp/u_exp_rom/bank5_data_s0_reg[11]'.
Info    : Replacing a flip-flop with a logic constant 0. [GLO-12]
        : The instance is 'u_core/u_score_exp/u_exp_rom/bank5_data_s0_reg[12]'.
Info    : Replacing a flip-flop with a logic constant 0. [GLO-12]
        : The instance is 'u_core/u_score_exp/u_exp_rom/bank5_data_s0_reg[13]'.
Info    : Replacing a flip-flop with a logic constant 0. [GLO-12]
        : The instance is 'u_core/u_score_exp/u_exp_rom/bank5_data_s0_reg[14]'.
Info    : Replacing a flip-flop with a logic constant 0. [GLO-12]
        : The instance is 'u_core/u_score_exp/u_exp_rom/bank5_data_s0_reg[15]'.
Info    : Replacing a flip-flop with a logic constant 0. [GLO-12]
        : The instance is 'u_core/u_score_exp/u_exp_rom/bank6_data_s0_reg[7]'.
Info    : Replacing a flip-flop with a logic constant 0. [GLO-12]
        : The instance is 'u_core/u_score_exp/u_exp_rom/bank6_data_s0_reg[8]'.
Info    : Replacing a flip-flop with a logic constant 0. [GLO-12]
        : The instance is 'u_core/u_score_exp/u_exp_rom/bank6_data_s0_reg[9]'.
Info    : Replacing a flip-flop with a logic constant 0. [GLO-12]
        : The instance is 'u_core/u_score_exp/u_exp_rom/bank6_data_s0_reg[10]'.
Info    : Replacing a flip-flop with a logic constant 0. [GLO-12]
        : The instance is 'u_core/u_score_exp/u_exp_rom/bank6_data_s0_reg[11]'.
Info    : Replacing a flip-flop with a logic constant 0. [GLO-12]
        : The instance is 'u_core/u_score_exp/u_exp_rom/bank6_data_s0_reg[12]'.
Info    : Replacing a flip-flop with a logic constant 0. [GLO-12]
        : The instance is 'u_core/u_score_exp/u_exp_rom/bank6_data_s0_reg[13]'.
Info    : Replacing a flip-flop with a logic constant 0. [GLO-12]
        : The instance is 'u_core/u_score_exp/u_exp_rom/bank6_data_s0_reg[14]'.
Info    : Replacing a flip-flop with a logic constant 0. [GLO-12]
        : The instance is 'u_core/u_score_exp/u_exp_rom/bank6_data_s0_reg[15]'.
Info    : Replacing a flip-flop with a logic constant 0. [GLO-12]
        : The instance is 'u_core/u_score_exp/u_exp_rom/bank7_data_s0_reg[5]'.
Info    : Replacing a flip-flop with a logic constant 0. [GLO-12]
        : The instance is 'u_core/u_score_exp/u_exp_rom/bank7_data_s0_reg[6]'.
Info    : Replacing a flip-flop with a logic constant 0. [GLO-12]
        : The instance is 'u_core/u_score_exp/u_exp_rom/bank7_data_s0_reg[7]'.
Info    : Replacing a flip-flop with a logic constant 0. [GLO-12]
        : The instance is 'u_core/u_score_exp/u_exp_rom/bank7_data_s0_reg[8]'.
Info    : Replacing a flip-flop with a logic constant 0. [GLO-12]
        : The instance is 'u_core/u_score_exp/u_exp_rom/bank7_data_s0_reg[9]'.
Info    : Replacing a flip-flop with a logic constant 0. [GLO-12]
        : The instance is 'u_core/u_score_exp/u_exp_rom/bank7_data_s0_reg[10]'.
Info    : Replacing a flip-flop with a logic constant 0. [GLO-12]
        : The instance is 'u_core/u_score_exp/u_exp_rom/bank7_data_s0_reg[11]'.
Info    : Replacing a flip-flop with a logic constant 0. [GLO-12]
        : The instance is 'u_core/u_score_exp/u_exp_rom/bank7_data_s0_reg[12]'.
Info    : Replacing a flip-flop with a logic constant 0. [GLO-12]
        : The instance is 'u_core/u_score_exp/u_exp_rom/bank7_data_s0_reg[13]'.
Info    : Replacing a flip-flop with a logic constant 0. [GLO-12]
        : The instance is 'u_core/u_score_exp/u_exp_rom/bank7_data_s0_reg[14]'.
Info    : Replacing a flip-flop with a logic constant 0. [GLO-12]
        : The instance is 'u_core/u_score_exp/u_exp_rom/bank7_data_s0_reg[15]'.
Info    : Replacing a flip-flop with a logic constant 0. [GLO-12]
        : The instance is 'u_core/u_score_exp/u_exp_rom/bank8_data_s0_reg[4]'.
Info    : Replacing a flip-flop with a logic constant 0. [GLO-12]
        : The instance is 'u_core/u_score_exp/u_exp_rom/bank8_data_s0_reg[5]'.
Info    : Replacing a flip-flop with a logic constant 0. [GLO-12]
        : The instance is 'u_core/u_score_exp/u_exp_rom/bank8_data_s0_reg[6]'.
Info    : Replacing a flip-flop with a logic constant 0. [GLO-12]
        : The instance is 'u_core/u_score_exp/u_exp_rom/bank8_data_s0_reg[7]'.
Info    : Replacing a flip-flop with a logic constant 0. [GLO-12]
        : The instance is 'u_core/u_score_exp/u_exp_rom/bank8_data_s0_reg[8]'.
Info    : Replacing a flip-flop with a logic constant 0. [GLO-12]
        : The instance is 'u_core/u_score_exp/u_exp_rom/bank8_data_s0_reg[9]'.
Info    : Replacing a flip-flop with a logic constant 0. [GLO-12]
        : The instance is 'u_core/u_score_exp/u_exp_rom/bank8_data_s0_reg[10]'.
Info    : Replacing a flip-flop with a logic constant 0. [GLO-12]
        : The instance is 'u_core/u_score_exp/u_exp_rom/bank8_data_s0_reg[11]'.
Info    : Replacing a flip-flop with a logic constant 0. [GLO-12]
        : The instance is 'u_core/u_score_exp/u_exp_rom/bank8_data_s0_reg[12]'.
Info    : Replacing a flip-flop with a logic constant 0. [GLO-12]
        : The instance is 'u_core/u_score_exp/u_exp_rom/bank8_data_s0_reg[13]'.
Info    : Replacing a flip-flop with a logic constant 0. [GLO-12]
        : The instance is 'u_core/u_score_exp/u_exp_rom/bank8_data_s0_reg[14]'.
Info    : Replacing a flip-flop with a logic constant 0. [GLO-12]
        : The instance is 'u_core/u_score_exp/u_exp_rom/bank8_data_s0_reg[15]'.
Info    : Replacing a flip-flop with a logic constant 0. [GLO-12]
        : The instance is 'u_core/u_score_exp/u_exp_rom/bank9_data_s0_reg[3]'.
Info    : Replacing a flip-flop with a logic constant 0. [GLO-12]
        : The instance is 'u_core/u_score_exp/u_exp_rom/bank9_data_s0_reg[4]'.
Info    : Replacing a flip-flop with a logic constant 0. [GLO-12]
        : The instance is 'u_core/u_score_exp/u_exp_rom/bank9_data_s0_reg[5]'.
Info    : Replacing a flip-flop with a logic constant 0. [GLO-12]
        : The instance is 'u_core/u_score_exp/u_exp_rom/bank9_data_s0_reg[6]'.
Info    : Replacing a flip-flop with a logic constant 0. [GLO-12]
        : The instance is 'u_core/u_score_exp/u_exp_rom/bank9_data_s0_reg[7]'.
Info    : Replacing a flip-flop with a logic constant 0. [GLO-12]
        : The instance is 'u_core/u_score_exp/u_exp_rom/bank9_data_s0_reg[8]'.
Info    : Replacing a flip-flop with a logic constant 0. [GLO-12]
        : The instance is 'u_core/u_score_exp/u_exp_rom/bank9_data_s0_reg[9]'.
Info    : Replacing a flip-flop with a logic constant 0. [GLO-12]
        : The instance is 'u_core/u_score_exp/u_exp_rom/bank9_data_s0_reg[10]'.
Info    : Replacing a flip-flop with a logic constant 0. [GLO-12]
        : The instance is 'u_core/u_score_exp/u_exp_rom/bank9_data_s0_reg[11]'.
Info    : Replacing a flip-flop with a logic constant 0. [GLO-12]
        : The instance is 'u_core/u_score_exp/u_exp_rom/bank9_data_s0_reg[12]'.
Info    : Replacing a flip-flop with a logic constant 0. [GLO-12]
        : The instance is 'u_core/u_score_exp/u_exp_rom/bank9_data_s0_reg[13]'.
Info    : Replacing a flip-flop with a logic constant 0. [GLO-12]
        : The instance is 'u_core/u_score_exp/u_exp_rom/bank9_data_s0_reg[14]'.
Info    : Replacing a flip-flop with a logic constant 0. [GLO-12]
        : The instance is 'u_core/u_score_exp/u_exp_rom/bank9_data_s0_reg[15]'.
Info    : Replacing a flip-flop with a logic constant 0. [GLO-12]
        : The instance is 'u_core/u_score_exp/u_exp_rom/bank10_data_s0_reg[1]'.
Info    : Replacing a flip-flop with a logic constant 0. [GLO-12]
        : The instance is 'u_core/u_score_exp/u_exp_rom/bank10_data_s0_reg[2]'.
Info    : Replacing a flip-flop with a logic constant 0. [GLO-12]
        : The instance is 'u_core/u_score_exp/u_exp_rom/bank10_data_s0_reg[3]'.
Info    : Replacing a flip-flop with a logic constant 0. [GLO-12]
        : The instance is 'u_core/u_score_exp/u_exp_rom/bank10_data_s0_reg[4]'.
Info    : Replacing a flip-flop with a logic constant 0. [GLO-12]
        : The instance is 'u_core/u_score_exp/u_exp_rom/bank10_data_s0_reg[5]'.
Info    : Replacing a flip-flop with a logic constant 0. [GLO-12]
        : The instance is 'u_core/u_score_exp/u_exp_rom/bank10_data_s0_reg[6]'.
Info    : Replacing a flip-flop with a logic constant 0. [GLO-12]
        : The instance is 'u_core/u_score_exp/u_exp_rom/bank10_data_s0_reg[7]'.
Info    : Replacing a flip-flop with a logic constant 0. [GLO-12]
        : The instance is 'u_core/u_score_exp/u_exp_rom/bank10_data_s0_reg[8]'.
Info    : Replacing a flip-flop with a logic constant 0. [GLO-12]
        : The instance is 'u_core/u_score_exp/u_exp_rom/bank10_data_s0_reg[9]'.
Info    : Replacing a flip-flop with a logic constant 0. [GLO-12]
        : The instance is 'u_core/u_score_exp/u_exp_rom/bank10_data_s0_reg[10]'.
Info    : Replacing a flip-flop with a logic constant 0. [GLO-12]
        : The instance is 'u_core/u_score_exp/u_exp_rom/bank10_data_s0_reg[11]'.
Info    : Replacing a flip-flop with a logic constant 0. [GLO-12]
        : The instance is 'u_core/u_score_exp/u_exp_rom/bank10_data_s0_reg[12]'.
Info    : Replacing a flip-flop with a logic constant 0. [GLO-12]
        : The instance is 'u_core/u_score_exp/u_exp_rom/bank10_data_s0_reg[13]'.
Info    : Replacing a flip-flop with a logic constant 0. [GLO-12]
        : The instance is 'u_core/u_score_exp/u_exp_rom/bank10_data_s0_reg[14]'.
Info    : Replacing a flip-flop with a logic constant 0. [GLO-12]
        : The instance is 'u_core/u_score_exp/u_exp_rom/bank10_data_s0_reg[15]'.
Info    : Replacing a flip-flop with a logic constant 0. [GLO-12]
        : The instance is 'u_core/u_score_exp/u_exp_rom/bank11_data_s0_reg[1]'.
Info    : Replacing a flip-flop with a logic constant 0. [GLO-12]
        : The instance is 'u_core/u_score_exp/u_exp_rom/bank11_data_s0_reg[2]'.
Info    : Replacing a flip-flop with a logic constant 0. [GLO-12]
        : The instance is 'u_core/u_score_exp/u_exp_rom/bank11_data_s0_reg[3]'.
Info    : Replacing a flip-flop with a logic constant 0. [GLO-12]
        : The instance is 'u_core/u_score_exp/u_exp_rom/bank11_data_s0_reg[4]'.
Info    : Replacing a flip-flop with a logic constant 0. [GLO-12]
        : The instance is 'u_core/u_score_exp/u_exp_rom/bank11_data_s0_reg[5]'.
Info    : Replacing a flip-flop with a logic constant 0. [GLO-12]
        : The instance is 'u_core/u_score_exp/u_exp_rom/bank11_data_s0_reg[6]'.
Info    : Replacing a flip-flop with a logic constant 0. [GLO-12]
        : The instance is 'u_core/u_score_exp/u_exp_rom/bank11_data_s0_reg[7]'.
Info    : Replacing a flip-flop with a logic constant 0. [GLO-12]
        : The instance is 'u_core/u_score_exp/u_exp_rom/bank11_data_s0_reg[8]'.
Info    : Replacing a flip-flop with a logic constant 0. [GLO-12]
        : The instance is 'u_core/u_score_exp/u_exp_rom/bank11_data_s0_reg[9]'.
Info    : Replacing a flip-flop with a logic constant 0. [GLO-12]
        : The instance is 'u_core/u_score_exp/u_exp_rom/bank11_data_s0_reg[10]'.
Info    : Replacing a flip-flop with a logic constant 0. [GLO-12]
        : The instance is 'u_core/u_score_exp/u_exp_rom/bank11_data_s0_reg[11]'.
Info    : Replacing a flip-flop with a logic constant 0. [GLO-12]
        : The instance is 'u_core/u_score_exp/u_exp_rom/bank11_data_s0_reg[12]'.
Info    : Replacing a flip-flop with a logic constant 0. [GLO-12]
        : The instance is 'u_core/u_score_exp/u_exp_rom/bank11_data_s0_reg[13]'.
Info    : Replacing a flip-flop with a logic constant 0. [GLO-12]
        : The instance is 'u_core/u_score_exp/u_exp_rom/bank11_data_s0_reg[14]'.
Info    : Replacing a flip-flop with a logic constant 0. [GLO-12]
        : The instance is 'u_core/u_score_exp/u_exp_rom/bank11_data_s0_reg[15]'.
Info    : Replacing a flip-flop with a logic constant 0. [GLO-12]
        : The instance is 'u_core/u_score_exp/u_exp_rom/bank12_data_s0_reg[0]'.
Info    : Replacing a flip-flop with a logic constant 0. [GLO-12]
        : The instance is 'u_core/u_score_exp/u_exp_rom/bank12_data_s0_reg[1]'.
Info    : Replacing a flip-flop with a logic constant 0. [GLO-12]
        : The instance is 'u_core/u_score_exp/u_exp_rom/bank12_data_s0_reg[2]'.
Info    : Replacing a flip-flop with a logic constant 0. [GLO-12]
        : The instance is 'u_core/u_score_exp/u_exp_rom/bank12_data_s0_reg[3]'.
Info    : Replacing a flip-flop with a logic constant 0. [GLO-12]
        : The instance is 'u_core/u_score_exp/u_exp_rom/bank12_data_s0_reg[4]'.
Info    : Replacing a flip-flop with a logic constant 0. [GLO-12]
        : The instance is 'u_core/u_score_exp/u_exp_rom/bank12_data_s0_reg[5]'.
Info    : Replacing a flip-flop with a logic constant 0. [GLO-12]
        : The instance is 'u_core/u_score_exp/u_exp_rom/bank12_data_s0_reg[6]'.
Info    : Replacing a flip-flop with a logic constant 0. [GLO-12]
        : The instance is 'u_core/u_score_exp/u_exp_rom/bank12_data_s0_reg[7]'.
Info    : Replacing a flip-flop with a logic constant 0. [GLO-12]
        : The instance is 'u_core/u_score_exp/u_exp_rom/bank12_data_s0_reg[8]'.
Info    : Replacing a flip-flop with a logic constant 0. [GLO-12]
        : The instance is 'u_core/u_score_exp/u_exp_rom/bank12_data_s0_reg[9]'.
Info    : Replacing a flip-flop with a logic constant 0. [GLO-12]
        : The instance is 'u_core/u_score_exp/u_exp_rom/bank12_data_s0_reg[10]'.
Info    : Replacing a flip-flop with a logic constant 0. [GLO-12]
        : The instance is 'u_core/u_score_exp/u_exp_rom/bank12_data_s0_reg[11]'.
Info    : Replacing a flip-flop with a logic constant 0. [GLO-12]
        : The instance is 'u_core/u_score_exp/u_exp_rom/bank12_data_s0_reg[12]'.
Info    : Replacing a flip-flop with a logic constant 0. [GLO-12]
        : The instance is 'u_core/u_score_exp/u_exp_rom/bank12_data_s0_reg[13]'.
Info    : Replacing a flip-flop with a logic constant 0. [GLO-12]
        : The instance is 'u_core/u_score_exp/u_exp_rom/bank12_data_s0_reg[14]'.
Info    : Replacing a flip-flop with a logic constant 0. [GLO-12]
        : The instance is 'u_core/u_score_exp/u_exp_rom/bank12_data_s0_reg[15]'.
Info    : Replacing a flip-flop with a logic constant 0. [GLO-12]
        : The instance is 'u_core/u_score_exp/u_exp_rom/bank13_data_s0_reg[0]'.
Info    : Replacing a flip-flop with a logic constant 0. [GLO-12]
        : The instance is 'u_core/u_score_exp/u_exp_rom/bank13_data_s0_reg[1]'.
Info    : Replacing a flip-flop with a logic constant 0. [GLO-12]
        : The instance is 'u_core/u_score_exp/u_exp_rom/bank13_data_s0_reg[2]'.
Info    : Replacing a flip-flop with a logic constant 0. [GLO-12]
        : The instance is 'u_core/u_score_exp/u_exp_rom/bank13_data_s0_reg[3]'.
Info    : Replacing a flip-flop with a logic constant 0. [GLO-12]
        : The instance is 'u_core/u_score_exp/u_exp_rom/bank13_data_s0_reg[4]'.
Info    : Replacing a flip-flop with a logic constant 0. [GLO-12]
        : The instance is 'u_core/u_score_exp/u_exp_rom/bank13_data_s0_reg[5]'.
Info    : Replacing a flip-flop with a logic constant 0. [GLO-12]
        : The instance is 'u_core/u_score_exp/u_exp_rom/bank13_data_s0_reg[6]'.
Info    : Replacing a flip-flop with a logic constant 0. [GLO-12]
        : The instance is 'u_core/u_score_exp/u_exp_rom/bank13_data_s0_reg[7]'.
Info    : Replacing a flip-flop with a logic constant 0. [GLO-12]
        : The instance is 'u_core/u_score_exp/u_exp_rom/bank13_data_s0_reg[8]'.
Info    : Replacing a flip-flop with a logic constant 0. [GLO-12]
        : The instance is 'u_core/u_score_exp/u_exp_rom/bank13_data_s0_reg[9]'.
Info    : Replacing a flip-flop with a logic constant 0. [GLO-12]
        : The instance is 'u_core/u_score_exp/u_exp_rom/bank13_data_s0_reg[10]'.
Info    : Replacing a flip-flop with a logic constant 0. [GLO-12]
        : The instance is 'u_core/u_score_exp/u_exp_rom/bank13_data_s0_reg[11]'.
Info    : Replacing a flip-flop with a logic constant 0. [GLO-12]
        : The instance is 'u_core/u_score_exp/u_exp_rom/bank13_data_s0_reg[12]'.
Info    : Replacing a flip-flop with a logic constant 0. [GLO-12]
        : The instance is 'u_core/u_score_exp/u_exp_rom/bank13_data_s0_reg[13]'.
Info    : Replacing a flip-flop with a logic constant 0. [GLO-12]
        : The instance is 'u_core/u_score_exp/u_exp_rom/bank13_data_s0_reg[14]'.
Info    : Replacing a flip-flop with a logic constant 0. [GLO-12]
        : The instance is 'u_core/u_score_exp/u_exp_rom/bank13_data_s0_reg[15]'.
Info    : Replacing a flip-flop with a logic constant 0. [GLO-12]
        : The instance is 'u_core/u_score_exp/u_exp_rom/bank14_data_s0_reg[0]'.
Info    : Replacing a flip-flop with a logic constant 0. [GLO-12]
        : The instance is 'u_core/u_score_exp/u_exp_rom/bank14_data_s0_reg[1]'.
Info    : Replacing a flip-flop with a logic constant 0. [GLO-12]
        : The instance is 'u_core/u_score_exp/u_exp_rom/bank14_data_s0_reg[2]'.
Info    : Replacing a flip-flop with a logic constant 0. [GLO-12]
        : The instance is 'u_core/u_score_exp/u_exp_rom/bank14_data_s0_reg[3]'.
Info    : Replacing a flip-flop with a logic constant 0. [GLO-12]
        : The instance is 'u_core/u_score_exp/u_exp_rom/bank14_data_s0_reg[4]'.
Info    : Replacing a flip-flop with a logic constant 0. [GLO-12]
        : The instance is 'u_core/u_score_exp/u_exp_rom/bank14_data_s0_reg[5]'.
Info    : Replacing a flip-flop with a logic constant 0. [GLO-12]
        : The instance is 'u_core/u_score_exp/u_exp_rom/bank14_data_s0_reg[6]'.
Info    : Replacing a flip-flop with a logic constant 0. [GLO-12]
        : The instance is 'u_core/u_score_exp/u_exp_rom/bank14_data_s0_reg[7]'.
Info    : Replacing a flip-flop with a logic constant 0. [GLO-12]
        : The instance is 'u_core/u_score_exp/u_exp_rom/bank14_data_s0_reg[8]'.
Info    : Replacing a flip-flop with a logic constant 0. [GLO-12]
        : The instance is 'u_core/u_score_exp/u_exp_rom/bank14_data_s0_reg[9]'.
Info    : Replacing a flip-flop with a logic constant 0. [GLO-12]
        : The instance is 'u_core/u_score_exp/u_exp_rom/bank14_data_s0_reg[10]'.
Info    : Replacing a flip-flop with a logic constant 0. [GLO-12]
        : The instance is 'u_core/u_score_exp/u_exp_rom/bank14_data_s0_reg[11]'.
Info    : Replacing a flip-flop with a logic constant 0. [GLO-12]
        : The instance is 'u_core/u_score_exp/u_exp_rom/bank14_data_s0_reg[12]'.
Info    : Replacing a flip-flop with a logic constant 0. [GLO-12]
        : The instance is 'u_core/u_score_exp/u_exp_rom/bank14_data_s0_reg[13]'.
Info    : Replacing a flip-flop with a logic constant 0. [GLO-12]
        : The instance is 'u_core/u_score_exp/u_exp_rom/bank14_data_s0_reg[14]'.
Info    : Replacing a flip-flop with a logic constant 0. [GLO-12]
        : The instance is 'u_core/u_score_exp/u_exp_rom/bank14_data_s0_reg[15]'.
Info    : Replacing a flip-flop with a logic constant 0. [GLO-12]
        : The instance is 'u_core/u_score_exp/u_exp_rom/bank15_data_s0_reg[0]'.
Info    : Replacing a flip-flop with a logic constant 0. [GLO-12]
        : The instance is 'u_core/u_score_exp/u_exp_rom/bank15_data_s0_reg[1]'.
Info    : Replacing a flip-flop with a logic constant 0. [GLO-12]
        : The instance is 'u_core/u_score_exp/u_exp_rom/bank15_data_s0_reg[2]'.
Info    : Replacing a flip-flop with a logic constant 0. [GLO-12]
        : The instance is 'u_core/u_score_exp/u_exp_rom/bank15_data_s0_reg[3]'.
Info    : Replacing a flip-flop with a logic constant 0. [GLO-12]
        : The instance is 'u_core/u_score_exp/u_exp_rom/bank15_data_s0_reg[4]'.
Info    : Replacing a flip-flop with a logic constant 0. [GLO-12]
        : The instance is 'u_core/u_score_exp/u_exp_rom/bank15_data_s0_reg[5]'.
Info    : Replacing a flip-flop with a logic constant 0. [GLO-12]
        : The instance is 'u_core/u_score_exp/u_exp_rom/bank15_data_s0_reg[6]'.
Info    : Replacing a flip-flop with a logic constant 0. [GLO-12]
        : The instance is 'u_core/u_score_exp/u_exp_rom/bank15_data_s0_reg[7]'.
Info    : Replacing a flip-flop with a logic constant 0. [GLO-12]
        : The instance is 'u_core/u_score_exp/u_exp_rom/bank15_data_s0_reg[8]'.
Info    : Replacing a flip-flop with a logic constant 0. [GLO-12]
        : The instance is 'u_core/u_score_exp/u_exp_rom/bank15_data_s0_reg[9]'.
Info    : Replacing a flip-flop with a logic constant 0. [GLO-12]
        : The instance is 'u_core/u_score_exp/u_exp_rom/bank15_data_s0_reg[10]'.
Info    : Replacing a flip-flop with a logic constant 0. [GLO-12]
        : The instance is 'u_core/u_score_exp/u_exp_rom/bank15_data_s0_reg[11]'.
Info    : Replacing a flip-flop with a logic constant 0. [GLO-12]
        : The instance is 'u_core/u_score_exp/u_exp_rom/bank15_data_s0_reg[12]'.
Info    : Replacing a flip-flop with a logic constant 0. [GLO-12]
        : The instance is 'u_core/u_score_exp/u_exp_rom/bank15_data_s0_reg[13]'.
Info    : Replacing a flip-flop with a logic constant 0. [GLO-12]
        : The instance is 'u_core/u_score_exp/u_exp_rom/bank15_data_s0_reg[14]'.
Info    : Replacing a flip-flop with a logic constant 0. [GLO-12]
        : The instance is 'u_core/u_score_exp/u_exp_rom/bank15_data_s0_reg[15]'.
Info    : Replacing a flip-flop with a logic constant 0. [GLO-12]
        : The instance is 'u_core/u_update/u_v_sram/wide_rd_addr_q_reg[0]'.
Info    : Replacing a flip-flop with a logic constant 0. [GLO-12]
        : The instance is 'u_core/u_update/u_acc_sram/rd_addr_q_reg[5]'.
Info    : Replacing a flip-flop with a logic constant 0. [GLO-12]
        : The instance is 'u_finalize/u_recip/dividend_reg_reg[0]'.
Info    : Replacing a flip-flop with a logic constant 0. [GLO-12]
        : The instance is 'u_core/u_update/mul2_v_shft_reg[15][0]'.
Info    : Replacing a flip-flop with a logic constant 0. [GLO-12]
        : The instance is 'u_core/u_update/mul2_v_shft_reg[15][1]'.
Info    : Replacing a flip-flop with a logic constant 0. [GLO-12]
        : The instance is 'u_core/u_update/mul2_v_shft_reg[15][2]'.
Info    : Replacing a flip-flop with a logic constant 0. [GLO-12]
        : The instance is 'u_core/u_update/mul2_v_shft_reg[15][3]'.
Info    : Replacing a flip-flop with a logic constant 0. [GLO-12]
        : The instance is 'u_core/u_update/mul2_v_shft_reg[15][4]'.
Info    : Replacing a flip-flop with a logic constant 0. [GLO-12]
        : The instance is 'u_core/u_update/mul2_v_shft_reg[15][5]'.
Info    : Replacing a flip-flop with a logic constant 0. [GLO-12]
        : The instance is 'u_core/u_update/mul2_v_shft_reg[15][6]'.
Info    : Replacing a flip-flop with a logic constant 0. [GLO-12]
        : The instance is 'u_core/u_update/mul2_v_shft_reg[14][0]'.
Info    : Replacing a flip-flop with a logic constant 0. [GLO-12]
        : The instance is 'u_core/u_update/mul2_v_shft_reg[14][1]'.
Info    : Replacing a flip-flop with a logic constant 0. [GLO-12]
        : The instance is 'u_core/u_update/mul2_v_shft_reg[14][2]'.
Info    : Replacing a flip-flop with a logic constant 0. [GLO-12]
        : The instance is 'u_core/u_update/mul2_v_shft_reg[14][3]'.
Info    : Replacing a flip-flop with a logic constant 0. [GLO-12]
        : The instance is 'u_core/u_update/mul2_v_shft_reg[14][4]'.
Info    : Replacing a flip-flop with a logic constant 0. [GLO-12]
        : The instance is 'u_core/u_update/mul2_v_shft_reg[14][5]'.
Info    : Replacing a flip-flop with a logic constant 0. [GLO-12]
        : The instance is 'u_core/u_update/mul2_v_shft_reg[14][6]'.
Info    : Replacing a flip-flop with a logic constant 0. [GLO-12]
        : The instance is 'u_core/u_update/mul2_v_shft_reg[13][0]'.
Info    : Replacing a flip-flop with a logic constant 0. [GLO-12]
        : The instance is 'u_core/u_update/mul2_v_shft_reg[13][1]'.
Info    : Replacing a flip-flop with a logic constant 0. [GLO-12]
        : The instance is 'u_core/u_update/mul2_v_shft_reg[13][2]'.
Info    : Replacing a flip-flop with a logic constant 0. [GLO-12]
        : The instance is 'u_core/u_update/mul2_v_shft_reg[13][3]'.
Info    : Replacing a flip-flop with a logic constant 0. [GLO-12]
        : The instance is 'u_core/u_update/mul2_v_shft_reg[13][4]'.
Info    : Replacing a flip-flop with a logic constant 0. [GLO-12]
        : The instance is 'u_core/u_update/mul2_v_shft_reg[13][5]'.
Info    : Replacing a flip-flop with a logic constant 0. [GLO-12]
        : The instance is 'u_core/u_update/mul2_v_shft_reg[13][6]'.
Info    : Replacing a flip-flop with a logic constant 0. [GLO-12]
        : The instance is 'u_core/u_update/mul2_v_shft_reg[12][0]'.
Info    : Replacing a flip-flop with a logic constant 0. [GLO-12]
        : The instance is 'u_core/u_update/mul2_v_shft_reg[12][1]'.
Info    : Replacing a flip-flop with a logic constant 0. [GLO-12]
        : The instance is 'u_core/u_update/mul2_v_shft_reg[12][2]'.
Info    : Replacing a flip-flop with a logic constant 0. [GLO-12]
        : The instance is 'u_core/u_update/mul2_v_shft_reg[12][3]'.
Info    : Replacing a flip-flop with a logic constant 0. [GLO-12]
        : The instance is 'u_core/u_update/mul2_v_shft_reg[12][4]'.
Info    : Replacing a flip-flop with a logic constant 0. [GLO-12]
        : The instance is 'u_core/u_update/mul2_v_shft_reg[12][5]'.
Info    : Replacing a flip-flop with a logic constant 0. [GLO-12]
        : The instance is 'u_core/u_update/mul2_v_shft_reg[12][6]'.
Info    : Replacing a flip-flop with a logic constant 0. [GLO-12]
        : The instance is 'u_core/u_update/mul2_v_shft_reg[11][0]'.
Info    : Replacing a flip-flop with a logic constant 0. [GLO-12]
        : The instance is 'u_core/u_update/mul2_v_shft_reg[11][1]'.
Info    : Replacing a flip-flop with a logic constant 0. [GLO-12]
        : The instance is 'u_core/u_update/mul2_v_shft_reg[11][2]'.
Info    : Replacing a flip-flop with a logic constant 0. [GLO-12]
        : The instance is 'u_core/u_update/mul2_v_shft_reg[11][3]'.
Info    : Replacing a flip-flop with a logic constant 0. [GLO-12]
        : The instance is 'u_core/u_update/mul2_v_shft_reg[11][4]'.
Info    : Replacing a flip-flop with a logic constant 0. [GLO-12]
        : The instance is 'u_core/u_update/mul2_v_shft_reg[11][5]'.
Info    : Replacing a flip-flop with a logic constant 0. [GLO-12]
        : The instance is 'u_core/u_update/mul2_v_shft_reg[11][6]'.
Info    : Replacing a flip-flop with a logic constant 0. [GLO-12]
        : The instance is 'u_core/u_update/mul2_v_shft_reg[10][0]'.
Info    : Replacing a flip-flop with a logic constant 0. [GLO-12]
        : The instance is 'u_core/u_update/mul2_v_shft_reg[10][1]'.
Info    : Replacing a flip-flop with a logic constant 0. [GLO-12]
        : The instance is 'u_core/u_update/mul2_v_shft_reg[10][2]'.
Info    : Replacing a flip-flop with a logic constant 0. [GLO-12]
        : The instance is 'u_core/u_update/mul2_v_shft_reg[10][3]'.
Info    : Replacing a flip-flop with a logic constant 0. [GLO-12]
        : The instance is 'u_core/u_update/mul2_v_shft_reg[10][4]'.
Info    : Replacing a flip-flop with a logic constant 0. [GLO-12]
        : The instance is 'u_core/u_update/mul2_v_shft_reg[10][5]'.
Info    : Replacing a flip-flop with a logic constant 0. [GLO-12]
        : The instance is 'u_core/u_update/mul2_v_shft_reg[10][6]'.
Info    : Replacing a flip-flop with a logic constant 0. [GLO-12]
        : The instance is 'u_core/u_update/mul2_v_shft_reg[9][0]'.
Info    : Replacing a flip-flop with a logic constant 0. [GLO-12]
        : The instance is 'u_core/u_update/mul2_v_shft_reg[9][1]'.
Info    : Replacing a flip-flop with a logic constant 0. [GLO-12]
        : The instance is 'u_core/u_update/mul2_v_shft_reg[9][2]'.
Info    : Replacing a flip-flop with a logic constant 0. [GLO-12]
        : The instance is 'u_core/u_update/mul2_v_shft_reg[9][3]'.
Info    : Replacing a flip-flop with a logic constant 0. [GLO-12]
        : The instance is 'u_core/u_update/mul2_v_shft_reg[9][4]'.
Info    : Replacing a flip-flop with a logic constant 0. [GLO-12]
        : The instance is 'u_core/u_update/mul2_v_shft_reg[9][5]'.
Info    : Replacing a flip-flop with a logic constant 0. [GLO-12]
        : The instance is 'u_core/u_update/mul2_v_shft_reg[9][6]'.
Info    : Replacing a flip-flop with a logic constant 0. [GLO-12]
        : The instance is 'u_core/u_update/mul2_v_shft_reg[8][0]'.
Info    : Replacing a flip-flop with a logic constant 0. [GLO-12]
        : The instance is 'u_core/u_update/mul2_v_shft_reg[8][1]'.
Info    : Replacing a flip-flop with a logic constant 0. [GLO-12]
        : The instance is 'u_core/u_update/mul2_v_shft_reg[8][2]'.
Info    : Replacing a flip-flop with a logic constant 0. [GLO-12]
        : The instance is 'u_core/u_update/mul2_v_shft_reg[8][3]'.
Info    : Replacing a flip-flop with a logic constant 0. [GLO-12]
        : The instance is 'u_core/u_update/mul2_v_shft_reg[8][4]'.
Info    : Replacing a flip-flop with a logic constant 0. [GLO-12]
        : The instance is 'u_core/u_update/mul2_v_shft_reg[8][5]'.
Info    : Replacing a flip-flop with a logic constant 0. [GLO-12]
        : The instance is 'u_core/u_update/mul2_v_shft_reg[8][6]'.
Info    : Replacing a flip-flop with a logic constant 0. [GLO-12]
        : The instance is 'u_core/u_update/mul2_v_shft_reg[7][0]'.
Info    : Replacing a flip-flop with a logic constant 0. [GLO-12]
        : The instance is 'u_core/u_update/mul2_v_shft_reg[7][1]'.
Info    : Replacing a flip-flop with a logic constant 0. [GLO-12]
        : The instance is 'u_core/u_update/mul2_v_shft_reg[7][2]'.
Info    : Replacing a flip-flop with a logic constant 0. [GLO-12]
        : The instance is 'u_core/u_update/mul2_v_shft_reg[7][3]'.
Info    : Replacing a flip-flop with a logic constant 0. [GLO-12]
        : The instance is 'u_core/u_update/mul2_v_shft_reg[7][4]'.
Info    : Replacing a flip-flop with a logic constant 0. [GLO-12]
        : The instance is 'u_core/u_update/mul2_v_shft_reg[7][5]'.
Info    : Replacing a flip-flop with a logic constant 0. [GLO-12]
        : The instance is 'u_core/u_update/mul2_v_shft_reg[7][6]'.
Info    : Replacing a flip-flop with a logic constant 0. [GLO-12]
        : The instance is 'u_core/u_update/mul2_v_shft_reg[6][0]'.
Info    : Replacing a flip-flop with a logic constant 0. [GLO-12]
        : The instance is 'u_core/u_update/mul2_v_shft_reg[6][1]'.
Info    : Replacing a flip-flop with a logic constant 0. [GLO-12]
        : The instance is 'u_core/u_update/mul2_v_shft_reg[6][2]'.
Info    : Replacing a flip-flop with a logic constant 0. [GLO-12]
        : The instance is 'u_core/u_update/mul2_v_shft_reg[6][3]'.
Info    : Replacing a flip-flop with a logic constant 0. [GLO-12]
        : The instance is 'u_core/u_update/mul2_v_shft_reg[6][4]'.
Info    : Replacing a flip-flop with a logic constant 0. [GLO-12]
        : The instance is 'u_core/u_update/mul2_v_shft_reg[6][5]'.
Info    : Replacing a flip-flop with a logic constant 0. [GLO-12]
        : The instance is 'u_core/u_update/mul2_v_shft_reg[6][6]'.
Info    : Replacing a flip-flop with a logic constant 0. [GLO-12]
        : The instance is 'u_core/u_update/mul2_v_shft_reg[5][0]'.
Info    : Replacing a flip-flop with a logic constant 0. [GLO-12]
        : The instance is 'u_core/u_update/mul2_v_shft_reg[5][1]'.
Info    : Replacing a flip-flop with a logic constant 0. [GLO-12]
        : The instance is 'u_core/u_update/mul2_v_shft_reg[5][2]'.
Info    : Replacing a flip-flop with a logic constant 0. [GLO-12]
        : The instance is 'u_core/u_update/mul2_v_shft_reg[5][3]'.
Info    : Replacing a flip-flop with a logic constant 0. [GLO-12]
        : The instance is 'u_core/u_update/mul2_v_shft_reg[5][4]'.
Info    : Replacing a flip-flop with a logic constant 0. [GLO-12]
        : The instance is 'u_core/u_update/mul2_v_shft_reg[5][5]'.
Info    : Replacing a flip-flop with a logic constant 0. [GLO-12]
        : The instance is 'u_core/u_update/mul2_v_shft_reg[5][6]'.
Info    : Replacing a flip-flop with a logic constant 0. [GLO-12]
        : The instance is 'u_core/u_update/mul2_v_shft_reg[4][0]'.
Info    : Replacing a flip-flop with a logic constant 0. [GLO-12]
        : The instance is 'u_core/u_update/mul2_v_shft_reg[4][1]'.
Info    : Replacing a flip-flop with a logic constant 0. [GLO-12]
        : The instance is 'u_core/u_update/mul2_v_shft_reg[4][2]'.
Info    : Replacing a flip-flop with a logic constant 0. [GLO-12]
        : The instance is 'u_core/u_update/mul2_v_shft_reg[4][3]'.
Info    : Replacing a flip-flop with a logic constant 0. [GLO-12]
        : The instance is 'u_core/u_update/mul2_v_shft_reg[4][4]'.
Info    : Replacing a flip-flop with a logic constant 0. [GLO-12]
        : The instance is 'u_core/u_update/mul2_v_shft_reg[4][5]'.
Info    : Replacing a flip-flop with a logic constant 0. [GLO-12]
        : The instance is 'u_core/u_update/mul2_v_shft_reg[4][6]'.
Info    : Replacing a flip-flop with a logic constant 0. [GLO-12]
        : The instance is 'u_core/u_update/mul2_v_shft_reg[3][0]'.
Info    : Replacing a flip-flop with a logic constant 0. [GLO-12]
        : The instance is 'u_core/u_update/mul2_v_shft_reg[3][1]'.
Info    : Replacing a flip-flop with a logic constant 0. [GLO-12]
        : The instance is 'u_core/u_update/mul2_v_shft_reg[3][2]'.
Info    : Replacing a flip-flop with a logic constant 0. [GLO-12]
        : The instance is 'u_core/u_update/mul2_v_shft_reg[3][3]'.
Info    : Replacing a flip-flop with a logic constant 0. [GLO-12]
        : The instance is 'u_core/u_update/mul2_v_shft_reg[3][4]'.
Info    : Replacing a flip-flop with a logic constant 0. [GLO-12]
        : The instance is 'u_core/u_update/mul2_v_shft_reg[3][5]'.
Info    : Replacing a flip-flop with a logic constant 0. [GLO-12]
        : The instance is 'u_core/u_update/mul2_v_shft_reg[3][6]'.
Info    : Replacing a flip-flop with a logic constant 0. [GLO-12]
        : The instance is 'u_core/u_update/mul2_v_shft_reg[2][0]'.
Info    : Replacing a flip-flop with a logic constant 0. [GLO-12]
        : The instance is 'u_core/u_update/mul2_v_shft_reg[2][1]'.
Info    : Replacing a flip-flop with a logic constant 0. [GLO-12]
        : The instance is 'u_core/u_update/mul2_v_shft_reg[2][2]'.
Info    : Replacing a flip-flop with a logic constant 0. [GLO-12]
        : The instance is 'u_core/u_update/mul2_v_shft_reg[2][3]'.
Info    : Replacing a flip-flop with a logic constant 0. [GLO-12]
        : The instance is 'u_core/u_update/mul2_v_shft_reg[2][4]'.
Info    : Replacing a flip-flop with a logic constant 0. [GLO-12]
        : The instance is 'u_core/u_update/mul2_v_shft_reg[2][5]'.
Info    : Replacing a flip-flop with a logic constant 0. [GLO-12]
        : The instance is 'u_core/u_update/mul2_v_shft_reg[2][6]'.
Info    : Replacing a flip-flop with a logic constant 0. [GLO-12]
        : The instance is 'u_core/u_update/mul2_v_shft_reg[1][0]'.
Info    : Replacing a flip-flop with a logic constant 0. [GLO-12]
        : The instance is 'u_core/u_update/mul2_v_shft_reg[1][1]'.
Info    : Replacing a flip-flop with a logic constant 0. [GLO-12]
        : The instance is 'u_core/u_update/mul2_v_shft_reg[1][2]'.
Info    : Replacing a flip-flop with a logic constant 0. [GLO-12]
        : The instance is 'u_core/u_update/mul2_v_shft_reg[1][3]'.
Info    : Replacing a flip-flop with a logic constant 0. [GLO-12]
        : The instance is 'u_core/u_update/mul2_v_shft_reg[1][4]'.
Info    : Replacing a flip-flop with a logic constant 0. [GLO-12]
        : The instance is 'u_core/u_update/mul2_v_shft_reg[1][5]'.
Info    : Replacing a flip-flop with a logic constant 0. [GLO-12]
        : The instance is 'u_core/u_update/mul2_v_shft_reg[1][6]'.
Info    : Replacing a flip-flop with a logic constant 0. [GLO-12]
        : The instance is 'u_core/u_update/mul2_v_shft_reg[0][0]'.
Info    : Replacing a flip-flop with a logic constant 0. [GLO-12]
        : The instance is 'u_core/u_update/mul2_v_shft_reg[0][1]'.
Info    : Replacing a flip-flop with a logic constant 0. [GLO-12]
        : The instance is 'u_core/u_update/mul2_v_shft_reg[0][2]'.
Info    : Replacing a flip-flop with a logic constant 0. [GLO-12]
        : The instance is 'u_core/u_update/mul2_v_shft_reg[0][3]'.
Info    : Replacing a flip-flop with a logic constant 0. [GLO-12]
        : The instance is 'u_core/u_update/mul2_v_shft_reg[0][4]'.
Info    : Replacing a flip-flop with a logic constant 0. [GLO-12]
        : The instance is 'u_core/u_update/mul2_v_shft_reg[0][5]'.
Info    : Replacing a flip-flop with a logic constant 0. [GLO-12]
        : The instance is 'u_core/u_update/mul2_v_shft_reg[0][6]'.
Info    : Replacing a flip-flop with a logic constant 0. [GLO-12]
        : The instance is 'u_core/u_update/meta_wr_addr_reg[3]'.
Info    : Replacing a flip-flop with a logic constant 0. [GLO-12]
        : The instance is 'u_core/u_update/meta_wr_data_reg[80]'.
Info    : Replacing a flip-flop with a logic constant 0. [GLO-12]
        : The instance is 'u_core/u_update/meta_wr_data_reg[81]'.
Info    : Replacing a flip-flop with a logic constant 0. [GLO-12]
        : The instance is 'u_core/u_update/meta_wr_data_reg[82]'.
Info    : Replacing a flip-flop with a logic constant 0. [GLO-12]
        : The instance is 'u_core/u_update/meta_wr_data_reg[83]'.
Info    : Replacing a flip-flop with a logic constant 0. [GLO-12]
        : The instance is 'u_core/u_update/meta_wr_data_reg[84]'.
Info    : Replacing a flip-flop with a logic constant 0. [GLO-12]
        : The instance is 'u_core/u_update/meta_wr_data_reg[85]'.
Info    : Replacing a flip-flop with a logic constant 0. [GLO-12]
        : The instance is 'u_core/u_update/meta_wr_data_reg[86]'.
Info    : Replacing a flip-flop with a logic constant 0. [GLO-12]
        : The instance is 'u_core/u_update/meta_wr_data_reg[87]'.
Info    : Replacing a flip-flop with a logic constant 0. [GLO-12]
        : The instance is 'u_core/u_update/meta_wr_data_reg[88]'.
Info    : Replacing a flip-flop with a logic constant 0. [GLO-12]
        : The instance is 'u_core/u_update/meta_wr_data_reg[89]'.
Info    : Replacing a flip-flop with a logic constant 0. [GLO-12]
        : The instance is 'u_core/u_update/meta_wr_data_reg[90]'.
Info    : Replacing a flip-flop with a logic constant 0. [GLO-12]
        : The instance is 'u_core/u_update/meta_wr_data_reg[91]'.
Info    : Replacing a flip-flop with a logic constant 0. [GLO-12]
        : The instance is 'u_core/u_update/meta_wr_data_reg[92]'.
Info    : Replacing a flip-flop with a logic constant 0. [GLO-12]
        : The instance is 'u_core/u_update/meta_wr_data_reg[93]'.
Info    : Replacing a flip-flop with a logic constant 0. [GLO-12]
        : The instance is 'u_core/u_update/meta_wr_data_reg[94]'.
Info    : Replacing a flip-flop with a logic constant 0. [GLO-12]
        : The instance is 'u_core/u_update/meta_wr_data_reg[95]'.
Info    : Replacing a flip-flop with a logic constant 0. [GLO-12]
        : The instance is 'u_core/u_update/meta_wr_data_reg[96]'.
Info    : Replacing a flip-flop with a logic constant 0. [GLO-12]
        : The instance is 'u_core/u_update/meta_wr_data_reg[97]'.
Info    : Replacing a flip-flop with a logic constant 0. [GLO-12]
        : The instance is 'u_core/u_update/meta_wr_data_reg[98]'.
Info    : Replacing a flip-flop with a logic constant 0. [GLO-12]
        : The instance is 'u_core/u_update/meta_wr_data_reg[99]'.
Info    : Replacing a flip-flop with a logic constant 0. [GLO-12]
        : The instance is 'u_core/u_update/meta_wr_data_reg[100]'.
Info    : Replacing a flip-flop with a logic constant 0. [GLO-12]
        : The instance is 'u_core/u_update/meta_wr_data_reg[101]'.
Info    : Replacing a flip-flop with a logic constant 0. [GLO-12]
        : The instance is 'u_core/u_update/meta_wr_data_reg[102]'.
Info    : Replacing a flip-flop with a logic constant 0. [GLO-12]
        : The instance is 'u_core/u_update/meta_wr_data_reg[103]'.
Info    : Replacing a flip-flop with a logic constant 0. [GLO-12]
        : The instance is 'u_core/u_update/meta_wr_data_reg[104]'.
Info    : Replacing a flip-flop with a logic constant 0. [GLO-12]
        : The instance is 'u_core/u_update/meta_wr_data_reg[105]'.
Info    : Replacing a flip-flop with a logic constant 0. [GLO-12]
        : The instance is 'u_core/u_update/meta_wr_data_reg[106]'.
Info    : Replacing a flip-flop with a logic constant 0. [GLO-12]
        : The instance is 'u_core/u_update/meta_wr_data_reg[107]'.
Info    : Replacing a flip-flop with a logic constant 0. [GLO-12]
        : The instance is 'u_core/u_update/meta_wr_data_reg[108]'.
Info    : Replacing a flip-flop with a logic constant 0. [GLO-12]
        : The instance is 'u_core/u_update/meta_wr_data_reg[109]'.
Info    : Replacing a flip-flop with a logic constant 0. [GLO-12]
        : The instance is 'u_core/u_update/meta_wr_data_reg[110]'.
Info    : Replacing a flip-flop with a logic constant 0. [GLO-12]
        : The instance is 'u_core/u_update/meta_wr_data_reg[111]'.
Info    : Replacing a flip-flop with a logic constant 0. [GLO-12]
        : The instance is 'u_core/u_update/meta_wr_data_reg[112]'.
Info    : Replacing a flip-flop with a logic constant 0. [GLO-12]
        : The instance is 'u_core/u_update/meta_wr_data_reg[113]'.
Info    : Replacing a flip-flop with a logic constant 0. [GLO-12]
        : The instance is 'u_core/u_update/meta_wr_data_reg[114]'.
Info    : Replacing a flip-flop with a logic constant 0. [GLO-12]
        : The instance is 'u_core/u_update/meta_wr_data_reg[115]'.
Info    : Replacing a flip-flop with a logic constant 0. [GLO-12]
        : The instance is 'u_core/u_update/meta_wr_data_reg[116]'.
Info    : Replacing a flip-flop with a logic constant 0. [GLO-12]
        : The instance is 'u_core/u_update/meta_wr_data_reg[117]'.
Info    : Replacing a flip-flop with a logic constant 0. [GLO-12]
        : The instance is 'u_core/u_update/meta_wr_data_reg[118]'.
Info    : Replacing a flip-flop with a logic constant 0. [GLO-12]
        : The instance is 'u_core/u_update/meta_wr_data_reg[119]'.
Info    : Replacing a flip-flop with a logic constant 0. [GLO-12]
        : The instance is 'u_core/u_update/meta_wr_data_reg[120]'.
Info    : Replacing a flip-flop with a logic constant 0. [GLO-12]
        : The instance is 'u_core/u_update/meta_wr_data_reg[121]'.
Info    : Replacing a flip-flop with a logic constant 0. [GLO-12]
        : The instance is 'u_core/u_update/meta_wr_data_reg[122]'.
Info    : Replacing a flip-flop with a logic constant 0. [GLO-12]
        : The instance is 'u_core/u_update/meta_wr_data_reg[123]'.
Info    : Replacing a flip-flop with a logic constant 0. [GLO-12]
        : The instance is 'u_core/u_update/meta_wr_data_reg[124]'.
Info    : Replacing a flip-flop with a logic constant 0. [GLO-12]
        : The instance is 'u_core/u_update/meta_wr_data_reg[125]'.
Info    : Replacing a flip-flop with a logic constant 0. [GLO-12]
        : The instance is 'u_core/u_update/meta_wr_data_reg[126]'.
Info    : Replacing a flip-flop with a logic constant 0. [GLO-12]
        : The instance is 'u_core/u_update/meta_wr_data_reg[127]'.
Info    : Replacing a flip-flop with a logic constant 0. [GLO-12]
        : The instance is 'u_perf/update_quarter_count_reg[0]'.
Info    : Replacing a flip-flop with a logic constant 0. [GLO-12]
        : The instance is 'u_perf/update_quarter_count_reg[1]'.
Info    : Replacing a flip-flop with a logic constant 0. [GLO-12]
        : The instance is 'u_perf/update_quarter_count_reg[2]'.
Info    : Replacing a flip-flop with a logic constant 0. [GLO-12]
        : The instance is 'u_perf/update_quarter_count_reg[3]'.
Info    : Replacing a flip-flop with a logic constant 0. [GLO-12]
        : The instance is 'u_perf/update_quarter_count_reg[4]'.
Info    : Replacing a flip-flop with a logic constant 0. [GLO-12]
        : The instance is 'u_perf/update_quarter_count_reg[5]'.
Info    : Replacing a flip-flop with a logic constant 0. [GLO-12]
        : The instance is 'u_perf/update_quarter_count_reg[6]'.
Info    : Replacing a flip-flop with a logic constant 0. [GLO-12]
        : The instance is 'u_perf/update_quarter_count_reg[7]'.
Info    : Replacing a flip-flop with a logic constant 0. [GLO-12]
        : The instance is 'u_perf/update_quarter_count_reg[8]'.
Info    : Replacing a flip-flop with a logic constant 0. [GLO-12]
        : The instance is 'u_perf/update_quarter_count_reg[9]'.
Info    : Replacing a flip-flop with a logic constant 0. [GLO-12]
        : The instance is 'u_perf/update_quarter_count_reg[10]'.
Info    : Replacing a flip-flop with a logic constant 0. [GLO-12]
        : The instance is 'u_perf/update_quarter_count_reg[11]'.
Info    : Replacing a flip-flop with a logic constant 0. [GLO-12]
        : The instance is 'u_perf/update_quarter_count_reg[12]'.
Info    : Replacing a flip-flop with a logic constant 0. [GLO-12]
        : The instance is 'u_perf/update_quarter_count_reg[13]'.
Info    : Replacing a flip-flop with a logic constant 0. [GLO-12]
        : The instance is 'u_perf/update_quarter_count_reg[14]'.
Info    : Replacing a flip-flop with a logic constant 0. [GLO-12]
        : The instance is 'u_perf/update_quarter_count_reg[15]'.
Info    : Replacing a flip-flop with a logic constant 0. [GLO-12]
        : The instance is 'u_perf/update_quarter_count_reg[16]'.
Info    : Replacing a flip-flop with a logic constant 0. [GLO-12]
        : The instance is 'u_perf/update_quarter_count_reg[17]'.
Info    : Replacing a flip-flop with a logic constant 0. [GLO-12]
        : The instance is 'u_perf/update_quarter_count_reg[18]'.
Info    : Replacing a flip-flop with a logic constant 0. [GLO-12]
        : The instance is 'u_perf/update_quarter_count_reg[19]'.
Info    : Replacing a flip-flop with a logic constant 0. [GLO-12]
        : The instance is 'u_perf/update_quarter_count_reg[20]'.
Info    : Replacing a flip-flop with a logic constant 0. [GLO-12]
        : The instance is 'u_perf/update_quarter_count_reg[21]'.
Info    : Replacing a flip-flop with a logic constant 0. [GLO-12]
        : The instance is 'u_perf/update_quarter_count_reg[22]'.
Info    : Replacing a flip-flop with a logic constant 0. [GLO-12]
        : The instance is 'u_perf/update_quarter_count_reg[23]'.
Info    : Replacing a flip-flop with a logic constant 0. [GLO-12]
        : The instance is 'u_perf/update_quarter_count_reg[24]'.
Info    : Replacing a flip-flop with a logic constant 0. [GLO-12]
        : The instance is 'u_perf/update_quarter_count_reg[25]'.
Info    : Replacing a flip-flop with a logic constant 0. [GLO-12]
        : The instance is 'u_perf/update_quarter_count_reg[26]'.
Info    : Replacing a flip-flop with a logic constant 0. [GLO-12]
        : The instance is 'u_perf/update_quarter_count_reg[27]'.
Info    : Replacing a flip-flop with a logic constant 0. [GLO-12]
        : The instance is 'u_perf/update_quarter_count_reg[28]'.
Info    : Replacing a flip-flop with a logic constant 0. [GLO-12]
        : The instance is 'u_perf/update_quarter_count_reg[29]'.
Info    : Replacing a flip-flop with a logic constant 0. [GLO-12]
        : The instance is 'u_perf/update_quarter_count_reg[30]'.
Info    : Replacing a flip-flop with a logic constant 0. [GLO-12]
        : The instance is 'u_perf/update_quarter_count_reg[31]'.
Info    : Replacing a flip-flop with a logic constant 0. [GLO-12]
        : The instance is 'u_perf/update_quarter_count_reg[32]'.
Info    : Replacing a flip-flop with a logic constant 0. [GLO-12]
        : The instance is 'u_perf/update_quarter_count_reg[33]'.
Info    : Replacing a flip-flop with a logic constant 0. [GLO-12]
        : The instance is 'u_perf/update_quarter_count_reg[34]'.
Info    : Replacing a flip-flop with a logic constant 0. [GLO-12]
        : The instance is 'u_perf/update_quarter_count_reg[35]'.
Info    : Replacing a flip-flop with a logic constant 0. [GLO-12]
        : The instance is 'u_perf/update_quarter_count_reg[36]'.
Info    : Replacing a flip-flop with a logic constant 0. [GLO-12]
        : The instance is 'u_perf/update_quarter_count_reg[37]'.
Info    : Replacing a flip-flop with a logic constant 0. [GLO-12]
        : The instance is 'u_perf/update_quarter_count_reg[38]'.
Info    : Replacing a flip-flop with a logic constant 0. [GLO-12]
        : The instance is 'u_perf/update_quarter_count_reg[39]'.
Info    : Replacing a flip-flop with a logic constant 0. [GLO-12]
        : The instance is 'u_perf/update_quarter_count_reg[40]'.
Info    : Replacing a flip-flop with a logic constant 0. [GLO-12]
        : The instance is 'u_perf/update_quarter_count_reg[41]'.
Info    : Replacing a flip-flop with a logic constant 0. [GLO-12]
        : The instance is 'u_perf/update_quarter_count_reg[42]'.
Info    : Replacing a flip-flop with a logic constant 0. [GLO-12]
        : The instance is 'u_perf/update_quarter_count_reg[43]'.
Info    : Replacing a flip-flop with a logic constant 0. [GLO-12]
        : The instance is 'u_perf/update_quarter_count_reg[44]'.
Info    : Replacing a flip-flop with a logic constant 0. [GLO-12]
        : The instance is 'u_perf/update_quarter_count_reg[45]'.
Info    : Replacing a flip-flop with a logic constant 0. [GLO-12]
        : The instance is 'u_perf/update_quarter_count_reg[46]'.
Info    : Replacing a flip-flop with a logic constant 0. [GLO-12]
        : The instance is 'u_perf/update_quarter_count_reg[47]'.
Info    : Replacing a flip-flop with a logic constant 0. [GLO-12]
        : The instance is 'u_perf/update_quarter_count_reg[48]'.
Info    : Replacing a flip-flop with a logic constant 0. [GLO-12]
        : The instance is 'u_perf/update_quarter_count_reg[49]'.
Info    : Replacing a flip-flop with a logic constant 0. [GLO-12]
        : The instance is 'u_perf/update_quarter_count_reg[50]'.
Info    : Replacing a flip-flop with a logic constant 0. [GLO-12]
        : The instance is 'u_perf/update_quarter_count_reg[51]'.
Info    : Replacing a flip-flop with a logic constant 0. [GLO-12]
        : The instance is 'u_perf/update_quarter_count_reg[52]'.
Info    : Replacing a flip-flop with a logic constant 0. [GLO-12]
        : The instance is 'u_perf/update_quarter_count_reg[53]'.
Info    : Replacing a flip-flop with a logic constant 0. [GLO-12]
        : The instance is 'u_perf/update_quarter_count_reg[54]'.
Info    : Replacing a flip-flop with a logic constant 0. [GLO-12]
        : The instance is 'u_perf/update_quarter_count_reg[55]'.
Info    : Replacing a flip-flop with a logic constant 0. [GLO-12]
        : The instance is 'u_perf/update_quarter_count_reg[56]'.
Info    : Replacing a flip-flop with a logic constant 0. [GLO-12]
        : The instance is 'u_perf/update_quarter_count_reg[57]'.
Info    : Replacing a flip-flop with a logic constant 0. [GLO-12]
        : The instance is 'u_perf/update_quarter_count_reg[58]'.
Info    : Replacing a flip-flop with a logic constant 0. [GLO-12]
        : The instance is 'u_perf/update_quarter_count_reg[59]'.
Info    : Replacing a flip-flop with a logic constant 0. [GLO-12]
        : The instance is 'u_perf/update_quarter_count_reg[60]'.
Info    : Replacing a flip-flop with a logic constant 0. [GLO-12]
        : The instance is 'u_perf/update_quarter_count_reg[61]'.
Info    : Replacing a flip-flop with a logic constant 0. [GLO-12]
        : The instance is 'u_perf/update_quarter_count_reg[62]'.
Info    : Replacing a flip-flop with a logic constant 0. [GLO-12]
        : The instance is 'u_perf/update_quarter_count_reg[63]'.
Info    : Replacing a flip-flop with a logic constant 0. [GLO-12]
        : The instance is 'u_q_adapter/u_store/q_rw_addr_reg[5]'.
Info    : Replacing a flip-flop with a logic constant 0. [GLO-12]
        : The instance is 'u_regs/s_bresp_reg[0]'.
Info    : Replacing a flip-flop with a logic constant 0. [GLO-12]
        : The instance is 'u_regs/s_bresp_reg[1]'.
Info    : Replacing a flip-flop with a logic constant 0. [GLO-12]
        : The instance is 'u_regs/s_rresp_reg[0]'.
Info    : Replacing a flip-flop with a logic constant 0. [GLO-12]
        : The instance is 'u_regs/s_rresp_reg[1]'.
Info    : Replacing a flip-flop with a logic constant 0. [GLO-12]
        : The instance is 'u_dma/u_read/done_tag_reg[5]'.
Info    : Replacing a flip-flop with a logic constant 0. [GLO-12]
        : The instance is 'u_dma/u_write/done_tag_reg[5]'.
Info    : Replacing a flip-flop with a logic constant 0. [GLO-12]
        : The instance is 'u_q_adapter/q_rw_addr_reg[5]'.
Info    : Replacing a flip-flop with a logic constant 0. [GLO-12]
        : The instance is 'u_finalize/u_recip/dividend_reg_reg[1]'.
Info    : Replacing a flip-flop with a logic constant 0. [GLO-12]
        : The instance is 'u_finalize/u_recip/dividend_reg_reg[2]'.
Info    : Replacing a flip-flop with a logic constant 0. [GLO-12]
        : The instance is 'u_finalize/u_recip/dividend_reg_reg[3]'.
Info    : Replacing a flip-flop with a logic constant 0. [GLO-12]
        : The instance is 'u_finalize/u_recip/dividend_reg_reg[4]'.
Info    : Replacing a flip-flop with a logic constant 0. [GLO-12]
        : The instance is 'u_finalize/u_recip/dividend_reg_reg[5]'.
Info    : Replacing a flip-flop with a logic constant 0. [GLO-12]
        : The instance is 'u_finalize/u_recip/dividend_reg_reg[6]'.
Info    : Replacing a flip-flop with a logic constant 0. [GLO-12]
        : The instance is 'u_finalize/u_recip/dividend_reg_reg[7]'.
Info    : Replacing a flip-flop with a logic constant 0. [GLO-12]
        : The instance is 'u_finalize/u_recip/dividend_reg_reg[8]'.
Info    : Replacing a flip-flop with a logic constant 0. [GLO-12]
        : The instance is 'u_finalize/u_recip/dividend_reg_reg[9]'.
Info    : Replacing a flip-flop with a logic constant 0. [GLO-12]
        : The instance is 'u_finalize/u_recip/dividend_reg_reg[10]'.
Info    : Replacing a flip-flop with a logic constant 0. [GLO-12]
        : The instance is 'u_finalize/u_recip/dividend_reg_reg[11]'.
Info    : Replacing a flip-flop with a logic constant 0. [GLO-12]
        : The instance is 'u_finalize/u_recip/dividend_reg_reg[12]'.
Info    : Replacing a flip-flop with a logic constant 0. [GLO-12]
        : The instance is 'u_finalize/u_recip/dividend_reg_reg[13]'.
Info    : Replacing a flip-flop with a logic constant 0. [GLO-12]
        : The instance is 'u_finalize/u_recip/dividend_reg_reg[14]'.
Info    : Replacing a flip-flop with a logic constant 0. [GLO-12]
        : The instance is 'u_finalize/u_recip/dividend_reg_reg[15]'.
Info    : Replacing a flip-flop with a logic constant 0. [GLO-12]
        : The instance is 'u_finalize/u_recip/dividend_reg_reg[16]'.
Info    : Replacing a flip-flop with a logic constant 0. [GLO-12]
        : The instance is 'u_finalize/u_recip/dividend_reg_reg[17]'.
Info    : Replacing a flip-flop with a logic constant 0. [GLO-12]
        : The instance is 'u_finalize/u_recip/dividend_reg_reg[18]'.
Info    : Replacing a flip-flop with a logic constant 0. [GLO-12]
        : The instance is 'u_finalize/u_recip/dividend_reg_reg[19]'.
Info    : Replacing a flip-flop with a logic constant 0. [GLO-12]
        : The instance is 'u_finalize/u_recip/dividend_reg_reg[20]'.
Info    : Replacing a flip-flop with a logic constant 0. [GLO-12]
        : The instance is 'u_finalize/u_recip/dividend_reg_reg[21]'.
Info    : Replacing a flip-flop with a logic constant 0. [GLO-12]
        : The instance is 'u_finalize/u_recip/dividend_reg_reg[22]'.
Info    : Replacing a flip-flop with a logic constant 0. [GLO-12]
        : The instance is 'u_finalize/u_recip/dividend_reg_reg[23]'.
Info    : Replacing a flip-flop with a logic constant 0. [GLO-12]
        : The instance is 'u_finalize/u_recip/dividend_reg_reg[24]'.
Info    : Replacing a flip-flop with a logic constant 0. [GLO-12]
        : The instance is 'u_finalize/u_recip/dividend_reg_reg[25]'.
Info    : Replacing a flip-flop with a logic constant 0. [GLO-12]
        : The instance is 'u_finalize/u_recip/dividend_reg_reg[26]'.
Info    : Replacing a flip-flop with a logic constant 0. [GLO-12]
        : The instance is 'u_finalize/u_recip/dividend_reg_reg[27]'.
Info    : Replacing a flip-flop with a logic constant 0. [GLO-12]
        : The instance is 'u_finalize/u_recip/dividend_reg_reg[28]'.
Info    : Replacing a flip-flop with a logic constant 0. [GLO-12]
        : The instance is 'u_finalize/u_recip/dividend_reg_reg[29]'.
Info    : Replacing a flip-flop with a logic constant 0. [GLO-12]
        : The instance is 'u_finalize/u_recip/dividend_reg_reg[30]'.
Info    : Replacing a flip-flop with a logic constant 0. [GLO-12]
        : The instance is 'u_finalize/u_recip/dividend_reg_reg[31]'.
Info    : Replacing a flip-flop with a logic constant 0. [GLO-12]
        : The instance is 'u_finalize/u_recip/dividend_reg_reg[32]'.
Info    : Replacing a flip-flop with a logic constant 0. [GLO-12]
        : The instance is 'u_finalize/u_recip/dividend_reg_reg[33]'.
Info    : Replacing a flip-flop with a logic constant 0. [GLO-12]
        : The instance is 'u_finalize/u_recip/dividend_reg_reg[34]'.
Info    : Replacing a flip-flop with a logic constant 0. [GLO-12]
        : The instance is 'u_finalize/u_recip/dividend_reg_reg[35]'.
Info    : Replacing a flip-flop with a logic constant 0. [GLO-12]
        : The instance is 'u_finalize/u_recip/dividend_reg_reg[36]'.
Info    : Replacing a flip-flop with a logic constant 0. [GLO-12]
        : The instance is 'u_finalize/u_recip/dividend_reg_reg[37]'.
Info    : Replacing a flip-flop with a logic constant 0. [GLO-12]
        : The instance is 'u_finalize/u_recip/dividend_reg_reg[38]'.
Info    : Replacing a flip-flop with a logic constant 0. [GLO-12]
        : The instance is 'u_finalize/u_recip/dividend_reg_reg[39]'.
Info    : Replacing a flip-flop with a logic constant 0. [GLO-12]
        : The instance is 'u_finalize/u_recip/dividend_reg_reg[40]'.
Info    : Replacing a flip-flop with a logic constant 0. [GLO-12]
        : The instance is 'u_finalize/u_recip/dividend_reg_reg[41]'.
Info    : Replacing a flip-flop with a logic constant 0. [GLO-12]
        : The instance is 'u_finalize/u_recip/dividend_reg_reg[42]'.
Info    : Replacing a flip-flop with a logic constant 0. [GLO-12]
        : The instance is 'u_finalize/u_recip/dividend_reg_reg[43]'.
Info    : Replacing a flip-flop with a logic constant 0. [GLO-12]
        : The instance is 'u_finalize/u_recip/dividend_reg_reg[44]'.
Info    : Replacing a flip-flop with a logic constant 0. [GLO-12]
        : The instance is 'u_finalize/u_recip/dividend_reg_reg[45]'.
Info    : Replacing a flip-flop with a logic constant 0. [GLO-12]
        : The instance is 'u_finalize/u_recip/dividend_reg_reg[46]'.
Info    : Replacing a flip-flop with a logic constant 0. [GLO-12]
        : The instance is 'u_finalize/u_recip/dividend_reg_reg[47]'.
Info    : Replacing a flip-flop with a logic constant 0. [GLO-12]
        : The instance is 'u_finalize/u_recip/dividend_reg_reg[48]'.
Info    : Replacing a flip-flop with a logic constant 0. [GLO-12]
        : The instance is 'u_finalize/u_recip/dividend_reg_reg[49]'.
Info    : Replacing a flip-flop with a logic constant 0. [GLO-12]
        : The instance is 'u_finalize/u_recip/dividend_reg_reg[50]'.
Info    : Replacing a flip-flop with a logic constant 0. [GLO-12]
        : The instance is 'u_finalize/u_recip/dividend_reg_reg[51]'.
Info    : Replacing a flip-flop with a logic constant 0. [GLO-12]
        : The instance is 'u_finalize/u_recip/dividend_reg_reg[52]'.
Info    : Replacing a flip-flop with a logic constant 0. [GLO-12]
        : The instance is 'u_finalize/u_recip/dividend_reg_reg[53]'.
Info    : Replacing a flip-flop with a logic constant 0. [GLO-12]
        : The instance is 'u_finalize/u_recip/dividend_reg_reg[54]'.
Info    : Replacing a flip-flop with a logic constant 0. [GLO-12]
        : The instance is 'u_finalize/u_recip/dividend_reg_reg[55]'.
Info    : Replacing a flip-flop with a logic constant 0. [GLO-12]
        : The instance is 'u_finalize/u_recip/dividend_reg_reg[56]'.
Info    : Replacing a flip-flop with a logic constant 0. [GLO-12]
        : The instance is 'u_finalize/u_recip/dividend_reg_reg[57]'.
Info    : Replacing a flip-flop with a logic constant 0. [GLO-12]
        : The instance is 'u_finalize/u_recip/dividend_reg_reg[58]'.
Info    : Replacing a flip-flop with a logic constant 0. [GLO-12]
        : The instance is 'u_finalize/u_recip/dividend_reg_reg[59]'.
Info    : Replacing a flip-flop with a logic constant 0. [GLO-12]
        : The instance is 'u_core/u_update/u_acc_sram/g_bank[0].u_bank/rw_rvalid_d1_reg'.
Info    : Replacing a flip-flop with a logic constant 0. [GLO-12]
        : The instance is 'u_core/u_update/u_acc_sram/g_bank[1].u_bank/rw_rvalid_d1_reg'.
Info    : Replacing a flip-flop with a logic constant 0. [GLO-12]
        : The instance is 'u_core/u_update/u_acc_sram/g_bank[2].u_bank/rw_rvalid_d1_reg'.
Info    : Replacing a flip-flop with a logic constant 0. [GLO-12]
        : The instance is 'u_core/u_update/u_acc_sram/g_bank[3].u_bank/rw_rvalid_d1_reg'.
Info    : Replacing a flip-flop with a logic constant 0. [GLO-12]
        : The instance is 'u_core/u_update/u_acc_sram/g_bank[4].u_bank/rw_rvalid_d1_reg'.
Info    : Replacing a flip-flop with a logic constant 0. [GLO-12]
        : The instance is 'u_core/u_update/u_acc_sram/g_bank[5].u_bank/rw_rvalid_d1_reg'.
Info    : Replacing a flip-flop with a logic constant 0. [GLO-12]
        : The instance is 'u_core/u_update/u_acc_sram/g_bank[6].u_bank/rw_rvalid_d1_reg'.
Info    : Replacing a flip-flop with a logic constant 0. [GLO-12]
        : The instance is 'u_core/u_update/u_acc_sram/g_bank[7].u_bank/rw_rvalid_d1_reg'.
Info    : Replacing a flip-flop with a logic constant 0. [GLO-12]
        : The instance is 'u_core/u_update/u_acc_sram/g_bank[8].u_bank/rw_rvalid_d1_reg'.
Info    : Replacing a flip-flop with a logic constant 0. [GLO-12]
        : The instance is 'u_core/u_update/u_acc_sram/g_bank[9].u_bank/rw_rvalid_d1_reg'.
Info    : Replacing a flip-flop with a logic constant 0. [GLO-12]
        : The instance is 'u_core/u_update/u_acc_sram/g_bank[10].u_bank/rw_rvalid_d1_reg'.
Info    : Replacing a flip-flop with a logic constant 0. [GLO-12]
        : The instance is 'u_core/u_update/u_acc_sram/g_bank[11].u_bank/rw_rvalid_d1_reg'.
Info    : Replacing a flip-flop with a logic constant 0. [GLO-12]
        : The instance is 'u_core/u_update/u_acc_sram/g_bank[0].u_bank/rw_rvalid_reg'.
Info    : Replacing a flip-flop with a logic constant 0. [GLO-12]
        : The instance is 'u_core/u_update/u_acc_sram/g_bank[1].u_bank/rw_rvalid_reg'.
Info    : Replacing a flip-flop with a logic constant 0. [GLO-12]
        : The instance is 'u_core/u_update/u_acc_sram/g_bank[2].u_bank/rw_rvalid_reg'.
Info    : Replacing a flip-flop with a logic constant 0. [GLO-12]
        : The instance is 'u_core/u_update/u_acc_sram/g_bank[3].u_bank/rw_rvalid_reg'.
Info    : Replacing a flip-flop with a logic constant 0. [GLO-12]
        : The instance is 'u_core/u_update/u_acc_sram/g_bank[4].u_bank/rw_rvalid_reg'.
Info    : Replacing a flip-flop with a logic constant 0. [GLO-12]
        : The instance is 'u_core/u_update/u_acc_sram/g_bank[5].u_bank/rw_rvalid_reg'.
Info    : Replacing a flip-flop with a logic constant 0. [GLO-12]
        : The instance is 'u_core/u_update/u_acc_sram/g_bank[6].u_bank/rw_rvalid_reg'.
Info    : Replacing a flip-flop with a logic constant 0. [GLO-12]
        : The instance is 'u_core/u_update/u_acc_sram/g_bank[7].u_bank/rw_rvalid_reg'.
Info    : Replacing a flip-flop with a logic constant 0. [GLO-12]
        : The instance is 'u_core/u_update/u_acc_sram/g_bank[8].u_bank/rw_rvalid_reg'.
Info    : Replacing a flip-flop with a logic constant 0. [GLO-12]
        : The instance is 'u_core/u_update/u_acc_sram/g_bank[9].u_bank/rw_rvalid_reg'.
Info    : Replacing a flip-flop with a logic constant 0. [GLO-12]
        : The instance is 'u_core/u_update/u_acc_sram/g_bank[10].u_bank/rw_rvalid_reg'.
Info    : Replacing a flip-flop with a logic constant 0. [GLO-12]
        : The instance is 'u_core/u_update/u_acc_sram/g_bank[11].u_bank/rw_rvalid_reg'.
Info    : Replacing a flip-flop with a logic constant 0. [GLO-12]
        : The instance is 'u_core/u_dot/u_k_sram/rw_read_d1_reg'.
Info    : Replacing a flip-flop with a logic constant 0. [GLO-12]
        : The instance is 'u_core/u_dot/u_k_sram/rw_read_d2_reg'.
Info    : Replacing a flip-flop with a logic constant 0. [GLO-12]
        : The instance is 'u_core/u_update/u_meta_sram/u_hi/rw_rvalid_d1_reg'.
Info    : Replacing a flip-flop with a logic constant 0. [GLO-12]
        : The instance is 'u_core/u_update/u_meta_sram/u_lo/rw_rvalid_d1_reg'.
Info    : Replacing a flip-flop with a logic constant 0. [GLO-12]
        : The instance is 'u_core/u_update/u_meta_sram/u_hi/rw_rvalid_reg'.
Info    : Replacing a flip-flop with a logic constant 0. [GLO-12]
        : The instance is 'u_core/u_update/u_meta_sram/u_lo/rw_rvalid_reg'.
Info    : Replacing a flip-flop with a logic constant 0. [GLO-12]
        : The instance is 'u_core/u_dot/u_k_sram/g_bank[0].u_bank/rw_rvalid_d1_reg'.
Info    : Replacing a flip-flop with a logic constant 0. [GLO-12]
        : The instance is 'u_core/u_dot/u_k_sram/g_bank[1].u_bank/rw_rvalid_d1_reg'.
Info    : Replacing a flip-flop with a logic constant 0. [GLO-12]
        : The instance is 'u_core/u_dot/u_k_sram/g_bank[2].u_bank/rw_rvalid_d1_reg'.
Info    : Replacing a flip-flop with a logic constant 0. [GLO-12]
        : The instance is 'u_core/u_dot/u_k_sram/g_bank[3].u_bank/rw_rvalid_d1_reg'.
Info    : Replacing a flip-flop with a logic constant 0. [GLO-12]
        : The instance is 'u_core/u_dot/u_k_sram/g_bank[4].u_bank/rw_rvalid_d1_reg'.
Info    : Replacing a flip-flop with a logic constant 0. [GLO-12]
        : The instance is 'u_core/u_dot/u_k_sram/g_bank[5].u_bank/rw_rvalid_d1_reg'.
Info    : Replacing a flip-flop with a logic constant 0. [GLO-12]
        : The instance is 'u_core/u_dot/u_k_sram/g_bank[6].u_bank/rw_rvalid_d1_reg'.
Info    : Replacing a flip-flop with a logic constant 0. [GLO-12]
        : The instance is 'u_core/u_dot/u_k_sram/g_bank[7].u_bank/rw_rvalid_d1_reg'.
Info    : Replacing a flip-flop with a logic constant 0. [GLO-12]
        : The instance is 'u_core/u_dot/u_k_sram/g_bank[0].u_bank/rw_rvalid_reg'.
Info    : Replacing a flip-flop with a logic constant 0. [GLO-12]
        : The instance is 'u_core/u_dot/u_k_sram/g_bank[1].u_bank/rw_rvalid_reg'.
Info    : Replacing a flip-flop with a logic constant 0. [GLO-12]
        : The instance is 'u_core/u_dot/u_k_sram/g_bank[2].u_bank/rw_rvalid_reg'.
Info    : Replacing a flip-flop with a logic constant 0. [GLO-12]
        : The instance is 'u_core/u_dot/u_k_sram/g_bank[3].u_bank/rw_rvalid_reg'.
Info    : Replacing a flip-flop with a logic constant 0. [GLO-12]
        : The instance is 'u_core/u_dot/u_k_sram/g_bank[4].u_bank/rw_rvalid_reg'.
Info    : Replacing a flip-flop with a logic constant 0. [GLO-12]
        : The instance is 'u_core/u_dot/u_k_sram/g_bank[5].u_bank/rw_rvalid_reg'.
Info    : Replacing a flip-flop with a logic constant 0. [GLO-12]
        : The instance is 'u_core/u_dot/u_k_sram/g_bank[6].u_bank/rw_rvalid_reg'.
Info    : Replacing a flip-flop with a logic constant 0. [GLO-12]
        : The instance is 'u_core/u_dot/u_k_sram/g_bank[7].u_bank/rw_rvalid_reg'.
Info    : Replacing a flip-flop with a logic constant 0. [GLO-12]
        : The instance is 'u_finalize/pack_slot_reg_reg[2]'.
Info    : Replacing a flip-flop with a logic constant 0. [GLO-12]
        : The instance is 'u_dma/u_read/burst_beats_reg_reg[7]'.
...done running DP early constant propagation (89 seconds CPU time, 46 seconds wall time, netlist fa_top).
Info    : Deleting instances not driving any primary outputs. [GLO-34]
        : Deleting 2032 sequential instances.
Info    : Deleting instances not driving any primary outputs. [GLO-34]
        : Deleting 16 hierarchical instances.
Current PLE settings:

Aspect ratio        : 0.998
Shrink factor       : 1.000
Scale of res/length : 1.000
Scale of cap/length : 1.000
Net derating factor : 1.000
Thermal factor      : 1.000
Via Resistance      : 6.862 ohm (from qrc_tech_file)
Site size           : 3.810 um (from lef [tech+cell])

                                   Capacitance  
  Layer                             / Length         Data source:
Name        Direction Utilization  (pF/micron)       qrc_tech_file
------------------------------------------------
li1             V         0.00        0.000204  
met1            H         1.00        0.000303  
met2            V         1.00        0.000295  
met3            H         1.00        0.000342  
met4            V         1.00        0.000322  
met5            H         1.00        0.000304  

                                    Resistance   
  Layer                              / Length         Data source:
Name        Direction Utilization  (ohm/micron)       qrc_tech_file
-------------------------------------------------
li1             V         0.00        68.241675  
met1            H         1.00         1.217961  
met2            V         1.00         1.218041  
met3            H         1.00         0.167980  
met4            V         1.00         0.167980  
met5            H         1.00         0.018544  

                                        Area     
  Layer                               / Length        Data source:
Name        Direction Utilization     (micron)        lef_library
-------------------------------------------------
li1             V         0.00         0.170000  
met1            H         1.00         0.140000  
met2            V         1.00         0.140000  
met3            H         1.00         0.300000  
met4            V         1.00         0.300000  
met5            H         1.00         1.600000  

Info    : Synthesizing. [SYNTH-1]
        : Synthesizing 'fa_top' to generic gates using 'medium' effort.
Warning : This attribute will be obsolete in a next major release. [TUI-32]
        : attribute: 'pam_cone_opt_global_buffering', object type: 'root'
Warning : This attribute will be obsolete in a next major release. [TUI-32]
        : attribute: 'pam_cone_opt_skip_annotation', object type: 'root'
Warning : This attribute will be obsolete in a next major release. [TUI-32]
        : attribute: 'pam_cone_opt_zero_pa', object type: 'root'
Running Synthesis Turbo Flow Version 4.
Info    : Enabling Partition Based Synthesis. [PBS-1]
        : Starting distributed generic optimization.
Processing pre-genopt PAS flow...
Info    : Attempting to launch a super-threading server. [ST-120]
        : Attempting to Launch server 1 of 16.
        : The tool is entering super-threading mode and is launching a CPU server process.  This is enabled by the root attribute 'super_thread_servers' or 'auto_super_thread'.
Info    : Connection established with super-threading server. [ST-110]
        : The server '8_1_0' is forked process '2655385' on machine 'sh02lo01'.
        : The tool is entering super-threading mode and has established a connection with a CPU server process.  This is enabled by the root attributes 'super_thread_servers' or 'auto_super_thread'.
Info    : Attempting to launch a super-threading server. [ST-120]
        : Attempting to Launch server 2 of 16.
Info    : Connection established with super-threading server. [ST-110]
        : The server 'localhost_1_1' is forked process '2655387' on this host.
Info    : Connection established with super-threading server. [ST-110]
        : The server '8_1_2' is forked process '2655394' on machine 'sh02lo01'.
Info    : Connection established with super-threading server. [ST-110]
        : The server '8_1_3' is forked process '2655396' on machine 'sh02lo01'.
Info    : Connection established with super-threading server. [ST-110]
        : The server '8_1_4' is forked process '2655398' on machine 'sh02lo01'.
Info    : Connection established with super-threading server. [ST-110]
        : The server '8_1_5' is forked process '2655400' on machine 'sh02lo01'.
Info    : Connection established with super-threading server. [ST-110]
        : The server '8_1_6' is forked process '2655402' on machine 'sh02lo01'.
Info    : Connection established with super-threading server. [ST-110]
        : The server '8_1_7' is forked process '2655404' on machine 'sh02lo01'.
Checking out license: Genus_CPU_Opt
[10:54:32.159408] Periodic Lic check successful
[10:54:32.683729] Feature usage summary:
[10:54:32.683730] Genus_Synthesis  
[10:54:32.683738] Genus_CPU_Opt  
[10:54:32.683738] Genus_Physical_Opt  
License checkout complete (0 seconds elapsed).
Info    : Connection established with super-threading server. [ST-110]
        : The server '8_1_8' is forked process '2655406' on machine 'sh02lo01'.
Info    : Connection established with super-threading server. [ST-110]
        : The server 'localhost_1_9' is forked process '2655408' on this host.
Info    : Connection established with super-threading server. [ST-110]
        : The server 'localhost_1_10' is forked process '2655410' on this host.
Info    : Connection established with super-threading server. [ST-110]
        : The server 'localhost_1_11' is forked process '2655412' on this host.
Info    : Connection established with super-threading server. [ST-110]
        : The server 'localhost_1_12' is forked process '2655414' on this host.
Info    : Connection established with super-threading server. [ST-110]
        : The server 'localhost_1_13' is forked process '2655416' on this host.
Info    : Connection established with super-threading server. [ST-110]
        : The server 'localhost_1_14' is forked process '2655418' on this host.
Info    : Connection established with super-threading server. [ST-110]
        : The server 'localhost_1_15' is forked process '2655420' on this host.
Start partitioning.  Summary: MEM {curr: 3.6G, peak: 3.7G, phys curr: 2.6G, phys peak: 5.5G}
Start partitioning design fa_top for generic optimization.
Total generic instances for partitioning: 349410
	Generic partition 0: size 47935
	Generic partition 1: size 82026
	Generic partition 2: size 219449
Done partitioning.  Summary: RT {elapsed: 0s, ST: 0s}, MEM {curr: 3.6G, peak: 3.7G, phys curr: 2.6G, phys peak: 5.5G}
Start creating partition netlists.  Summary: MEM {curr: 3.6G, peak: 3.7G, phys curr: 2.6G, phys peak: 5.5G}
Done creating partition netlists.  Summary: RT {elapsed: 6s, ST: 6s}, MEM {curr: 3.6G, peak: 3.7G, phys curr: 3.1G, phys peak: 5.5G}
Start budgeting timing for partitions.  Summary: MEM {curr: 3.6G, peak: 3.7G, phys curr: 3.1G, phys peak: 5.5G}
Done budgeting timing for partitions.  Summary: RT {elapsed: 15s, ST: 18s}, MEM {curr: 4.1G, peak: 4.1G, phys curr: 3.6G, phys peak: 5.5G}
Start deriving partition netlists.  Summary: MEM {curr: 4.1G, peak: 4.1G, phys curr: 3.6G, phys peak: 5.5G}
The inst 'pbs_genopt_0' is selected as pbs candidate. The instance cnt is: '47935'.
The inst 'pbs_genopt_1' is selected as pbs candidate. The instance cnt is: '82026'.
The inst 'pbs_genopt_2' is selected as pbs candidate. The instance cnt is: '219449'.
Done deriving partition netlists.  Summary: RT {elapsed: 18s, ST: 18s}, MEM {curr: 4.2G, peak: 4.2G, phys curr: 3.8G, phys peak: 5.5G}
Wait for super-thread servers to finish loading libraries.
Start super thread servers forking.  Summary: MEM {curr: 4.1G, peak: 4.2G, phys curr: 3.8G, phys peak: 5.5G}
Done super thread servers forking.  Summary: RT {elapsed: 0s, ST: 0s}, MEM {curr: 4.1G, peak: 4.2G, phys curr: 3.8G, phys peak: 5.5G}
        Distributing super-thread jobs: {pbs_genopt_2 ./.pbs_sh02lo01_2646528/pbs_genopt_2.etf} {pbs_genopt_1 ./.pbs_sh02lo01_2646528/pbs_genopt_1.etf} {pbs_genopt_0 ./.pbs_sh02lo01_2646528/pbs_genopt_0.etf}
          Sending 'pbs_genopt_2 ./.pbs_sh02lo01_2646528/pbs_genopt_2.etf' to server '8_1_0'...
            Sent 'pbs_genopt_2 ./.pbs_sh02lo01_2646528/pbs_genopt_2.etf' to server '8_1_0'.
          Sending 'pbs_genopt_1 ./.pbs_sh02lo01_2646528/pbs_genopt_1.etf' to server '8_1_6'...
            Sent 'pbs_genopt_1 ./.pbs_sh02lo01_2646528/pbs_genopt_1.etf' to server '8_1_6'.
          Sending 'pbs_genopt_0 ./.pbs_sh02lo01_2646528/pbs_genopt_0.etf' to server 'localhost_1_13'...
            Sent 'pbs_genopt_0 ./.pbs_sh02lo01_2646528/pbs_genopt_0.etf' to server 'localhost_1_13'.
          Received 'pbs_genopt_1 ./.pbs_sh02lo01_2646528/pbs_genopt_1.etf' from server '8_1_6'. (390830 ms elapsed)
          Received 'pbs_genopt_0 ./.pbs_sh02lo01_2646528/pbs_genopt_0.etf' from server 'localhost_1_13'. (470580 ms elapsed)
       Partition:  pbs_genopt_0 - PBS_Generic_Opt-Distributed_Read_DB - Elapsed_Time 0.00, CPU_Time 1.00
       Partition:  pbs_genopt_0 - PBS_Generic_Opt-Distributed_Generic - Elapsed_Time 461.00, CPU_Time 455.73
       Partition:  pbs_genopt_0 - PBS_Generic_Opt-Distributed_Prop_Const - Elapsed_Time 4.00, CPU_Time 3.00
       Partition:  pbs_genopt_0 - PBS_Generic_Opt-Distributed_Gobble - Elapsed_Time 0.00, CPU_Time 0.00
       Partition:  pbs_genopt_0 - PBS_Generic_Opt-Distributed_Report - Elapsed_Time 0.00, CPU_Time 0.00
       Start - Partition: pbs_genopt_0 Slack: -1387.1 TNS: 123425.5 Cell-Count: 47934 Cell-Area: 691153 
Init-Memory: 2661.19
       Done  - Partition: pbs_genopt_0 Slack: -1348.4 TNS: 112002.8 Cell-Count: 33067 Cell-Area: 550950 
Peak-Memory: 3111.82 Elapsed: 466
       Partition:  pbs_genopt_0 - PBS_Generic_Opt-Distributed_Write_DB - Elapsed_Time 5.00, CPU_Time 4.93
       pbs_genopt_0 - PBS_Generic_Opt-Assembly - Elapsed_Time 2, CPU_Time 2.0
       Partition:  pbs_genopt_0 - Runtime taken by the partition - Elapsed_Time 470.00, CPU_Time 464.66
       Partition:  pbs_genopt_1 - PBS_Generic_Opt-Distributed_Read_DB - Elapsed_Time 0.00, CPU_Time 1.00
       Partition:  pbs_genopt_1 - PBS_Generic_Opt-Distributed_Generic - Elapsed_Time 377.00, CPU_Time 371.13
       Partition:  pbs_genopt_1 - PBS_Generic_Opt-Distributed_Prop_Const - Elapsed_Time 3.00, CPU_Time 3.00
       Partition:  pbs_genopt_1 - PBS_Generic_Opt-Distributed_Gobble - Elapsed_Time 0.00, CPU_Time 0.00
       Partition:  pbs_genopt_1 - PBS_Generic_Opt-Distributed_Report - Elapsed_Time 0.00, CPU_Time 0.00
       Start - Partition: pbs_genopt_1 Slack: -1266.7 TNS: 203050.2 Cell-Count: 82026 Cell-Area: 3578459 
Init-Memory: 2669.19
       Done  - Partition: pbs_genopt_1 Slack: -1564.2 TNS: 184928.5 Cell-Count: 78746 Cell-Area: 3426071 
Peak-Memory: 3649.70 Elapsed: 381
       Partition:  pbs_genopt_1 - PBS_Generic_Opt-Distributed_Write_DB - Elapsed_Time 9.00, CPU_Time 9.84
       pbs_genopt_1 - PBS_Generic_Opt-Assembly - Elapsed_Time 3, CPU_Time 4.0
       Partition:  pbs_genopt_1 - Runtime taken by the partition - Elapsed_Time 389.00, CPU_Time 384.97
          Received 'pbs_genopt_2 ./.pbs_sh02lo01_2646528/pbs_genopt_2.etf' from server '8_1_0'. (1000345 ms elapsed)
       Partition:  pbs_genopt_2 - PBS_Generic_Opt-Distributed_Read_DB - Elapsed_Time 1.00, CPU_Time 2.00
       Partition:  pbs_genopt_2 - PBS_Generic_Opt-Distributed_Generic - Elapsed_Time 965.00, CPU_Time 953.90
       Partition:  pbs_genopt_2 - PBS_Generic_Opt-Distributed_Prop_Const - Elapsed_Time 14.00, CPU_Time 13.00
       Partition:  pbs_genopt_2 - PBS_Generic_Opt-Distributed_Gobble - Elapsed_Time 0.00, CPU_Time 1.00
       Partition:  pbs_genopt_2 - PBS_Generic_Opt-Distributed_Report - Elapsed_Time 0.00, CPU_Time 0.00
       Start - Partition: pbs_genopt_2 Slack: -3271.3 TNS: 2102241.6 Cell-Count: 219449 Cell-Area: 5906495 
Init-Memory: 2675.19
       Done  - Partition: pbs_genopt_2 Slack: -680.9 TNS: 711586.5 Cell-Count: 156937 Cell-Area: 5321291 
Peak-Memory: 4793.85 Elapsed: 981
       Partition:  pbs_genopt_2 - PBS_Generic_Opt-Distributed_Write_DB - Elapsed_Time 18.00, CPU_Time 17.99
       pbs_genopt_2 - PBS_Generic_Opt-Assembly - Elapsed_Time 7, CPU_Time 7.0
       Partition:  pbs_genopt_2 - Runtime taken by the partition - Elapsed_Time 998.00, CPU_Time 987.89
Assembled design in-time
Background Table : HLO::pre_to_gen_setup 
--------------------------------------------------------------------
| Transform       | Accepts | Rejects | Runtime (s) | Netlist ID   | 
--------------------------------------------------------------------
| hlo_mux_reorder |       0 |       0 |        0.38 | pbs_genopt_2 | 
| hlo_mux_reorder |       0 |       0 |        0.17 | pbs_genopt_1 | 
| hlo_mux_reorder |       0 |       0 |        0.15 | pbs_genopt_0 | 
--------------------------------------------------------------------
 
Background Table : HLO::post_to_gen_setup 
--------------------------------------------------------------------
| Transform       | Accepts | Rejects | Runtime (s) | Netlist ID   | 
--------------------------------------------------------------------
| hlo_mux_reorder |       0 |       0 |        0.01 | pbs_genopt_2 | 
| hlo_mux_reorder |       0 |       0 |        0.00 | pbs_genopt_1 | 
| hlo_mux_reorder |       0 |       0 |        0.00 | pbs_genopt_0 | 
--------------------------------------------------------------------
 
Background Table : UME::pre_hlo_rtlopt 
--------------------------------------------------------------
| Trick     | Accepts | Rejects | Runtime (s) | Netlist ID   | 
--------------------------------------------------------------
| ume_share |       0 |       0 |        0.01 | pbs_genopt_2 | 
| ume_sweep |       0 |       0 |        0.01 |              |
| ume_ssm   |       0 |       0 |        0.01 |              |
| ume_share |       0 |       0 |        0.00 | pbs_genopt_1 | 
| ume_sweep |       0 |       0 |        0.00 |              |
| ume_ssm   |       0 |       0 |        0.00 |              |
| ume_share |       0 |       0 |        0.00 | pbs_genopt_0 | 
| ume_sweep |       0 |       0 |        0.00 |              |
| ume_ssm   |       0 |       0 |        0.00 |              |
--------------------------------------------------------------
 
Background Table : HLO::pre_rtlopt 
--------------------------------------------------------------------------------
| Transform                   | Accepts | Rejects | Runtime (s) | Netlist ID   | 
--------------------------------------------------------------------------------
| hlo_cleanup                 |       0 |       0 |        0.01 | pbs_genopt_2 | 
| hlo_clip                    |       0 |       0 |        0.01 |              |
| hlo_clip_mux_input          |       0 |       0 |        0.01 |              |
| hlo_redundancy_removal_word |       0 |       0 |       29.90 |              |
| hlo_datapath_recast         |       0 |       0 |        0.01 |              |
| hlo_optimize_datapath       |       0 |       0 |        0.01 |              |
| hlo_mux_consolidation       |       0 |       0 |        0.01 |              |
| hlo_mux_cascade_opt         |       0 |       0 |        0.01 |              |
| hlo_reduce_operator_chain   |       0 |       0 |        0.01 |              |
| hlo_identity_transform      |       0 |       0 |        0.02 |              |
| hlo_restructure             |       0 |       0 |        0.05 |              |
| hlo_reconv_opt              |       0 |       0 |        0.01 |              |
| hlo_inequality_transform    |       0 |       0 |        0.51 |              |
| hlo_constant_mux_opt        |       0 |       0 |        0.01 |              |
| hlo_mux_consolidation       |       0 |       0 |        0.01 |              |
| hlo_mux_cascade_opt         |       0 |       0 |        0.01 |              |
| hlo_chop_mux                |       0 |       0 |        0.01 |              |
| hlo_mux_decode              |       0 |       0 |        0.01 |              |
| hlo_decode_mux_sandwich     |       0 |       0 |        0.01 |              |
| hlo_infer_macro             |       0 |       0 |        0.50 |              |
| hlo_recase_casebox          |       0 |       0 |        0.34 |              |
| hlo_timing_reorder          |       0 |       0 |        4.44 |              |
| hlo_cleanup                 |       0 |       0 |        0.00 | pbs_genopt_1 | 
| hlo_clip                    |       0 |       0 |        0.00 |              |
| hlo_clip_mux_input          |       1 |       0 |        0.00 |              |
| hlo_redundancy_removal_word |       0 |       0 |        9.54 |              |
| hlo_datapath_recast         |       0 |       0 |        0.00 |              |
| hlo_optimize_datapath       |       0 |       0 |        0.00 |              |
| hlo_mux_consolidation       |       0 |       0 |        0.00 |              |
| hlo_mux_cascade_opt         |       0 |       0 |        0.00 |              |
| hlo_reduce_operator_chain   |       0 |       0 |        0.00 |              |
| hlo_identity_transform      |       0 |       0 |        0.01 |              |
| hlo_restructure             |       0 |       0 |        0.02 |              |
| hlo_reconv_opt              |       0 |       0 |        0.00 |              |
| hlo_inequality_transform    |       0 |       0 |        0.18 |              |
| hlo_constant_mux_opt        |       0 |       0 |        0.00 |              |
| hlo_mux_consolidation       |       0 |       0 |        0.00 |              |
| hlo_mux_cascade_opt         |       0 |       0 |        0.00 |              |
| hlo_chop_mux                |       0 |       0 |        0.00 |              |
| hlo_mux_decode              |       0 |       0 |        0.00 |              |
| hlo_decode_mux_sandwich     |       0 |       0 |        0.00 |              |
| hlo_infer_macro             |       0 |       4 |        0.18 |              |
| hlo_recase_casebox          |       0 |       0 |        0.00 |              |
| hlo_timing_reorder          |       1 |       0 |        2.21 |              |
| hlo_cleanup                 |       0 |       0 |        0.00 | pbs_genopt_0 | 
| hlo_clip                    |       0 |       0 |        0.00 |              |
| hlo_clip_mux_input          |       4 |       0 |        0.01 |              |
| hlo_redundancy_removal_word |       4 |       0 |        5.00 |              |
| hlo_datapath_recast         |       0 |       0 |        0.00 |              |
| hlo_optimize_datapath       |       0 |       0 |        0.00 |              |
| hlo_mux_consolidation       |       0 |       0 |        0.00 |              |
| hlo_mux_cascade_opt         |       0 |       0 |        0.00 |              |
| hlo_reduce_operator_chain   |       0 |       0 |        0.00 |              |
| hlo_identity_transform      |       0 |       1 |        0.01 |              |
| hlo_restructure             |       0 |       0 |        0.02 |              |
| hlo_reconv_opt              |       0 |       0 |        0.00 |              |
| hlo_inequality_transform    |       0 |       0 |        0.10 |              |
| hlo_constant_mux_opt        |       0 |       0 |        0.00 |              |
| hlo_mux_consolidation       |       0 |       0 |        0.00 |              |
| hlo_mux_cascade_opt         |       0 |       0 |        0.00 |              |
| hlo_chop_mux                |       0 |       0 |        0.00 |              |
| hlo_mux_decode              |       0 |       0 |        0.00 |              |
| hlo_decode_mux_sandwich     |       0 |       0 |        0.00 |              |
| hlo_infer_macro             |       1 |     102 |        0.10 |              |
| hlo_recase_casebox          |       0 |       0 |        0.10 |              |
| hlo_timing_reorder          |       0 |       0 |        1.21 |              |
--------------------------------------------------------------------------------
 
Background Table : UME::post_hlo_rtlopt 
-------------------------------------------------------------------------
| Trick                | Accepts | Rejects | Runtime (s) | Netlist ID   | 
-------------------------------------------------------------------------
| ume_runtime          |       1 |       0 |        0.01 | pbs_genopt_2 | 
| ume_sweep_aggressive |       0 |       0 |        0.01 |              |
| ume_runtime          |       1 |       0 |        0.01 |              |
| ume_sweep_aggressive |       0 |       0 |        0.01 |              |
| ume_runtime          |       0 |       0 |        0.00 | pbs_genopt_1 | 
| ume_sweep_aggressive |       0 |       0 |        0.00 |              |
| ume_runtime          |       0 |       0 |        0.00 | pbs_genopt_0 | 
| ume_sweep_aggressive |       0 |       0 |        0.00 |              |
-------------------------------------------------------------------------
 
Background Table : HLO::post_rtlopt 
-------------------------------------------------------------------------------
| Transform                  | Accepts | Rejects | Runtime (s) | Netlist ID   | 
-------------------------------------------------------------------------------
| hlo_timing_reorder         |       0 |       0 |        2.91 | pbs_genopt_2 | 
| hlo_mux_reorder            |       0 |       0 |        0.00 |              |
| hlo_logic_reduction        |       0 |       0 |        0.00 |              |
| hlo_redundancy_removal_bit |       0 |       0 |       17.88 |              |
| hlo_timing_reorder         |       0 |       0 |        1.74 | pbs_genopt_1 | 
| hlo_mux_reorder            |       0 |       0 |        0.00 |              |
| hlo_logic_reduction        |       0 |       0 |        0.00 |              |
| hlo_redundancy_removal_bit |       0 |       0 |        7.89 |              |
| hlo_timing_reorder         |       0 |       0 |        0.88 | pbs_genopt_0 | 
| hlo_mux_reorder            |       0 |       0 |        0.00 |              |
| hlo_logic_reduction        |       0 |       0 |        0.00 |              |
| hlo_redundancy_removal_bit |       1 |       0 |        4.24 |              |
-------------------------------------------------------------------------------
 
Background Table : HLO::post_muxopt 
-----------------------------------------------------------------------
| Transform          | Accepts | Rejects | Runtime (s) | Netlist ID   | 
-----------------------------------------------------------------------
| hlo_timing_reorder |       0 |       0 |        2.88 | pbs_genopt_2 | 
| hlo_speculation    |       0 |       0 |        3.56 |              |
| hlo_timing_reorder |       0 |       0 |        1.47 | pbs_genopt_1 | 
| hlo_speculation    |       0 |       0 |        1.78 |              |
| hlo_timing_reorder |       0 |       0 |        0.79 | pbs_genopt_0 | 
| hlo_speculation    |       0 |       0 |        0.94 |              |
-----------------------------------------------------------------------
 

+-----------+----------+-----+----------------------+---------------------------+
|   Host    | Machine  | CPU | Physical Memory (MB) | Peak Physical Memory (MB) |
+-----------+----------+-----+----------------------+---------------------------+
|     8     | sh02lo01 |  8  |        2665.8        |          2665.8           |
| localhost | sh02lo01 |  8  |        6425.0        |          8233.8           |
+-----------+----------+-----+----------------------+---------------------------+

+----------------+----------------------+---------------------------+
|     Server     | Physical Memory (MB) | Peak Physical Memory (MB) |
+----------------+----------------------+---------------------------+
| localhost_1_1  |    1747.3 [1] [3]    |        [1] [2] [3]        |
| localhost_1_11 |      102.1 [4]       |          [4] [2]          |
| localhost_1_12 |      102.2 [4]       |          [4] [2]          |
| localhost_1_15 |      102.2 [4]       |          [4] [2]          |
|     8_1_3      |      109.1 [5]       |          [5] [2]          |
|     8_1_5      |      109.2 [5]       |          [5] [2]          |
| localhost_1_9  |      102.1 [4]       |          [4] [2]          |
| localhost_1_10 |      102.1 [4]       |          [4] [2]          |
|     8_1_4      |      109.1 [5]       |          [5] [2]          |
|     8_1_7      |      109.2 [5]       |          [5] [2]          |
| localhost_1_14 |      102.2 [4]       |          [4] [2]          |
|     8_1_0      |    2665.8 [1] [3]    |        [1] [2] [3]        |
|     8_1_8      |      109.1 [5]       |          [5] [2]          |
|     8_1_6      |      885.1 [5]       |          [5] [2]          |
| localhost_1_13 |      1031.4 [4]      |          [4] [2]          |
|     8_1_2      |      109.1 [5]       |          [5] [2]          |
+----------------+----------------------+---------------------------+
[1] Memory is included in main process.
[2] Peak physical memory is not available for forked background servers.
[3] Memory of child processes is included.
[4] Memory is included in parent localhost_1_1.
[5] Memory is included in parent 8_1_0.

Info : Deleting 2-D Early Global router data...
Info : 2-D Early Global router data deletion complete.
Info : Initializing 2-D Early Global router engine...
Info : Installing 2-D Early Global router...
Info : Early Global router engine is using 8 threads.
Info : 2-D Early Global router initialization complete.
Info : 2-D Early Global router installation complete.
Info : Installing 3-D Early Global router...
Info : 3-D Early Global router installation complete.
	250	 u_dma/u_write/CDN_PAS_CONNECTED_MUXi
	387	 u_q_adapter/u_store/CDN_PAS_CONNECTED_MUXi
	184	 u_finalize/u_norm/CDN_PAS_CONNECTED_MUXi
	129	 u_core/u_dot/u_q_sram/CDN_PAS_CONNECTED_MUXi
	735	 u_sched/CDN_PAS_CONNECTED_MUXi
	674	 u_core/u_update/CDN_PAS_CONNECTED_MUXi
	1648	 u_core/u_update/CDN_PAS_CONNECTED_MUXi80913
	768	 u_core/u_update/CDN_PAS_CONNECTED_MUXi80914
	1056	 u_core/u_update/CDN_PAS_CONNECTED_MUXi80915
	1537	 u_core/u_update/CDN_PAS_CONNECTED_MUXi80916
	768	 u_core/u_update/CDN_PAS_CONNECTED_MUXi80917
	163	 u_core/u_update/CDN_PAS_CONNECTED_MUXi80919
	567	 u_core/u_update/CDN_PAS_CONNECTED_MUXi80920
	497	 u_core/u_fifo/CDN_PAS_CONNECTED_MUXi
	418	 CDN_PAS_CONNECTED_MUXi
Ungrouping: u_core/u_dot/u_q_sram/CDN_PAS_CONNECTED_MUXi count=903 ratio=1.0
Ungrouping: u_core/u_dot/CDN_PAS_CONNECTED_MUXi count=104 ratio=1.0
Ungrouping: u_core/u_fifo/CDN_PAS_CONNECTED_MUXi count=1491 ratio=1.0
Ungrouping: u_core/u_score_exp_u_exp_rom/CDN_PAS_CONNECTED_MUXi count=196 ratio=1.0
Ungrouping: u_core/u_update/CDN_PAS_CONNECTED_MUXi count=2118 ratio=1.0
Ungrouping: u_core/u_update/CDN_PAS_CONNECTED_MUXi80913 count=4944 ratio=1.0
Ungrouping: u_core/u_update/CDN_PAS_CONNECTED_MUXi80914 count=2304 ratio=1.0
Ungrouping: u_core/u_update/CDN_PAS_CONNECTED_MUXi80915 count=3168 ratio=1.0
Ungrouping: u_core/u_update/CDN_PAS_CONNECTED_MUXi80916 count=4611 ratio=1.0
Ungrouping: u_core/u_update/CDN_PAS_CONNECTED_MUXi80917 count=2304 ratio=1.0
Ungrouping: u_core/u_update/CDN_PAS_CONNECTED_MUXi80918 count=204 ratio=1.0
Ungrouping: u_core/u_update/CDN_PAS_CONNECTED_MUXi80919 count=489 ratio=1.0
Ungrouping: u_core/u_update/CDN_PAS_CONNECTED_MUXi80920 count=1701 ratio=1.0
Ungrouping: u_core/CDN_PAS_CONNECTED_MUXi count=51 ratio=1.0
Ungrouping: u_core/CDN_PAS_CONNECTED_MUXi1352 count=96 ratio=1.0
Ungrouping: u_core/CDN_PAS_CONNECTED_MUXi1353 count=186 ratio=1.0
Ungrouping: u_core/CDN_PAS_CONNECTED_MUXi1354 count=375 ratio=1.0
Ungrouping: u_core/CDN_PAS_CONNECTED_MUXi1355 count=544 ratio=1.0
Ungrouping: u_core/CDN_PAS_CONNECTED_MUXi1356 count=90 ratio=1.0
Ungrouping: u_core/CDN_PAS_CONNECTED_MUXi1357 count=240 ratio=1.0
Ungrouping: u_dma/u_read/CDN_PAS_CONNECTED_MUXi count=599 ratio=1.0
Ungrouping: u_dma/u_write/CDN_PAS_CONNECTED_MUXi count=782 ratio=1.0
Ungrouping: u_finalize/u_norm/CDN_PAS_CONNECTED_MUXi count=808 ratio=1.0
Ungrouping: u_finalize/u_norm/CDN_PAS_CONNECTED_MUXi3180 count=258 ratio=1.0
Ungrouping: u_finalize/u_recip/CDN_PAS_CONNECTED_MUXi count=539 ratio=1.0
Ungrouping: u_finalize/u_recip/CDN_PAS_CONNECTED_MUXi3557 count=757 ratio=1.0
Ungrouping: u_finalize/CDN_PAS_CONNECTED_MUXi count=45 ratio=1.0
Ungrouping: u_finalize/CDN_PAS_CONNECTED_MUXi10793 count=1707 ratio=1.0
Ungrouping: u_finalize/CDN_PAS_CONNECTED_MUXi10794 count=73 ratio=1.0
Ungrouping: u_finalize/CDN_PAS_CONNECTED_MUXi10795 count=480 ratio=1.0
Ungrouping: u_page/CDN_PAS_CONNECTED_MUXi count=448 ratio=1.0
Ungrouping: u_page/CDN_PAS_CONNECTED_MUXi5079 count=283 ratio=1.0
Ungrouping: u_q_adapter/u_store/CDN_PAS_CONNECTED_MUXi count=1161 ratio=1.0
Ungrouping: u_q_adapter/u_store/CDN_PAS_CONNECTED_MUXi2738 count=45 ratio=1.0
Ungrouping: u_q_adapter/u_store/CDN_PAS_CONNECTED_MUXi2739 count=42 ratio=1.0
Ungrouping: u_sched/CDN_PAS_CONNECTED_MUXi count=4795 ratio=1.0
Ungrouping: u_sched/CDN_PAS_CONNECTED_MUXi16806 count=55 ratio=1.0
Ungrouping: u_sched/CDN_PAS_CONNECTED_MUXi16807 count=76 ratio=1.0
Ungrouping: CDN_PAS_CONNECTED_MUXi count=2866 ratio=1.0
Processing post-genopt PAS flow...
PBS_Generic-Post_Genopt - Elapsed_Time 1118, CPU_Time 1099.3883919999998
stamp 'PBS_Generic-Post_Genopt' being created for table 'pbs_debug'

  Total Time (Wall) |  Stage Time (Wall)  |   % (Wall)   |    Date - Time     |  Memory   | Stage
--------------------+---------------------+--------------+--------------------+-----------+----------------------
 00:03:05(00:06:01) |  00:00:00(00:00:00) |   0.0(  0.0) |   10:53:31 (Jul05) |   2.50 GB | PBS_Generic-Start
--------------------+---------------------+--------------+--------------------+-----------+----------------------
 00:22:16(00:25:32) |  00:19:11(00:19:31) | 100.0(100.0) |   11:13:01 (Jul05) |   3.70 GB | PBS_Generic-Post_Genopt
--------------------+---------------------+--------------+--------------------+-----------+----------------------
Number of threads: 8 * 2   (id: pbs_debug, time_info v1.57)
Info: (*N*) indicates data that was populated from previously saved time_info database
Info: CPU time includes time of parent + longest thread
Info    : Attempting to launch a super-threading server. [ST-120]
        : Attempting to Launch server 1 of 16.
Info    : Connection established with super-threading server. [ST-110]
        : The server '8_2_0' is forked process '2671929' on machine 'sh02lo01'.
Info    : Attempting to launch a super-threading server. [ST-120]
        : Attempting to Launch server 2 of 16.
Info    : Connection established with super-threading server. [ST-110]
        : The server 'localhost_2_1' is forked process '2671931' on this host.
Info    : Connection established with super-threading server. [ST-110]
        : The server '8_2_2' is forked process '2671988' on machine 'sh02lo01'.
Info    : Connection established with super-threading server. [ST-110]
        : The server '8_2_3' is forked process '2671990' on machine 'sh02lo01'.
Warning : Maximum message print count reached. [MESG-11]
        : Maximum print count of '20' reached for message 'ST-110'.
Start partitioning.  Summary: MEM {curr: 5.0G, peak: 5.0G, phys curr: 3.6G, phys peak: 8.0G}
Start partitioning design fa_top for generic optimization.
Total generic instances for partitioning: 281530
	Generic partition 0: size 36205
	Generic partition 1: size 82895
	Generic partition 2: size 162430
Done partitioning.  Summary: RT {elapsed: 1s, ST: 1s}, MEM {curr: 5.0G, peak: 5.0G, phys curr: 3.6G, phys peak: 8.0G}
Start creating partition netlists.  Summary: MEM {curr: 5.0G, peak: 5.0G, phys curr: 4.4G, phys peak: 8.0G}
Done creating partition netlists.  Summary: RT {elapsed: 6s, ST: 6s}, MEM {curr: 5.0G, peak: 5.0G, phys curr: 4.4G, phys peak: 8.0G}
Start budgeting timing for partitions.  Summary: MEM {curr: 5.0G, peak: 5.0G, phys curr: 4.4G, phys peak: 8.0G}
Done budgeting timing for partitions.  Summary: RT {elapsed: 14s, ST: 17s}, MEM {curr: 3.9G, peak: 5.0G, phys curr: 3.4G, phys peak: 8.0G}
Start deriving partition netlists.  Summary: MEM {curr: 3.9G, peak: 5.0G, phys curr: 3.4G, phys peak: 8.0G}
The inst 'pbs_fcopt_0' is selected as pbs candidate. The instance cnt is: '36205'.
The inst 'pbs_fcopt_1' is selected as pbs candidate. The instance cnt is: '82895'.
The inst 'pbs_fcopt_2' is selected as pbs candidate. The instance cnt is: '162430'.
Done deriving partition netlists.  Summary: RT {elapsed: 14s, ST: 15s}, MEM {curr: 3.9G, peak: 5.0G, phys curr: 3.6G, phys peak: 8.0G}
Wait for super-thread servers to finish loading libraries.
Start super thread servers forking.  Summary: MEM {curr: 3.9G, peak: 5.0G, phys curr: 3.6G, phys peak: 8.0G}
Done super thread servers forking.  Summary: RT {elapsed: 0s, ST: 0s}, MEM {curr: 3.9G, peak: 5.0G, phys curr: 3.6G, phys peak: 8.0G}
        Distributing super-thread jobs: {pbs_fcopt_2 ./.pbs_sh02lo01_2646528/pbs_fcopt_2.etf} {pbs_fcopt_1 ./.pbs_sh02lo01_2646528/pbs_fcopt_1.etf} {pbs_fcopt_0 ./.pbs_sh02lo01_2646528/pbs_fcopt_0.etf}
          Sending 'pbs_fcopt_2 ./.pbs_sh02lo01_2646528/pbs_fcopt_2.etf' to server 'localhost_2_9'...
            Sent 'pbs_fcopt_2 ./.pbs_sh02lo01_2646528/pbs_fcopt_2.etf' to server 'localhost_2_9'.
          Sending 'pbs_fcopt_1 ./.pbs_sh02lo01_2646528/pbs_fcopt_1.etf' to server 'localhost_2_14'...
            Sent 'pbs_fcopt_1 ./.pbs_sh02lo01_2646528/pbs_fcopt_1.etf' to server 'localhost_2_14'.
          Sending 'pbs_fcopt_0 ./.pbs_sh02lo01_2646528/pbs_fcopt_0.etf' to server 'localhost_2_13'...
            Sent 'pbs_fcopt_0 ./.pbs_sh02lo01_2646528/pbs_fcopt_0.etf' to server 'localhost_2_13'.
          Received 'pbs_fcopt_0 ./.pbs_sh02lo01_2646528/pbs_fcopt_0.etf' from server 'localhost_2_13'. (256251 ms elapsed)
       Partition:  pbs_fcopt_0 - PBS_Generic_Opt-Distributed_Read_DB - Elapsed_Time 1.00, CPU_Time 1.00
       Partition:  pbs_fcopt_0 - PBS_Generic_Opt-Distributed_Generic - Elapsed_Time 4.00, CPU_Time 3.72
       Partition:  pbs_fcopt_0 - PBS_Generic_Opt-First_Cond - Elapsed_Time 243.00, CPU_Time -761.48
       Partition:  pbs_fcopt_0 - PBS_Generic_Opt-Distributed_Prop_Const - Elapsed_Time 4.00, CPU_Time 3.00
       Partition:  pbs_fcopt_0 - PBS_Generic_Opt-Distributed_Gobble - Elapsed_Time 0.00, CPU_Time 0.00
       Partition:  pbs_fcopt_0 - PBS_Generic_Opt-Distributed_Report - Elapsed_Time 0.00, CPU_Time 0.00
       Start - Partition: pbs_fcopt_0 Slack: -1348.4 TNS: 112002.8 Cell-Count: 36205 Cell-Area: 609164 
Init-Memory: 2905.62
       Done  - Partition: pbs_fcopt_0 Slack: -1381.9 TNS: 124162.0 Cell-Count: 24035 Cell-Area: 483763 
Peak-Memory: 3034.91 Elapsed: 252
       Partition:  pbs_fcopt_0 - PBS_Generic_Opt-Distributed_Write_DB - Elapsed_Time 4.00, CPU_Time 4.97
       pbs_fcopt_0 - PBS_Generic_Opt-Assembly - Elapsed_Time 2, CPU_Time 2.0
       Partition:  pbs_fcopt_0 - Runtime taken by the partition - Elapsed_Time 256.00, CPU_Time -748.79
          Received 'pbs_fcopt_1 ./.pbs_sh02lo01_2646528/pbs_fcopt_1.etf' from server 'localhost_2_14'. (593673 ms elapsed)
       Partition:  pbs_fcopt_1 - PBS_Generic_Opt-Distributed_Read_DB - Elapsed_Time 1.00, CPU_Time 1.00
       Partition:  pbs_fcopt_1 - PBS_Generic_Opt-Distributed_Generic - Elapsed_Time 7.00, CPU_Time 6.74
       Partition:  pbs_fcopt_1 - PBS_Generic_Opt-First_Cond - Elapsed_Time 569.00, CPU_Time -461.13
       Partition:  pbs_fcopt_1 - PBS_Generic_Opt-Distributed_Prop_Const - Elapsed_Time 8.00, CPU_Time 8.00
       Partition:  pbs_fcopt_1 - PBS_Generic_Opt-Distributed_Gobble - Elapsed_Time 0.00, CPU_Time 0.00
       Partition:  pbs_fcopt_1 - PBS_Generic_Opt-Distributed_Report - Elapsed_Time 0.00, CPU_Time 0.00
       Start - Partition: pbs_fcopt_1 Slack: -1564.2 TNS: 184946.0 Cell-Count: 82895 Cell-Area: 3498030 
Init-Memory: 2905.62
       Done  - Partition: pbs_fcopt_1 Slack: -1293.3 TNS: 114983.4 Cell-Count: 48337 Cell-Area: 3237427 
Peak-Memory: 3089.14 Elapsed: 585
       Partition:  pbs_fcopt_1 - PBS_Generic_Opt-Distributed_Write_DB - Elapsed_Time 8.00, CPU_Time 7.98
       pbs_fcopt_1 - PBS_Generic_Opt-Assembly - Elapsed_Time 3, CPU_Time 3.0
       Partition:  pbs_fcopt_1 - Runtime taken by the partition - Elapsed_Time 593.00, CPU_Time -437.40
          Received 'pbs_fcopt_2 ./.pbs_sh02lo01_2646528/pbs_fcopt_2.etf' from server 'localhost_2_9'. (997510 ms elapsed)
       Partition:  pbs_fcopt_2 - PBS_Generic_Opt-Distributed_Read_DB - Elapsed_Time 2.00, CPU_Time 2.00
       Partition:  pbs_fcopt_2 - PBS_Generic_Opt-Distributed_Generic - Elapsed_Time 13.00, CPU_Time 12.00
       Partition:  pbs_fcopt_2 - PBS_Generic_Opt-First_Cond - Elapsed_Time 943.00, CPU_Time -75.81
       Partition:  pbs_fcopt_2 - PBS_Generic_Opt-Distributed_Prop_Const - Elapsed_Time 22.00, CPU_Time 22.00
       Partition:  pbs_fcopt_2 - PBS_Generic_Opt-Distributed_Gobble - Elapsed_Time 0.00, CPU_Time 0.00
       Partition:  pbs_fcopt_2 - PBS_Generic_Opt-Distributed_Report - Elapsed_Time 0.00, CPU_Time 0.00
       Start - Partition: pbs_fcopt_2 Slack: -680.9 TNS: 717269.7 Cell-Count: 162430 Cell-Area: 5403061 
Init-Memory: 2905.62
       Done  - Partition: pbs_fcopt_2 Slack: -717.4 TNS: 532720.3 Cell-Count: 91856 Cell-Area: 4880333 
Peak-Memory: 3489.18 Elapsed: 980
       Partition:  pbs_fcopt_2 - PBS_Generic_Opt-Distributed_Write_DB - Elapsed_Time 16.00, CPU_Time 16.00
       pbs_fcopt_2 - PBS_Generic_Opt-Assembly - Elapsed_Time 5, CPU_Time 5.0
       Partition:  pbs_fcopt_2 - Runtime taken by the partition - Elapsed_Time 996.00, CPU_Time -23.81
Assembled design in-time

+-----------+----------+-----+----------------------+---------------------------+
|   Host    | Machine  | CPU | Physical Memory (MB) | Peak Physical Memory (MB) |
+-----------+----------+-----+----------------------+---------------------------+
|     8     | sh02lo01 |  8  |        861.0         |           861.0           |
| localhost | sh02lo01 |  8  |        4926.6        |          8233.8           |
+-----------+----------+-----+----------------------+---------------------------+

+----------------+----------------------+---------------------------+
|     Server     | Physical Memory (MB) | Peak Physical Memory (MB) |
+----------------+----------------------+---------------------------+
| localhost_2_12 |      122.0 [1]       |          [1] [2]          |
| localhost_2_1  |    2060.8 [3] [4]    |        [3] [2] [4]        |
| localhost_2_10 |      122.0 [1]       |          [1] [2]          |
|     8_2_2      |      107.4 [5]       |          [5] [2]          |
|     8_2_8      |      107.4 [5]       |          [5] [2]          |
| localhost_2_9  |      680.8 [1]       |          [1] [2]          |
|     8_2_0      |    861.0 [3] [4]     |        [3] [2] [4]        |
|     8_2_7      |      107.4 [5]       |          [5] [2]          |
|     8_2_4      |      107.4 [5]       |          [5] [2]          |
| localhost_2_11 |      122.0 [1]       |          [1] [2]          |
|     8_2_6      |      107.4 [5]       |          [5] [2]          |
|     8_2_5      |      107.4 [5]       |          [5] [2]          |
| localhost_2_13 |      338.8 [1]       |          [1] [2]          |
| localhost_2_14 |      429.8 [1]       |          [1] [2]          |
|     8_2_3      |      107.4 [5]       |          [5] [2]          |
| localhost_2_15 |      122.0 [1]       |          [1] [2]          |
+----------------+----------------------+---------------------------+
[1] Memory is included in parent localhost_2_1.
[2] Peak physical memory is not available for forked background servers.
[3] Memory is included in main process.
[4] Memory of child processes is included.
[5] Memory is included in parent 8_2_0.

Info : Deleting 2-D Early Global router data...
Info : 2-D Early Global router data deletion complete.
Info : Initializing 2-D Early Global router engine...
Info : Installing 2-D Early Global router...
Info : Early Global router engine is using 8 threads.
Info : 2-D Early Global router initialization complete.
Info : 2-D Early Global router installation complete.
Info : Installing 3-D Early Global router...
Info : 3-D Early Global router installation complete.
Advanced structuring report (syn_gen):
---------------------------------------------------------------------------------------------------------------------------------------------------------------------------------
|                                                                             | Graph                 | Opt. Graph            | Result           |                              | 
|-----------------------------------------------------------------------------+-----------------------+-----------------------+------------------+------------------------------|
| Name                                                                | Tag   | #nodes | #and  | #lvl | #nodes | #and  | #lvl | Acc | Time       | Netlist ID                   | 
---------------------------------------------------------------------------------------------------------------------------------------------------------------------------------
| cb_part_7677                                                        | FCOPT |  83183 | 11009 |   78 |  83075 | 10901 |    8 | N   |      96.42 | cb_part_7677                 | 
| cb_part_659                                                         | FCOPT |  35138 |  2525 |   88 |  35078 |  2465 |    9 | Y   |      35.63 | cb_part_659                  | 
| cb_oseq_2177                                                        | FCOPT |   9929 |   622 |   49 |   9829 |   522 |   11 | Y   |       4.37 | cb_oseq_2177                 | 
| score_exp_banked_rom                                                | FCOPT |   3755 |  2419 |   56 |   3255 |  1919 |   10 | Y   |     186.05 | score_exp_banked_rom         | 
| cb_part_2185                                                        | FCOPT |   7700 |   805 |   61 |   7537 |   642 |   10 | Y   |       6.30 | cb_part_2185                 | 
| cb_oseq_2179                                                        | FCOPT |   8885 |   559 |   59 |   8719 |   393 |   13 | Y   |      10.45 | cb_oseq_2179                 | 
| cb_oseq                                                             | FCOPT |   5311 |   197 |   62 |   5271 |   157 |    7 | Y   |       1.67 | cb_oseq                      | 
| cb_oseq_2153                                                        | FCOPT |   3574 |    14 |   85 |   3575 |    15 |    3 | N   |       2.33 | cb_oseq_2153                 | 
| cb_part_2172                                                        | FCOPT |   1453 |   953 |   44 |   1330 |   830 |   16 | Y   |      12.47 | cb_part_2172                 | 
| cb_oseq_2155                                                        | FCOPT |   3216 |   243 |   59 |   3203 |   230 |   10 | Y   |       1.89 | cb_oseq_2155                 | 
| cb_oseq_2163                                                        | FCOPT |   2519 |    19 |   45 |   2516 |    16 |    4 | Y   |       2.13 | cb_oseq_2163                 | 
---------------------------------------------------------------------------------------------------------------------------------------------------------------------------------
Number of LFLHs filtered from table: 15
Runtime accepts/rejects/total =   266.03 /   100.72 /   366.75
Accepts/rejects/total = 13 / 13 / 26
Sum of reduced nodes/levels = 1289 / 558
PBS_Generic_Opt-Post - Elapsed_Time 2221, CPU_Time 2165.026959
stamp 'PBS_Generic_Opt-Post' being created for table 'pbs_debug'

  Total Time (Wall) |  Stage Time (Wall)  |   % (Wall)   |    Date - Time     |  Memory   | Stage
--------------------+---------------------+--------------+--------------------+-----------+----------------------
 00:03:05(00:06:01) |  00:00:00(00:00:00) |   0.0(  0.0) |   10:53:31 (Jul05) |   2.50 GB | PBS_Generic-Start
--------------------+---------------------+--------------+--------------------+-----------+----------------------
 00:22:16(00:25:32) |  00:19:11(00:19:31) |  51.9( 51.5) |   11:13:01 (Jul05) |   3.70 GB | PBS_Generic-Post_Genopt
--------------------+---------------------+--------------+--------------------+-----------+----------------------
 00:40:02(00:43:55) |  00:17:45(00:18:23) |  48.1( 48.5) |   11:31:24 (Jul05) |   2.73 GB | PBS_Generic_Opt-Post
--------------------+---------------------+--------------+--------------------+-----------+----------------------
Number of threads: 8 * 2   (id: pbs_debug, time_info v1.57)
Info: (*N*) indicates data that was populated from previously saved time_info database
Info: CPU time includes time of parent + longest thread
PBS_Generic-Postgen HBO Optimizations - Elapsed_Time 5, CPU_Time 5.0
stamp 'PBS_Generic-Postgen HBO Optimizations' being created for table 'pbs_debug'

  Total Time (Wall) |  Stage Time (Wall)  |   % (Wall)   |    Date - Time     |  Memory   | Stage
--------------------+---------------------+--------------+--------------------+-----------+----------------------
 00:03:05(00:06:01) |  00:00:00(00:00:00) |   0.0(  0.0) |   10:53:31 (Jul05) |   2.50 GB | PBS_Generic-Start
--------------------+---------------------+--------------+--------------------+-----------+----------------------
 00:22:16(00:25:32) |  00:19:11(00:19:31) |  51.8( 51.4) |   11:13:01 (Jul05) |   3.70 GB | PBS_Generic-Post_Genopt
--------------------+---------------------+--------------+--------------------+-----------+----------------------
 00:40:02(00:43:55) |  00:17:45(00:18:23) |  48.0( 48.4) |   11:31:24 (Jul05) |   2.73 GB | PBS_Generic_Opt-Post
--------------------+---------------------+--------------+--------------------+-----------+----------------------
 00:40:07(00:44:00) |  00:00:05(00:00:05) |   0.2(  0.2) |   11:31:29 (Jul05) |   2.50 GB | PBS_Generic-Postgen HBO Optimizations
--------------------+---------------------+--------------+--------------------+-----------+----------------------
Number of threads: 8 * 2   (id: pbs_debug, time_info v1.57)
Info: (*N*) indicates data that was populated from previously saved time_info database
Info: CPU time includes time of parent + longest thread
Starting post syn_generic ultra-effort Boolean optimization
Redundancy removal succeeded.
Done post syn_generic ultra-effort Boolean optimization (30.00 cpu seconds) (30.00 elapsed cpu seconds)
Skipping gbf_eliminate ...
NP info: starts enhanced cluster placement for def 'fa_top' in netlist 'fa_top'
NP info: ple wire load mode: cluster
NP info:  configuring NP to use 8 threads
Info : Deleting 2-D Early Global router data...
Info : 2-D Early Global router data deletion complete.
Info : Initializing 2-D Early Global router engine...
Info : Installing 2-D Early Global router...
Info : Early Global router engine is using 8 threads.
Info : 2-D Early Global router initialization complete.
Info : 2-D Early Global router installation complete.
Info : Installing 3-D Early Global router...
Info : 3-D Early Global router installation complete.
NP info: #insts: 0
NP info: instances: 164228  util: 13.9%
NP info: #iterations: 11
NP info: iteration #1 overlap: 0.281  net_length: 1.0265e+07
NP info: iteration #2 overlap: 0.277  net_length: 1.0096e+07
NP info: iteration #3 overlap: 0.278  net_length: 9.8432e+06
NP info: iteration #4 overlap: 0.273  net_length: 9.8297e+06
NP info: iteration #5 overlap: 0.237  net_length: 1.0986e+07
Info : Deleting 2-D Early Global router data...
Info : Early 2-D Global router data deletion complete.
NP info: using new CDP
Info : Deleting 2-D Early Global router data...
Info : Early 2-D Global router data deletion complete.
NP info: using new CDP
NP info: iteration #6 overlap: 0.227  net_length: 1.1294e+07
Info : Deleting 2-D Early Global router data...
Info : Early 2-D Global router data deletion complete.
NP info: using new CDP
Info : Deleting 2-D Early Global router data...
Info : Early 2-D Global router data deletion complete.
NP info: using new CDP
NP info: iteration #7 overlap: 0.191  net_length: 1.1489e+07
Info : Deleting 2-D Early Global router data...
Info : Early 2-D Global router data deletion complete.
NP info: using new CDP
Info : Deleting 2-D Early Global router data...
Info : Early 2-D Global router data deletion complete.
NP info: using new CDP
NP info: iteration #8 overlap: 0.158  net_length: 1.1593e+07
Info : Deleting 2-D Early Global router data...
Info : Early 2-D Global router data deletion complete.
NP info: using new CDP
Info : Deleting 2-D Early Global router data...
Info : Early 2-D Global router data deletion complete.
NP info: using new CDP
NP info: iteration #9 overlap: 0.149  net_length: 1.1630e+07
NP info: iteration #10 overlap: 0.068  net_length: 1.1867e+07
NP info: iteration #11 overlap: 0.009  net_length: 1.2029e+07
NP info: record placement result to RC db.
Info : Deleting 2-D Early Global router data...
Info : 2-D Early Global router data deletion complete.
Info : Initializing 2-D Early Global router engine...
Info : Installing 2-D Early Global router...
Info : Early Global router engine is using 8 threads.
Info : 2-D Early Global router initialization complete.
Info : 2-D Early Global router installation complete.
NP info: plc_global runtime  elapsed: 314 seconds (5.2 minutes), CPU: 1385 seconds (23.1 minutes)
NP info: ends cluster placement for def 'fa_top' in netlist 'fa_top'

Info : Deleting 2-D Early Global router data...
Info : 2-D Early Global router data deletion complete.
Info : Initializing 2-D Early Global router engine...
Info : Installing 2-D Early Global router...
Info : Early Global router engine is using 8 threads.
Info : 2-D Early Global router initialization complete.
Info : 2-D Early Global router installation complete.
============================================================
  Generated by:           Genus(TM) Synthesis Solution 25.12-s067_1
  Generated on:           Jul 05 2026  11:37:20 am
  Module:                 fa_top
  Technology libraries:   sky130_fd_sc_hs__tt_025C_1v80 1.0000000000
                          sky130_sram_0kbytes_1rw1r_64x32_8_TT_1p8V_25C_lib 
                          sky130_sram_0kbytes_1rw1r_64x64_8_TT_1p8V_25C_lib 
                          sky130_sram_0kbytes_1rw1r_128x16_16_TT_1p8V_25C_lib 
                          physical_cells 
  Operating conditions:   typ 
  Interconnect mode:      global
  Area mode:              physical library
============================================================

Aspect ratio        : 0.998
Shrink factor       : 1.000
Scale of res/length : 1.000
Scale of cap/length : 1.000
Net derating factor : 1.000
Thermal factor      : 1.000
Via Resistance      : 6.862 ohm (from qrc_tech_file)
Site size           : 3.810 um (from lef [tech+cell])

                                   Capacitance  
  Layer                             / Length         Data source:
Name        Direction Utilization  (pF/micron)       qrc_tech_file
------------------------------------------------
li1             V         0.00        0.000204  
met1            H         1.00        0.000303  
met2            V         1.00        0.000295  
met3            H         1.00        0.000342  
met4            V         1.00        0.000322  
met5            H         1.00        0.000304  

                                    Resistance   
  Layer                              / Length         Data source:
Name        Direction Utilization  (ohm/micron)       qrc_tech_file
-------------------------------------------------
li1             V         0.00        68.241675  
met1            H         1.00         1.217961  
met2            V         1.00         1.218041  
met3            H         1.00         0.167980  
met4            V         1.00         0.167980  
met5            H         1.00         0.018544  

                                        Area     
  Layer                               / Length        Data source:
Name        Direction Utilization     (micron)        lef_library
-------------------------------------------------
li1             V         0.00         0.170000  
met1            H         1.00         0.140000  
met2            V         1.00         0.140000  
met3            H         1.00         0.300000  
met4            V         1.00         0.300000  
met5            H         1.00         1.600000  

Design already placed...
Updating congestion map...
  Calculating total tracks...
  Calculating obstructed tracks...
  Calculating overflow...

 ======= Starting initializing CRLP Router ===========================

 ======= Finished running CRLP routing, Time taken: 4 seconds =========
  Calculating congestion data...
Done updating congestion map (time: 4s).

 ======= Starting intialization of extraction kit =========
There is no ndr for this design!
dbgNanoPerDBU = 1.000000
INFO (IMPEXT-7048): Generating auto layer map file.

INFO (IMPEXT-6188): Importing multi-corner technology file(s) for preRoute extraction...

INFO (IMPEXT-5003): /home/share/pdk/sky130A/libs.tech/cadence/qrcTechFile

INFO (IMPEXT-7048): Generating auto layer map file.

INFO (IMPEXT-6209): Completed (cpu: 1457197.000000 real: 1457197.000000)


 ======= Finished intialization of extraction kit, Time taken: 1 seconds=========
Updating congestion map...
  Calculating total tracks...
  Calculating obstructed tracks...
  Calculating overflow...

 ======= Starting initializing CRLP Router ===========================

 ======= Finished running CRLP routing, Time taken: 1 seconds =========
  Calculating congestion data...

 ======= Starting running extraction on design ===============================
  Calculating gcell capacitance using probabilistic extraction...
No NDR for EEKit
There is no ndr for this design!

 ======= Finished running extraction on design, Time taken: 1 seconds =========
Done updating congestion map (time: 3s).

 ======= Starting creating route type bins =========

 ======= Finished creating route type bins, Time taken: 0 seconds =========


Resistance and Capacitance data generated.

Generating data to compare PLE estimates with placement based R and C..
Total sampled nets = 153522
Data generated.

Generating correlation factors for PLE..
Done.

Completed PLE correlation.

PBS_Generic_Opt-Physical - Elapsed_Time 401, CPU_Time 1458.1528239999998
stamp 'PBS_Generic_Opt-Physical' being created for table 'pbs_debug'

  Total Time (Wall) |  Stage Time (Wall)  |   % (Wall)   |    Date - Time     |  Memory   | Stage
--------------------+---------------------+--------------+--------------------+-----------+----------------------
 00:03:05(00:06:01) |  00:00:00(00:00:00) |   0.0(  0.0) |   10:53:31 (Jul05) |   2.50 GB | PBS_Generic-Start
--------------------+---------------------+--------------+--------------------+-----------+----------------------
 00:22:16(00:25:32) |  00:19:11(00:19:31) |  31.3( 43.7) |   11:13:01 (Jul05) |   3.70 GB | PBS_Generic-Post_Genopt
--------------------+---------------------+--------------+--------------------+-----------+----------------------
 00:40:02(00:43:55) |  00:17:45(00:18:23) |  29.0( 41.2) |   11:31:24 (Jul05) |   2.73 GB | PBS_Generic_Opt-Post
--------------------+---------------------+--------------+--------------------+-----------+----------------------
 00:40:07(00:44:00) |  00:00:05(00:00:05) |   0.1(  0.2) |   11:31:29 (Jul05) |   2.50 GB | PBS_Generic-Postgen HBO Optimizations
--------------------+---------------------+--------------+--------------------+-----------+----------------------
 01:04:25(00:50:41) |  00:24:18(00:06:41) |  39.6( 15.0) |   11:38:10 (Jul05) |   2.38 GB | PBS_Generic_Opt-Physical
--------------------+---------------------+--------------+--------------------+-----------+----------------------
Number of threads: 8 * 2   (id: pbs_debug, time_info v1.57)
Info: (*N*) indicates data that was populated from previously saved time_info database
Info: CPU time includes time of parent + longest thread
Updating congestion map...
  Calculating total tracks...
  Calculating obstructed tracks...
  Calculating overflow...

 ======= Starting initializing HUM Router ============================

 ======= Skipped registering nets to HUM router  ===
Info : Deleting 2-D Early Global router data...
Info : Early 2-D Global router data deletion complete.

 ======= Finished running HUM routing, Time taken: 4 seconds =========
  Calculating congestion data...
Done updating congestion map (time: 4s).

 ======= Starting intialization of extraction kit =========

 ======= Finished intialization of extraction kit, Time taken: 0 seconds=========
Updating congestion map...
  Calculating total tracks...
  Calculating obstructed tracks...
  Calculating overflow...

 ======= Starting initializing HUM Router ============================
Info : Installing 3-D Early Global router...
Info : Initializing 3-D Early Global router engine...
Info : Selected via 'L1M1_PR_R' for layer 1 (li1).
Info : Selected via 'M1M2_PR_R' for layer 2 (met1).
Info : Selected via 'M2M3_PR_R' for layer 3 (met2).
Info : Selected via 'M3M4_PR_R' for layer 4 (met3).
Info : Selected via 'M4M5_PR' for layer 5 (met4).
Info : 3-D Early Global router initialization complete.
Info : 3-D Early Global router installation complete.
Info : Deleting 3-D Early Global router data...
Info : 3-D Early Global router data deletion complete.
(I)      supplyScaleFactorH = 1.00 supplyScaleFactorV = 1.00 
[NR-eGR] min layer id=1 idx=0 z=1
[NR-eGR] max layer id=6 idx=5 z=36
[NR-eGR] [ 0]          z=--- id=--- idx=--- F             B:--- R:---
[NR-eGR] [ 1]      li1 z=  1 id=  1 idx=  0 F V      Wire B:--- R:---
[NR-eGR] [ 2]      li1 z= 32 id=  1 idx=  0 F         Cut B:--- R:---
[NR-eGR] [ 3]     met1 z=  2 id=  2 idx=  1 F H      Wire B:--- R:---
[NR-eGR] [ 4]     met1 z= 33 id=  2 idx=  1 F         Cut B:--- R:---
[NR-eGR] [ 5]     met2 z=  3 id=  3 idx=  2 F V      Wire B:--- R:---
[NR-eGR] [ 6]     met2 z= 34 id=  3 idx=  2 F         Cut B:--- R:---
[NR-eGR] [ 7]     met3 z=  4 id=  4 idx=  3 F H      Wire B:--- R:---
[NR-eGR] [ 8]     met3 z= 35 id=  4 idx=  3 F         Cut B:--- R:---
[NR-eGR] [ 9]     met4 z=  5 id=  5 idx=  4 F V      Wire B:--- R:---
[NR-eGR] [10]     met4 z= 36 id=  5 idx=  4 F         Cut B:--- R:---
[NR-eGR] [11]     met5 z=  6 id=  6 idx=  5 F H      Wire B:--- R:---
[NR-eGR] #wire layers = 6
[NR-eGR] #cut layers = 5
[NR-eGR] Pitch for layer 1 is 480 spacing 170 width 170 
[NR-eGR] Pitch for layer 2 is 370 spacing 140 width 140 
[NR-eGR] Pitch for layer 3 is 480 spacing 140 width 140 
[NR-eGR] Pitch for layer 4 is 740 spacing 300 width 300 
[NR-eGR] Pitch for layer 5 is 960 spacing 300 width 300 
[NR-eGR] Pitch for layer 6 is 3330 spacing 1600 width 1600 
[NR-eGR] build grid graph
[NR-eGR] Number of track sets: 5 
[NR-eGR] Layer6  start=3845  num=969  pitch=3660  ruleId=0
[NR-eGR] Layer5  start=960  num=4938  pitch=720  ruleId=0
[NR-eGR] Layer4  start=795  num=5819  pitch=610  ruleId=0
[NR-eGR] Layer3  start=240  num=7409  pitch=480  ruleId=0
[NR-eGR] Layer2  start=185  num=9594  pitch=370  ruleId=0
[NR-eGR] Track table information for default rule: 
[NR-eGR] li1 has no routable track
[NR-eGR] met1 has single uniform track structure
[NR-eGR] met2 has single uniform track structure
[NR-eGR] met3 has single uniform track structure
[NR-eGR] met4 has single uniform track structure
[NR-eGR] met5 has single uniform track structure
[NR-eGR] Read NDR Rules.. (0)
[NR-eGR] original grid = 1068 x 1066
[NR-eGR] merged grid = 1068 x 1066
[NR-eGR] Read blockage information..
[NR-eGR] Total routing blockages: 22458 (PGWire: 0, PGVia: 0 InstBlk: 15504)
[NR-eGR] Read numBlocks=22458  readInBlocks=22458
[NR-eGR] Read testcase time = 0.015 seconds

(I)      Loading nets...
(I)      Read net information.. (167771)
(I)      Read Num Blocks=22458  Num Prerouted Wires=0  Num CS=0
(I)      Layer 1 (H) : #blockages 76 : #preroutes 0
(I)      Layer 2 (V) : #blockages 76 : #preroutes 0
(I)      Layer 3 (H) : #blockages 2470 : #preroutes 0
(I)      Layer 4 (V) : #blockages 19836 : #preroutes 0
(I)      Layer 5 (H) : #blockages 0 : #preroutes 0
(I)      -- via cost per layer --
(I)      Layer  1  Cost 200.00
(I)      Layer  2  Cost 200.00
(I)      Layer  3  Cost 300.00
(I)      Layer  4  Cost 200.00
(I)      Layer  5  Cost 200.00
(I)      ---------------------Grid Graph Info--------------------
(I)      Routing area        : (0, 0) - (3556135, 3549780)
(I)      Core area           : (0, 0) - (3556135, 3549780)
(I)      Site width          :   480  (dbu)
(I)      Row height          :    -1  (dbu)
(I)      GCell row height    :  3330  (dbu)
(I)      GCell width         :  3330  (dbu)
(I)      GCell height        :  3330  (dbu)
(I)      Grid                :  1068  1066     6
(I)      Layer numbers       :     1     2     3     4     5     6
(I)      Layer name         :   li1  met1  met2  met3  met4  met5
(I)      Vertical capacity   :     0     0  3330     0  3330     0
(I)      Horizontal capacity :     0  3330     0  3330     0  3330
(I)      Default wire width  :   170   140   140   300   300  1600
(I)      Default wire space  :   170   140   140   300   300  1600
(I)      Default wire pitch  :   340   280   280   600   600  3200
(I)      Default pitch size  :   340   370   480   610   720  3660
(I)      First track coord   : -2147483648   185   240   795   960  3845
(I)      Num tracks per GCell:  9.79  9.00  6.94  5.46  4.62  0.91
(I)      Total num of tracks :     0  9594  7409  5819  4938   969
(I)      --------------------------------------------------------

[NR-eGR] == Routing rule table ==
[NR-eGR]  ID  Name  #Nets 
(I)      ========= Via demand for each layer =========
(I)      +-------+-----+------+-------+-------+------+
(I)      | Layer |  Up | Down | Cross | Stack | DCut |
(I)      +-------+-----+------+-------+-------+------+
(I)      |     1 |   0 |    0 |     0 |    67 |   67 |
(I)      |     2 |   0 |    0 |     0 |    71 |   71 |
(I)      |     3 |   0 |    0 |     0 |    74 |   74 |
(I)      |     4 | 134 |  134 |   134 |   222 |  222 |
(I)      |     5 | 134 |    0 |   134 |   475 |  475 |
(I)      |     6 |   0 |    0 |     0 |    67 |    0 |
(I)      +-------+-----+------+-------+-------+------+
(I)      =============== Blocked Tracks ================
(I)      +-------+----------+----------+---------------+
(I)      | Layer |  #Tracks | #Blocked | Blocked Ratio |
(I)      +-------+----------+----------+---------------+
(I)      |     1 |        0 |        0 |         0.00% |
(I)      |     2 | 10246392 |  4720069 |        46.07% |
(I)      |     3 |  7897994 |  3649944 |        46.21% |
(I)      |     4 |  6214692 |  2895452 |        46.59% |
(I)      |     5 |  5263908 |  2446880 |        46.48% |
(I)      |     6 |  1034892 |        0 |         0.00% |
(I)      +-------+----------+----------+---------------+
(I)      Routing...
(I)      Reset routing kernel
(I)      Started Global Routing ( Curr Mem: 2951.94 MB )
(I)      totalPins=600939  totalGlobalPin=593939 (98.84%)
(I)      Group[0] : Priority=0 NumNets 167771 (100.0000 %) in layers[botLay=1][topLay=5]
(I)      Group[0]'s net ratio is 100.0000% merging threshold is 0.0833%
(I)      ================= Net Group Info =================
(I)      +----+----------------+--------------+-----------+
(I)      | ID | Number of Nets | Bottom Layer | Top Layer |
(I)      +----+----------------+--------------+-----------+
(I)      |  1 |         167771 |      met1(2) |   met5(6) |
(I)      +----+----------------+--------------+-----------+
(I)      Number of Two-pin nets      : 75980 (45.29%)
(I)      Number of Multi-pin nets    : 90435 (53.90%)
(I)      Number of Local nets        : 1356 (0.81%)
(I)      Number of Straight segments : 223625 (52.31%) length 827915
(I)      Number of Bended segments   : 203899 (47.69%) length 3338456
(I)      Number of Path segments     : 96117 (22.48%) length 1011257
(I)      Number of Pathless segments : 331407 (77.52%) length 3155114
(I)      Number of Routed segments   : 0 (0.00%)
(I)      Number of Unrouted segments : 427524 (100.00%)
(I)      total 2D Cap : 16995134 = (9909942 H, 7085192 V)
(I)      total 2D Demand : 6537 = (6537 H, 0 V)
(I)      init route region map
(I)      #blocked regions = 375
(I)      #non-blocked regions = 1
(I)      #connected regions = 1
(I)      init safety region map
(I)      #blocked regions = 375
(I)      #non-blocked regions = 1
(I)      #connected regions = 1
(I)      Adjusted 0 GCells for pin access
(I)      num of fully blocked pins = 0
(I)      num of partially blocked pins = 1860
(I)      numIndependentArea=1  numUnroutableSegs=0  unRoutableLength=0
(I)      Visit GCell upper bound 7221699
(I)      Visit GCell max upper bound 72216990
(I)      Ratio : 10.00
[NR-eGR] Layer group 1: route 167771 net(s) in layer range [2, 6]
(I)      
(I)      ============  Phase 1a Route ============
(I)      Round 0 : Overflow: 698763 / 698763 Length: 4059878 #Routed Segments: 427524 / 427524
(I)      Pattern Routing Avoiding Blockages : #blocked segments: 1919
(I)      Usage: 4203694 = (2102833 H, 2100861 V) = (21.22% H, 29.65% V) = (7.002e+06um H, 6.996e+06um V)
(I)      
(I)      ============  Phase 1b Route ============
(I)      Round 0 : Overflow: 630357 / 630357 Length: 4204125 #Routed Segments: 7774 / 427524
(I)      Usage: 4204125 = (2104437 H, 2099688 V) = (21.24% H, 29.63% V) = (7.008e+06um H, 6.992e+06um V)
(I)      Overflow of layer group 1: 5.65% H + 11.19% V. EstWL: 1.399974e+07um
(I)      Congestion metric : 11.19%H 15.76%V, 26.95%HV
(I)      Congestion threshold : each 60.00, sum 90.00
(I)      
(I)      ============  Phase 1c Route ============
(I)      Level2 Grid: 214 x 214
(I)      Round 0 : Overflow: 480586 / 480586 Length: 4244935 #Routed Segments: 6022 / 427524 #Visited GCells: 11700293
(I)      Round 0 : Overflow: 594084 / 594084 Length: 4710437 #Routed Segments: 987 / 427524 #Visited GCells: 72430877
(I)      Usage: 4710437 = (2570140 H, 2140297 V) = (25.93% H, 30.21% V) = (8.559e+06um H, 7.127e+06um V)
(I)      
(I)      ============  Phase 1d Route ============
(I)      Round 0 : Overflow: 594084 / 594084 Length: 4710437 #Routed Segments: 0 / 427524 #Visited GCells: 72430877
(I)        #maze   : 0
(I)        #mono   : 0
(I)        #snake  : 0
(I)        #escape : 0
(I)        #hum    : 0
(I)        #noRoute: 0
(I)        #guided : 0
(I)      Usage: 4710437 = (2570140 H, 2140297 V) = (25.93% H, 30.21% V) = (8.559e+06um H, 7.127e+06um V)
(I)      
(I)      ============  Phase 1e Route ============
(I)      Legalize blockage violation : Overflow: 594084 / 594084 Length: 4710437 #Routed Segments: 0 / 427524 #No Blk-Free Solutions:0
(I)      Usage: 4710437 = (2570140 H, 2140297 V) = (25.93% H, 30.21% V) = (8.559e+06um H, 7.127e+06um V)
[NR-eGR] Early Global Route overflow of layer group 1: 15.49% H + 8.83% V. EstWL: 1.568576e+07um
(I)      
(I)      ============  Phase 1l Route ============
(I)      LA result: Total OF : 717190  #vias : 1252929  wirelength : 4661991
(I)                  capacity    demand   overflow    blocked   non-blocked   
(I)      Layer  2:    5533465   1536471     38372     4649868     5586930    (45.42%) 
(I)      Layer  3:    4255070   1355825    124833     3597718     4293133    (45.59%) 
(I)      Layer  4:    3336013    847465     72668     2831144     3378061    (45.60%) 
(I)      Layer  5:    2824386    811811    109607     2409514     2851054    (45.80%) 
(I)      Layer  6:    1033923    450242    272992       94167      940700    ( 9.10%) 
(I)      Total:      16982857   5001814    618472    13582411    17049877    (44.34%) 
(I)      
[NR-eGR] Congestion Analysis By layer: (blocked Gcells are excluded) 
[NR-eGR]                        OverCon           OverCon           OverCon           OverCon            
[NR-eGR]                         #Gcell            #Gcell            #Gcell            #Gcell     %Gcell
[NR-eGR]        Layer            (1-59)          (60-118)         (119-177)         (178-237)    OverCon
[NR-eGR] -------------------------------------------------------------------------------------------------
[NR-eGR]     li1 ( 1)         0( 0.00%)         0( 0.00%)         0( 0.00%)         0( 0.00%)   ( 0.00%) 
[NR-eGR]    met1 ( 2)      7815( 1.26%)         0( 0.00%)         0( 0.00%)         0( 0.00%)   ( 1.26%) 
[NR-eGR]    met2 ( 3)     18520( 2.99%)       328( 0.05%)         0( 0.00%)         0( 0.00%)   ( 3.05%) 
[NR-eGR]    met3 ( 4)     14232( 2.30%)         9( 0.00%)         0( 0.00%)         0( 0.00%)   ( 2.30%) 
[NR-eGR]    met4 ( 5)     15376( 2.49%)        56( 0.01%)         3( 0.00%)         1( 0.00%)   ( 2.50%) 
[NR-eGR]    met5 ( 6)     85161( 8.24%)         0( 0.00%)         0( 0.00%)         0( 0.00%)   ( 8.24%) 
[NR-eGR] -------------------------------------------------------------------------------------------------
[NR-eGR]        Total    141104( 4.02%)       393( 0.01%)         3( 0.00%)         1( 0.00%)   ( 4.03%) 
[NR-eGR] 
(I)      total 2D Cap : 16996994 = (9910062 H, 7086932 V)
(I)      total 2D Demand : 5125482 = (2942625 H, 2182857 V)
(I)      init route region map
(I)      #blocked regions = 375
(I)      #non-blocked regions = 1
(I)      #connected regions = 1
(I)      init safety region map
(I)      #blocked regions = 375
(I)      #non-blocked regions = 1
(I)      #connected regions = 1
(I)      eGR overflow3D: 14.86% H + 9.11% V

(I)      Finished Global Routing ( CPU: 25.69 sec, Real: 25.29 sec, Curr Mem: 3108.30 MB )
(I)      total 2D Cap : 17003314 = (9913630 H, 7089684 V)
[NR-eGR] Overflow after Early Global Route 8.26% H + 3.08% V
(I)      Overflow after Early Global Route (TR) 14.64% H + 8.88% V
(I)      ============= Track Assignment ============
(I)      Started Track Assignment (8T) ( Curr Mem: 3108.30 MB )
(I)      Initialize Track Assignment ( max pin layer : 6 )
(I)      Run Multi-thread track assignment
(I)      Finished Track Assignment (8T) ( CPU: 2.71 sec, Real: 2.72 sec, Curr Mem: 3264.67 MB )
[NR-eGR]               Length (um)     Vias 
[NR-eGR] -----------------------------------
[NR-eGR]  li1   (1V)             0   594434 
[NR-eGR]  met1  (2H)       4691602   986054 
[NR-eGR]  met2  (3V)       4530211    50623 
[NR-eGR]  met3  (4H)       2500141    46034 
[NR-eGR]  met4  (5V)       2663974    12625 
[NR-eGR]  met5  (6H)       1503681        0 
[NR-eGR] -----------------------------------
[NR-eGR]        Total     15889609  1689770 
[NR-eGR] --------------------------------------------------------------------------
[NR-eGR] Total half perimeter of net bounding box: 12059887um
[NR-eGR] Total length: 15889609um, number of vias: 1689770
[NR-eGR] --------------------------------------------------------------------------
(I)      Total Global+Local length : 1.588961e+07 um  (hor: 8.641534e+06 um, ver: 7.248075e+06 um)
(I)      Total length: 1.588961e+07um, LocalNet: 1.588961e+07um, number of vias: 1689770
(I)      Total non-overlap #vias : 1689770 
[NR-eGR] Total routed clock nets wire length: 0um, number of vias: 0
[NR-eGR] --------------------------------------------------------------------------
(I)      Finished routing.
(I)      Export 2D congestion map
(I)      total 2D Cap : 17003314 = (9913630 H, 7089684 V)
(I)      total 2D Cap : 17003314 = (9913630 H, 7089684 V)
(I)      Reading 1066 rows and 115 nodes from Genus
(I)      core bounding box {0.000 0.000 3556.135 3549.780}
(I)      Constructing bin map
(I)      Initialize bin information with width=13320 height=13320
(I)      Done constructing bin map
(I)      HotspotReport setting:
(I)      includeBlockage = 0
(I)      use3D = 0
(I)      numHotspotReported = 5
(I)      readInstanceInfoFromBinMap with size 267 x 267
(I)      Done readCongestionInfo from bin map, deleting bin map
[NR-eGR] Hotspot level 0: numRow 267, numCol 267, interleaved? 0
[NR-eGR] numGroup 0, maxGroupArea 0.00, totGroupArea: 0.00 
[NR-eGR] Hotspot level 1: numRow 267, numCol 267, interleaved? 1
[NR-eGR] numGroup 0, maxGroupArea 0.00, totGroupArea: 0.00 
[NR-eGR] Hotspot level 2: numRow 134, numCol 134, interleaved? 1
[NR-eGR] numGroup 0, maxGroupArea 0.00, totGroupArea: 0.00 
[NR-eGR] Hotspot level 3: numRow 67, numCol 67, interleaved? 1
[NR-eGR] numGroup 0, maxGroupArea 0.00, totGroupArea: 0.00 
[NR-eGR] +------------+---------------+---------------+
[NR-eGR] |            |   max hotspot | total hotspot |
[NR-eGR] +------------+---------------+---------------+
[NR-eGR] | normalized |          0.00 |          0.00 |
[NR-eGR] +------------+---------------+---------------+
[NR-eGR] HUM HotSpot Analysis: normalized max congestion hotspot area = 0.00, normalized total congestion hotspot area = 0.00 (area is in unit of 4 std-cell row bins)
(I)      max/total 0.00/0.00, big hotspot (>10) total 0.00


hRoutingOverflowTR: 14.6404%
vRoutingOverflowTR: 8.88337%
hRoutingOverflowGR: 8.26262%
vRoutingOverflowGR: 3.07946%
Info : Deleting 2-D Early Global router data...
Info : Early 2-D Global router data deletion complete.
Info : Installing 3-D Early Global router...
Info : 3-D Early Global router installation complete.

 ======= Finished running HUM routing, Time taken: 33 seconds =========
  Calculating congestion data...

 ======= Starting running extraction on design ===============================
  Calculating gcell capacitance using probabilistic extraction...
No NDR for EEKit
There is no ndr for this design!

 ======= Finished running extraction on design, Time taken: 0 seconds =========
Done updating congestion map (time: 33s).

 ======= Starting creating route type bins =========

 ======= Finished creating route type bins, Time taken: 1 seconds =========
Warning : This attribute will be obsolete in a next major release. [TUI-32]
        : attribute: 'phys_pam_pas_reset_list', object type: 'design'
==================================
Stage : PBS_Generic_Opt-PAM_PAS 
==================================
  =================
   Message Summary
  =================
----------------------------------------------------------------------------------------------------------------------------------------------------------------------------------------------------------------------------------------
|    Id     |  Sev  |Count|                                                                                                Message Text                                                                                                |
----------------------------------------------------------------------------------------------------------------------------------------------------------------------------------------------------------------------------------------
|CDFG-250   |Info   |   66|Processing multi-dimensional arrays.                                                                                                                                                                        |
|CDFG-372   |Info   |   91|Bitwidth mismatch in assignment.                                                                                                                                                                            |
|           |       |     |Review and make sure the mismatch is intentional. Genus can possibly issue bitwidth mismatch warning for explicit assignments present in RTL as-well-as for implicit assignments inferred by the tool. For  |
|           |       |     | example, in case of enum declaration without value, the tool will implicitly assign value to the enum variables. It also issues the warning for any bitwidth mismatch that appears in this implicit        |
|           |       |     | assignment.                                                                                                                                                                                                |
|CDFG-373   |Info   |    1|Sign mismatch in assignment.                                                                                                                                                                                |
|CDFG-472   |Warning|   19|Unreachable statements for case item.                                                                                                                                                                       |
|CDFG-500   |Info   |    5|Unused module input port.                                                                                                                                                                                   |
|           |       |     |(In port definition within the module, the input port is not used in any assignment statements or conditional expressions for decision statements.                                                          |
|CDFG-508   |Warning|    3|Removing unused register.                                                                                                                                                                                   |
|           |       |     |Genus removes the flip-flop or latch inferred for an unused signal or variable. To preserve the flip-flop or latch, set the hdl_preserve_unused_registers attribute to true or use a pragma in the RTL.     |
|CDFG-567   |Info   |   56|Instantiating Subdesign.                                                                                                                                                                                    |
|CDFG-738   |Info   |  121|Common subexpression eliminated.                                                                                                                                                                            |
|CDFG-739   |Info   |  121|Common subexpression kept.                                                                                                                                                                                  |
|CDFG-769   |Info   |   15|Identified sum-of-products logic to be optimized during syn_generic.                                                                                                                                        |
|CDFG-771   |Info   |    1|Replaced logic with a constant value.                                                                                                                                                                       |
|CDFG-911   |Info   |    9|Ignored bit merge logic with shifter implementation.                                                                                                                                                        |
|CWD-19     |Info   |  269|An implementation was inferred.                                                                                                                                                                             |
|ELAB-1     |Info   |    1|Elaborating Design.                                                                                                                                                                                         |
|ELAB-2     |Info   |   26|Elaborating Subdesign.                                                                                                                                                                                      |
|ELAB-3     |Info   |    1|Done Elaborating Design.                                                                                                                                                                                    |
|ELABUTL-132|Info   |   11|Unused instance port.                                                                                                                                                                                       |
|           |       |     |Please check the reported scenario of unconnected instance port to ensure that it matches the design intent.                                                                                                |
|GLO-12     |Info   |  523|Replacing a flip-flop with a logic constant 0.                                                                                                                                                              |
|           |       |     |To prevent this optimization, set the 'optimize_constant_0_flops' root attribute to 'false' or 'optimize_constant_0_seq' instance attribute to 'false'. You can also see the complete list of deleted       |
|           |       |     | sequential with command 'report sequential -deleted' (on Reason 'constant0').                                                                                                                              |
|GLO-13     |Info   |   17|Replacing a flip-flop with a logic constant 1.                                                                                                                                                              |
|           |       |     |To prevent this optimization, set the 'optimize_constant_1_flops' root attribute to 'false' or 'optimize_constant_1_seq' instance attribute to 'false'.                                                     |
|GLO-34     |Info   |    4|Deleting instances not driving any primary outputs.                                                                                                                                                         |
|           |       |     |Optimizations such as constant propagation or redundancy removal could change the connections so a hierarchical instance does not drive any primary outputs anymore. To see the list of deleted hierarchical|
|           |       |     | instances, set the 'information_level' attribute to 2 or above. If the message is truncated set the message attribute 'truncate' to false to see the complete list. To prevent this optimization, set the  |
|           |       |     | 'delete_unloaded_insts' root/subdesign attribute to 'false' or 'preserve' instance attribute to 'true'.                                                                                                    |
|GLO-40     |Info   |   30|Combinational hierarchical blocks with identical inputs have been merged.                                                                                                                                   |
|           |       |     |This optimization usually reduces design area. To prevent merging of combinational hierarchical blocks, set the 'merge_combinational_hier_instances' root attribute to 'false' or the                       |
|           |       |     | 'merge_combinational_hier_instance' instance attribute to 'false'.                                                                                                                                         |
|GLO-45     |Info   |  397|Replacing the synchronous part of an always feeding back flip-flop with a logic constant.                                                                                                                   |
|           |       |     |To prevent this optimization, set 'optimize_constant_feedback_seqs' root attribute to 'false'. The instance attribute 'optimize_constant_feedback_seq' controls this optimization.                          |
|GLO-46     |Info   |    1|Combinational hierarchical instances are merged.                                                                                                                                                            |
|GLO-62     |Info   |  639|On tool_generated instance/module 'strict_no' is set.                                                                                                                                                       |
|           |       |     |This shall only be used for special purposes like formal verification.                                                                                                                                      |
|INVS-8     |Info   |    1|Innovus executable found.                                                                                                                                                                                   |
|           |       |     |The specified Innovus executable will be used for the Innovus batch jobs.                                                                                                                                   |
|INVS-18    |Info   |    1|The following executable version was used for the Innovus session.                                                                                                                                          |
|           |       |     |The specified Innovus version was used for the Innovus batch job.                                                                                                                                           |
|LBR-9      |Warning|    4|Library cell has no output pins defined.                                                                                                                                                                    |
|           |       |     |Add the missing output pin(s)                                                                                                                                                                               |
|           |       |     | , then reload the library. Else the library cell will be marked as timing model i.e. unusable. Timing_model means that the cell does not have any defined function. If there is no output pin, Genus will  |
|           |       |     | mark library cell as unusable i.e. the attribute 'usable' will be marked to 'false' on the libcell. Therefore, the cell is not used for mapping and it will not be picked up from the library for          |
|           |       |     | synthesis. If you query the attribute 'unusable_reason' on the libcell; result will be: 'Library cell has no output pins.'Note: The message LBR-9 is only for the logical pins and not for the power_ground|
|           |       |     | pins. Genus will depend upon the output function defined in the pin group (output pin) of the cell, to use it for mapping. The pg_pin will not have any function defined.                                  |
|LBR-40     |Info   |    7|An unsupported construct was detected in this library.                                                                                                                                                      |
|           |       |     |Check to see if this construct is really needed for synthesis. Many liberty constructs are not actually required.                                                                                           |
|LBR-41     |Info   |  512|An output library pin lacks a function attribute.                                                                                                                                                           |
|           |       |     |If the remainder of this library cell's semantic checks are successful, it will be considered as a timing-model (because one of its outputs does not have a valid function.                                 |
|LBR-81     |Warning|  108|Non-monotonic wireload model found.                                                                                                                                                                         |
|           |       |     |Non-monotonic wireload models can cause problems during synthesis and/or mapping.  Raising some of the points in the curve to give it a monotonic shape.                                                    |
|LBR-162    |Info   |   72|Both 'pos_unate' and 'neg_unate' timing_sense arcs have been processed.                                                                                                                                     |
|           |       |     |Setting the 'timing_sense' to non_unate.                                                                                                                                                                    |
|LBR-412    |Info   |    4|Created nominal operating condition.                                                                                                                                                                        |
|           |       |     |The nominal operating condition is represented, either by the nominal PVT values specified in the library source (via nom_process,nom_voltage and nom_temperature respectively)                             |
|           |       |     | , or by the default PVT values (1.0,1.0,1.0).                                                                                                                                                              |
|LBR-516    |Info   |    3|Missing library level attribute.                                                                                                                                                                            |
|LBR-517    |Error  |96732|Could not find the look-up table definition.                                                                                                                                                                |
|           |       |     |Add the look-up table definition, then reload the library.                                                                                                                                                  |
|LBR-709    |Warning|96732|Ignoring the timing group.                                                                                                                                                                                  |
|           |       |     |Fix the library cell error and then reload the library.                                                                                                                                                     |
|LIC-2      |Info   |    1|Beta feature.                                                                                                                                                                                               |
|           |       |     |Final production licensing of this beta feature has not been determined and is subject to change. Usage and support of this beta feature are subject to prior agreement with Cadence. In addition, Cadence  |
|           |       |     | assumes you understand the feature limitations and expected results. Contact your Cadence representative if you have any questions.                                                                        |
|PBS-1      |Info   |    1|Enabling Partition Based Synthesis.                                                                                                                                                                         |
|PHYS-12    |Warning|    3|The variant range of wire parameters is too large. An example of wire parameters are, a WIDTH for layer, PITCH for layer, MINSPACING for layers, etc.                                                       |
|           |       |     |Check the consistency of the parameters, and see if you can ignore this message or you're using different LEF file with wrong parameters.                                                                   |
|PHYS-13    |Warning|    1|The value of the wire parameter is too big.                                                                                                                                                                 |
|           |       |     |Check the consistency of the specified wire parameter.                                                                                                                                                      |
|PHYS-58    |Warning|    2|Option ignored.                                                                                                                                                                                             |
|           |       |     |The specified option will be treated as indicated above.                                                                                                                                                    |
|PHYS-90    |Info   |   13|Generating design database.                                                                                                                                                                                 |
|           |       |     |The database contains all the files required to restore the design in the specified application.                                                                                                            |
|PHYS-128   |Warning|  752|Library cell pin 'use' attribute is inconsistent between lib and LEF.                                                                                                                                       |
|           |       |     |Overriding lib value with LEF value. To use .lib as golden do: '::legacy::set_attribute use_power_ground_pin_from_lef false'.                                                                               |
|PHYS-129   |Info   |   25|Via with no resistance will have a value of '0.0' assigned for resistance value.                                                                                                                            |
|           |       |     |If this is the expected behavior, this message can be ignored.                                                                                                                                              |
|PHYS-181   |Info   |   38|Full preserve set on instance.                                                                                                                                                                              |
|           |       |     |This message has a default max print count of '10', which can be changed by setting the 'max_print' attribute.                                                                                              |
|PHYS-279   |Warning|   14|Physical cell not defined in library.                                                                                                                                                                       |
|           |       |     |Ensure that the proper library files are available and have been imported.                                                                                                                                  |
|PHYS-1011  |Warning|    1|Attribute design_process_node is not set for this design.                                                                                                                                                   |
|           |       |     |When attribute design_process_node is not set to an appropriate integer value >=1 and <=250, then Innovus will assume its own default value for the design process node. See the Innovus setDesignMode      |
|           |       |     | -process <> command for more information about what this setting does.                                                                                                                                     |
|ST-110     |Info   |   32|Connection established with super-threading server.                                                                                                                                                         |
|           |       |     |The tool is entering super-threading mode and has established a connection with a CPU server process.  This is enabled by the root attributes 'super_thread_servers' or 'auto_super_thread'.                |
|ST-112     |Info   |   32|A super-threading server has been shut down normally.                                                                                                                                                       |
|           |       |     |A super-threaded optimization is complete and a CPU server was successfully shut down.                                                                                                                      |
|ST-120     |Info   |    4|Attempting to launch a super-threading server.                                                                                                                                                              |
|           |       |     |The tool is entering super-threading mode and is launching a CPU server process.  This is enabled by the root attribute 'super_thread_servers' or 'auto_super_thread'.                                      |
|ST-128     |Info   |    4|Super thread servers are launched successfully.                                                                                                                                                             |
|SYNTH-1    |Info   |    1|Synthesizing.                                                                                                                                                                                               |
|TUI-32     |Warning|    7|This attribute will be obsolete in a next major release.                                                                                                                                                    |
|TUI-82     |Warning|    2|Enabling message severity downgrade.                                                                                                                                                                        |
|TUI-204    |Error  |    2|An invalid option was specified.                                                                                                                                                                            |
|           |       |     |Run 'command_name -help' to check all valid options. To correct the option and rerun the command.                                                                                                           |
|TUI-280    |Info   |    1|An additional product license has been checked out.                                                                                                                                                         |
|VLOGPT-692 |Warning|   26|Usage of non-static tasks or functions might result in simulation-synthesis mismatch.                                                                                                                       |
|           |       |     |Use the 'automatic' keyword for declaring functions and tasks.                                                                                                                                              |
----------------------------------------------------------------------------------------------------------------------------------------------------------------------------------------------------------------------------------------
PBS_Generic_Opt-PAM_PAS - Elapsed_Time 45, CPU_Time 44.0
stamp 'PBS_Generic_Opt-PAM_PAS' being created for table 'pbs_debug'

  Total Time (Wall) |  Stage Time (Wall)  |   % (Wall)   |    Date - Time     |  Memory   | Stage
--------------------+---------------------+--------------+--------------------+-----------+----------------------
 00:03:05(00:06:01) |  00:00:00(00:00:00) |   0.0(  0.0) |   10:53:31 (Jul05) |   2.50 GB | PBS_Generic-Start
--------------------+---------------------+--------------+--------------------+-----------+----------------------
 00:22:16(00:25:32) |  00:19:11(00:19:31) |  30.9( 43.0) |   11:13:01 (Jul05) |   3.70 GB | PBS_Generic-Post_Genopt
--------------------+---------------------+--------------+--------------------+-----------+----------------------
 00:40:02(00:43:55) |  00:17:45(00:18:23) |  28.6( 40.5) |   11:31:24 (Jul05) |   2.73 GB | PBS_Generic_Opt-Post
--------------------+---------------------+--------------+--------------------+-----------+----------------------
 00:40:07(00:44:00) |  00:00:05(00:00:05) |   0.1(  0.2) |   11:31:29 (Jul05) |   2.50 GB | PBS_Generic-Postgen HBO Optimizations
--------------------+---------------------+--------------+--------------------+-----------+----------------------
 01:04:25(00:50:41) |  00:24:18(00:06:41) |  39.2( 14.7) |   11:38:10 (Jul05) |   2.38 GB | PBS_Generic_Opt-Physical
--------------------+---------------------+--------------+--------------------+-----------+----------------------
 01:05:09(00:51:26) |  00:00:44(00:00:45) |   1.2(  1.7) |   11:38:55 (Jul05) |   3.04 GB | PBS_Generic_Opt-PAM_PAS
--------------------+---------------------+--------------+--------------------+-----------+----------------------
Number of threads: 8 * 2   (id: pbs_debug, time_info v1.57)
Info: (*N*) indicates data that was populated from previously saved time_info database
Info: CPU time includes time of parent + longest thread
Info    : Done synthesizing. [SYNTH-2]
        : Done synthesizing 'fa_top' to generic gates.
Warning : Non-monotonic wireload model found. [LBR-81]
        : 'Length' table in wireload model 'Huge' is non-monotonic.
Warning : Non-monotonic wireload model found. [LBR-81]
        : 'Length' table in wireload model 'Huge' is non-monotonic.
Warning : Non-monotonic wireload model found. [LBR-81]
        : 'Length' table in wireload model 'Huge' is non-monotonic.
Warning : Non-monotonic wireload model found. [LBR-81]
        : 'Length' table in wireload model 'Large' is non-monotonic.
Warning : Non-monotonic wireload model found. [LBR-81]
        : 'Length' table in wireload model 'Large' is non-monotonic.
Warning : Non-monotonic wireload model found. [LBR-81]
        : 'Length' table in wireload model 'Large' is non-monotonic.
Warning : Non-monotonic wireload model found. [LBR-81]
        : 'Length' table in wireload model 'Medium' is non-monotonic.
Warning : Non-monotonic wireload model found. [LBR-81]
        : 'Length' table in wireload model 'Medium' is non-monotonic.
Warning : Non-monotonic wireload model found. [LBR-81]
        : 'Length' table in wireload model 'Medium' is non-monotonic.
Warning : Non-monotonic wireload model found. [LBR-81]
        : 'Length' table in wireload model 'Small' is non-monotonic.
Warning : Non-monotonic wireload model found. [LBR-81]
        : 'Length' table in wireload model 'Small' is non-monotonic.
Warning : Non-monotonic wireload model found. [LBR-81]
        : 'Length' table in wireload model 'Small' is non-monotonic.
Info : Deleting 2-D Early Global router data...
Info : 2-D Early Global router data deletion complete.
Info : Initializing 2-D Early Global router engine...
Info : Installing 2-D Early Global router...
Info : Early Global router engine is using 8 threads.
Info : 2-D Early Global router initialization complete.
Info : 2-D Early Global router installation complete.
##>===== Cadence Confidential (Generic-Physical) =====
##>ST Summary (3 partitions in total):
##>----------------------------------------------
##>PARTITION                2         0         1
##>----------------------------------------------
##>PRE_WNS              -3271     -1387     -1266
##>PRE_TNS            2102241    123425    203050
##>PRE_CNT             219449     47934     82026
##>PRE_PORT_CNT           406      1332       555
##>PRE_AREA           5906495    691153   3578459
##>PRE_LEAK_PWR         20586      5824      8560
##>PRE_EX_DEL_CNT         407      1333       556
##>----------------------------------------------
##>POST_WNS              -680     -1348     -1564
##>POST_TNS            711586    112002    184928
##>POST_CNT            156937     33067     78746
##>POST_PORT_CNT          406      1332       555
##>POST_AREA          5321291    550950   3426071
##>POST_LEAK_PWR        15136      4176      7871
##>POST_EX_DEL_CNT        407      1333       556
##>----------------------------------------------
##>R:Read DB                1         0         0
##>R:Mux Opto              20        14         6
##>R:Generic              944       446       370
##>R:Retime                 0         0         0
##>R:Clk Gate               0         0         0
##>R:Const Prop            14         4         3
##>R:Gobble                 0         0         0
##>R:Set Targets            0         0         0
##>R:Write DB              18         5         9
##>R:Misc                   0         0         0
##>Total Elapsed          998       470       389
##>==============================================
##>===== Cadence Confidential (Generic-Physical) =====
##>ST Summary (3 partitions in total):
##>----------------------------------------------
##>PARTITION                2         1         0
##>----------------------------------------------
##>PRE_WNS               -680     -1564     -1348
##>PRE_TNS             717269    184946    112002
##>PRE_CNT             162430     82895     36205
##>PRE_PORT_CNT           406       544      1319
##>PRE_AREA           5403061   3498030    609164
##>PRE_LEAK_PWR         15770      8307      4483
##>PRE_EX_DEL_CNT         407       545      1320
##>----------------------------------------------
##>POST_WNS              -717     -1293     -1381
##>POST_TNS            532720    114983    124162
##>POST_CNT             91856     48337     24035
##>POST_PORT_CNT          406       544      1319
##>POST_AREA          4880333   3237427    483763
##>POST_LEAK_PWR         6772      3872      2417
##>POST_EX_DEL_CNT        407       545      1320
##>----------------------------------------------
##>F:Read DB                2         1         1
##>F:Mux Opto               0         0         0
##>F:Generic               13         7         4
##>F:Retime                 0         0         0
##>F:Clk Gate               0         0         0
##>F:Const Prop            22         8         4
##>F:Gobble                 0         0         0
##>F:Set Targets          943       569       243
##>F:Write DB              16         8         4
##>F:Misc                   0         0         0
##>Total Elapsed          996       593       256
##>==============================================
##>Main Thread Summary:
##>----------------------------------------------------------------------------------------
##>STEP                           Elapsed       WNS       TNS     Insts      Area    Memory
##>----------------------------------------------------------------------------------------
##>G:Initial                           53         -         -    349409  10176108      2645
##>G:Early Clock Gating                 0         -         -         -         -         -
##>G:Setup                              2         -         -         -         -      5096
##>G:Launch ST                         12         -         -         -         -      5096
##>G:Design Partition                   1         -         -         -         -      5096
##>G:Create Partition Netlists         12         -         -         -         -      5096
##>G:Init Power                         0         -         -         -         -      5096
##>G:Budgeting                         16         -         -         -         -      5096
##>G:Derenv-DB                         32         -         -         -         -      5096
##>G:Debug Outputs                      0         -         -         -         -         -
##>G:ST loading                         0         -         -         -         -      5096
##>G:Distributed                     1999         -         -         -         -      5096
##>G:Timer                             13         -         -         -         -      5096
##>G:Assembly                          12         -         -         -         -      5096
##>G:DFT                                5         -         -         -         -      5096
##>G:Const Prop                         5         -         -    164228   8601523      2504
##>G:Placement                        401         -         -    164228   8601518      2380
##>G:Physical Opt                      45         -         -    164228   8601518      3035
##>G:PostGen Opt                       28     -1381    771865    164228   8601523      2734
##>G:Early Clock Gating Cleanup         0         -         -         -         -         -
##>G:Misc                             101
##>----------------------------------------------------------------------------------------
##>Total Elapsed                     2737
##>========================================================================================
      flow.cputime  flow.realtime  timing.setup.tns  timing.setup.wns  snapshot
UM:*                                                                   syn_gen_physical
#----------------------------------------------------------------------------------------
# Root attributes for category: opt
#----------------------------------------------------------------------------------------
# Feature                           | Attribute                    | Value            
#----------------------------------------------------------------------------------------
# Avoid tied inputs                 | avoid_tied_inputs            | false (default)  
# Allow floating outputs            | opt_allow_floating_outputs   | false (default)  
# Power optimization effort         | design_power_effort          | none (default)   
# Do not use qbar sequential pins   | dont_use_qbar_seq_pins       | false (default)  
#----------------------------------------------------------------------------------------

##Generic Timing Info: typical gate delay  118.7 ps   std_slew:   16.0 ps   std_load:  4.8 fF  for library domain _default_
Mapping ChipWare ICG instances in fa_top
Found 0 unmapped ChipWare ICG instances
Mapped 0 of 0 ChipWare ICG instances

=============================================================================
  Generated by: Cadence Genus(TM) Synthesis Solution 25.12-s067_1
  Generated on: Jul  5 2026 11:39:21
  Module:       fa_top
=============================================================================

=========================
  check_floorplan SUMMARY
=========================
--------------------------------------------------------------------------------------------------------------
        Floorplan Object  |  Status  | #Violations |   #Total    |    ID     |  Violation Reason 
--------------------------------------------------------------------------------------------------------------
Core/Die Box              |   PASS   |          0  |          1  |           |                                                             
ROW Definitions           |   PASS   |          0  |          1  |           |                                                             
ROW Site References       |   PASS   |          0  |       1066  |           |                                                             
Primary Port Placement    |   PASS   |          0  |        551  |           |                                                             
Hard Macro Placement      |   PASS   |          0  |         38  |           |                                                             
Abnormal Utilization      |   PASS   |          0  |          1  |           |                                                             
Excessive Utilization     |   PASS   |          0  |          1  |           |                                                             
Macro Pin Outside Die     |   PASS   |          0  |       8246  |           |                                                             
Sites With No Rows        |   PASS   |          0  |          1  |           |                                                             
--------------------------------------------------------------------------------------------------------------

There is no error or warning detected for the floorplan.

Done checking floorplan - Elapsed time 0s, CPU time: 0.65s
Ultra global mapping function is enabled as part of physical-aware mapping/structuring.
Current PLE settings:

Aspect ratio        : 0.998
Shrink factor       : 1.000
Scale of res/length : 1.000
Scale of cap/length : 1.000
Net derating factor : 1.000
Thermal factor      : 1.000
Via Resistance      : 6.862 ohm (from qrc_tech_file)
Site size           : 3.810 um (from lef [tech+cell])

                                   Capacitance  
  Layer                             / Length         Data source:
Name        Direction Utilization  (pF/micron)       Probabilistic Extraction
------------------------------------------------
<extracted>     U         n/a         0.000185  
<extracted>     V         n/a         0.000165  
<extracted>     H         n/a         0.000206  

                                    Resistance   
  Layer                              / Length         Data source:
Name        Direction Utilization  (ohm/micron)       Probabilistic Extraction
-------------------------------------------------
<extracted>     U         n/a          0.846329  
<extracted>     V         n/a          0.857891  
<extracted>     H         n/a          0.834768  

                                        Area     
  Layer                               / Length        Data source:
Name (bin)  Direction Utilization     (micron)        lef_library
-------------------------------------------------
li1    (0)      V         0.00         0.170000  
met1   (0)      H         1.00         0.140000  
met2   (0)      V         1.00         0.140000  
met3   (1)      H         1.00         0.300000  
met4   (2)      V         1.00         0.300000  
met5   (2)      H         1.00         1.600000  

Info    : Mapping. [SYNTH-4]
        : Mapping 'fa_top' using 'high' effort.
Mapper: Libraries have:
	domain _default_: 305 combo usable cells and 62 sequential usable cells
PBS_TechMap-Start - Elapsed_Time 0, CPU_Time 0.0
stamp 'PBS_TechMap-Start' being created for table 'pbs_debug'

  Total Time (Wall) |  Stage Time (Wall)  |   % (Wall)   |    Date - Time     |  Memory   | Stage
--------------------+---------------------+--------------+--------------------+-----------+----------------------
 00:03:05(00:06:01) |  00:00:00(00:00:00) |   0.0(  0.0) |   10:53:31 (Jul05) |   2.50 GB | PBS_Generic-Start
--------------------+---------------------+--------------+--------------------+-----------+----------------------
 00:22:16(00:25:32) |  00:19:11(00:19:31) |  30.7( 42.5) |   11:13:01 (Jul05) |   3.70 GB | PBS_Generic-Post_Genopt
--------------------+---------------------+--------------+--------------------+-----------+----------------------
 00:40:02(00:43:55) |  00:17:45(00:18:23) |  28.4( 40.1) |   11:31:24 (Jul05) |   2.73 GB | PBS_Generic_Opt-Post
--------------------+---------------------+--------------+--------------------+-----------+----------------------
 00:40:07(00:44:00) |  00:00:05(00:00:05) |   0.1(  0.2) |   11:31:29 (Jul05) |   2.50 GB | PBS_Generic-Postgen HBO Optimizations
--------------------+---------------------+--------------+--------------------+-----------+----------------------
 01:04:25(00:50:41) |  00:24:18(00:06:41) |  38.8( 14.6) |   11:38:10 (Jul05) |   2.38 GB | PBS_Generic_Opt-Physical
--------------------+---------------------+--------------+--------------------+-----------+----------------------
 01:05:09(00:51:26) |  00:00:44(00:00:45) |   1.2(  1.6) |   11:38:55 (Jul05) |   3.04 GB | PBS_Generic_Opt-PAM_PAS
--------------------+---------------------+--------------+--------------------+-----------+----------------------
 01:05:40(00:51:54) |  00:00:31(00:00:28) |   0.8(  1.0) |   11:39:23 (Jul05) |   2.73 GB | PBS_TechMap-Start
--------------------+---------------------+--------------+--------------------+-----------+----------------------
Number of threads: 8 * 2   (id: pbs_debug, time_info v1.57)
Info: (*N*) indicates data that was populated from previously saved time_info database
Info: CPU time includes time of parent + longest thread
Finished constraining critical logic cones (command execution time mm:ss (real) = 00:00).

Warning : Non-monotonic wireload model found. [LBR-81]
        : 'Length' table in wireload model 'Huge' is non-monotonic.
Warning : Non-monotonic wireload model found. [LBR-81]
        : 'Length' table in wireload model 'Huge' is non-monotonic.
Warning : Non-monotonic wireload model found. [LBR-81]
        : 'Length' table in wireload model 'Huge' is non-monotonic.
Warning : Non-monotonic wireload model found. [LBR-81]
        : 'Length' table in wireload model 'Large' is non-monotonic.
Warning : Non-monotonic wireload model found. [LBR-81]
        : 'Length' table in wireload model 'Large' is non-monotonic.
Warning : Non-monotonic wireload model found. [LBR-81]
        : 'Length' table in wireload model 'Large' is non-monotonic.
Warning : Non-monotonic wireload model found. [LBR-81]
        : 'Length' table in wireload model 'Medium' is non-monotonic.
Warning : Non-monotonic wireload model found. [LBR-81]
        : 'Length' table in wireload model 'Medium' is non-monotonic.
PBS_TechMap-PAM_PAS - Elapsed_Time 3, CPU_Time 3.0
stamp 'PBS_TechMap-PAM_PAS' being created for table 'pbs_debug'

  Total Time (Wall) |  Stage Time (Wall)  |   % (Wall)   |    Date - Time     |  Memory   | Stage
--------------------+---------------------+--------------+--------------------+-----------+----------------------
 00:03:05(00:06:01) |  00:00:00(00:00:00) |   0.0(  0.0) |   10:53:31 (Jul05) |   2.50 GB | PBS_Generic-Start
--------------------+---------------------+--------------+--------------------+-----------+----------------------
 00:22:16(00:25:32) |  00:19:11(00:19:31) |  30.6( 42.5) |   11:13:01 (Jul05) |   3.70 GB | PBS_Generic-Post_Genopt
--------------------+---------------------+--------------+--------------------+-----------+----------------------
 00:40:02(00:43:55) |  00:17:45(00:18:23) |  28.4( 40.0) |   11:31:24 (Jul05) |   2.73 GB | PBS_Generic_Opt-Post
--------------------+---------------------+--------------+--------------------+-----------+----------------------
 00:40:07(00:44:00) |  00:00:05(00:00:05) |   0.1(  0.2) |   11:31:29 (Jul05) |   2.50 GB | PBS_Generic-Postgen HBO Optimizations
--------------------+---------------------+--------------+--------------------+-----------+----------------------
 01:04:25(00:50:41) |  00:24:18(00:06:41) |  38.8( 14.6) |   11:38:10 (Jul05) |   2.38 GB | PBS_Generic_Opt-Physical
--------------------+---------------------+--------------+--------------------+-----------+----------------------
 01:05:09(00:51:26) |  00:00:44(00:00:45) |   1.2(  1.6) |   11:38:55 (Jul05) |   3.04 GB | PBS_Generic_Opt-PAM_PAS
--------------------+---------------------+--------------+--------------------+-----------+----------------------
 01:05:40(00:51:54) |  00:00:31(00:00:28) |   0.8(  1.0) |   11:39:23 (Jul05) |   2.73 GB | PBS_TechMap-Start
--------------------+---------------------+--------------+--------------------+-----------+----------------------
 01:05:43(00:51:57) |  00:00:03(00:00:03) |   0.1(  0.1) |   11:39:26 (Jul05) |   2.73 GB | PBS_TechMap-PAM_PAS
--------------------+---------------------+--------------+--------------------+-----------+----------------------
Number of threads: 8 * 2   (id: pbs_debug, time_info v1.57)
Info: (*N*) indicates data that was populated from previously saved time_info database
Info: CPU time includes time of parent + longest thread
Info    : Partition Based Synthesis execution skipped. [PHYS-752]
        : Design size is less than the partition threshold '300000' for distributed mapping optimization to kick in.

=============================================================================
  Generated by: Cadence Genus(TM) Synthesis Solution 25.12-s067_1
  Generated on: Jul  5 2026 11:39:29
  Module:       fa_top
=============================================================================

=========================
  check_floorplan SUMMARY
=========================
--------------------------------------------------------------------------------------------------------------
        Floorplan Object  |  Status  | #Violations |   #Total    |    ID     |  Violation Reason 
--------------------------------------------------------------------------------------------------------------
Core/Die Box              |   PASS   |          0  |          1  |           |                                                             
ROW Definitions           |   PASS   |          0  |          1  |           |                                                             
ROW Site References       |   PASS   |          0  |       1066  |           |                                                             
Primary Port Placement    |   PASS   |          0  |        551  |           |                                                             
Hard Macro Placement      |   PASS   |          0  |         38  |           |                                                             
Abnormal Utilization      |   PASS   |          0  |          1  |           |                                                             
Excessive Utilization     |   PASS   |          0  |          1  |           |                                                             
Macro Pin Outside Die     |   PASS   |          0  |       8246  |           |                                                             
Sites With No Rows        |   PASS   |          0  |          1  |           |                                                             
--------------------------------------------------------------------------------------------------------------

There is no error or warning detected for the floorplan.

Done checking floorplan - Elapsed time 0s, CPU time: 0.23s
Ultra global mapping function is enabled as part of physical-aware mapping/structuring.
Current PLE settings:

Aspect ratio        : 0.998
Shrink factor       : 1.000
Scale of res/length : 1.000
Scale of cap/length : 1.000
Net derating factor : 1.000
Thermal factor      : 1.000
Via Resistance      : 6.862 ohm (from qrc_tech_file)
Site size           : 3.810 um (from lef [tech+cell])

                                   Capacitance  
  Layer                             / Length         Data source:
Name        Direction Utilization  (pF/micron)       Probabilistic Extraction
------------------------------------------------
<extracted>     U         n/a         0.000185  
<extracted>     V         n/a         0.000165  
<extracted>     H         n/a         0.000206  

                                    Resistance   
  Layer                              / Length         Data source:
Name        Direction Utilization  (ohm/micron)       Probabilistic Extraction
-------------------------------------------------
<extracted>     U         n/a          0.846329  
<extracted>     V         n/a          0.857891  
<extracted>     H         n/a          0.834768  

                                        Area     
  Layer                               / Length        Data source:
Name (bin)  Direction Utilization     (micron)        lef_library
-------------------------------------------------
li1    (0)      V         0.00         0.170000  
met1   (0)      H         1.00         0.140000  
met2   (0)      V         1.00         0.140000  
met3   (1)      H         1.00         0.300000  
met4   (2)      V         1.00         0.300000  
met5   (2)      H         1.00         1.600000  

Mapper: Libraries have:
	domain _default_: 305 combo usable cells and 62 sequential usable cells
Info    : Attempting to launch a super-threading server. [ST-120]
        : Attempting to Launch server 1 of 16.
Info    : Connection established with super-threading server. [ST-110]
        : The server '8_3_0' is forked process '2698982' on machine 'sh02lo01'.
Info    : Attempting to launch a super-threading server. [ST-120]
        : Attempting to Launch server 2 of 16.
Info    : Connection established with super-threading server. [ST-110]
        : The server 'localhost_3_1' is forked process '2698984' on this host.
Info    : Connection established with super-threading server. [ST-110]
        : The server '8_3_2' is forked process '2699049' on machine 'sh02lo01'.
Info    : Connection established with super-threading server. [ST-110]
        : The server '8_3_3' is forked process '2699054' on machine 'sh02lo01'.
Info    : Connection established with super-threading server. [ST-110]
        : The server '8_3_4' is forked process '2699056' on machine 'sh02lo01'.
Info    : Connection established with super-threading server. [ST-110]
        : The server '8_3_5' is forked process '2699058' on machine 'sh02lo01'.
Info    : Connection established with super-threading server. [ST-110]
        : The server '8_3_6' is forked process '2699060' on machine 'sh02lo01'.
Info    : Connection established with super-threading server. [ST-110]
        : The server '8_3_7' is forked process '2699062' on machine 'sh02lo01'.
Info    : Connection established with super-threading server. [ST-110]
        : The server '8_3_8' is forked process '2699064' on machine 'sh02lo01'.
Info    : Connection established with super-threading server. [ST-110]
        : The server 'localhost_3_9' is forked process '2699066' on this host.
Info    : Connection established with super-threading server. [ST-110]
        : The server 'localhost_3_10' is forked process '2699069' on this host.
Info    : Connection established with super-threading server. [ST-110]
        : The server 'localhost_3_11' is forked process '2699113' on this host.
Info    : Connection established with super-threading server. [ST-110]
        : The server 'localhost_3_12' is forked process '2699115' on this host.
Info    : Connection established with super-threading server. [ST-110]
        : The server 'localhost_3_13' is forked process '2699117' on this host.
Info    : Connection established with super-threading server. [ST-110]
        : The server 'localhost_3_14' is forked process '2699124' on this host.
Info    : Connection established with super-threading server. [ST-110]
        : The server 'localhost_3_15' is forked process '2699126' on this host.
Multi-threaded Virtual Mapping    (8 threads per ST process, 8 of 36 CPUs usable)
        Distributing super-thread jobs: mult_signed_13859_1 mult_signed_13859 mult_signed_10697_9 cb_oseq_2330 add_signed_12379_9 csa_tree_ADD_TC_OP_2_group_2_7 add_signed_629 add_signed_4001 add_signed_3997 add_signed_3997_1 add_signed_3989_1 add_signed_3989_2 add_signed_3989 add_signed_3989_3 add_unsigned_97_1 add_unsigned_97 increment_signed_156_6061 increment_signed_156_200 csa_tree_SUB_TC_OP_2_rsh_pad_group_7_16
          Sending 'mult_signed_13859_1' to server 'localhost_3_9'...
            Sent 'mult_signed_13859_1' to server 'localhost_3_9'.
          Sending 'mult_signed_13859' to server '8_3_4'...
            Sent 'mult_signed_13859' to server '8_3_4'.
          Sending 'mult_signed_10697_9' to server '8_3_7'...
            Sent 'mult_signed_10697_9' to server '8_3_7'.
          Sending 'cb_oseq_2330' to server '8_3_6'...
            Sent 'cb_oseq_2330' to server '8_3_6'.
          Sending 'add_signed_12379_9' to server '8_3_0'...
            Sent 'add_signed_12379_9' to server '8_3_0'.
          Sending 'csa_tree_ADD_TC_OP_2_group_2_7' to server 'localhost_3_11'...
            Sent 'csa_tree_ADD_TC_OP_2_group_2_7' to server 'localhost_3_11'.
          Sending 'add_signed_629' to server 'localhost_3_13'...
            Sent 'add_signed_629' to server 'localhost_3_13'.
          Sending 'add_signed_4001' to server 'localhost_3_10'...
            Sent 'add_signed_4001' to server 'localhost_3_10'.
          Sending 'add_signed_3997' to server 'localhost_3_12'...
            Sent 'add_signed_3997' to server 'localhost_3_12'.
          Sending 'add_signed_3997_1' to server 'localhost_3_1'...
            Sent 'add_signed_3997_1' to server 'localhost_3_1'.
          Sending 'add_signed_3989_1' to server 'localhost_3_15'...
            Sent 'add_signed_3989_1' to server 'localhost_3_15'.
          Sending 'add_signed_3989_2' to server '8_3_3'...
            Sent 'add_signed_3989_2' to server '8_3_3'.
          Sending 'add_signed_3989' to server 'localhost_3_14'...
            Sent 'add_signed_3989' to server 'localhost_3_14'.
          Sending 'add_signed_3989_3' to server '8_3_5'...
            Sent 'add_signed_3989_3' to server '8_3_5'.
          Sending 'add_unsigned_97_1' to server '8_3_2'...
            Sent 'add_unsigned_97_1' to server '8_3_2'.
          Sending 'add_unsigned_97' to server '8_3_8'...
            Sent 'add_unsigned_97' to server '8_3_8'.
          Received 'add_signed_4001' from server 'localhost_3_10'. (1351 ms elapsed)
          Sending 'increment_signed_156_6061' to server 'localhost_3_10'...
            Sent 'increment_signed_156_6061' to server 'localhost_3_10'.
          Received 'add_signed_629' from server 'localhost_3_13'. (1398 ms elapsed)
          Sending 'increment_signed_156_200' to server 'localhost_3_13'...
            Sent 'increment_signed_156_200' to server 'localhost_3_13'.
          Received 'add_signed_12379_9' from server '8_3_0'. (1632 ms elapsed)
          Sending 'csa_tree_SUB_TC_OP_2_rsh_pad_group_7_16' to server '8_3_0'...
            Sent 'csa_tree_SUB_TC_OP_2_rsh_pad_group_7_16' to server '8_3_0'.
          Received 'increment_signed_156_200' from server 'localhost_3_13'. (2558 ms elapsed)
          Received 'increment_signed_156_6061' from server 'localhost_3_10'. (2582 ms elapsed)
          Received 'add_unsigned_97_1' from server '8_3_2'. (3768 ms elapsed)
          Received 'add_signed_3989_3' from server '8_3_5'. (3793 ms elapsed)
          Received 'add_signed_3989_2' from server '8_3_3'. (3840 ms elapsed)
          Received 'add_signed_3989_1' from server 'localhost_3_15'. (3866 ms elapsed)
          Received 'add_signed_3997_1' from server 'localhost_3_1'. (3891 ms elapsed)
          Received 'add_signed_3997' from server 'localhost_3_12'. (3915 ms elapsed)
          Received 'csa_tree_ADD_TC_OP_2_group_2_7' from server 'localhost_3_11'. (4009 ms elapsed)
          Received 'cb_oseq_2330' from server '8_3_6'. (4118 ms elapsed)
          Received 'mult_signed_10697_9' from server '8_3_7'. (4194 ms elapsed)
          Received 'csa_tree_SUB_TC_OP_2_rsh_pad_group_7_16' from server '8_3_0'. (209 ms elapsed)
          Received 'add_signed_3989' from server 'localhost_3_14'. (4757 ms elapsed)
          Received 'add_unsigned_97' from server '8_3_8'. (4769 ms elapsed)
          Received 'mult_signed_13859' from server '8_3_4'. (9931 ms elapsed)
          Received 'mult_signed_13859_1' from server 'localhost_3_9'. (11400 ms elapsed)
Normal Structuring mode def=mult_signed_13859_1
Normal Structuring mode def=mult_signed_13859
Normal Structuring mode def=mult_signed_10697_9
Normal Structuring mode def=cb_oseq_2330
Working on Hinst: CDN_PAS_SKIP_FFC_0i
[gig_analyze] should_ungroup = 0
[gig_analyze] should_ungroup = 0
[gig_analyze] should_ungroup = 0
[gig_analyze] should_ungroup = 0
[gig_analyze] should_ungroup = 0
[gig_analyze] should_ungroup = 0

INFO: Identified hierarchy for CAS: hinst:iopt_partition/CDN_PAS_SKIP_FFC_0i

Normal Structuring mode def=add_signed_12379_9
Normal Structuring mode def=csa_tree_ADD_TC_OP_2_group_2_7
Normal Structuring mode def=add_signed_629
Normal Structuring mode def=add_signed_4001
Normal Structuring mode def=add_signed_3997
Normal Structuring mode def=add_signed_3997_1
Normal Structuring mode def=add_signed_3989_1
Normal Structuring mode def=add_signed_3989_2
Normal Structuring mode def=add_signed_3989
Normal Structuring mode def=add_signed_3989_3
Normal Structuring mode def=add_unsigned_97_1
Normal Structuring mode def=add_unsigned_97
Normal Structuring mode def=increment_signed_156_6061
Normal Structuring mode def=increment_signed_156_200
Normal Structuring mode def=csa_tree_SUB_TC_OP_2_rsh_pad_group_7_16
        Distributing super-thread jobs: cb_oseq_2332
          Sending 'cb_oseq_2332' to server 'localhost_3_9'...
            Sent 'cb_oseq_2332' to server 'localhost_3_9'.
          Received 'cb_oseq_2332' from server 'localhost_3_9'. (3817 ms elapsed)
Normal Structuring mode def=cb_part
Normal Structuring mode def=cb_oseq_2332
Working on Hinst: CDN_PAS_SKIP_FFC_0i
[gig_analyze] should_ungroup = 0
[gig_analyze] should_ungroup = 0
[gig_analyze] should_ungroup = 0
[gig_analyze] should_ungroup = 0
[gig_analyze] should_ungroup = 0
[gig_analyze] should_ungroup = 0

INFO: Identified hierarchy for CAS: hinst:iopt_partition/CDN_PAS_SKIP_FFC_0i

        Distributing super-thread jobs: cb_oseq_2322 cb_oseq_2324 add_unsigned_4168
          Sending 'cb_oseq_2322' to server 'localhost_3_9'...
            Sent 'cb_oseq_2322' to server 'localhost_3_9'.
          Sending 'cb_oseq_2324' to server '8_3_4'...
            Sent 'cb_oseq_2324' to server '8_3_4'.
          Sending 'add_unsigned_4168' to server '8_3_7'...
            Sent 'add_unsigned_4168' to server '8_3_7'.
          Received 'add_unsigned_4168' from server '8_3_7'. (208 ms elapsed)
          Received 'cb_oseq_2324' from server '8_3_4'. (16681 ms elapsed)
          Received 'cb_oseq_2322' from server 'localhost_3_9'. (22629 ms elapsed)
Normal Structuring mode def=increment_unsigned_1982_1984
Normal Structuring mode def=add_signed_1732_1
Normal Structuring mode def=increment_signed_1727_1874
Normal Structuring mode def=increment_signed_1727_1746
Normal Structuring mode def=sub_signed_13066
Normal Structuring mode def=cb_oseq_2326
Normal Structuring mode def=add_signed_1732
Normal Structuring mode def=cb_oseq_2322
Normal Structuring mode def=cb_oseq_2324
	129	 CDN_PAS_CONNECTED_FFCi261
Working on Hinst: CDN_PAS_SKIP_FFC_0i
[gig_analyze] should_ungroup = 0
[gig_analyze] should_ungroup = 0
[gig_analyze] should_ungroup = 0
[gig_analyze] should_ungroup = 0
[gig_analyze] should_ungroup = 0
[gig_analyze] should_ungroup = 0

INFO: Identified hierarchy for CAS: hinst:iopt_partition/CDN_PAS_SKIP_FFC_0i

Working on Hinst: CDN_PAS_SKIP_FFC_1i
[gig_analyze] should_ungroup = 1
Ungrouping hinst:hinst:iopt_partition/CDN_PAS_SKIP_FFC_1i
Working on Hinst: CDN_PAS_SKIP_FFC_2i
[gig_analyze] should_ungroup = 0
[gig_analyze] should_ungroup = 0
[gig_analyze] should_ungroup = 0
[gig_analyze] should_ungroup = 0
[gig_analyze] should_ungroup = 0
[gig_analyze] should_ungroup = 0

INFO: Identified hierarchy for CAS: hinst:iopt_partition/CDN_PAS_SKIP_FFC_2i

Working on Hinst: CDN_PAS_SKIP_FFC_3i
[gig_analyze] should_ungroup = 0
[gig_analyze] should_ungroup = 0
[gig_analyze] should_ungroup = 0
[gig_analyze] should_ungroup = 0
[gig_analyze] should_ungroup = 0
[gig_analyze] should_ungroup = 0

INFO: Identified hierarchy for CAS: hinst:iopt_partition/CDN_PAS_SKIP_FFC_3i

Normal Structuring mode def=add_unsigned_4168
Normal Structuring mode def=cb_part_2333
        Distributing super-thread jobs: cb_seq_2331 cb_seq_2327 cb_seq_2329 mult_signed_4444_9 mult_signed_4444_9_8 mult_signed_1002 cb_oseq cb_seq_2325 mult_signed_9 add_signed_12789
          Sending 'cb_seq_2331' to server 'localhost_3_9'...
            Sent 'cb_seq_2331' to server 'localhost_3_9'.
          Sending 'cb_seq_2327' to server '8_3_4'...
            Sent 'cb_seq_2327' to server '8_3_4'.
          Sending 'cb_seq_2329' to server '8_3_7'...
            Sent 'cb_seq_2329' to server '8_3_7'.
          Sending 'mult_signed_4444_9' to server '8_3_6'...
            Sent 'mult_signed_4444_9' to server '8_3_6'.
          Sending 'mult_signed_4444_9_8' to server '8_3_0'...
            Sent 'mult_signed_4444_9_8' to server '8_3_0'.
          Sending 'mult_signed_1002' to server 'localhost_3_11'...
            Sent 'mult_signed_1002' to server 'localhost_3_11'.
          Sending 'cb_oseq' to server 'localhost_3_13'...
            Sent 'cb_oseq' to server 'localhost_3_13'.
          Sending 'cb_seq_2325' to server 'localhost_3_10'...
            Sent 'cb_seq_2325' to server 'localhost_3_10'.
          Sending 'mult_signed_9' to server 'localhost_3_12'...
            Sent 'mult_signed_9' to server 'localhost_3_12'.
          Sending 'add_signed_12789' to server 'localhost_3_1'...
            Sent 'add_signed_12789' to server 'localhost_3_1'.
          Received 'cb_seq_2325' from server 'localhost_3_10'. (6974 ms elapsed)
          Received 'mult_signed_1002' from server 'localhost_3_11'. (7429 ms elapsed)
          Received 'mult_signed_4444_9_8' from server '8_3_0'. (7725 ms elapsed)
          Received 'mult_signed_4444_9' from server '8_3_6'. (8018 ms elapsed)
          Received 'add_signed_12789' from server 'localhost_3_1'. (7483 ms elapsed)
          Received 'mult_signed_9' from server 'localhost_3_12'. (8419 ms elapsed)
          Received 'cb_oseq' from server 'localhost_3_13'. (23759 ms elapsed)
          Received 'cb_seq_2329' from server '8_3_7'. (26463 ms elapsed)
          Received 'cb_seq_2327' from server '8_3_4'. (28757 ms elapsed)
          Received 'cb_seq_2331' from server 'localhost_3_9'. (133705 ms elapsed)
Normal Structuring mode def=increment_signed_14766_14782
Normal Structuring mode def=csa_tree_SUB_TC_OP_2_rsh_pad_group_7_9
Normal Structuring mode def=csa_tree_SUB_TC_OP_2_rsh_pad_group_2
Normal Structuring mode def=cb_seq_2331
	328	 CDN_PAS_CONNECTED_FFCi389
Working on Hinst: CDN_PAS_SKIP_FFC_0i
[gig_analyze] should_ungroup = 0
[gig_analyze] should_ungroup = 0
[gig_analyze] should_ungroup = 0
[gig_analyze] should_ungroup = 0
[gig_analyze] should_ungroup = 0
[gig_analyze] should_ungroup = 0

INFO: Identified hierarchy for CAS: hinst:iopt_partition/CDN_PAS_SKIP_FFC_0i

Working on Hinst: CDN_PAS_SKIP_FFC_1i
[gig_analyze] should_ungroup = 0
[gig_analyze] should_ungroup = 0
[gig_analyze] should_ungroup = 0
[gig_analyze] should_ungroup = 0
[gig_analyze] should_ungroup = 0
[gig_analyze] should_ungroup = 0

INFO: Identified hierarchy for CAS: hinst:iopt_partition/CDN_PAS_SKIP_FFC_1i

Normal Structuring mode def=cb_seq_2327
Working on Hinst: CDN_PAS_SKIP_FFC_0i
[gig_analyze] should_ungroup = 1
Ungrouping hinst:hinst:iopt_partition/CDN_PAS_SKIP_FFC_0i
Working on Hinst: CDN_PAS_SKIP_FFC_1i
[gig_analyze] should_ungroup = 0
[gig_analyze] should_ungroup = 0
[gig_analyze] should_ungroup = 0
[gig_analyze] should_ungroup = 0
[gig_analyze] should_ungroup = 0
[gig_analyze] should_ungroup = 0

INFO: Identified hierarchy for CAS: hinst:iopt_partition/CDN_PAS_SKIP_FFC_1i

Working on Hinst: CDN_PAS_SKIP_FFC_2i
[gig_analyze] should_ungroup = 0
[gig_analyze] should_ungroup = 0
[gig_analyze] should_ungroup = 0
[gig_analyze] should_ungroup = 0
[gig_analyze] should_ungroup = 0
[gig_analyze] should_ungroup = 0

INFO: Identified hierarchy for CAS: hinst:iopt_partition/CDN_PAS_SKIP_FFC_2i

Working on Hinst: CDN_PAS_SKIP_FFC_3i
[gig_analyze] should_ungroup = 0
[gig_analyze] should_ungroup = 0
[gig_analyze] should_ungroup = 0
[gig_analyze] should_ungroup = 0
[gig_analyze] should_ungroup = 0
[gig_analyze] should_ungroup = 0

INFO: Identified hierarchy for CAS: hinst:iopt_partition/CDN_PAS_SKIP_FFC_3i

Normal Structuring mode def=cb_seq_2329
	141	 CDN_PAS_CONNECTED_FFCi162
Working on Hinst: CDN_PAS_SKIP_FFC_0i
[gig_analyze] should_ungroup = 0
[gig_analyze] should_ungroup = 0
[gig_analyze] should_ungroup = 0
[gig_analyze] should_ungroup = 0
[gig_analyze] should_ungroup = 0
[gig_analyze] should_ungroup = 0

INFO: Identified hierarchy for CAS: hinst:iopt_partition/CDN_PAS_SKIP_FFC_0i

Working on Hinst: CDN_PAS_SKIP_FFC_1i
[gig_analyze] should_ungroup = 1
Ungrouping hinst:hinst:iopt_partition/CDN_PAS_SKIP_FFC_1i
Normal Structuring mode def=mult_signed_4444_9
Normal Structuring mode def=mult_signed_4444_9_8
Normal Structuring mode def=mult_signed_1002
Normal Structuring mode def=cb_oseq
Working on Hinst: CDN_PAS_SKIP_FFC_0i
[gig_analyze] should_ungroup = 0
[gig_analyze] should_ungroup = 0
[gig_analyze] should_ungroup = 0
[gig_analyze] should_ungroup = 0
[gig_analyze] should_ungroup = 0
[gig_analyze] should_ungroup = 0

INFO: Identified hierarchy for CAS: hinst:iopt_partition/CDN_PAS_SKIP_FFC_0i

Working on Hinst: CDN_PAS_SKIP_FFC_1i
[gig_analyze] should_ungroup = 0
[gig_analyze] should_ungroup = 0
[gig_analyze] should_ungroup = 0
[gig_analyze] should_ungroup = 0
[gig_analyze] should_ungroup = 0
[gig_analyze] should_ungroup = 0

INFO: Identified hierarchy for CAS: hinst:iopt_partition/CDN_PAS_SKIP_FFC_1i

Normal Structuring mode def=cb_seq_2325
Working on Hinst: CDN_PAS_SKIP_FFC_0i
[gig_analyze] should_ungroup = 0
[gig_analyze] should_ungroup = 0
[gig_analyze] should_ungroup = 0
[gig_analyze] should_ungroup = 0
[gig_analyze] should_ungroup = 0
[gig_analyze] should_ungroup = 0

INFO: Identified hierarchy for CAS: hinst:iopt_partition/CDN_PAS_SKIP_FFC_0i

Normal Structuring mode def=mult_signed_9
Normal Structuring mode def=add_signed_12789
        Distributing super-thread jobs: cb_seq_2321 cb_seq_2323
          Sending 'cb_seq_2321' to server 'localhost_3_9'...
            Sent 'cb_seq_2321' to server 'localhost_3_9'.
          Sending 'cb_seq_2323' to server '8_3_4'...
            Sent 'cb_seq_2323' to server '8_3_4'.
          Received 'cb_seq_2323' from server '8_3_4'. (81043 ms elapsed)
          Received 'cb_seq_2321' from server 'localhost_3_9'. (162075 ms elapsed)
Normal Structuring mode def=cb_seq
Normal Structuring mode def=cb_seq_2321
	1552	 CDN_PAS_CONNECTED_FFCi2053
	256	 CDN_PAS_CONNECTED_FFCi
Working on Hinst: CDN_PAS_CONNECTED_FFCi2054
[gig_analyze] should_ungroup = 0
[gig_analyze] should_ungroup = 0
[gig_analyze] should_ungroup = 0
[gig_analyze] should_ungroup = 0
[gig_analyze] should_ungroup = 0
[gig_analyze] should_ungroup = 0

INFO: Identified hierarchy for CAS: hinst:iopt_partition/CDN_PAS_CONNECTED_FFCi2054

Working on Hinst: CDN_PAS_SKIP_FFC_0i
[gig_analyze] should_ungroup = 0
[gig_analyze] should_ungroup = 0
[gig_analyze] should_ungroup = 0
[gig_analyze] should_ungroup = 0
[gig_analyze] should_ungroup = 0
[gig_analyze] should_ungroup = 0

INFO: Identified hierarchy for CAS: hinst:iopt_partition/CDN_PAS_SKIP_FFC_0i

Working on Hinst: CDN_PAS_SKIP_FFC_1i
[gig_analyze] should_ungroup = 0
[gig_analyze] should_ungroup = 0
[gig_analyze] should_ungroup = 0
[gig_analyze] should_ungroup = 0
[gig_analyze] should_ungroup = 0
[gig_analyze] should_ungroup = 0

INFO: Identified hierarchy for CAS: hinst:iopt_partition/CDN_PAS_SKIP_FFC_1i

Working on Hinst: CDN_PAS_SKIP_FFC_2i
[gig_analyze] should_ungroup = 0
[gig_analyze] should_ungroup = 0
[gig_analyze] should_ungroup = 0
[gig_analyze] should_ungroup = 0
[gig_analyze] should_ungroup = 0
[gig_analyze] should_ungroup = 0

INFO: Identified hierarchy for CAS: hinst:iopt_partition/CDN_PAS_SKIP_FFC_2i

Working on Hinst: CDN_PAS_SKIP_FFC_3i
[gig_analyze] should_ungroup = 1
Ungrouping hinst:hinst:iopt_partition/CDN_PAS_SKIP_FFC_3i
Working on Hinst: CDN_PAS_SKIP_FFC_4i
[gig_analyze] should_ungroup = 0
[gig_analyze] should_ungroup = 0
[gig_analyze] should_ungroup = 0
[gig_analyze] should_ungroup = 0
[gig_analyze] should_ungroup = 0
[gig_analyze] should_ungroup = 0

INFO: Identified hierarchy for CAS: hinst:iopt_partition/CDN_PAS_SKIP_FFC_4i

Normal Structuring mode def=cb_seq_2323
Working on Hinst: CDN_PAS_SKIP_FFC_0i
[gig_analyze] should_ungroup = 0
[gig_analyze] should_ungroup = 0
[gig_analyze] should_ungroup = 0
[gig_analyze] should_ungroup = 0
[gig_analyze] should_ungroup = 0
[gig_analyze] should_ungroup = 0

INFO: Identified hierarchy for CAS: hinst:iopt_partition/CDN_PAS_SKIP_FFC_0i

Working on Hinst: CDN_PAS_SKIP_FFC_1i
[gig_analyze] should_ungroup = 0
[gig_analyze] should_ungroup = 0
[gig_analyze] should_ungroup = 0
[gig_analyze] should_ungroup = 0
[gig_analyze] should_ungroup = 0
[gig_analyze] should_ungroup = 0

INFO: Identified hierarchy for CAS: hinst:iopt_partition/CDN_PAS_SKIP_FFC_1i

 
Global mapping target info
==========================
Cost Group 'clk' target slack:    50 ps
Target path end-point (Pin: u_core/u_score_exp_product_s0_reg[64]/d)

Multi-threaded Technology Mapping (8 threads per ST process, 8 of 36 CPUs usable)
        Distributing super-thread jobs: cb_seq_2321 cb_seq_2323
          Sending 'cb_seq_2321' to server 'localhost_3_9'...
            Sent 'cb_seq_2321' to server 'localhost_3_9'.
          Sending 'cb_seq_2323' to server '8_3_4'...
            Sent 'cb_seq_2323' to server '8_3_4'.
          Received 'cb_seq_2323' from server '8_3_4'. (60892 ms elapsed)
          Received 'cb_seq_2321' from server 'localhost_3_9'. (120893 ms elapsed)
Normal Structuring mode def=cb_seq
Normal Structuring mode def=cb_seq_2321
	1152	 CDN_PAS_CONNECTED_FFCi5779
	857	 CDN_PAS_CONNECTED_FFCi5780
	3680	 CDN_PAS_CONNECTED_FFCi5783
Working on Hinst: CDN_PAS_SKIP_FFC_0i
[gig_analyze] should_ungroup = 0
[gig_analyze] should_ungroup = 0
[gig_analyze] should_ungroup = 0
[gig_analyze] should_ungroup = 0
[gig_analyze] should_ungroup = 0
[gig_analyze] should_ungroup = 0

INFO: Identified hierarchy for CAS: hinst:iopt_partition/CDN_PAS_SKIP_FFC_0i

Working on Hinst: CDN_PAS_SKIP_FFC_1i
[gig_analyze] should_ungroup = 0
[gig_analyze] should_ungroup = 0
[gig_analyze] should_ungroup = 0
[gig_analyze] should_ungroup = 0
[gig_analyze] should_ungroup = 0
[gig_analyze] should_ungroup = 0

INFO: Identified hierarchy for CAS: hinst:iopt_partition/CDN_PAS_SKIP_FFC_1i

Working on Hinst: CDN_PAS_SKIP_FFC_2i
[gig_analyze] should_ungroup = 0
[gig_analyze] should_ungroup = 0
[gig_analyze] should_ungroup = 0
[gig_analyze] should_ungroup = 0
[gig_analyze] should_ungroup = 0
[gig_analyze] should_ungroup = 0

INFO: Identified hierarchy for CAS: hinst:iopt_partition/CDN_PAS_SKIP_FFC_2i

Working on Hinst: CDN_PAS_SKIP_FFC_3i
[gig_analyze] should_ungroup = 0
[gig_analyze] should_ungroup = 0
[gig_analyze] should_ungroup = 0
[gig_analyze] should_ungroup = 0
[gig_analyze] should_ungroup = 0
[gig_analyze] should_ungroup = 0

INFO: Identified hierarchy for CAS: hinst:iopt_partition/CDN_PAS_SKIP_FFC_3i

Normal Structuring mode def=cb_seq_2323
	1024	 CDN_PAS_CONNECTED_FFCi3135
	2111	 CDN_PAS_CONNECTED_FFCi
Working on Hinst: CDN_PAS_CONNECTED_FFCi3135
[gig_analyze] should_ungroup = 0
[gig_analyze] should_ungroup = 0
[gig_analyze] should_ungroup = 0
[gig_analyze] should_ungroup = 0
[gig_analyze] should_ungroup = 0
[gig_analyze] should_ungroup = 0

INFO: Identified hierarchy for CAS: hinst:iopt_partition/CDN_PAS_CONNECTED_FFCi3135

Working on Hinst: CDN_PAS_SKIP_FFC_0i
[gig_analyze] should_ungroup = 0
[gig_analyze] should_ungroup = 0
[gig_analyze] should_ungroup = 0
[gig_analyze] should_ungroup = 0
[gig_analyze] should_ungroup = 0
[gig_analyze] should_ungroup = 0

INFO: Identified hierarchy for CAS: hinst:iopt_partition/CDN_PAS_SKIP_FFC_0i

        Distributing super-thread jobs: cb_seq_2331 cb_seq_2327 cb_seq_2329 cb_seq_2325
          Sending 'cb_seq_2331' to server 'localhost_3_9'...
            Sent 'cb_seq_2331' to server 'localhost_3_9'.
          Sending 'cb_seq_2327' to server '8_3_4'...
            Sent 'cb_seq_2327' to server '8_3_4'.
          Sending 'cb_seq_2329' to server '8_3_7'...
            Sent 'cb_seq_2329' to server '8_3_7'.
          Sending 'cb_seq_2325' to server '8_3_6'...
            Sent 'cb_seq_2325' to server '8_3_6'.
          Received 'cb_seq_2325' from server '8_3_6'. (4573 ms elapsed)
          Received 'cb_seq_2329' from server '8_3_7'. (11867 ms elapsed)
          Received 'cb_seq_2327' from server '8_3_4'. (45144 ms elapsed)
          Received 'cb_seq_2331' from server 'localhost_3_9'. (53858 ms elapsed)
Normal Structuring mode def=cb_seq_2331
	2048	 CDN_PAS_CONNECTED_FFCi2049
Working on Hinst: CDN_PAS_SKIP_FFC_0i
[gig_analyze] should_ungroup = 0
[gig_analyze] should_ungroup = 0
[gig_analyze] should_ungroup = 0
[gig_analyze] should_ungroup = 0
[gig_analyze] should_ungroup = 0
[gig_analyze] should_ungroup = 0

INFO: Identified hierarchy for CAS: hinst:iopt_partition/CDN_PAS_SKIP_FFC_0i

Normal Structuring mode def=cb_seq_2327
	1413	 CDN_PAS_CONNECTED_FFCi1522
Working on Hinst: CDN_PAS_SKIP_FFC_0i
[gig_analyze] should_ungroup = 0
[gig_analyze] should_ungroup = 0
[gig_analyze] should_ungroup = 0
[gig_analyze] should_ungroup = 0
[gig_analyze] should_ungroup = 0
[gig_analyze] should_ungroup = 0

INFO: Identified hierarchy for CAS: hinst:iopt_partition/CDN_PAS_SKIP_FFC_0i

Working on Hinst: CDN_PAS_SKIP_FFC_1i
[gig_analyze] should_ungroup = 0
[gig_analyze] should_ungroup = 0
[gig_analyze] should_ungroup = 0
[gig_analyze] should_ungroup = 0
[gig_analyze] should_ungroup = 0
[gig_analyze] should_ungroup = 0

INFO: Identified hierarchy for CAS: hinst:iopt_partition/CDN_PAS_SKIP_FFC_1i

Normal Structuring mode def=cb_seq_2329
	691	 CDN_PAS_CONNECTED_FFCi691
Working on Hinst: CDN_PAS_SKIP_FFC_0i
[gig_analyze] should_ungroup = 0
[gig_analyze] should_ungroup = 0
[gig_analyze] should_ungroup = 0
[gig_analyze] should_ungroup = 0
[gig_analyze] should_ungroup = 0
[gig_analyze] should_ungroup = 0

INFO: Identified hierarchy for CAS: hinst:iopt_partition/CDN_PAS_SKIP_FFC_0i

Normal Structuring mode def=cb_seq_2325
	160	 CDN_PAS_CONNECTED_FFCi
Working on Hinst: CDN_PAS_SKIP_FFC_0i
[gig_analyze] should_ungroup = 0
[gig_analyze] should_ungroup = 0
[gig_analyze] should_ungroup = 0
[gig_analyze] should_ungroup = 0
[gig_analyze] should_ungroup = 0
[gig_analyze] should_ungroup = 0

INFO: Identified hierarchy for CAS: hinst:iopt_partition/CDN_PAS_SKIP_FFC_0i

Working on Hinst: CDN_PAS_SKIP_FFC_1i
[gig_analyze] should_ungroup = 0
[gig_analyze] should_ungroup = 0
[gig_analyze] should_ungroup = 0
[gig_analyze] should_ungroup = 0
[gig_analyze] should_ungroup = 0
[gig_analyze] should_ungroup = 0

INFO: Identified hierarchy for CAS: hinst:iopt_partition/CDN_PAS_SKIP_FFC_1i

        Distributing super-thread jobs: mult_signed_4444_9 mult_signed_4444_9_8 mult_signed_1002 cb_oseq mult_signed_9 add_signed_12789 csa_tree_SUB_TC_OP_2_rsh_pad_group_7_9 csa_tree_SUB_TC_OP_2_rsh_pad_group_2 increment_signed_14766_14782
          Sending 'mult_signed_4444_9' to server 'localhost_3_9'...
            Sent 'mult_signed_4444_9' to server 'localhost_3_9'.
          Sending 'mult_signed_4444_9_8' to server '8_3_4'...
            Sent 'mult_signed_4444_9_8' to server '8_3_4'.
          Sending 'mult_signed_1002' to server '8_3_7'...
            Sent 'mult_signed_1002' to server '8_3_7'.
          Sending 'cb_oseq' to server '8_3_6'...
            Sent 'cb_oseq' to server '8_3_6'.
          Sending 'mult_signed_9' to server '8_3_0'...
            Sent 'mult_signed_9' to server '8_3_0'.
          Sending 'add_signed_12789' to server 'localhost_3_11'...
            Sent 'add_signed_12789' to server 'localhost_3_11'.
          Sending 'csa_tree_SUB_TC_OP_2_rsh_pad_group_7_9' to server 'localhost_3_13'...
            Sent 'csa_tree_SUB_TC_OP_2_rsh_pad_group_7_9' to server 'localhost_3_13'.
          Sending 'csa_tree_SUB_TC_OP_2_rsh_pad_group_2' to server 'localhost_3_10'...
            Sent 'csa_tree_SUB_TC_OP_2_rsh_pad_group_2' to server 'localhost_3_10'.
          Sending 'increment_signed_14766_14782' to server 'localhost_3_12'...
            Sent 'increment_signed_14766_14782' to server 'localhost_3_12'.
          Received 'csa_tree_SUB_TC_OP_2_rsh_pad_group_7_9' from server 'localhost_3_13'. (5052 ms elapsed)
          Received 'csa_tree_SUB_TC_OP_2_rsh_pad_group_2' from server 'localhost_3_10'. (6013 ms elapsed)
          Received 'add_signed_12789' from server 'localhost_3_11'. (13465 ms elapsed)
          Received 'increment_signed_14766_14782' from server 'localhost_3_12'. (16789 ms elapsed)
          Received 'mult_signed_9' from server '8_3_0'. (23340 ms elapsed)
          Received 'cb_oseq' from server '8_3_6'. (36046 ms elapsed)
          Received 'mult_signed_4444_9_8' from server '8_3_4'. (62053 ms elapsed)
          Received 'mult_signed_4444_9' from server 'localhost_3_9'. (63271 ms elapsed)
Normal Structuring mode def=mult_signed_4444_9
Normal Structuring mode def=mult_signed
Normal Structuring mode def=mult_signed
Normal Structuring mode def=mult_signed
Normal Structuring mode def=mult_signed
Normal Structuring mode def=mult_signed_4444_9_8
Normal Structuring mode def=mult_signed
Normal Structuring mode def=mult_signed
Normal Structuring mode def=mult_signed
Normal Structuring mode def=mult_signed
          Received 'mult_signed_1002' from server '8_3_7'. (79594 ms elapsed)
Normal Structuring mode def=mult_signed_1002
Normal Structuring mode def=mult_signed
Normal Structuring mode def=mult_signed
Normal Structuring mode def=mult_signed
Normal Structuring mode def=mult_signed
Normal Structuring mode def=cb_oseq
Working on Hinst: CDN_PAS_SKIP_FFC_0i
[gig_analyze] should_ungroup = 0
[gig_analyze] should_ungroup = 0
[gig_analyze] should_ungroup = 0
[gig_analyze] should_ungroup = 0
[gig_analyze] should_ungroup = 0
[gig_analyze] should_ungroup = 0

INFO: Identified hierarchy for CAS: hinst:iopt_partition/CDN_PAS_SKIP_FFC_0i

Working on Hinst: CDN_PAS_SKIP_FFC_1i
[gig_analyze] should_ungroup = 0
[gig_analyze] should_ungroup = 0
[gig_analyze] should_ungroup = 0
[gig_analyze] should_ungroup = 0
[gig_analyze] should_ungroup = 0
[gig_analyze] should_ungroup = 0

INFO: Identified hierarchy for CAS: hinst:iopt_partition/CDN_PAS_SKIP_FFC_1i

Normal Structuring mode def=mult_signed_9
Normal Structuring mode def=mult_signed
Normal Structuring mode def=mult_signed
Normal Structuring mode def=mult_signed
Normal Structuring mode def=mult_signed
Normal Structuring mode def=add_signed_12789
Normal Structuring mode def=add_signed
Normal Structuring mode def=add_signed
Normal Structuring mode def=csa_tree_SUB_TC_OP_2_rsh_pad_group_7_9
Normal Structuring mode def=csa_tree_SUB_TC_OP_2_rsh_pad_group
Normal Structuring mode def=csa_tree_SUB_TC_OP_2_rsh_pad_group
Normal Structuring mode def=csa_tree_SUB_TC_OP_2_rsh_pad_group
Normal Structuring mode def=csa_tree_SUB_TC_OP_2_rsh_pad_group_2
Normal Structuring mode def=csa_tree_SUB_TC_OP_2_rsh_pad_group
Normal Structuring mode def=csa_tree_SUB_TC_OP_2_rsh_pad_group
Normal Structuring mode def=csa_tree_SUB_TC_OP_2_rsh_pad_group
Normal Structuring mode def=increment_signed_14766_14782
Normal Structuring mode def=increment_signed
Normal Structuring mode def=increment_signed
Normal Structuring mode def=cb_part_2333
        Distributing super-thread jobs: cb_oseq_2322 cb_oseq_2324 add_unsigned_4168 add_signed_1732 add_signed_1732_1 sub_signed_13066 increment_unsigned_1982_1984
          Sending 'cb_oseq_2322' to server 'localhost_3_9'...
            Sent 'cb_oseq_2322' to server 'localhost_3_9'.
          Sending 'cb_oseq_2324' to server '8_3_4'...
            Sent 'cb_oseq_2324' to server '8_3_4'.
          Sending 'add_unsigned_4168' to server '8_3_7'...
            Sent 'add_unsigned_4168' to server '8_3_7'.
          Sending 'add_signed_1732' to server '8_3_6'...
            Sent 'add_signed_1732' to server '8_3_6'.
          Sending 'add_signed_1732_1' to server '8_3_0'...
            Sent 'add_signed_1732_1' to server '8_3_0'.
          Sending 'sub_signed_13066' to server 'localhost_3_11'...
            Sent 'sub_signed_13066' to server 'localhost_3_11'.
          Sending 'increment_unsigned_1982_1984' to server 'localhost_3_13'...
            Sent 'increment_unsigned_1982_1984' to server 'localhost_3_13'.
          Received 'increment_unsigned_1982_1984' from server 'localhost_3_13'. (1678 ms elapsed)
          Received 'add_signed_1732' from server '8_3_6'. (8404 ms elapsed)
          Received 'add_unsigned_4168' from server '8_3_7'. (8760 ms elapsed)
          Received 'add_signed_1732_1' from server '8_3_0'. (8842 ms elapsed)
          Received 'sub_signed_13066' from server 'localhost_3_11'. (9444 ms elapsed)
          Received 'cb_oseq_2324' from server '8_3_4'. (44430 ms elapsed)
          Received 'cb_oseq_2322' from server 'localhost_3_9'. (45870 ms elapsed)
Normal Structuring mode def=increment_signed_1727_1874
Normal Structuring mode def=increment_signed
Normal Structuring mode def=increment_signed
Normal Structuring mode def=increment_signed_1727_1746
Normal Structuring mode def=increment_signed
Normal Structuring mode def=increment_signed
Normal Structuring mode def=cb_oseq_2326
Normal Structuring mode def=cb_oseq_2322
Working on Hinst: CDN_PAS_CONNECTED_FFCi52
[gig_analyze] should_ungroup = 0
[gig_analyze] should_ungroup = 0
[gig_analyze] should_ungroup = 0
[gig_analyze] should_ungroup = 0
[gig_analyze] should_ungroup = 0
[gig_analyze] should_ungroup = 0

INFO: Identified hierarchy for CAS: hinst:iopt_partition/CDN_PAS_CONNECTED_FFCi52

Normal Structuring mode def=cb_oseq_2324
	129	 CDN_PAS_CONNECTED_FFCi290
Working on Hinst: CDN_PAS_SKIP_FFC_0i
[gig_analyze] should_ungroup = 0
[gig_analyze] should_ungroup = 0
[gig_analyze] should_ungroup = 0
[gig_analyze] should_ungroup = 0
[gig_analyze] should_ungroup = 0
[gig_analyze] should_ungroup = 0

INFO: Identified hierarchy for CAS: hinst:iopt_partition/CDN_PAS_SKIP_FFC_0i

Working on Hinst: CDN_PAS_SKIP_FFC_1i
[gig_analyze] should_ungroup = 0
[gig_analyze] should_ungroup = 0
[gig_analyze] should_ungroup = 0
[gig_analyze] should_ungroup = 0
[gig_analyze] should_ungroup = 0
[gig_analyze] should_ungroup = 0

INFO: Identified hierarchy for CAS: hinst:iopt_partition/CDN_PAS_SKIP_FFC_1i

Working on Hinst: CDN_PAS_SKIP_FFC_2i
[gig_analyze] should_ungroup = 0
[gig_analyze] should_ungroup = 0
[gig_analyze] should_ungroup = 0
[gig_analyze] should_ungroup = 0
[gig_analyze] should_ungroup = 0
[gig_analyze] should_ungroup = 1
Ungrouping hinst:hinst:iopt_partition/CDN_PAS_SKIP_FFC_2i
Working on Hinst: CDN_PAS_SKIP_FFC_3i
[gig_analyze] should_ungroup = 0
[gig_analyze] should_ungroup = 0
[gig_analyze] should_ungroup = 0
[gig_analyze] should_ungroup = 0
[gig_analyze] should_ungroup = 0
[gig_analyze] should_ungroup = 0

INFO: Identified hierarchy for CAS: hinst:iopt_partition/CDN_PAS_SKIP_FFC_3i

Working on Hinst: CDN_PAS_SKIP_FFC_4i
[gig_analyze] should_ungroup = 0
[gig_analyze] should_ungroup = 0
[gig_analyze] should_ungroup = 0
[gig_analyze] should_ungroup = 0
[gig_analyze] should_ungroup = 0
[gig_analyze] should_ungroup = 0

INFO: Identified hierarchy for CAS: hinst:iopt_partition/CDN_PAS_SKIP_FFC_4i

Normal Structuring mode def=add_unsigned_4168
Normal Structuring mode def=add_unsigned
Normal Structuring mode def=add_unsigned
Normal Structuring mode def=add_signed_1732
Working on Hinst: CDN_PAS_SKIP_FFC_0i
[gig_analyze] should_ungroup = 1
Ungrouping hinst:hinst:iopt_partition/CDN_PAS_SKIP_FFC_0i
Normal Structuring mode def=add_signed
Normal Structuring mode def=add_signed
Normal Structuring mode def=add_signed_1732_1
Working on Hinst: CDN_PAS_SKIP_FFC_0i
[gig_analyze] should_ungroup = 1
Ungrouping hinst:hinst:iopt_partition/CDN_PAS_SKIP_FFC_0i
Normal Structuring mode def=add_signed
Normal Structuring mode def=add_signed
Normal Structuring mode def=sub_signed_13066
Normal Structuring mode def=sub_signed
Normal Structuring mode def=sub_signed
Normal Structuring mode def=increment_unsigned_1982_1984
Normal Structuring mode def=increment_unsigned
Normal Structuring mode def=increment_unsigned
        Distributing super-thread jobs: cb_oseq_2332
          Sending 'cb_oseq_2332' to server 'localhost_3_9'...
            Sent 'cb_oseq_2332' to server 'localhost_3_9'.
          Received 'cb_oseq_2332' from server 'localhost_3_9'. (3841 ms elapsed)
Normal Structuring mode def=cb_part
Normal Structuring mode def=cb_oseq_2332
Working on Hinst: CDN_PAS_SKIP_FFC_0i
[gig_analyze] should_ungroup = 0
[gig_analyze] should_ungroup = 0
[gig_analyze] should_ungroup = 0
[gig_analyze] should_ungroup = 0
[gig_analyze] should_ungroup = 0
[gig_analyze] should_ungroup = 0

INFO: Identified hierarchy for CAS: hinst:iopt_partition/CDN_PAS_SKIP_FFC_0i

        Distributing super-thread jobs: mult_signed_13859_1 mult_signed_13859 mult_signed_10697_9 csa_tree_ADD_TC_OP_2_group_2_7 cb_oseq_2330 add_signed_12379_9 add_signed_629 add_signed_4001 add_signed_3997_1 add_signed_3997 add_signed_3989_1 add_signed_3989_2 add_signed_3989_3 add_signed_3989 add_unsigned_97 add_unsigned_97_1 increment_signed_156_6061 increment_signed_156_200 csa_tree_SUB_TC_OP_2_rsh_pad_group_7_16
          Sending 'mult_signed_13859_1' to server 'localhost_3_9'...
            Sent 'mult_signed_13859_1' to server 'localhost_3_9'.
          Sending 'mult_signed_13859' to server '8_3_4'...
            Sent 'mult_signed_13859' to server '8_3_4'.
          Sending 'mult_signed_10697_9' to server '8_3_7'...
            Sent 'mult_signed_10697_9' to server '8_3_7'.
          Sending 'csa_tree_ADD_TC_OP_2_group_2_7' to server '8_3_6'...
            Sent 'csa_tree_ADD_TC_OP_2_group_2_7' to server '8_3_6'.
          Sending 'cb_oseq_2330' to server '8_3_0'...
            Sent 'cb_oseq_2330' to server '8_3_0'.
          Sending 'add_signed_12379_9' to server 'localhost_3_11'...
            Sent 'add_signed_12379_9' to server 'localhost_3_11'.
          Sending 'add_signed_629' to server 'localhost_3_13'...
            Sent 'add_signed_629' to server 'localhost_3_13'.
          Sending 'add_signed_4001' to server 'localhost_3_10'...
            Sent 'add_signed_4001' to server 'localhost_3_10'.
          Sending 'add_signed_3997_1' to server 'localhost_3_12'...
            Sent 'add_signed_3997_1' to server 'localhost_3_12'.
          Sending 'add_signed_3997' to server 'localhost_3_1'...
            Sent 'add_signed_3997' to server 'localhost_3_1'.
          Sending 'add_signed_3989_1' to server 'localhost_3_15'...
            Sent 'add_signed_3989_1' to server 'localhost_3_15'.
          Sending 'add_signed_3989_2' to server '8_3_3'...
            Sent 'add_signed_3989_2' to server '8_3_3'.
          Sending 'add_signed_3989_3' to server 'localhost_3_14'...
            Sent 'add_signed_3989_3' to server 'localhost_3_14'.
          Sending 'add_signed_3989' to server '8_3_5'...
            Sent 'add_signed_3989' to server '8_3_5'.
          Sending 'add_unsigned_97' to server '8_3_2'...
            Sent 'add_unsigned_97' to server '8_3_2'.
          Sending 'add_unsigned_97_1' to server '8_3_8'...
            Sent 'add_unsigned_97_1' to server '8_3_8'.
          Received 'csa_tree_ADD_TC_OP_2_group_2_7' from server '8_3_6'. (6183 ms elapsed)
          Sending 'increment_signed_156_6061' to server '8_3_6'...
            Sent 'increment_signed_156_6061' to server '8_3_6'.
          Received 'cb_oseq_2330' from server '8_3_0'. (9631 ms elapsed)
          Sending 'increment_signed_156_200' to server '8_3_0'...
            Sent 'increment_signed_156_200' to server '8_3_0'.
          Received 'add_signed_3989_3' from server 'localhost_3_14'. (13320 ms elapsed)
          Sending 'csa_tree_SUB_TC_OP_2_rsh_pad_group_7_16' to server 'localhost_3_14'...
            Sent 'csa_tree_SUB_TC_OP_2_rsh_pad_group_7_16' to server 'localhost_3_14'.
          Received 'add_signed_3989_1' from server 'localhost_3_15'. (13404 ms elapsed)
          Received 'add_signed_3989' from server '8_3_5'. (13318 ms elapsed)
          Received 'add_signed_4001' from server 'localhost_3_10'. (14245 ms elapsed)
          Received 'add_signed_3989_2' from server '8_3_3'. (19855 ms elapsed)
          Received 'add_signed_3997_1' from server 'localhost_3_12'. (23919 ms elapsed)
          Received 'increment_signed_156_6061' from server '8_3_6'. (21165 ms elapsed)
          Received 'add_unsigned_97' from server '8_3_2'. (27202 ms elapsed)
          Received 'add_signed_629' from server 'localhost_3_13'. (33615 ms elapsed)
          Received 'increment_signed_156_200' from server '8_3_0'. (21637 ms elapsed)
          Received 'mult_signed_10697_9' from server '8_3_7'. (36121 ms elapsed)
          Received 'csa_tree_SUB_TC_OP_2_rsh_pad_group_7_16' from server 'localhost_3_14'. (22451 ms elapsed)
          Received 'add_unsigned_97_1' from server '8_3_8'. (35888 ms elapsed)
          Received 'add_signed_3997' from server 'localhost_3_1'. (46465 ms elapsed)
          Received 'add_signed_12379_9' from server 'localhost_3_11'. (63813 ms elapsed)
          Received 'mult_signed_13859_1' from server 'localhost_3_9'. (119518 ms elapsed)
Normal Structuring mode def=mult_signed_13859_1
Normal Structuring mode def=mult_signed
Normal Structuring mode def=mult_signed
Normal Structuring mode def=mult_signed
          Received 'mult_signed_13859' from server '8_3_4'. (146330 ms elapsed)
Normal Structuring mode def=mult_signed_13859
Normal Structuring mode def=mult_signed
Normal Structuring mode def=mult_signed
Normal Structuring mode def=mult_signed
Normal Structuring mode def=mult_signed_10697_9
Normal Structuring mode def=mult_signed
Normal Structuring mode def=mult_signed
Normal Structuring mode def=mult_signed
Normal Structuring mode def=mult_signed
Normal Structuring mode def=csa_tree_ADD_TC_OP_2_group_2_7
Normal Structuring mode def=csa_tree_ADD_TC_OP_2_group
Normal Structuring mode def=csa_tree_ADD_TC_OP_2_group
Normal Structuring mode def=csa_tree_ADD_TC_OP_2_group
Normal Structuring mode def=cb_oseq_2330
Working on Hinst: CDN_PAS_SKIP_FFC_0i
[gig_analyze] should_ungroup = 0
[gig_analyze] should_ungroup = 0
[gig_analyze] should_ungroup = 0
[gig_analyze] should_ungroup = 0
[gig_analyze] should_ungroup = 0
[gig_analyze] should_ungroup = 0

INFO: Identified hierarchy for CAS: hinst:iopt_partition/CDN_PAS_SKIP_FFC_0i

Normal Structuring mode def=add_signed_12379_9
Working on Hinst: CDN_PAS_SKIP_FFC_0i
[gig_analyze] should_ungroup = 1
Ungrouping hinst:hinst:iopt_partition/CDN_PAS_SKIP_FFC_0i
Working on Hinst: CDN_PAS_SKIP_FFC_1i
[gig_analyze] should_ungroup = 1
Ungrouping hinst:hinst:iopt_partition/CDN_PAS_SKIP_FFC_1i
Normal Structuring mode def=add_signed
Working on Hinst: CDN_PAS_SKIP_FFC_0i
[gig_analyze] should_ungroup = 1
Ungrouping hinst:hinst:iopt_partition/CDN_PAS_SKIP_FFC_0i
Normal Structuring mode def=add_signed
Normal Structuring mode def=add_signed_629
Working on Hinst: CDN_PAS_SKIP_FFC_0i
[gig_analyze] should_ungroup = 0
[gig_analyze] should_ungroup = 1
Ungrouping hinst:hinst:iopt_partition/CDN_PAS_SKIP_FFC_0i
Normal Structuring mode def=add_signed
Normal Structuring mode def=add_signed
Normal Structuring mode def=add_signed_4001
Working on Hinst: CDN_PAS_SKIP_FFC_0i
[gig_analyze] should_ungroup = 0
[gig_analyze] should_ungroup = 1
Ungrouping hinst:hinst:iopt_partition/CDN_PAS_SKIP_FFC_0i
Normal Structuring mode def=add_signed
Normal Structuring mode def=add_signed
Normal Structuring mode def=add_signed_3997_1
Working on Hinst: CDN_PAS_SKIP_FFC_0i
[gig_analyze] should_ungroup = 0
[gig_analyze] should_ungroup = 1
Ungrouping hinst:hinst:iopt_partition/CDN_PAS_SKIP_FFC_0i
Normal Structuring mode def=add_signed
Normal Structuring mode def=add_signed
Normal Structuring mode def=add_signed_3997
Working on Hinst: CDN_PAS_SKIP_FFC_0i
[gig_analyze] should_ungroup = 0
[gig_analyze] should_ungroup = 1
Ungrouping hinst:hinst:iopt_partition/CDN_PAS_SKIP_FFC_0i
Normal Structuring mode def=add_signed
Normal Structuring mode def=add_signed
Normal Structuring mode def=add_signed_3989_1
Working on Hinst: CDN_PAS_SKIP_FFC_0i
[gig_analyze] should_ungroup = 0
[gig_analyze] should_ungroup = 1
Ungrouping hinst:hinst:iopt_partition/CDN_PAS_SKIP_FFC_0i
Normal Structuring mode def=add_signed
Normal Structuring mode def=add_signed
Normal Structuring mode def=add_signed_3989_2
Working on Hinst: CDN_PAS_SKIP_FFC_0i
[gig_analyze] should_ungroup = 0
[gig_analyze] should_ungroup = 1
Ungrouping hinst:hinst:iopt_partition/CDN_PAS_SKIP_FFC_0i
Normal Structuring mode def=add_signed
Normal Structuring mode def=add_signed
Normal Structuring mode def=add_signed_3989_3
Working on Hinst: CDN_PAS_SKIP_FFC_0i
[gig_analyze] should_ungroup = 0
[gig_analyze] should_ungroup = 1
Ungrouping hinst:hinst:iopt_partition/CDN_PAS_SKIP_FFC_0i
Normal Structuring mode def=add_signed
Normal Structuring mode def=add_signed
Normal Structuring mode def=add_signed_3989
Working on Hinst: CDN_PAS_SKIP_FFC_0i
[gig_analyze] should_ungroup = 0
[gig_analyze] should_ungroup = 1
Ungrouping hinst:hinst:iopt_partition/CDN_PAS_SKIP_FFC_0i
Normal Structuring mode def=add_signed
Normal Structuring mode def=add_signed
Normal Structuring mode def=add_unsigned_97
Normal Structuring mode def=add_unsigned
Normal Structuring mode def=add_unsigned
Normal Structuring mode def=add_unsigned_97_1
Normal Structuring mode def=add_unsigned
Normal Structuring mode def=add_unsigned
Normal Structuring mode def=increment_signed_156_6061
Normal Structuring mode def=increment_signed
Normal Structuring mode def=increment_signed
Normal Structuring mode def=increment_signed_156_200
Normal Structuring mode def=increment_signed
Normal Structuring mode def=increment_signed
Normal Structuring mode def=csa_tree_SUB_TC_OP_2_rsh_pad_group_7_16
Normal Structuring mode def=csa_tree_SUB_TC_OP_2_rsh_pad_group
Normal Structuring mode def=csa_tree_SUB_TC_OP_2_rsh_pad_group
Normal Structuring mode def=csa_tree_SUB_TC_OP_2_rsh_pad_group
 
Global mapping status
=====================
                                   Group   
                                  Tot Wrst 
                           Total  Weighted 
Operation                   Area   Slacks  
 global_map              8735386     -345 
            Worst cost_group: clk, WNS: -345.8
            Path: u_finalize/inv_reg_reg[1]/CLK -->
                    u_finalize/u_norm/product_reg_reg[0][62]/D

    Cost Group            Target    Slack    Diff.  Constr.
-----------------------------------------------------------
           clk                50     -346     -12%     3333 

 
Global incremental target info
==============================
Cost Group 'clk' target slack:  -329 ps
Target path end-point (Pin: u_finalize/u_norm/product_reg_reg[1][62]/D (sky130_fd_sc_hs__dfxtp_2/D))

              Distributing super-thread jobs: cb_seq_2321 cb_seq_2323
                Sending 'cb_seq_2321' to server 'localhost_3_9'...
                  Sent 'cb_seq_2321' to server 'localhost_3_9'.
                Sending 'cb_seq_2323' to server '8_3_4'...
                  Sent 'cb_seq_2323' to server '8_3_4'.
                Received 'cb_seq_2323' from server '8_3_4'. (4486 ms elapsed)
                Received 'cb_seq_2321' from server 'localhost_3_9'. (46225 ms elapsed)
              Distributing super-thread jobs: cb_seq_2331 cb_seq_2327 cb_seq_2329 cb_seq_2325
                Sending 'cb_seq_2331' to server 'localhost_3_9'...
                  Sent 'cb_seq_2331' to server 'localhost_3_9'.
                Sending 'cb_seq_2327' to server '8_3_4'...
                  Sent 'cb_seq_2327' to server '8_3_4'.
                Sending 'cb_seq_2329' to server '8_3_7'...
                  Sent 'cb_seq_2329' to server '8_3_7'.
                Sending 'cb_seq_2325' to server '8_3_6'...
                  Sent 'cb_seq_2325' to server '8_3_6'.
                Received 'cb_seq_2329' from server '8_3_7'. (1250 ms elapsed)
                Received 'cb_seq_2325' from server '8_3_6'. (1441 ms elapsed)
                Received 'cb_seq_2327' from server '8_3_4'. (3128 ms elapsed)
                Received 'cb_seq_2331' from server 'localhost_3_9'. (4754 ms elapsed)
              Distributing super-thread jobs: mult_signed_1002 mult_signed_4444_9_8 cb_oseq mult_signed_9
                Sending 'mult_signed_1002' to server 'localhost_3_9'...
                  Sent 'mult_signed_1002' to server 'localhost_3_9'.
                Sending 'mult_signed_4444_9_8' to server '8_3_4'...
                  Sent 'mult_signed_4444_9_8' to server '8_3_4'.
                Sending 'cb_oseq' to server '8_3_7'...
                  Sent 'cb_oseq' to server '8_3_7'.
                Sending 'mult_signed_9' to server '8_3_6'...
                  Sent 'mult_signed_9' to server '8_3_6'.
                Received 'mult_signed_9' from server '8_3_6'. (1051 ms elapsed)
                Received 'cb_oseq' from server '8_3_7'. (1441 ms elapsed)
                Received 'mult_signed_4444_9_8' from server '8_3_4'. (3437 ms elapsed)
                Received 'mult_signed_1002' from server 'localhost_3_9'. (9535 ms elapsed)
              Distributing super-thread jobs: cb_oseq_2324 cb_oseq_2322
                Sending 'cb_oseq_2324' to server 'localhost_3_9'...
                  Sent 'cb_oseq_2324' to server 'localhost_3_9'.
                Sending 'cb_oseq_2322' to server '8_3_4'...
                  Sent 'cb_oseq_2322' to server '8_3_4'.
                Received 'cb_oseq_2324' from server 'localhost_3_9'. (5396 ms elapsed)
                Received 'cb_oseq_2322' from server '8_3_4'. (6265 ms elapsed)
              Distributing super-thread jobs: cb_oseq_2332
                Sending 'cb_oseq_2332' to server 'localhost_3_9'...
                  Sent 'cb_oseq_2332' to server 'localhost_3_9'.
                Received 'cb_oseq_2332' from server 'localhost_3_9'. (827 ms elapsed)
              Distributing super-thread jobs: mult_signed_13859_1 mult_signed_13859 mult_signed_4444_9 mult_signed_10697_9 cb_oseq_2330 add_signed_12379_9 add_signed_12379_9_1 csa_tree_ADD_TC_OP_2_group_2_7 add_signed_629
                Sending 'mult_signed_13859_1' to server 'localhost_3_9'...
                  Sent 'mult_signed_13859_1' to server 'localhost_3_9'.
                Sending 'mult_signed_13859' to server '8_3_4'...
                  Sent 'mult_signed_13859' to server '8_3_4'.
                Sending 'mult_signed_4444_9' to server '8_3_7'...
                  Sent 'mult_signed_4444_9' to server '8_3_7'.
                Sending 'mult_signed_10697_9' to server '8_3_6'...
                  Sent 'mult_signed_10697_9' to server '8_3_6'.
                Sending 'cb_oseq_2330' to server '8_3_0'...
                  Sent 'cb_oseq_2330' to server '8_3_0'.
                Sending 'add_signed_12379_9' to server 'localhost_3_11'...
                  Sent 'add_signed_12379_9' to server 'localhost_3_11'.
                Sending 'add_signed_12379_9_1' to server 'localhost_3_13'...
                  Sent 'add_signed_12379_9_1' to server 'localhost_3_13'.
                Sending 'csa_tree_ADD_TC_OP_2_group_2_7' to server 'localhost_3_10'...
                  Sent 'csa_tree_ADD_TC_OP_2_group_2_7' to server 'localhost_3_10'.
                Sending 'add_signed_629' to server 'localhost_3_12'...
                  Sent 'add_signed_629' to server 'localhost_3_12'.
                Received 'cb_oseq_2330' from server '8_3_0'. (502 ms elapsed)
                Received 'csa_tree_ADD_TC_OP_2_group_2_7' from server 'localhost_3_10'. (400 ms elapsed)
                Received 'add_signed_12379_9' from server 'localhost_3_11'. (604 ms elapsed)
                Received 'add_signed_12379_9_1' from server 'localhost_3_13'. (530 ms elapsed)
                Received 'add_signed_629' from server 'localhost_3_12'. (697 ms elapsed)
                Received 'mult_signed_10697_9' from server '8_3_6'. (1556 ms elapsed)
                Received 'mult_signed_4444_9' from server '8_3_7'. (6330 ms elapsed)
                Received 'mult_signed_13859_1' from server 'localhost_3_9'. (19640 ms elapsed)
                Received 'mult_signed_13859' from server '8_3_4'. (19518 ms elapsed)
==================================
Stage : global_incr_map 
==================================
  =================
   Message Summary
  =================
---------------------------------------------------------------------------------------------------------------------------------------------------------------------------------------------------------------------
|   Id   |  Sev  |Count|                                                                                        Message Text                                                                                        |
---------------------------------------------------------------------------------------------------------------------------------------------------------------------------------------------------------------------
|GLO-62  |Info   |  138|On tool_generated instance/module 'strict_no' is set.                                                                                                                                       |
|        |       |     |This shall only be used for special purposes like formal verification.                                                                                                                      |
|LBR-81  |Warning|   36|Non-monotonic wireload model found.                                                                                                                                                         |
|        |       |     |Non-monotonic wireload models can cause problems during synthesis and/or mapping.  Raising some of the points in the curve to give it a monotonic shape.                                    |
|PA-7    |Info   |   54|Resetting power analysis results.                                                                                                                                                           |
|        |       |     |All computed switching activities are removed.                                                                                                                                              |
|PHYS-752|Info   |    1|Partition Based Synthesis execution skipped.                                                                                                                                                |
|ST-110  |Info   |   16|Connection established with super-threading server.                                                                                                                                         |
|        |       |     |The tool is entering super-threading mode and has established a connection with a CPU server process.  This is enabled by the root attributes 'super_thread_servers' or 'auto_super_thread'.|
|ST-120  |Info   |    2|Attempting to launch a super-threading server.                                                                                                                                              |
|        |       |     |The tool is entering super-threading mode and is launching a CPU server process.  This is enabled by the root attribute 'super_thread_servers' or 'auto_super_thread'.                      |
|ST-128  |Info   |    2|Super thread servers are launched successfully.                                                                                                                                             |
|SYNTH-2 |Info   |    1|Done synthesizing.                                                                                                                                                                          |
|SYNTH-4 |Info   |    1|Mapping.                                                                                                                                                                                    |
---------------------------------------------------------------------------------------------------------------------------------------------------------------------------------------------------------------------
 
Global incremental optimization status
======================================
                                   Group   
                                  Tot Wrst 
                           Total  Weighted 
Operation                   Area   Slacks  
 global_incr             8469684     -350 
            Worst cost_group: clk, WNS: -350.0
            Path: u_finalize/inv_reg_reg[25]/CLK -->
                    u_finalize/u_norm/product_reg_reg[0][62]/D

    Cost Group            Target    Slack    Diff.  Constr.
-----------------------------------------------------------
           clk              -329     -350      -1%     3333 


+-----------+----------+-----+----------------------+---------------------------+
|   Host    | Machine  | CPU | Physical Memory (MB) | Peak Physical Memory (MB) |
+-----------+----------+-----+----------------------+---------------------------+
|     8     | sh02lo01 |  8  |        1640.1        |          1640.1           |
| localhost | sh02lo01 |  8  |        5467.1        |          8233.8           |
+-----------+----------+-----+----------------------+---------------------------+

+----------------+----------------------+---------------------------+
|     Server     | Physical Memory (MB) | Peak Physical Memory (MB) |
+----------------+----------------------+---------------------------+
| localhost_3_14 |      175.6 [1]       |          [1] [2]          |
|     8_3_5      |      172.9 [3]       |          [3] [2]          |
|     8_3_2      |      172.4 [3]       |          [3] [2]          |
| localhost_3_12 |      193.8 [1]       |          [1] [2]          |
|     8_3_8      |      172.4 [3]       |          [3] [2]          |
| localhost_3_1  |    1741.3 [4] [5]    |        [4] [2] [5]        |
| localhost_3_15 |      174.4 [1]       |          [1] [2]          |
|     8_3_3      |      172.9 [3]       |          [3] [2]          |
|     8_3_6      |      209.4 [3]       |          [3] [2]          |
| localhost_3_13 |      194.6 [1]       |          [1] [2]          |
| localhost_3_10 |      188.8 [1]       |          [1] [2]          |
| localhost_3_9  |      432.9 [1]       |          [1] [2]          |
|     8_3_4      |      295.6 [3]       |          [3] [2]          |
|     8_3_0      |    1640.1 [4] [5]    |        [4] [2] [5]        |
|     8_3_7      |      243.9 [3]       |          [3] [2]          |
| localhost_3_11 |      205.5 [1]       |          [1] [2]          |
+----------------+----------------------+---------------------------+
[1] Memory is included in parent localhost_3_1.
[2] Peak physical memory is not available for forked background servers.
[3] Memory is included in parent 8_3_0.
[4] Memory is included in main process.
[5] Memory of child processes is included.


State Retention Synthesis Status
================================

Category                        Flops   Percentage
--------------------------------------------------
Total instances                 17416        100.0
Excluded from State Retention   17416        100.0
    - Will not convert          17416        100.0
      - Preserved                   0          0.0
      - Power intent excluded   17416        100.0
    - Could not convert             0          0.0
      - Scan type                   0          0.0
      - No suitable cell            0          0.0
State Retention instances           0          0.0
--------------------------------------------------

INFO: skipping constant propagation
PBS_Techmap-Global Mapping - Elapsed_Time 1095, CPU_Time 1002.5747649999994
stamp 'PBS_Techmap-Global Mapping' being created for table 'pbs_debug'

  Total Time (Wall) |  Stage Time (Wall)  |   % (Wall)   |    Date - Time     |  Memory   | Stage
--------------------+---------------------+--------------+--------------------+-----------+----------------------
 00:03:05(00:06:01) |  00:00:00(00:00:00) |   0.0(  0.0) |   10:53:31 (Jul05) |   2.50 GB | PBS_Generic-Start
--------------------+---------------------+--------------+--------------------+-----------+----------------------
 00:22:16(00:25:32) |  00:19:11(00:19:31) |  24.2( 30.4) |   11:13:01 (Jul05) |   3.70 GB | PBS_Generic-Post_Genopt
--------------------+---------------------+--------------+--------------------+-----------+----------------------
 00:40:02(00:43:55) |  00:17:45(00:18:23) |  22.4( 28.6) |   11:31:24 (Jul05) |   2.73 GB | PBS_Generic_Opt-Post
--------------------+---------------------+--------------+--------------------+-----------+----------------------
 00:40:07(00:44:00) |  00:00:05(00:00:05) |   0.1(  0.1) |   11:31:29 (Jul05) |   2.50 GB | PBS_Generic-Postgen HBO Optimizations
--------------------+---------------------+--------------+--------------------+-----------+----------------------
 01:04:25(00:50:41) |  00:24:18(00:06:41) |  30.6( 10.4) |   11:38:10 (Jul05) |   2.38 GB | PBS_Generic_Opt-Physical
--------------------+---------------------+--------------+--------------------+-----------+----------------------
 01:05:09(00:51:26) |  00:00:44(00:00:45) |   0.9(  1.2) |   11:38:55 (Jul05) |   3.04 GB | PBS_Generic_Opt-PAM_PAS
--------------------+---------------------+--------------+--------------------+-----------+----------------------
 01:05:40(00:51:54) |  00:00:31(00:00:28) |   0.7(  0.7) |   11:39:23 (Jul05) |   2.73 GB | PBS_TechMap-Start
--------------------+---------------------+--------------+--------------------+-----------+----------------------
 01:05:43(00:51:57) |  00:00:03(00:00:03) |   0.1(  0.1) |   11:39:26 (Jul05) |   2.73 GB | PBS_TechMap-PAM_PAS
--------------------+---------------------+--------------+--------------------+-----------+----------------------
 01:22:26(01:10:12) |  00:16:42(00:18:15) |  21.1( 28.4) |   11:57:41 (Jul05) |   2.75 GB | PBS_Techmap-Global Mapping
--------------------+---------------------+--------------+--------------------+-----------+----------------------
Number of threads: 8 * 2   (id: pbs_debug, time_info v1.57)
Info: (*N*) indicates data that was populated from previously saved time_info database
Info: CPU time includes time of parent + longest thread
Advanced structuring report (syn_map):
----------------------------------------------------------------------------------------------------------------------------------------------------------------------------------
|                                                                             | Graph                 | Opt. Graph            | Result           |                               | 
|-----------------------------------------------------------------------------+-----------------------+-----------------------+------------------+-------------------------------|
| Name                                                                | Tag   | #nodes | #and  | #lvl | #nodes | #and  | #lvl | Acc | Time       | Netlist ID                    | 
----------------------------------------------------------------------------------------------------------------------------------------------------------------------------------
| cb_seq_2321                                                         | CONDE |  95453 | 12590 |   68 |  95334 | 12471 |   26 | N   |      84.43 | cb_seq_2321                   | 
| cb_seq_2323                                                         | CONDE |  40808 |  9089 |   74 |  40791 |  9072 |    8 | N   |      44.84 | cb_seq_2323                   | 
| cb_seq_2331                                                         | CONDE |  30115 |  5704 |   52 |  30027 |  5616 |   14 | N   |      86.72 | cb_seq_2331                   | 
| cb_oseq_2322                                                        | CONDE |  25227 |  3028 |   36 |  25224 |  3025 |    5 | N   |      10.43 | cb_oseq_2322                  | 
| cb_oseq_2324                                                        | CONDE |  23067 |  2571 |   36 |  22790 |  2294 |   40 | N   |       6.64 | cb_oseq_2324                  | 
| cb_seq_2327                                                         | CONDE |  20184 |  5145 |   63 |  19870 |  4831 |   63 | Y   |       8.15 | cb_seq_2327                   | 
| cb_seq_2329                                                         | CONDE |   9936 |  1775 |   40 |   9880 |  1719 |   11 | Y   |      15.14 | cb_seq_2329                   | 
| cb_oseq                                                             | CONDE |   4190 |   787 |   68 |   4152 |   749 |    8 | Y   |      17.63 | cb_oseq                       | 
| cb_seq_2325                                                         | CONDE |   4091 |   547 |   74 |   4090 |   546 |    5 | N   |       3.38 | cb_seq_2325                   | 
----------------------------------------------------------------------------------------------------------------------------------------------------------------------------------
Number of LFLHs filtered from table: 72
Runtime accepts/rejects/total =    43.09 /   238.71 /   281.81
Accepts/rejects/total = 4 / 11 / 15
Sum of reduced nodes/levels = 423 / 116
----------------------------------------------------------------------------------------------------------------------------------------------------------------------------------
|                                                                             | Graph                 | Opt. Graph            | Result           |                               | 
|-----------------------------------------------------------------------------+-----------------------+-----------------------+------------------+-------------------------------|
| Name                                                                | Tag   | #nodes | #and  | #lvl | #nodes | #and  | #lvl | Acc | Time       | Netlist ID                    | 
----------------------------------------------------------------------------------------------------------------------------------------------------------------------------------
| cb_seq_2321                                                         | REIFI | 133445 |  1257 |   70 | 133444 |  1256 |    4 | N   |      77.40 | cb_seq_2321                   | 
| cb_seq_2323                                                         | REIFI |  60258 |   118 |   75 |  60249 |   109 |    4 | Y   |      40.36 | cb_seq_2323                   | 
| cb_seq_2331                                                         | REIFI |  44783 |   642 |   52 |  44740 |   599 |   11 | Y   |      34.42 | cb_seq_2331                   | 
| cb_seq_2327                                                         | REIFI |  31951 |   524 |   74 |  31936 |   509 |    7 | Y   |      29.31 | cb_seq_2327                   | 
| cb_oseq_2324                                                        | REIFI |  26593 |  2066 |   53 |  26575 |  2048 |    6 | N   |      26.03 | cb_oseq_2324                  | 
| cb_oseq_2322                                                        | REIFI |  25423 |  2927 |   37 |  25425 |  2929 |    3 | N   |      26.58 | cb_oseq_2322                  | 
| cb_seq_2329                                                         | REIFI |  13812 |    60 |   48 |  13806 |    54 |    9 | Y   |       6.57 |                               |
| cb_oseq                                                             | REIFI |   5942 |   666 |   65 |   5926 |   650 |    8 | Y   |      13.87 | cb_oseq                       | 
| cb_seq_2325                                                         | REIFI |   5579 |    13 |   74 |   5578 |    12 |    3 | Y   |       2.33 | cb_seq_2325                   | 
| cb_oseq_2330                                                        | REIFI |   3349 |     7 |   31 |   3349 |     7 |    2 | N   |       1.57 | cb_oseq_2330                  | 
| add_signed_12379_9                                                  | REIFI |   1062 |   889 |   32 |   1062 |   889 |   32 | N   |       1.62 | add_signed_12379_9            | 
| cb_oseq_2332                                                        | REIFI |   1924 |   211 |   31 |   1911 |   198 |    9 | Y   |       1.92 | cb_oseq_2332                  | 
----------------------------------------------------------------------------------------------------------------------------------------------------------------------------------
Number of LFLHs filtered from table: 69
Runtime accepts/rejects/total =   130.57 /   143.09 /   273.66
Accepts/rejects/total = 10 / 30 / 40
Sum of reduced nodes/levels = 166 / 368
Info    : Wrote formal verification information. [CFM-5]
        : Wrote 'fv/fa_top/fv_map.fv.json' for netlist 'fv/fa_top/fv_map.v.gz'.
Info    : Existing dofile found. Copied as fv/fa_top/rtl_to_fv_map.do~.
Info    : Wrote dofile. [CFM-1]
        : Dofile is 'fv/fa_top/rtl_to_fv_map.do'.
        : RTL names flow is enabled.
Info : Deleting 2-D Early Global router data...
Info : 2-D Early Global router data deletion complete.
Info : Initializing 2-D Early Global router engine...
Info : Installing 2-D Early Global router...
Info : Early Global router engine is using 8 threads.
Info : 2-D Early Global router initialization complete.
Info : 2-D Early Global router installation complete.
PBS_TechMap-Datapath Postmap Operations - Elapsed_Time 69, CPU_Time 68.95334300000013
stamp 'PBS_TechMap-Datapath Postmap Operations' being created for table 'pbs_debug'

  Total Time (Wall) |  Stage Time (Wall)  |   % (Wall)   |    Date - Time     |  Memory   | Stage
--------------------+---------------------+--------------+--------------------+-----------+----------------------
 00:03:05(00:06:01) |  00:00:00(00:00:00) |   0.0(  0.0) |   10:53:31 (Jul05) |   2.50 GB | PBS_Generic-Start
--------------------+---------------------+--------------+--------------------+-----------+----------------------
 00:22:16(00:25:32) |  00:19:11(00:19:31) |  23.8( 29.9) |   11:13:01 (Jul05) |   3.70 GB | PBS_Generic-Post_Genopt
--------------------+---------------------+--------------+--------------------+-----------+----------------------
 00:40:02(00:43:55) |  00:17:45(00:18:23) |  22.1( 28.1) |   11:31:24 (Jul05) |   2.73 GB | PBS_Generic_Opt-Post
--------------------+---------------------+--------------+--------------------+-----------+----------------------
 00:40:07(00:44:00) |  00:00:05(00:00:05) |   0.1(  0.1) |   11:31:29 (Jul05) |   2.50 GB | PBS_Generic-Postgen HBO Optimizations
--------------------+---------------------+--------------+--------------------+-----------+----------------------
 01:04:25(00:50:41) |  00:24:18(00:06:41) |  30.2( 10.2) |   11:38:10 (Jul05) |   2.38 GB | PBS_Generic_Opt-Physical
--------------------+---------------------+--------------+--------------------+-----------+----------------------
 01:05:09(00:51:26) |  00:00:44(00:00:45) |   0.9(  1.1) |   11:38:55 (Jul05) |   3.04 GB | PBS_Generic_Opt-PAM_PAS
--------------------+---------------------+--------------+--------------------+-----------+----------------------
 01:05:40(00:51:54) |  00:00:31(00:00:28) |   0.6(  0.7) |   11:39:23 (Jul05) |   2.73 GB | PBS_TechMap-Start
--------------------+---------------------+--------------+--------------------+-----------+----------------------
 01:05:43(00:51:57) |  00:00:03(00:00:03) |   0.1(  0.1) |   11:39:26 (Jul05) |   2.73 GB | PBS_TechMap-PAM_PAS
--------------------+---------------------+--------------+--------------------+-----------+----------------------
 01:22:26(01:10:12) |  00:16:42(00:18:15) |  20.8( 27.9) |   11:57:41 (Jul05) |   2.75 GB | PBS_Techmap-Global Mapping
--------------------+---------------------+--------------+--------------------+-----------+----------------------
 01:23:35(01:11:21) |  00:01:08(00:01:09) |   1.4(  1.8) |   11:58:50 (Jul05) |   2.78 GB | PBS_TechMap-Datapath Postmap Operations
--------------------+---------------------+--------------+--------------------+-----------+----------------------
Number of threads: 8 * 2   (id: pbs_debug, time_info v1.57)
Info: (*N*) indicates data that was populated from previously saved time_info database
Info: CPU time includes time of parent + longest thread
PBS_TechMap-Postmap HBO Optimizations - Elapsed_Time 7, CPU_Time 7.212941000000683
stamp 'PBS_TechMap-Postmap HBO Optimizations' being created for table 'pbs_debug'

  Total Time (Wall) |  Stage Time (Wall)  |   % (Wall)   |    Date - Time     |  Memory   | Stage
--------------------+---------------------+--------------+--------------------+-----------+----------------------
 00:03:05(00:06:01) |  00:00:00(00:00:00) |   0.0(  0.0) |   10:53:31 (Jul05) |   2.50 GB | PBS_Generic-Start
--------------------+---------------------+--------------+--------------------+-----------+----------------------
 00:22:16(00:25:32) |  00:19:11(00:19:31) |  23.8( 29.8) |   11:13:01 (Jul05) |   3.70 GB | PBS_Generic-Post_Genopt
--------------------+---------------------+--------------+--------------------+-----------+----------------------
 00:40:02(00:43:55) |  00:17:45(00:18:23) |  22.0( 28.1) |   11:31:24 (Jul05) |   2.73 GB | PBS_Generic_Opt-Post
--------------------+---------------------+--------------+--------------------+-----------+----------------------
 00:40:07(00:44:00) |  00:00:05(00:00:05) |   0.1(  0.1) |   11:31:29 (Jul05) |   2.50 GB | PBS_Generic-Postgen HBO Optimizations
--------------------+---------------------+--------------+--------------------+-----------+----------------------
 01:04:25(00:50:41) |  00:24:18(00:06:41) |  30.1( 10.2) |   11:38:10 (Jul05) |   2.38 GB | PBS_Generic_Opt-Physical
--------------------+---------------------+--------------+--------------------+-----------+----------------------
 01:05:09(00:51:26) |  00:00:44(00:00:45) |   0.9(  1.1) |   11:38:55 (Jul05) |   3.04 GB | PBS_Generic_Opt-PAM_PAS
--------------------+---------------------+--------------+--------------------+-----------+----------------------
 01:05:40(00:51:54) |  00:00:31(00:00:28) |   0.6(  0.7) |   11:39:23 (Jul05) |   2.73 GB | PBS_TechMap-Start
--------------------+---------------------+--------------+--------------------+-----------+----------------------
 01:05:43(00:51:57) |  00:00:03(00:00:03) |   0.1(  0.1) |   11:39:26 (Jul05) |   2.73 GB | PBS_TechMap-PAM_PAS
--------------------+---------------------+--------------+--------------------+-----------+----------------------
 01:22:26(01:10:12) |  00:16:42(00:18:15) |  20.7( 27.9) |   11:57:41 (Jul05) |   2.75 GB | PBS_Techmap-Global Mapping
--------------------+---------------------+--------------+--------------------+-----------+----------------------
 01:23:35(01:11:21) |  00:01:08(00:01:09) |   1.4(  1.8) |   11:58:50 (Jul05) |   2.78 GB | PBS_TechMap-Datapath Postmap Operations
--------------------+---------------------+--------------+--------------------+-----------+----------------------
 01:23:42(01:11:28) |  00:00:07(00:00:07) |   0.1(  0.2) |   11:58:57 (Jul05) |   2.78 GB | PBS_TechMap-Postmap HBO Optimizations
--------------------+---------------------+--------------+--------------------+-----------+----------------------
Number of threads: 8 * 2   (id: pbs_debug, time_info v1.57)
Info: (*N*) indicates data that was populated from previously saved time_info database
Info: CPU time includes time of parent + longest thread
PBS_TechMap-Postmap Physical Flow - Elapsed_Time 0, CPU_Time 1.0
stamp 'PBS_TechMap-Postmap Physical Flow' being created for table 'pbs_debug'

  Total Time (Wall) |  Stage Time (Wall)  |   % (Wall)   |    Date - Time     |  Memory   | Stage
--------------------+---------------------+--------------+--------------------+-----------+----------------------
 00:03:05(00:06:01) |  00:00:00(00:00:00) |   0.0(  0.0) |   10:53:31 (Jul05) |   2.50 GB | PBS_Generic-Start
--------------------+---------------------+--------------+--------------------+-----------+----------------------
 00:22:16(00:25:32) |  00:19:11(00:19:31) |  23.8( 29.8) |   11:13:01 (Jul05) |   3.70 GB | PBS_Generic-Post_Genopt
--------------------+---------------------+--------------+--------------------+-----------+----------------------
 00:40:02(00:43:55) |  00:17:45(00:18:23) |  22.0( 28.1) |   11:31:24 (Jul05) |   2.73 GB | PBS_Generic_Opt-Post
--------------------+---------------------+--------------+--------------------+-----------+----------------------
 00:40:07(00:44:00) |  00:00:05(00:00:05) |   0.1(  0.1) |   11:31:29 (Jul05) |   2.50 GB | PBS_Generic-Postgen HBO Optimizations
--------------------+---------------------+--------------+--------------------+-----------+----------------------
 01:04:25(00:50:41) |  00:24:18(00:06:41) |  30.1( 10.2) |   11:38:10 (Jul05) |   2.38 GB | PBS_Generic_Opt-Physical
--------------------+---------------------+--------------+--------------------+-----------+----------------------
 01:05:09(00:51:26) |  00:00:44(00:00:45) |   0.9(  1.1) |   11:38:55 (Jul05) |   3.04 GB | PBS_Generic_Opt-PAM_PAS
--------------------+---------------------+--------------+--------------------+-----------+----------------------
 01:05:40(00:51:54) |  00:00:31(00:00:28) |   0.6(  0.7) |   11:39:23 (Jul05) |   2.73 GB | PBS_TechMap-Start
--------------------+---------------------+--------------+--------------------+-----------+----------------------
 01:05:43(00:51:57) |  00:00:03(00:00:03) |   0.1(  0.1) |   11:39:26 (Jul05) |   2.73 GB | PBS_TechMap-PAM_PAS
--------------------+---------------------+--------------+--------------------+-----------+----------------------
 01:22:26(01:10:12) |  00:16:42(00:18:15) |  20.7( 27.9) |   11:57:41 (Jul05) |   2.75 GB | PBS_Techmap-Global Mapping
--------------------+---------------------+--------------+--------------------+-----------+----------------------
 01:23:35(01:11:21) |  00:01:08(00:01:09) |   1.4(  1.8) |   11:58:50 (Jul05) |   2.78 GB | PBS_TechMap-Datapath Postmap Operations
--------------------+---------------------+--------------+--------------------+-----------+----------------------
 01:23:42(01:11:28) |  00:00:07(00:00:07) |   0.1(  0.2) |   11:58:57 (Jul05) |   2.78 GB | PBS_TechMap-Postmap HBO Optimizations
--------------------+---------------------+--------------+--------------------+-----------+----------------------
 01:23:43(01:11:28) |  00:00:01(00:00:00) |   0.0(  0.0) |   11:58:57 (Jul05) |   2.78 GB | PBS_TechMap-Postmap Physical Flow
--------------------+---------------------+--------------+--------------------+-----------+----------------------
Number of threads: 8 * 2   (id: pbs_debug, time_info v1.57)
Info: (*N*) indicates data that was populated from previously saved time_info database
Info: CPU time includes time of parent + longest thread
 Doing ConstProp on design:fa_top ... 

Time taken by ConstProp Step: 00:00:16
PBS_TechMap-Postmap Clock Gating - Elapsed_Time 19, CPU_Time 18.0
stamp 'PBS_TechMap-Postmap Clock Gating' being created for table 'pbs_debug'

  Total Time (Wall) |  Stage Time (Wall)  |   % (Wall)   |    Date - Time     |  Memory   | Stage
--------------------+---------------------+--------------+--------------------+-----------+----------------------
 00:03:05(00:06:01) |  00:00:00(00:00:00) |   0.0(  0.0) |   10:53:31 (Jul05) |   2.50 GB | PBS_Generic-Start
--------------------+---------------------+--------------+--------------------+-----------+----------------------
 00:22:16(00:25:32) |  00:19:11(00:19:31) |  23.7( 29.7) |   11:13:01 (Jul05) |   3.70 GB | PBS_Generic-Post_Genopt
--------------------+---------------------+--------------+--------------------+-----------+----------------------
 00:40:02(00:43:55) |  00:17:45(00:18:23) |  21.9( 28.0) |   11:31:24 (Jul05) |   2.73 GB | PBS_Generic_Opt-Post
--------------------+---------------------+--------------+--------------------+-----------+----------------------
 00:40:07(00:44:00) |  00:00:05(00:00:05) |   0.1(  0.1) |   11:31:29 (Jul05) |   2.50 GB | PBS_Generic-Postgen HBO Optimizations
--------------------+---------------------+--------------+--------------------+-----------+----------------------
 01:04:25(00:50:41) |  00:24:18(00:06:41) |  30.0( 10.2) |   11:38:10 (Jul05) |   2.38 GB | PBS_Generic_Opt-Physical
--------------------+---------------------+--------------+--------------------+-----------+----------------------
 01:05:09(00:51:26) |  00:00:44(00:00:45) |   0.9(  1.1) |   11:38:55 (Jul05) |   3.04 GB | PBS_Generic_Opt-PAM_PAS
--------------------+---------------------+--------------+--------------------+-----------+----------------------
 01:05:40(00:51:54) |  00:00:31(00:00:28) |   0.6(  0.7) |   11:39:23 (Jul05) |   2.73 GB | PBS_TechMap-Start
--------------------+---------------------+--------------+--------------------+-----------+----------------------
 01:05:43(00:51:57) |  00:00:03(00:00:03) |   0.1(  0.1) |   11:39:26 (Jul05) |   2.73 GB | PBS_TechMap-PAM_PAS
--------------------+---------------------+--------------+--------------------+-----------+----------------------
 01:22:26(01:10:12) |  00:16:42(00:18:15) |  20.6( 27.7) |   11:57:41 (Jul05) |   2.75 GB | PBS_Techmap-Global Mapping
--------------------+---------------------+--------------+--------------------+-----------+----------------------
 01:23:35(01:11:21) |  00:01:08(00:01:09) |   1.4(  1.7) |   11:58:50 (Jul05) |   2.78 GB | PBS_TechMap-Datapath Postmap Operations
--------------------+---------------------+--------------+--------------------+-----------+----------------------
 01:23:42(01:11:28) |  00:00:07(00:00:07) |   0.1(  0.2) |   11:58:57 (Jul05) |   2.78 GB | PBS_TechMap-Postmap HBO Optimizations
--------------------+---------------------+--------------+--------------------+-----------+----------------------
 01:23:43(01:11:28) |  00:00:01(00:00:00) |   0.0(  0.0) |   11:58:57 (Jul05) |   2.78 GB | PBS_TechMap-Postmap Physical Flow
--------------------+---------------------+--------------+--------------------+-----------+----------------------
 01:24:01(01:11:47) |  00:00:18(00:00:19) |   0.4(  0.5) |   11:59:16 (Jul05) |   2.68 GB | PBS_TechMap-Postmap Clock Gating
--------------------+---------------------+--------------+--------------------+-----------+----------------------
Number of threads: 8 * 2   (id: pbs_debug, time_info v1.57)
Info: (*N*) indicates data that was populated from previously saved time_info database
Info: CPU time includes time of parent + longest thread
-------------------------------------------------------------------------------
 hi_fo_buf               8477347     -350   -195203    174989        0        0
            Worst cost_group: clk, WNS: -350.0
            Path: u_finalize/inv_reg_reg[25]/CLK -->
                    u_finalize/u_norm_product_reg_reg[0][62]/D

           Trick     Calls     Accepts   Attempts    Time(secs) 
-----------------------------------------------------------
       hi_fo_buf        10  (       10 /       10 )  2.60

 
Incremental optimization status
===============================
                                   Group   
                                  Tot Wrst     Total - - - - DRC Totals - - - -
                           Total  Weighted      Neg      Max       Max     Max  
Operation                   Area   Slacks      Slack    Trans      Cap   Fanout 
 init_delay              8477347     -350   -195203    174989        0        0
            Worst cost_group: clk, WNS: -350.0
            Path: u_finalize/inv_reg_reg[25]/CLK -->
                    u_finalize/u_norm_product_reg_reg[0][62]/D
 incr_delay              8496990     -229   -137335    174989        0        0
            Worst cost_group: clk, WNS: -229.4
            Path: u_core_issue_meta_rd_ptr_reg_reg[2]/CLK -->
                    u_core_u_score_exp_product_s0_reg[34]/D
 incr_delay              8501815     -205   -133872    174989        0        0
            Worst cost_group: clk, WNS: -205.5
            Path: u_core_issue_meta_rd_ptr_reg_reg[2]/CLK -->
                    u_core_u_score_exp_product_s0_reg[56]/D
 incr_delay              8503812     -193   -130362    174989        0        0
            Worst cost_group: clk, WNS: -193.6
            Path: u_core_issue_meta_rd_ptr_reg_reg[2]/CLK -->
                    u_core_u_score_exp_product_s0_reg[34]/D

           Trick     Calls     Accepts   Attempts    Time(secs) 
-----------------------------------------------------------
       crit_upsz      2293  (     1218 /     1237 )  13.91
    plc_bal_star         0  (        0 /        0 )  0.00
     drc_buftimb         0  (        0 /        0 )  0.00
          plc_st       139  (        0 /        0 )  0.00
    plc_st_fence       139  (        0 /        0 )  0.00
        plc_star       139  (        0 /        0 )  0.00
      plc_laf_st       139  (        0 /        0 )  0.00
 plc_laf_st_fence       139  (        0 /        0 )  0.00
     drc_buftims         0  (        0 /        0 )  0.00
            fopt      1167  (      243 /      249 )  8.52
   plc_laf_lo_st       139  (        0 /        0 )  0.00
       plc_lo_st       139  (        0 /        0 )  0.00
        mb_split       139  (        0 /        0 )  0.00

 
Local TNS optimization status
=============================
                                   Group   
                                  Tot Wrst     Total - - - - DRC Totals - - - -
                           Total  Weighted      Neg      Max       Max     Max  
Operation                   Area   Slacks      Slack    Trans      Cap   Fanout 
 init_tns                8503812     -193   -130362    174989        0        0
            Worst cost_group: clk, WNS: -193.6
            Path: u_core_issue_meta_rd_ptr_reg_reg[2]/CLK -->
                    u_core_u_score_exp_product_s0_reg[34]/D
 incr_tns                8508571     -192    -94667    174989        0        0
            Worst cost_group: clk, WNS: -192.1
            Path: u_finalize/inv_reg_reg[23]/CLK -->
                    u_finalize/u_norm_product_reg_reg[0][65]/D
 incr_tns                8509816     -191    -87356    174989        0        0
            Worst cost_group: clk, WNS: -191.2
            Path: u_finalize/norm_acc_reg_reg[46]/CLK -->
                    u_finalize/u_norm_product_reg_reg[0][65]/D
 incr_tns                8509816     -191    -87356    174989        0        0
            Worst cost_group: clk, WNS: -191.2
            Path: u_finalize/norm_acc_reg_reg[46]/CLK -->
                    u_finalize/u_norm_product_reg_reg[0][65]/D

           Trick     Calls     Accepts   Attempts    Time(secs) 
-----------------------------------------------------------
    plc_bal_star         0  (        0 /        0 )  0.00
     drc_buftimb         0  (        0 /        0 )  0.00
     drc_buftims         0  (        0 /        0 )  0.00
       crit_upsz      7676  (      952 /     2544 )  24.99
   plc_laf_lo_st      6724  (        0 /        0 )  0.01
       plc_lo_st      6724  (        0 /        0 )  0.00
            fopt      6724  (        0 /        0 )  0.47
       crit_dnsz     11596  (      564 /     2618 )  26.93
             dup      6160  (        1 /       32 )  1.95
        setup_dn      6159  (        2 /        2 )  0.37
        mb_split      6157  (        0 /        0 )  0.04

PBS_TechMap-Postmap Cleanup - Elapsed_Time 93, CPU_Time 107.75000000000364
stamp 'PBS_TechMap-Postmap Cleanup' being created for table 'pbs_debug'

  Total Time (Wall) |  Stage Time (Wall)  |   % (Wall)   |    Date - Time     |  Memory   | Stage
--------------------+---------------------+--------------+--------------------+-----------+----------------------
 00:03:05(00:06:01) |  00:00:00(00:00:00) |   0.0(  0.0) |   10:53:31 (Jul05) |   2.50 GB | PBS_Generic-Start
--------------------+---------------------+--------------+--------------------+-----------+----------------------
 00:22:16(00:25:32) |  00:19:11(00:19:31) |  23.2( 29.0) |   11:13:01 (Jul05) |   3.70 GB | PBS_Generic-Post_Genopt
--------------------+---------------------+--------------+--------------------+-----------+----------------------
 00:40:02(00:43:55) |  00:17:45(00:18:23) |  21.5( 27.3) |   11:31:24 (Jul05) |   2.73 GB | PBS_Generic_Opt-Post
--------------------+---------------------+--------------+--------------------+-----------+----------------------
 00:40:07(00:44:00) |  00:00:05(00:00:05) |   0.1(  0.1) |   11:31:29 (Jul05) |   2.50 GB | PBS_Generic-Postgen HBO Optimizations
--------------------+---------------------+--------------+--------------------+-----------+----------------------
 01:04:25(00:50:41) |  00:24:18(00:06:41) |  29.4(  9.9) |   11:38:10 (Jul05) |   2.38 GB | PBS_Generic_Opt-Physical
--------------------+---------------------+--------------+--------------------+-----------+----------------------
 01:05:09(00:51:26) |  00:00:44(00:00:45) |   0.9(  1.1) |   11:38:55 (Jul05) |   3.04 GB | PBS_Generic_Opt-PAM_PAS
--------------------+---------------------+--------------+--------------------+-----------+----------------------
 01:05:40(00:51:54) |  00:00:31(00:00:28) |   0.6(  0.7) |   11:39:23 (Jul05) |   2.73 GB | PBS_TechMap-Start
--------------------+---------------------+--------------+--------------------+-----------+----------------------
 01:05:43(00:51:57) |  00:00:03(00:00:03) |   0.1(  0.1) |   11:39:26 (Jul05) |   2.73 GB | PBS_TechMap-PAM_PAS
--------------------+---------------------+--------------+--------------------+-----------+----------------------
 01:22:26(01:10:12) |  00:16:42(00:18:15) |  20.2( 27.1) |   11:57:41 (Jul05) |   2.75 GB | PBS_Techmap-Global Mapping
--------------------+---------------------+--------------+--------------------+-----------+----------------------
 01:23:35(01:11:21) |  00:01:08(00:01:09) |   1.4(  1.7) |   11:58:50 (Jul05) |   2.78 GB | PBS_TechMap-Datapath Postmap Operations
--------------------+---------------------+--------------+--------------------+-----------+----------------------
 01:23:42(01:11:28) |  00:00:07(00:00:07) |   0.1(  0.2) |   11:58:57 (Jul05) |   2.78 GB | PBS_TechMap-Postmap HBO Optimizations
--------------------+---------------------+--------------+--------------------+-----------+----------------------
 01:23:43(01:11:28) |  00:00:01(00:00:00) |   0.0(  0.0) |   11:58:57 (Jul05) |   2.78 GB | PBS_TechMap-Postmap Physical Flow
--------------------+---------------------+--------------+--------------------+-----------+----------------------
 01:24:01(01:11:47) |  00:00:18(00:00:19) |   0.4(  0.5) |   11:59:16 (Jul05) |   2.68 GB | PBS_TechMap-Postmap Clock Gating
--------------------+---------------------+--------------+--------------------+-----------+----------------------
 01:25:49(01:13:20) |  00:01:47(00:01:33) |   2.2(  2.3) |   12:00:49 (Jul05) |   2.73 GB | PBS_TechMap-Postmap Cleanup
--------------------+---------------------+--------------+--------------------+-----------+----------------------
Number of threads: 8 * 2   (id: pbs_debug, time_info v1.57)
Info: (*N*) indicates data that was populated from previously saved time_info database
Info: CPU time includes time of parent + longest thread
PBS_Techmap-Post_MBCI - Elapsed_Time 1, CPU_Time 0.0
stamp 'PBS_Techmap-Post_MBCI' being created for table 'pbs_debug'

  Total Time (Wall) |  Stage Time (Wall)  |   % (Wall)   |    Date - Time     |  Memory   | Stage
--------------------+---------------------+--------------+--------------------+-----------+----------------------
 00:03:05(00:06:01) |  00:00:00(00:00:00) |   0.0(  0.0) |   10:53:31 (Jul05) |   2.50 GB | PBS_Generic-Start
--------------------+---------------------+--------------+--------------------+-----------+----------------------
 00:22:16(00:25:32) |  00:19:11(00:19:31) |  23.2( 29.0) |   11:13:01 (Jul05) |   3.70 GB | PBS_Generic-Post_Genopt
--------------------+---------------------+--------------+--------------------+-----------+----------------------
 00:40:02(00:43:55) |  00:17:45(00:18:23) |  21.5( 27.3) |   11:31:24 (Jul05) |   2.73 GB | PBS_Generic_Opt-Post
--------------------+---------------------+--------------+--------------------+-----------+----------------------
 00:40:07(00:44:00) |  00:00:05(00:00:05) |   0.1(  0.1) |   11:31:29 (Jul05) |   2.50 GB | PBS_Generic-Postgen HBO Optimizations
--------------------+---------------------+--------------+--------------------+-----------+----------------------
 01:04:25(00:50:41) |  00:24:18(00:06:41) |  29.4(  9.9) |   11:38:10 (Jul05) |   2.38 GB | PBS_Generic_Opt-Physical
--------------------+---------------------+--------------+--------------------+-----------+----------------------
 01:05:09(00:51:26) |  00:00:44(00:00:45) |   0.9(  1.1) |   11:38:55 (Jul05) |   3.04 GB | PBS_Generic_Opt-PAM_PAS
--------------------+---------------------+--------------+--------------------+-----------+----------------------
 01:05:40(00:51:54) |  00:00:31(00:00:28) |   0.6(  0.7) |   11:39:23 (Jul05) |   2.73 GB | PBS_TechMap-Start
--------------------+---------------------+--------------+--------------------+-----------+----------------------
 01:05:43(00:51:57) |  00:00:03(00:00:03) |   0.1(  0.1) |   11:39:26 (Jul05) |   2.73 GB | PBS_TechMap-PAM_PAS
--------------------+---------------------+--------------+--------------------+-----------+----------------------
 01:22:26(01:10:12) |  00:16:42(00:18:15) |  20.2( 27.1) |   11:57:41 (Jul05) |   2.75 GB | PBS_Techmap-Global Mapping
--------------------+---------------------+--------------+--------------------+-----------+----------------------
 01:23:35(01:11:21) |  00:01:08(00:01:09) |   1.4(  1.7) |   11:58:50 (Jul05) |   2.78 GB | PBS_TechMap-Datapath Postmap Operations
--------------------+---------------------+--------------+--------------------+-----------+----------------------
 01:23:42(01:11:28) |  00:00:07(00:00:07) |   0.1(  0.2) |   11:58:57 (Jul05) |   2.78 GB | PBS_TechMap-Postmap HBO Optimizations
--------------------+---------------------+--------------+--------------------+-----------+----------------------
 01:23:43(01:11:28) |  00:00:01(00:00:00) |   0.0(  0.0) |   11:58:57 (Jul05) |   2.78 GB | PBS_TechMap-Postmap Physical Flow
--------------------+---------------------+--------------+--------------------+-----------+----------------------
 01:24:01(01:11:47) |  00:00:18(00:00:19) |   0.4(  0.5) |   11:59:16 (Jul05) |   2.68 GB | PBS_TechMap-Postmap Clock Gating
--------------------+---------------------+--------------+--------------------+-----------+----------------------
 01:25:49(01:13:20) |  00:01:47(00:01:33) |   2.2(  2.3) |   12:00:49 (Jul05) |   2.73 GB | PBS_TechMap-Postmap Cleanup
--------------------+---------------------+--------------+--------------------+-----------+----------------------
 01:25:49(01:13:21) |  00:00:00(00:00:01) |   0.0(  0.0) |   12:00:50 (Jul05) |   2.73 GB | PBS_Techmap-Post_MBCI
--------------------+---------------------+--------------+--------------------+-----------+----------------------
Number of threads: 8 * 2   (id: pbs_debug, time_info v1.57)
Info: (*N*) indicates data that was populated from previously saved time_info database
Info: CPU time includes time of parent + longest thread
##>================== Cadence Confidential (Mapping-Physical) ===================
##>Main Thread Summary:
##>----------------------------------------------------------------------------------------
##>STEP                           Elapsed       WNS       TNS     Insts      Area    Memory
##>----------------------------------------------------------------------------------------
##>M:Initial                            3         -         -    164228   8601518      2728
##>M:Early Clock Gating                 0         -         -         -         -         -
##>M:Physical Opt                       3         -         -    164228   8601518      2729
##>M:Pre Cleanup                        3         -         -    164228   8601518      2729
##>M:Setup                              0         -         -         -         -         -
##>M:Launch ST                          0         -         -         -         -         -
##>M:Design Partition                   0         -         -         -         -         -
##>M:Create Partition Netlists          0         -         -         -         -         -
##>M:Init Power                         0         -         -         -         -         -
##>M:Budgeting                          0         -         -         -         -         -
##>M:Derenv-DB                          0         -         -         -         -         -
##>M:Debug Outputs                      0         -         -         -         -         -
##>M:ST loading                         0         -         -         -         -         -
##>M:Distributed                        0         -         -         -         -         -
##>M:Timer                              0         -         -         -         -         -
##>M:Assembly                           0         -         -         -         -         -
##>M:DFT                                0         -         -         -         -         -
##>M:DP Operations                     69         -         -    166456   7727743      2778
##>M:Const Prop                         1      -350    195203    166456   7727743      2778
##>M:Cleanup                           93      -191     87356    169671   7761952      2728
##>M:MBCI                               1         -         -    169671   7761952      2728
##>M:PostGen Opt                        0         -         -         -         -         -
##>M:Const Gate Removal                 0         -         -         -         -         -
##>M:Early Clock Gating Cleanup         0         -         -         -         -         -
##>M:Misc                            1116
##>----------------------------------------------------------------------------------------
##>Total Elapsed                     1289
##>========================================================================================
Info    : Done mapping. [SYNTH-5]
        : Done mapping 'fa_top'.
Info : Deleting 2-D Early Global router data...
Info : 2-D Early Global router data deletion complete.
Info : Initializing 2-D Early Global router engine...
Info : Installing 2-D Early Global router...
Info : Early Global router engine is using 8 threads.
Info : 2-D Early Global router initialization complete.
Info : 2-D Early Global router installation complete.
      flow.cputime  flow.realtime  timing.setup.tns  timing.setup.wns  snapshot
UM:*                                                                   syn_map_physical
  Setting attribute of root '/': 'probabilistic_extraction' = true
INFO: Re-asserting probabilistic_extraction before syn_opt -spatial.
Synthesis config is 'syn_opt_ispatial_standard'
Info    : Limited access feature. [LIC-1]
        : Limited access feature 'ispatial_single_corner' request.
        : Final production licensing of this limited access feature has not been determined and is subject to change. Usage and support of this limited access feature are subject to prior agreement with Cadence. In addition, Cadence assumes you understand the feature limitations and expected results. Contact your Cadence representative if you have any questions.
  Setting attribute of root '/': 'opt_spatial_power_driven' = false
Warning : There are settings for use of this physical process that should be reviewed as they are likely inappropriate. [PHYS-1019] [syn_opt -spatial]
        : Please update to use 'group_path' which is directly compatible with Innovus instead of 'path_group'.
        : Review associated messages in log file.
Warning : There are settings for use of this physical process that should be reviewed as they are likely inappropriate. [PHYS-1019] [syn_opt -spatial]
        : Please use 'set_path_group_options -effort_level high' to select high effort groups.
(ispatial): Updating setting for 'time_recovery_arcs' to match physical environment.
(syn_opt_placed): Activating iSpatial - opt_spatial_effort standard
  Setting attribute of design 'fa_top': 'syn_opt_lp_num_asserted_pins_before_placement' = 0
Percentage of placed cells (10.29%) is less than the required threshold (75.00%).
Running delete_buffer_tree pre iSpatial.
Warning : Non-monotonic wireload model found. [LBR-81]
        : 'Length' table in wireload model 'Huge' is non-monotonic.
Warning : Non-monotonic wireload model found. [LBR-81]
        : 'Length' table in wireload model 'Huge' is non-monotonic.
Warning : Non-monotonic wireload model found. [LBR-81]
        : 'Length' table in wireload model 'Huge' is non-monotonic.
Warning : Non-monotonic wireload model found. [LBR-81]
        : 'Length' table in wireload model 'Large' is non-monotonic.
Warning : Non-monotonic wireload model found. [LBR-81]
        : 'Length' table in wireload model 'Large' is non-monotonic.
Warning : Non-monotonic wireload model found. [LBR-81]
        : 'Length' table in wireload model 'Large' is non-monotonic.
Warning : Non-monotonic wireload model found. [LBR-81]
        : 'Length' table in wireload model 'Medium' is non-monotonic.
Warning : Non-monotonic wireload model found. [LBR-81]
        : 'Length' table in wireload model 'Medium' is non-monotonic.
Warning : Non-monotonic wireload model found. [LBR-81]
        : 'Length' table in wireload model 'Medium' is non-monotonic.
Warning : Non-monotonic wireload model found. [LBR-81]
        : 'Length' table in wireload model 'Small' is non-monotonic.
Warning : Non-monotonic wireload model found. [LBR-81]
        : 'Length' table in wireload model 'Small' is non-monotonic.
Warning : Non-monotonic wireload model found. [LBR-81]
        : 'Length' table in wireload model 'Small' is non-monotonic.
  Total number of drivers for buffer tree removal: 163971
  Total number of buffer/inverter removed: 9761
Starting QoS prediction for fa_top...
  Setting attribute of root '/': 'invs_temp_dir' = ./genus2invs__2646528_c0db12f1-65d0-49e8-880e-4f9c383f8545fa_top
%# Begin stylus_db::write (07/05 12:01:34, mem=4123.83M)
(stylus_db): Argument checking
Warning : Saving 'Common-DB' of a design using non-MMMC timing configuration. [DATABASE-140]
        : Timing will likely be upgraded to use MMMC on read.
(stylus_db): Directory creation under './genus2invs__2646528_c0db12f1-65d0-49e8-880e-4f9c383f8545fa_top/genus2invs_db'
(stylus_db): Saving Verilog
(stylus_db): Saving SCANDEF
(stylus_db): No scan definition is present.
(stylus_db): Saving Latency
(stylus_db): Saving Derates
Writing compressed SDC constraint file ./genus2invs__2646528_c0db12f1-65d0-49e8-880e-4f9c383f8545fa_top/genus2invs_db/cmn/fa_top.mmmc/views/default_emulate_view/latency.sdc.gz
(stylus_db): Saving MMMC/SDC
**INFO: (stylus_db): Any loop-breaker instances will be included in SDC constraints.
File ./genus2invs__2646528_c0db12f1-65d0-49e8-880e-4f9c383f8545fa_top/genus2invs_db/cmn/fa_top.mmmc/fa_top.mmmc.tcl has been written.
Writing compressed SDC constraint file ./genus2invs__2646528_c0db12f1-65d0-49e8-880e-4f9c383f8545fa_top/genus2invs_db/cmn/fa_top.mmmc/modes/default_emulate_constraint_mode/default_emulate_constraint_mode.sdc.gz
Finished SDC export (command execution time mm:ss (real) = 00:04).
Info: file ./genus2invs__2646528_c0db12f1-65d0-49e8-880e-4f9c383f8545fa_top/genus2invs_db/cmn/fa_top.mmmc/modes/default_emulate_constraint_mode/default_emulate_constraint_mode.sdc.gz has been written
Info: file ./genus2invs__2646528_c0db12f1-65d0-49e8-880e-4f9c383f8545fa_top/genus2invs_db/cmn/fa_top.mmmc/modes/default_emulate_constraint_mode/default_emulate_constraint_mode.sdc.gz has been written
(stylus_db): Saving Path-Adjusts
(stylus_db): Saving User-Attribute Settings
Writing compressed SDC constraint file ./genus2invs__2646528_c0db12f1-65d0-49e8-880e-4f9c383f8545fa_top/genus2invs_db/cmn/fa_top.mmmc/pathadjust.sdc.gz
Finished SDC export (command execution time mm:ss (real) = 00:00).
(stylus_db): Saving Root Attribute Settings
(stylus_db): Saving Design and Library Attribute Settings
Finished SDC export (command execution time mm:ss (real) = 00:00).
(stylus_db): Saving Innovus Compatible Modes and Global Settings

(stylus_db): Writing instance attributes to SQL DB
(stylus_db): Saving NanoRoute Layer Assignments

Number of user defined NDR nets found: 0

Number of NDR nets found: 0
Number of nets with minimum layer assignments: 0

(stylus_db): Saving Flowkit Settings
(stylus_db): Saving Synthesis .g
(stylus_db): Saving Synthesis .g
(stylus_db): Saving Genus nonMMMC information
Writing GENUS setup file... Library
(stylus_db): Saving DEF
(stylus_db): Waiting for all child processes to complete
Writing compressed DEF file ./genus2invs__2646528_c0db12f1-65d0-49e8-880e-4f9c383f8545fa_top/genus2invs_db/cmn/fa_top.def.gz
Finished DEF export (command execution time mm:ss (real) = 00:07).
(stylus_db): Completing mmmc file
(stylus_db): Saving Native DB
Finished exporting design database to file '/home/hujinzhao/pro/genus_bs1_300m/genus2invs__2646528_c0db12f1-65d0-49e8-880e-4f9c383f8545fa_top/genus2invs_db/syn/fa_top.db' for 'fa_top' (command execution time mm:ss cpu = 00:18, real = 00:19).
(stylus_db): Saving Unified Metrics
%# End stylus_db::write (07/05 12:03:15, total cpu=16:01:30, real=16:01:41, peak res=8233.80M, current mem=4163.85M)
Warning : Path-groups have been reset before iSpatial. [PHYS-1025] [syn_opt -spatial]
        : Recreation of path-groups is left to the user after iSpatial for reporting.
Info    : Beta feature. [LIC-2]
        : Beta feature 'do_not_encrypt_genus2invs.ispatial_setup.tcl' request.


Memory usage before design removal: 4163.85
Removing design...
Info : Deleting 2-D Early Global router data...
Info : 2-D Early Global router data deletion complete.
Removing library...
Memory usage after design removal: 3025.79


%# Begin launch_innovus (07/05 12:03:23, mem=3025.79M)
Info    : Beta feature. [LIC-2]
        : Beta feature 'do_not_encrypt_genus2invs.top.tcl' request.
Launching batch session (07/05/2026 12:03:23)...

Cadence Innovus(TM) Implementation System.
Copyright 2025 Cadence Design Systems, Inc. All rights reserved worldwide.

Version:	v25.12-s079_1, built Tue Nov 18 12:56:37 PST 2025
Options:	-init /home/hujinzhao/pro/genus_bs1_300m/genus2invs__2646528_c0db12f1-65d0-49e8-880e-4f9c383f8545fa_top/genus2invs.top.tcl -nowin -log ./genus2invs__2646528_c0db12f1-65d0-49e8-880e-4f9c383f8545fa_top/innovus.log -cmd ./genus2invs__2646528_c0db12f1-65d0-49e8-880e-4f9c383f8545fa_top/innovus.cmd -overwrite -execute set_db source_verbose false -stylus -x 0001A72991... 
Date:		Sun Jul  5 12:03:24 2026
Host:		sh02lo01 (x86_64 w/Linux 4.18.0-477.10.1.el8_8.x86_64) (18cores*36cpus*Intel(R) Xeon(R) Gold 6140 CPU @ 2.30GHz 25344KB)
OS:		Red Hat Enterprise Linux 8.8 (Ootpa)

License:
		[12:03:24.060257] Configured Lic search path (25.01-s002): 5280@sh02lo01

		Running innovus (-x) with FE_GPS capability.
		Extra license Encounter_NG100
		Extra license Genus_Synthesis
		Extra license Genus_Physical_Opt
		Extra license Innovus_2nm_GAA_Opt
		8 CPU jobs allowed with the current license(s). Use set_multi_cpu_usage to set your required CPU count.


Create and set the environment variable TMPDIR to /tmp/genus_temp_2646528_c0db12f1-65d0-49e8-880e-4f9c383f8545_sh02lo01_hujinzhao_jGyHrh/innovus_temp_2723572_79e44429-ec75-4692-bed6-9b08419f0106_sh02lo01_hujinzhao_GCkEIQ.

The soft stacksize limit is either up to the hard limit or larger than 0.2% of RAM. No change is needed.
Info: Process UID = 2723572 / 79e44429-ec75-4692-bed6-9b08419f0106 / iSQYItSjHi

**INFO:  MMMC transition support version v31-84 

#@ Processing -execute option
@innovus 1> set_db source_verbose false
#@ Processing -files option
@innovus 2> source /home/hujinzhao/pro/genus_bs1_300m/genus2invs__2646528_c0db12f1-65d0-49e8-880e-4f9c383f8545fa_top/genus2invs.top.tcl
Checking Innovus major version against Genus expectations ...
%# Design Import Start (07/05 12:03:53, mem=1931.52M)
(stylus_db): ::init_mmmc_version set to version 2 from SQL db.
(stylus_db): Load Metric file ...
#% Begin Load Metric file (date=07/05 12:03:53, mem=1936.8M)
#% End Load Metric file (date=07/05 12:03:53, total cpu=0:00:00.1, real=0:00:00.0, peak res=1941.9M, current mem=1937.8M)
#% Begin Load Common DB (date=07/05 12:03:53, mem=1938.0M)
(stylus_db): Begin loading Common DB 'genus2invs_db' (Created by Genus(TM) Synthesis Solution 25.12-s067_1) ...
(stylus_db): Initialized SQLite db version 0.2 ..
(stylus_db): Sourcing .globals file  ...
(stylus_db): setting init_mmmc_version to 2
(stylus_db): Setting Library Root attributes ...
(stylus_db): Set 9 timing library and user attributes of Root 
(stylus_db): Load Flow-Kit settings ...
% Begin Load Flow-Kit settings (date=07/05 12:03:54, mem=1940.6M)
% End Load Flow-Kit settings (date=07/05 12:03:54, total cpu=0:00:00.1, real=0:00:00.0, peak res=1940.6M, current mem=1940.6M)
% Begin Load MMMC data (date=07/05 12:03:54, mem=1940.6M)
(stylus_db): Reading MMMC file ...
Starting library reading in 'Multi-threaded flow' (with '8' threads)
Reading default_emulate_libset_max timing library /home/share/pdk/ciel/sky130/versions/e8294524e5f67c533c5d0c3afa0bcc5b2a5fa066/sky130A/libs.ref/sky130_fd_sc_hs/lib/sky130_fd_sc_hs__tt_025C_1v80.lib.
**ERROR: (TECHLIB-1175):	Template name 'ccsn_dc' used in group 'dc_current' on line 832 is not defined in the library. To fix this issue, define the missing template in the library. (File /home/share/pdk/ciel/sky130/versions/e8294524e5f67c533c5d0c3afa0bcc5b2a5fa066/sky130A/libs.ref/sky130_fd_sc_hs/lib/sky130_fd_sc_hs__tt_025C_1v80.lib)
**ERROR: (TECHLIB-1256):	The dc_current group 'ccsn_dc' is being ignored due to errors in this group. This group will be excluded for any further library checks. Refer to the previous messages issued for dc_current group 'ccsn_dc' to find the details of the issues in this group. (File /home/share/pdk/ciel/sky130/versions/e8294524e5f67c533c5d0c3afa0bcc5b2a5fa066/sky130A/libs.ref/sky130_fd_sc_hs/lib/sky130_fd_sc_hs__tt_025C_1v80.lib, Line 832)
**ERROR: (TECHLIB-1175):	Template name 'ccsn_ovrf' used in group 'vector' on line 884 is not defined in the library. To fix this issue, define the missing template in the library. (File /home/share/pdk/ciel/sky130/versions/e8294524e5f67c533c5d0c3afa0bcc5b2a5fa066/sky130A/libs.ref/sky130_fd_sc_hs/lib/sky130_fd_sc_hs__tt_025C_1v80.lib)
**ERROR: (TECHLIB-1256):	The vector group 'ccsn_ovrf' is being ignored due to errors in this group. This group will be excluded for any further library checks. Refer to the previous messages issued for vector group 'ccsn_ovrf' to find the details of the issues in this group. (File /home/share/pdk/ciel/sky130/versions/e8294524e5f67c533c5d0c3afa0bcc5b2a5fa066/sky130A/libs.ref/sky130_fd_sc_hs/lib/sky130_fd_sc_hs__tt_025C_1v80.lib, Line 884)
**ERROR: (TECHLIB-1175):	Template name 'ccsn_ovrf' used in group 'vector' on line 890 is not defined in the library. To fix this issue, define the missing template in the library. (File /home/share/pdk/ciel/sky130/versions/e8294524e5f67c533c5d0c3afa0bcc5b2a5fa066/sky130A/libs.ref/sky130_fd_sc_hs/lib/sky130_fd_sc_hs__tt_025C_1v80.lib)
**ERROR: (TECHLIB-1256):	The vector group 'ccsn_ovrf' is being ignored due to errors in this group. This group will be excluded for any further library checks. Refer to the previous messages issued for vector group 'ccsn_ovrf' to find the details of the issues in this group. (File /home/share/pdk/ciel/sky130/versions/e8294524e5f67c533c5d0c3afa0bcc5b2a5fa066/sky130A/libs.ref/sky130_fd_sc_hs/lib/sky130_fd_sc_hs__tt_025C_1v80.lib, Line 890)
**ERROR: (TECHLIB-1175):	Template name 'ccsn_ovrf' used in group 'vector' on line 870 is not defined in the library. To fix this issue, define the missing template in the library. (File /home/share/pdk/ciel/sky130/versions/e8294524e5f67c533c5d0c3afa0bcc5b2a5fa066/sky130A/libs.ref/sky130_fd_sc_hs/lib/sky130_fd_sc_hs__tt_025C_1v80.lib)
**ERROR: (TECHLIB-1256):	The vector group 'ccsn_ovrf' is being ignored due to errors in this group. This group will be excluded for any further library checks. Refer to the previous messages issued for vector group 'ccsn_ovrf' to find the details of the issues in this group. (File /home/share/pdk/ciel/sky130/versions/e8294524e5f67c533c5d0c3afa0bcc5b2a5fa066/sky130A/libs.ref/sky130_fd_sc_hs/lib/sky130_fd_sc_hs__tt_025C_1v80.lib, Line 870)
**ERROR: (TECHLIB-1175):	Template name 'ccsn_ovrf' used in group 'vector' on line 876 is not defined in the library. To fix this issue, define the missing template in the library. (File /home/share/pdk/ciel/sky130/versions/e8294524e5f67c533c5d0c3afa0bcc5b2a5fa066/sky130A/libs.ref/sky130_fd_sc_hs/lib/sky130_fd_sc_hs__tt_025C_1v80.lib)
**ERROR: (TECHLIB-1256):	The vector group 'ccsn_ovrf' is being ignored due to errors in this group. This group will be excluded for any further library checks. Refer to the previous messages issued for vector group 'ccsn_ovrf' to find the details of the issues in this group. (File /home/share/pdk/ciel/sky130/versions/e8294524e5f67c533c5d0c3afa0bcc5b2a5fa066/sky130A/libs.ref/sky130_fd_sc_hs/lib/sky130_fd_sc_hs__tt_025C_1v80.lib, Line 876)
**ERROR: (TECHLIB-1175):	Template name 'ccsn_pnlh' used in group 'vector' on line 949 is not defined in the library. To fix this issue, define the missing template in the library. (File /home/share/pdk/ciel/sky130/versions/e8294524e5f67c533c5d0c3afa0bcc5b2a5fa066/sky130A/libs.ref/sky130_fd_sc_hs/lib/sky130_fd_sc_hs__tt_025C_1v80.lib)
**ERROR: (TECHLIB-1256):	The vector group 'ccsn_pnlh' is being ignored due to errors in this group. This group will be excluded for any further library checks. Refer to the previous messages issued for vector group 'ccsn_pnlh' to find the details of the issues in this group. (File /home/share/pdk/ciel/sky130/versions/e8294524e5f67c533c5d0c3afa0bcc5b2a5fa066/sky130A/libs.ref/sky130_fd_sc_hs/lib/sky130_fd_sc_hs__tt_025C_1v80.lib, Line 949)
**ERROR: (TECHLIB-1175):	Template name 'ccsn_pnlh' used in group 'vector' on line 956 is not defined in the library. To fix this issue, define the missing template in the library. (File /home/share/pdk/ciel/sky130/versions/e8294524e5f67c533c5d0c3afa0bcc5b2a5fa066/sky130A/libs.ref/sky130_fd_sc_hs/lib/sky130_fd_sc_hs__tt_025C_1v80.lib)
**ERROR: (TECHLIB-1256):	The vector group 'ccsn_pnlh' is being ignored due to errors in this group. This group will be excluded for any further library checks. Refer to the previous messages issued for vector group 'ccsn_pnlh' to find the details of the issues in this group. (File /home/share/pdk/ciel/sky130/versions/e8294524e5f67c533c5d0c3afa0bcc5b2a5fa066/sky130A/libs.ref/sky130_fd_sc_hs/lib/sky130_fd_sc_hs__tt_025C_1v80.lib, Line 956)
**ERROR: (TECHLIB-1175):	Template name 'ccsn_pnlh' used in group 'vector' on line 963 is not defined in the library. To fix this issue, define the missing template in the library. (File /home/share/pdk/ciel/sky130/versions/e8294524e5f67c533c5d0c3afa0bcc5b2a5fa066/sky130A/libs.ref/sky130_fd_sc_hs/lib/sky130_fd_sc_hs__tt_025C_1v80.lib)
**ERROR: (TECHLIB-1256):	The vector group 'ccsn_pnlh' is being ignored due to errors in this group. This group will be excluded for any further library checks. Refer to the previous messages issued for vector group 'ccsn_pnlh' to find the details of the issues in this group. (File /home/share/pdk/ciel/sky130/versions/e8294524e5f67c533c5d0c3afa0bcc5b2a5fa066/sky130A/libs.ref/sky130_fd_sc_hs/lib/sky130_fd_sc_hs__tt_025C_1v80.lib, Line 963)
**ERROR: (TECHLIB-1175):	Template name 'ccsn_pnlh' used in group 'vector' on line 970 is not defined in the library. To fix this issue, define the missing template in the library. (File /home/share/pdk/ciel/sky130/versions/e8294524e5f67c533c5d0c3afa0bcc5b2a5fa066/sky130A/libs.ref/sky130_fd_sc_hs/lib/sky130_fd_sc_hs__tt_025C_1v80.lib)
**ERROR: (TECHLIB-1256):	The vector group 'ccsn_pnlh' is being ignored due to errors in this group. This group will be excluded for any further library checks. Refer to the previous messages issued for vector group 'ccsn_pnlh' to find the details of the issues in this group. (File /home/share/pdk/ciel/sky130/versions/e8294524e5f67c533c5d0c3afa0bcc5b2a5fa066/sky130A/libs.ref/sky130_fd_sc_hs/lib/sky130_fd_sc_hs__tt_025C_1v80.lib, Line 970)
**ERROR: (TECHLIB-1175):	Template name 'ccsn_pnlh' used in group 'vector' on line 977 is not defined in the library. To fix this issue, define the missing template in the library. (File /home/share/pdk/ciel/sky130/versions/e8294524e5f67c533c5d0c3afa0bcc5b2a5fa066/sky130A/libs.ref/sky130_fd_sc_hs/lib/sky130_fd_sc_hs__tt_025C_1v80.lib)
**ERROR: (TECHLIB-1256):	The vector group 'ccsn_pnlh' is being ignored due to errors in this group. This group will be excluded for any further library checks. Refer to the previous messages issued for vector group 'ccsn_pnlh' to find the details of the issues in this group. (File /home/share/pdk/ciel/sky130/versions/e8294524e5f67c533c5d0c3afa0bcc5b2a5fa066/sky130A/libs.ref/sky130_fd_sc_hs/lib/sky130_fd_sc_hs__tt_025C_1v80.lib, Line 977)
**ERROR: (TECHLIB-1175):	Template name 'ccsn_pnlh' used in group 'vector' on line 984 is not defined in the library. To fix this issue, define the missing template in the library. (File /home/share/pdk/ciel/sky130/versions/e8294524e5f67c533c5d0c3afa0bcc5b2a5fa066/sky130A/libs.ref/sky130_fd_sc_hs/lib/sky130_fd_sc_hs__tt_025C_1v80.lib)
**ERROR: (TECHLIB-1256):	The vector group 'ccsn_pnlh' is being ignored due to errors in this group. This group will be excluded for any further library checks. Refer to the previous messages issued for vector group 'ccsn_pnlh' to find the details of the issues in this group. (File /home/share/pdk/ciel/sky130/versions/e8294524e5f67c533c5d0c3afa0bcc5b2a5fa066/sky130A/libs.ref/sky130_fd_sc_hs/lib/sky130_fd_sc_hs__tt_025C_1v80.lib, Line 984)
**ERROR: (TECHLIB-1175):	Template name 'ccsn_pnlh' used in group 'vector' on line 991 is not defined in the library. To fix this issue, define the missing template in the library. (File /home/share/pdk/ciel/sky130/versions/e8294524e5f67c533c5d0c3afa0bcc5b2a5fa066/sky130A/libs.ref/sky130_fd_sc_hs/lib/sky130_fd_sc_hs__tt_025C_1v80.lib)
**ERROR: (TECHLIB-1256):	The vector group 'ccsn_pnlh' is being ignored due to errors in this group. This group will be excluded for any further library checks. Refer to the previous messages issued for vector group 'ccsn_pnlh' to find the details of the issues in this group. (File /home/share/pdk/ciel/sky130/versions/e8294524e5f67c533c5d0c3afa0bcc5b2a5fa066/sky130A/libs.ref/sky130_fd_sc_hs/lib/sky130_fd_sc_hs__tt_025C_1v80.lib, Line 991)
**ERROR: (TECHLIB-1175):	Template name 'ccsn_pnlh' used in group 'vector' on line 898 is not defined in the library. To fix this issue, define the missing template in the library. (File /home/share/pdk/ciel/sky130/versions/e8294524e5f67c533c5d0c3afa0bcc5b2a5fa066/sky130A/libs.ref/sky130_fd_sc_hs/lib/sky130_fd_sc_hs__tt_025C_1v80.lib)
**ERROR: (TECHLIB-1256):	The vector group 'ccsn_pnlh' is being ignored due to errors in this group. This group will be excluded for any further library checks. Refer to the previous messages issued for vector group 'ccsn_pnlh' to find the details of the issues in this group. (File /home/share/pdk/ciel/sky130/versions/e8294524e5f67c533c5d0c3afa0bcc5b2a5fa066/sky130A/libs.ref/sky130_fd_sc_hs/lib/sky130_fd_sc_hs__tt_025C_1v80.lib, Line 898)
**ERROR: (TECHLIB-1175):	Template name 'ccsn_pnlh' used in group 'vector' on line 905 is not defined in the library. To fix this issue, define the missing template in the library. (File /home/share/pdk/ciel/sky130/versions/e8294524e5f67c533c5d0c3afa0bcc5b2a5fa066/sky130A/libs.ref/sky130_fd_sc_hs/lib/sky130_fd_sc_hs__tt_025C_1v80.lib)
**ERROR: (TECHLIB-1256):	The vector group 'ccsn_pnlh' is being ignored due to errors in this group. This group will be excluded for any further library checks. Refer to the previous messages issued for vector group 'ccsn_pnlh' to find the details of the issues in this group. (File /home/share/pdk/ciel/sky130/versions/e8294524e5f67c533c5d0c3afa0bcc5b2a5fa066/sky130A/libs.ref/sky130_fd_sc_hs/lib/sky130_fd_sc_hs__tt_025C_1v80.lib, Line 905)
**ERROR: (TECHLIB-1175):	Template name 'ccsn_pnlh' used in group 'vector' on line 912 is not defined in the library. To fix this issue, define the missing template in the library. (File /home/share/pdk/ciel/sky130/versions/e8294524e5f67c533c5d0c3afa0bcc5b2a5fa066/sky130A/libs.ref/sky130_fd_sc_hs/lib/sky130_fd_sc_hs__tt_025C_1v80.lib)
**ERROR: (TECHLIB-1256):	The vector group 'ccsn_pnlh' is being ignored due to errors in this group. This group will be excluded for any further library checks. Refer to the previous messages issued for vector group 'ccsn_pnlh' to find the details of the issues in this group. (File /home/share/pdk/ciel/sky130/versions/e8294524e5f67c533c5d0c3afa0bcc5b2a5fa066/sky130A/libs.ref/sky130_fd_sc_hs/lib/sky130_fd_sc_hs__tt_025C_1v80.lib, Line 912)
**ERROR: (TECHLIB-1175):	Template name 'ccsn_pnlh' used in group 'vector' on line 919 is not defined in the library. To fix this issue, define the missing template in the library. (File /home/share/pdk/ciel/sky130/versions/e8294524e5f67c533c5d0c3afa0bcc5b2a5fa066/sky130A/libs.ref/sky130_fd_sc_hs/lib/sky130_fd_sc_hs__tt_025C_1v80.lib)
**ERROR: (TECHLIB-1256):	The vector group 'ccsn_pnlh' is being ignored due to errors in this group. This group will be excluded for any further library checks. Refer to the previous messages issued for vector group 'ccsn_pnlh' to find the details of the issues in this group. (File /home/share/pdk/ciel/sky130/versions/e8294524e5f67c533c5d0c3afa0bcc5b2a5fa066/sky130A/libs.ref/sky130_fd_sc_hs/lib/sky130_fd_sc_hs__tt_025C_1v80.lib, Line 919)
**ERROR: (TECHLIB-1175):	Template name 'ccsn_pnlh' used in group 'vector' on line 926 is not defined in the library. To fix this issue, define the missing template in the library. (File /home/share/pdk/ciel/sky130/versions/e8294524e5f67c533c5d0c3afa0bcc5b2a5fa066/sky130A/libs.ref/sky130_fd_sc_hs/lib/sky130_fd_sc_hs__tt_025C_1v80.lib)
**ERROR: (TECHLIB-1256):	The vector group 'ccsn_pnlh' is being ignored due to errors in this group. This group will be excluded for any further library checks. Refer to the previous messages issued for vector group 'ccsn_pnlh' to find the details of the issues in this group. (File /home/share/pdk/ciel/sky130/versions/e8294524e5f67c533c5d0c3afa0bcc5b2a5fa066/sky130A/libs.ref/sky130_fd_sc_hs/lib/sky130_fd_sc_hs__tt_025C_1v80.lib, Line 926)
**ERROR: (TECHLIB-1175):	Template name 'ccsn_pnlh' used in group 'vector' on line 933 is not defined in the library. To fix this issue, define the missing template in the library. (File /home/share/pdk/ciel/sky130/versions/e8294524e5f67c533c5d0c3afa0bcc5b2a5fa066/sky130A/libs.ref/sky130_fd_sc_hs/lib/sky130_fd_sc_hs__tt_025C_1v80.lib)
**ERROR: (TECHLIB-1256):	The vector group 'ccsn_pnlh' is being ignored due to errors in this group. This group will be excluded for any further library checks. Refer to the previous messages issued for vector group 'ccsn_pnlh' to find the details of the issues in this group. (File /home/share/pdk/ciel/sky130/versions/e8294524e5f67c533c5d0c3afa0bcc5b2a5fa066/sky130A/libs.ref/sky130_fd_sc_hs/lib/sky130_fd_sc_hs__tt_025C_1v80.lib, Line 933)
**ERROR: (TECHLIB-1175):	Template name 'ccsn_pnlh' used in group 'vector' on line 940 is not defined in the library. To fix this issue, define the missing template in the library. (File /home/share/pdk/ciel/sky130/versions/e8294524e5f67c533c5d0c3afa0bcc5b2a5fa066/sky130A/libs.ref/sky130_fd_sc_hs/lib/sky130_fd_sc_hs__tt_025C_1v80.lib)
**ERROR: (TECHLIB-1256):	The vector group 'ccsn_pnlh' is being ignored due to errors in this group. This group will be excluded for any further library checks. Refer to the previous messages issued for vector group 'ccsn_pnlh' to find the details of the issues in this group. (File /home/share/pdk/ciel/sky130/versions/e8294524e5f67c533c5d0c3afa0bcc5b2a5fa066/sky130A/libs.ref/sky130_fd_sc_hs/lib/sky130_fd_sc_hs__tt_025C_1v80.lib, Line 940)
**ERROR: (TECHLIB-1173):	The 'dc_current' attribute has not been defined for group 'ccsn_first_stage' on line 831. This may lead to undesirable analysis results. To fix this issue, define the missing attribute in library. (File /home/share/pdk/ciel/sky130/versions/e8294524e5f67c533c5d0c3afa0bcc5b2a5fa066/sky130A/libs.ref/sky130_fd_sc_hs/lib/sky130_fd_sc_hs__tt_025C_1v80.lib)
**ERROR: (TECHLIB-1175):	Template name 'ccsn_dc' used in group 'dc_current' on line 1002 is not defined in the library. To fix this issue, define the missing template in the library. (File /home/share/pdk/ciel/sky130/versions/e8294524e5f67c533c5d0c3afa0bcc5b2a5fa066/sky130A/libs.ref/sky130_fd_sc_hs/lib/sky130_fd_sc_hs__tt_025C_1v80.lib)
**ERROR: (TECHLIB-1256):	The dc_current group 'ccsn_dc' is being ignored due to errors in this group. This group will be excluded for any further library checks. Refer to the previous messages issued for dc_current group 'ccsn_dc' to find the details of the issues in this group. (File /home/share/pdk/ciel/sky130/versions/e8294524e5f67c533c5d0c3afa0bcc5b2a5fa066/sky130A/libs.ref/sky130_fd_sc_hs/lib/sky130_fd_sc_hs__tt_025C_1v80.lib, Line 1002)
Message <TECHLIB-1175> has exceeded the message display limit of '20'. Use 'set_message -no_limit -id list_of_msgIDs' to reset the message limit.
Message <TECHLIB-1256> has exceeded the message display limit of '20'. Use 'set_message -no_limit -id list_of_msgIDs' to reset the message limit.
**ERROR: (TECHLIB-1173):	The 'dc_current' attribute has not been defined for group 'ccsn_last_stage' on line 1001. This may lead to undesirable analysis results. To fix this issue, define the missing attribute in library. (File /home/share/pdk/ciel/sky130/versions/e8294524e5f67c533c5d0c3afa0bcc5b2a5fa066/sky130A/libs.ref/sky130_fd_sc_hs/lib/sky130_fd_sc_hs__tt_025C_1v80.lib)
**ERROR: (TECHLIB-1173):	The 'dc_current' attribute has not been defined for group 'ccsn_first_stage' on line 1267. This may lead to undesirable analysis results. To fix this issue, define the missing attribute in library. (File /home/share/pdk/ciel/sky130/versions/e8294524e5f67c533c5d0c3afa0bcc5b2a5fa066/sky130A/libs.ref/sky130_fd_sc_hs/lib/sky130_fd_sc_hs__tt_025C_1v80.lib)
**ERROR: (TECHLIB-1173):	The 'dc_current' attribute has not been defined for group 'ccsn_last_stage' on line 1437. This may lead to undesirable analysis results. To fix this issue, define the missing attribute in library. (File /home/share/pdk/ciel/sky130/versions/e8294524e5f67c533c5d0c3afa0bcc5b2a5fa066/sky130A/libs.ref/sky130_fd_sc_hs/lib/sky130_fd_sc_hs__tt_025C_1v80.lib)
**ERROR: (TECHLIB-1173):	The 'dc_current' attribute has not been defined for group 'ccsn_first_stage' on line 1703. This may lead to undesirable analysis results. To fix this issue, define the missing attribute in library. (File /home/share/pdk/ciel/sky130/versions/e8294524e5f67c533c5d0c3afa0bcc5b2a5fa066/sky130A/libs.ref/sky130_fd_sc_hs/lib/sky130_fd_sc_hs__tt_025C_1v80.lib)
**ERROR: (TECHLIB-1173):	The 'dc_current' attribute has not been defined for group 'ccsn_last_stage' on line 1874. This may lead to undesirable analysis results. To fix this issue, define the missing attribute in library. (File /home/share/pdk/ciel/sky130/versions/e8294524e5f67c533c5d0c3afa0bcc5b2a5fa066/sky130A/libs.ref/sky130_fd_sc_hs/lib/sky130_fd_sc_hs__tt_025C_1v80.lib)
**ERROR: (TECHLIB-1173):	The 'dc_current' attribute has not been defined for group 'ccsn_first_stage' on line 2143. This may lead to undesirable analysis results. To fix this issue, define the missing attribute in library. (File /home/share/pdk/ciel/sky130/versions/e8294524e5f67c533c5d0c3afa0bcc5b2a5fa066/sky130A/libs.ref/sky130_fd_sc_hs/lib/sky130_fd_sc_hs__tt_025C_1v80.lib)
**ERROR: (TECHLIB-1173):	The 'dc_current' attribute has not been defined for group 'ccsn_last_stage' on line 2314. This may lead to undesirable analysis results. To fix this issue, define the missing attribute in library. (File /home/share/pdk/ciel/sky130/versions/e8294524e5f67c533c5d0c3afa0bcc5b2a5fa066/sky130A/libs.ref/sky130_fd_sc_hs/lib/sky130_fd_sc_hs__tt_025C_1v80.lib)
**ERROR: (TECHLIB-1173):	The 'dc_current' attribute has not been defined for group 'ccsn_first_stage' on line 2583. This may lead to undesirable analysis results. To fix this issue, define the missing attribute in library. (File /home/share/pdk/ciel/sky130/versions/e8294524e5f67c533c5d0c3afa0bcc5b2a5fa066/sky130A/libs.ref/sky130_fd_sc_hs/lib/sky130_fd_sc_hs__tt_025C_1v80.lib)
**ERROR: (TECHLIB-1173):	The 'dc_current' attribute has not been defined for group 'ccsn_last_stage' on line 2754. This may lead to undesirable analysis results. To fix this issue, define the missing attribute in library. (File /home/share/pdk/ciel/sky130/versions/e8294524e5f67c533c5d0c3afa0bcc5b2a5fa066/sky130A/libs.ref/sky130_fd_sc_hs/lib/sky130_fd_sc_hs__tt_025C_1v80.lib)
**ERROR: (TECHLIB-1173):	The 'dc_current' attribute has not been defined for group 'ccsn_first_stage' on line 3023. This may lead to undesirable analysis results. To fix this issue, define the missing attribute in library. (File /home/share/pdk/ciel/sky130/versions/e8294524e5f67c533c5d0c3afa0bcc5b2a5fa066/sky130A/libs.ref/sky130_fd_sc_hs/lib/sky130_fd_sc_hs__tt_025C_1v80.lib)
**ERROR: (TECHLIB-1173):	The 'dc_current' attribute has not been defined for group 'ccsn_last_stage' on line 3194. This may lead to undesirable analysis results. To fix this issue, define the missing attribute in library. (File /home/share/pdk/ciel/sky130/versions/e8294524e5f67c533c5d0c3afa0bcc5b2a5fa066/sky130A/libs.ref/sky130_fd_sc_hs/lib/sky130_fd_sc_hs__tt_025C_1v80.lib)
**ERROR: (TECHLIB-1173):	The 'dc_current' attribute has not been defined for group 'ccsn_first_stage' on line 3463. This may lead to undesirable analysis results. To fix this issue, define the missing attribute in library. (File /home/share/pdk/ciel/sky130/versions/e8294524e5f67c533c5d0c3afa0bcc5b2a5fa066/sky130A/libs.ref/sky130_fd_sc_hs/lib/sky130_fd_sc_hs__tt_025C_1v80.lib)
**ERROR: (TECHLIB-1173):	The 'dc_current' attribute has not been defined for group 'ccsn_last_stage' on line 3634. This may lead to undesirable analysis results. To fix this issue, define the missing attribute in library. (File /home/share/pdk/ciel/sky130/versions/e8294524e5f67c533c5d0c3afa0bcc5b2a5fa066/sky130A/libs.ref/sky130_fd_sc_hs/lib/sky130_fd_sc_hs__tt_025C_1v80.lib)
**ERROR: (TECHLIB-1173):	The 'dc_current' attribute has not been defined for group 'ccsn_first_stage' on line 3903. This may lead to undesirable analysis results. To fix this issue, define the missing attribute in library. (File /home/share/pdk/ciel/sky130/versions/e8294524e5f67c533c5d0c3afa0bcc5b2a5fa066/sky130A/libs.ref/sky130_fd_sc_hs/lib/sky130_fd_sc_hs__tt_025C_1v80.lib)
**ERROR: (TECHLIB-1173):	The 'dc_current' attribute has not been defined for group 'ccsn_last_stage' on line 4074. This may lead to undesirable analysis results. To fix this issue, define the missing attribute in library. (File /home/share/pdk/ciel/sky130/versions/e8294524e5f67c533c5d0c3afa0bcc5b2a5fa066/sky130A/libs.ref/sky130_fd_sc_hs/lib/sky130_fd_sc_hs__tt_025C_1v80.lib)
**ERROR: (TECHLIB-1173):	The 'dc_current' attribute has not been defined for group 'ccsn_first_stage' on line 4343. This may lead to undesirable analysis results. To fix this issue, define the missing attribute in library. (File /home/share/pdk/ciel/sky130/versions/e8294524e5f67c533c5d0c3afa0bcc5b2a5fa066/sky130A/libs.ref/sky130_fd_sc_hs/lib/sky130_fd_sc_hs__tt_025C_1v80.lib)
**ERROR: (TECHLIB-1173):	The 'dc_current' attribute has not been defined for group 'ccsn_last_stage' on line 4514. This may lead to undesirable analysis results. To fix this issue, define the missing attribute in library. (File /home/share/pdk/ciel/sky130/versions/e8294524e5f67c533c5d0c3afa0bcc5b2a5fa066/sky130A/libs.ref/sky130_fd_sc_hs/lib/sky130_fd_sc_hs__tt_025C_1v80.lib)
**ERROR: (TECHLIB-1173):	The 'dc_current' attribute has not been defined for group 'ccsn_first_stage' on line 4783. This may lead to undesirable analysis results. To fix this issue, define the missing attribute in library. (File /home/share/pdk/ciel/sky130/versions/e8294524e5f67c533c5d0c3afa0bcc5b2a5fa066/sky130A/libs.ref/sky130_fd_sc_hs/lib/sky130_fd_sc_hs__tt_025C_1v80.lib)
**ERROR: (TECHLIB-1173):	The 'dc_current' attribute has not been defined for group 'ccsn_last_stage' on line 4954. This may lead to undesirable analysis results. To fix this issue, define the missing attribute in library. (File /home/share/pdk/ciel/sky130/versions/e8294524e5f67c533c5d0c3afa0bcc5b2a5fa066/sky130A/libs.ref/sky130_fd_sc_hs/lib/sky130_fd_sc_hs__tt_025C_1v80.lib)
Message <TECHLIB-1173> has exceeded the message display limit of '20'. Use 'set_message -no_limit -id list_of_msgIDs' to reset the message limit.
**WARN: (TECHLIB-302):	No function defined for cell 'sky130_fd_sc_hs__decap_8'. The cell will only be used for analysis. (File /home/share/pdk/ciel/sky130/versions/e8294524e5f67c533c5d0c3afa0bcc5b2a5fa066/sky130A/libs.ref/sky130_fd_sc_hs/lib/sky130_fd_sc_hs__tt_025C_1v80.lib)
**WARN: (TECHLIB-302):	No function defined for cell 'sky130_fd_sc_hs__decap_4'. The cell will only be used for analysis. (File /home/share/pdk/ciel/sky130/versions/e8294524e5f67c533c5d0c3afa0bcc5b2a5fa066/sky130A/libs.ref/sky130_fd_sc_hs/lib/sky130_fd_sc_hs__tt_025C_1v80.lib)
Read 376 cells in library sky130_fd_sc_hs__tt_025C_1v80.
Reading default_emulate_libset_max timing library /home/hujinzhao/pro/genus_bs1_300m/workspace/LIBS/sky130_sram_0kbytes_1rw1r_64x32_8_TT_1p8V_25C.lib.
Read 1 cells in library sky130_sram_0kbytes_1rw1r_64x32_8_TT_1p8V_25C_lib.
Reading default_emulate_libset_max timing library /home/hujinzhao/pro/genus_bs1_300m/workspace/LIBS/sky130_sram_0kbytes_1rw1r_64x64_8_TT_1p8V_25C.lib.
Read 1 cells in library sky130_sram_0kbytes_1rw1r_64x64_8_TT_1p8V_25C_lib.
Reading default_emulate_libset_max timing library /home/hujinzhao/pro/genus_bs1_300m/workspace/LIBS/sky130_sram_0kbytes_1rw1r_128x16_16_TT_1p8V_25C.lib.
Read 1 cells in library sky130_sram_0kbytes_1rw1r_128x16_16_TT_1p8V_25C_lib.
Library reading multithread flow ended.
% End Load MMMC data (date=07/05 12:03:56, total cpu=0:00:08.2, real=0:00:02.0, peak res=2161.7M, current mem=1973.1M)
% Begin Load LEF files (date=07/05 12:03:56, mem=1973.1M)
(stylus_db): Load LEF files ...

Loading LEF file /home/hujinzhao/pro/genus_bs1_300m/workspace/LEFS/sky130_fd_sc_hs__nom.tlef ...

Loading LEF file /home/hujinzhao/pro/genus_bs1_300m/workspace/LEFS/sky130_fd_sc_hs.lef ...
WARNING (LEFPARS-2008): NOWIREEXTENSIONATPIN statement is obsolete in version 5.6 or later.
The NOWIREEXTENSIONATPIN statement will be ignored. See file /home/hujinzhao/pro/genus_bs1_300m/workspace/LEFS/sky130_fd_sc_hs.lef at line 2.
**WARN: (IMPLF-108):	There is no overlap layer defined in any LEF file
so you are unable to create rectilinear partition in a hierarchical flow.
Set DBUPerIGU to M1 pitch 480.

Loading LEF file /home/hujinzhao/pro/genus_bs1_300m/workspace/LEFS/sky130_sram_0kbytes_1rw1r_64x32_8.lef ...
**WARN: (IMPLF-246):	The 'UNITS' attribute is only allowed to be set in the first LEF file (technology LEF). The attribute was found in this LEF file, and will be ignored.

Loading LEF file /home/hujinzhao/pro/genus_bs1_300m/workspace/LEFS/sky130_sram_0kbytes_1rw1r_128x16_16.lef ...
**WARN: (IMPLF-246):	The 'UNITS' attribute is only allowed to be set in the first LEF file (technology LEF). The attribute was found in this LEF file, and will be ignored.

Loading LEF file /home/hujinzhao/pro/genus_bs1_300m/workspace/LEFS/sky130_sram_0kbytes_1rw1r_64x64_8.lef ...
**WARN: (IMPLF-246):	The 'UNITS' attribute is only allowed to be set in the first LEF file (technology LEF). The attribute was found in this LEF file, and will be ignored.
**WARN: (IMPLF-200):	Pin 'din0[0]' in macro 'sky130_sram_0kbytes_1rw1r_64x64_8' has no ANTENNAGATEAREA value defined. The library data is incomplete and some process antenna rules will not be checked correctly.
Type 'man IMPLF-200' for more detail.
**WARN: (IMPLF-200):	Pin 'din0[1]' in macro 'sky130_sram_0kbytes_1rw1r_64x64_8' has no ANTENNAGATEAREA value defined. The library data is incomplete and some process antenna rules will not be checked correctly.
Type 'man IMPLF-200' for more detail.
**WARN: (IMPLF-200):	Pin 'din0[2]' in macro 'sky130_sram_0kbytes_1rw1r_64x64_8' has no ANTENNAGATEAREA value defined. The library data is incomplete and some process antenna rules will not be checked correctly.
Type 'man IMPLF-200' for more detail.
**WARN: (IMPLF-200):	Pin 'din0[3]' in macro 'sky130_sram_0kbytes_1rw1r_64x64_8' has no ANTENNAGATEAREA value defined. The library data is incomplete and some process antenna rules will not be checked correctly.
Type 'man IMPLF-200' for more detail.
**WARN: (IMPLF-200):	Pin 'din0[4]' in macro 'sky130_sram_0kbytes_1rw1r_64x64_8' has no ANTENNAGATEAREA value defined. The library data is incomplete and some process antenna rules will not be checked correctly.
Type 'man IMPLF-200' for more detail.
**WARN: (IMPLF-200):	Pin 'din0[5]' in macro 'sky130_sram_0kbytes_1rw1r_64x64_8' has no ANTENNAGATEAREA value defined. The library data is incomplete and some process antenna rules will not be checked correctly.
Type 'man IMPLF-200' for more detail.
**WARN: (IMPLF-200):	Pin 'din0[6]' in macro 'sky130_sram_0kbytes_1rw1r_64x64_8' has no ANTENNAGATEAREA value defined. The library data is incomplete and some process antenna rules will not be checked correctly.
Type 'man IMPLF-200' for more detail.
**WARN: (IMPLF-200):	Pin 'din0[7]' in macro 'sky130_sram_0kbytes_1rw1r_64x64_8' has no ANTENNAGATEAREA value defined. The library data is incomplete and some process antenna rules will not be checked correctly.
Type 'man IMPLF-200' for more detail.
**WARN: (IMPLF-200):	Pin 'din0[8]' in macro 'sky130_sram_0kbytes_1rw1r_64x64_8' has no ANTENNAGATEAREA value defined. The library data is incomplete and some process antenna rules will not be checked correctly.
Type 'man IMPLF-200' for more detail.
**WARN: (IMPLF-200):	Pin 'din0[9]' in macro 'sky130_sram_0kbytes_1rw1r_64x64_8' has no ANTENNAGATEAREA value defined. The library data is incomplete and some process antenna rules will not be checked correctly.
Type 'man IMPLF-200' for more detail.
**WARN: (IMPLF-200):	Pin 'din0[10]' in macro 'sky130_sram_0kbytes_1rw1r_64x64_8' has no ANTENNAGATEAREA value defined. The library data is incomplete and some process antenna rules will not be checked correctly.
Type 'man IMPLF-200' for more detail.
**WARN: (IMPLF-200):	Pin 'din0[11]' in macro 'sky130_sram_0kbytes_1rw1r_64x64_8' has no ANTENNAGATEAREA value defined. The library data is incomplete and some process antenna rules will not be checked correctly.
Type 'man IMPLF-200' for more detail.
**WARN: (IMPLF-200):	Pin 'din0[12]' in macro 'sky130_sram_0kbytes_1rw1r_64x64_8' has no ANTENNAGATEAREA value defined. The library data is incomplete and some process antenna rules will not be checked correctly.
Type 'man IMPLF-200' for more detail.
**WARN: (IMPLF-200):	Pin 'din0[13]' in macro 'sky130_sram_0kbytes_1rw1r_64x64_8' has no ANTENNAGATEAREA value defined. The library data is incomplete and some process antenna rules will not be checked correctly.
Type 'man IMPLF-200' for more detail.
**WARN: (IMPLF-200):	Pin 'din0[14]' in macro 'sky130_sram_0kbytes_1rw1r_64x64_8' has no ANTENNAGATEAREA value defined. The library data is incomplete and some process antenna rules will not be checked correctly.
Type 'man IMPLF-200' for more detail.
**WARN: (IMPLF-200):	Pin 'din0[15]' in macro 'sky130_sram_0kbytes_1rw1r_64x64_8' has no ANTENNAGATEAREA value defined. The library data is incomplete and some process antenna rules will not be checked correctly.
Type 'man IMPLF-200' for more detail.
**WARN: (IMPLF-200):	Pin 'din0[16]' in macro 'sky130_sram_0kbytes_1rw1r_64x64_8' has no ANTENNAGATEAREA value defined. The library data is incomplete and some process antenna rules will not be checked correctly.
Type 'man IMPLF-200' for more detail.
**WARN: (IMPLF-200):	Pin 'din0[17]' in macro 'sky130_sram_0kbytes_1rw1r_64x64_8' has no ANTENNAGATEAREA value defined. The library data is incomplete and some process antenna rules will not be checked correctly.
Type 'man IMPLF-200' for more detail.
**WARN: (IMPLF-200):	Pin 'din0[18]' in macro 'sky130_sram_0kbytes_1rw1r_64x64_8' has no ANTENNAGATEAREA value defined. The library data is incomplete and some process antenna rules will not be checked correctly.
Type 'man IMPLF-200' for more detail.
**WARN: (IMPLF-200):	Pin 'din0[19]' in macro 'sky130_sram_0kbytes_1rw1r_64x64_8' has no ANTENNAGATEAREA value defined. The library data is incomplete and some process antenna rules will not be checked correctly.
Type 'man IMPLF-200' for more detail.
**WARN: (EMS-27):	Message (IMPLF-200) has exceeded the current message display limit of 20.
To increase the message display limit, refer to the product command reference manual.
**WARN: (IMPLF-201):	Pin 'dout0[0]' in macro 'sky130_sram_0kbytes_1rw1r_64x64_8' has no ANTENNADIFFAREA value defined. The library data is incomplete and some process antenna rules will not be checked correctly.
Type 'man IMPLF-201' for more detail.
**WARN: (IMPLF-201):	Pin 'dout0[1]' in macro 'sky130_sram_0kbytes_1rw1r_64x64_8' has no ANTENNADIFFAREA value defined. The library data is incomplete and some process antenna rules will not be checked correctly.
Type 'man IMPLF-201' for more detail.
**WARN: (IMPLF-201):	Pin 'dout0[2]' in macro 'sky130_sram_0kbytes_1rw1r_64x64_8' has no ANTENNADIFFAREA value defined. The library data is incomplete and some process antenna rules will not be checked correctly.
Type 'man IMPLF-201' for more detail.
**WARN: (IMPLF-201):	Pin 'dout0[3]' in macro 'sky130_sram_0kbytes_1rw1r_64x64_8' has no ANTENNADIFFAREA value defined. The library data is incomplete and some process antenna rules will not be checked correctly.
Type 'man IMPLF-201' for more detail.
**WARN: (IMPLF-201):	Pin 'dout0[4]' in macro 'sky130_sram_0kbytes_1rw1r_64x64_8' has no ANTENNADIFFAREA value defined. The library data is incomplete and some process antenna rules will not be checked correctly.
Type 'man IMPLF-201' for more detail.
**WARN: (IMPLF-201):	Pin 'dout0[5]' in macro 'sky130_sram_0kbytes_1rw1r_64x64_8' has no ANTENNADIFFAREA value defined. The library data is incomplete and some process antenna rules will not be checked correctly.
Type 'man IMPLF-201' for more detail.
**WARN: (IMPLF-201):	Pin 'dout0[6]' in macro 'sky130_sram_0kbytes_1rw1r_64x64_8' has no ANTENNADIFFAREA value defined. The library data is incomplete and some process antenna rules will not be checked correctly.
Type 'man IMPLF-201' for more detail.
**WARN: (IMPLF-201):	Pin 'dout0[7]' in macro 'sky130_sram_0kbytes_1rw1r_64x64_8' has no ANTENNADIFFAREA value defined. The library data is incomplete and some process antenna rules will not be checked correctly.
Type 'man IMPLF-201' for more detail.
**WARN: (IMPLF-201):	Pin 'dout0[8]' in macro 'sky130_sram_0kbytes_1rw1r_64x64_8' has no ANTENNADIFFAREA value defined. The library data is incomplete and some process antenna rules will not be checked correctly.
Type 'man IMPLF-201' for more detail.
**WARN: (IMPLF-201):	Pin 'dout0[9]' in macro 'sky130_sram_0kbytes_1rw1r_64x64_8' has no ANTENNADIFFAREA value defined. The library data is incomplete and some process antenna rules will not be checked correctly.
Type 'man IMPLF-201' for more detail.
**WARN: (IMPLF-201):	Pin 'dout0[10]' in macro 'sky130_sram_0kbytes_1rw1r_64x64_8' has no ANTENNADIFFAREA value defined. The library data is incomplete and some process antenna rules will not be checked correctly.
Type 'man IMPLF-201' for more detail.
**WARN: (IMPLF-201):	Pin 'dout0[11]' in macro 'sky130_sram_0kbytes_1rw1r_64x64_8' has no ANTENNADIFFAREA value defined. The library data is incomplete and some process antenna rules will not be checked correctly.
Type 'man IMPLF-201' for more detail.
**WARN: (IMPLF-201):	Pin 'dout0[12]' in macro 'sky130_sram_0kbytes_1rw1r_64x64_8' has no ANTENNADIFFAREA value defined. The library data is incomplete and some process antenna rules will not be checked correctly.
Type 'man IMPLF-201' for more detail.
**WARN: (IMPLF-201):	Pin 'dout0[13]' in macro 'sky130_sram_0kbytes_1rw1r_64x64_8' has no ANTENNADIFFAREA value defined. The library data is incomplete and some process antenna rules will not be checked correctly.
Type 'man IMPLF-201' for more detail.
**WARN: (IMPLF-201):	Pin 'dout0[14]' in macro 'sky130_sram_0kbytes_1rw1r_64x64_8' has no ANTENNADIFFAREA value defined. The library data is incomplete and some process antenna rules will not be checked correctly.
Type 'man IMPLF-201' for more detail.
**WARN: (IMPLF-201):	Pin 'dout0[15]' in macro 'sky130_sram_0kbytes_1rw1r_64x64_8' has no ANTENNADIFFAREA value defined. The library data is incomplete and some process antenna rules will not be checked correctly.
Type 'man IMPLF-201' for more detail.
**WARN: (IMPLF-201):	Pin 'dout0[16]' in macro 'sky130_sram_0kbytes_1rw1r_64x64_8' has no ANTENNADIFFAREA value defined. The library data is incomplete and some process antenna rules will not be checked correctly.
Type 'man IMPLF-201' for more detail.
**WARN: (IMPLF-201):	Pin 'dout0[17]' in macro 'sky130_sram_0kbytes_1rw1r_64x64_8' has no ANTENNADIFFAREA value defined. The library data is incomplete and some process antenna rules will not be checked correctly.
Type 'man IMPLF-201' for more detail.
**WARN: (IMPLF-201):	Pin 'dout0[18]' in macro 'sky130_sram_0kbytes_1rw1r_64x64_8' has no ANTENNADIFFAREA value defined. The library data is incomplete and some process antenna rules will not be checked correctly.
Type 'man IMPLF-201' for more detail.
**WARN: (IMPLF-201):	Pin 'dout0[19]' in macro 'sky130_sram_0kbytes_1rw1r_64x64_8' has no ANTENNADIFFAREA value defined. The library data is incomplete and some process antenna rules will not be checked correctly.
Type 'man IMPLF-201' for more detail.
**WARN: (EMS-27):	Message (IMPLF-201) has exceeded the current message display limit of 20.
To increase the message display limit, refer to the product command reference manual.

##  Check design process and node:  
##  Both design process and tech node are not set.

% End Load LEF files (date=07/05 12:03:56, total cpu=0:00:00.2, real=0:00:00.0, peak res=1981.9M, current mem=1981.9M)
(stylus_db): Load Verilog Netlist ...
% Begin Load netlist data ... (date=07/05 12:03:56, mem=1982.0M)
*** Begin netlist parsing (mem=1982.0M) ***
Created 379 new cells from 4 timing libraries.
Reading netlist ...
Backslashed names will retain backslash and a trailing blank character.
Reading verilog netlist './genus2invs__2646528_c0db12f1-65d0-49e8-880e-4f9c383f8545fa_top/genus2invs_db/cmn/fa_top.v.gz'

*** Memory Usage v#3 (Current mem = 2080.723M, initial mem = 974.574M) ***
*** End netlist parsing (cpu=0:00:01.6, real=0:00:02.0, mem=2080.7M) ***
% End Load netlist data ... (date=07/05 12:03:58, total cpu=0:00:01.6, real=0:00:02.0, peak res=2080.2M, current mem=2080.2M)
Top level cell is fa_top.
Hooked 379 DB cells to tlib cells.
Starting recursive module instantiation check.
No recursion found.
Building hierarchical netlist for Cell fa_top ...
***** UseNewTieNetMode *****.
*** Netlist is unique.
** info: there are 396 modules.
** info: there are 159872 stdCell insts.
** info: there are 159872 stdCell insts with at least one signal pin.
** info: there are 38 macros.

*** Memory Usage v#3 (Current mem = 2186.148M, initial mem = 974.574M) ***
(stylus_db): Init Design
The core width changes from 3556.135000 to 3556.320000 when snapping to grid "PlacementGrid".
**WARN: (IMPFP-3961):	The techSite 'unitdbl' has no related standard cells in the LEF/OA library. The calculations for this site type cannot be made unless standard cell models of this type exist in the LEF/OA library. Ignore this warning if the SITE is not used by the library. Alternatively, remove the SITE definition for the LEF/OA library to avoid this message.
Type 'man IMPFP-3961' for more detail.
Horizontal Layer M2 offset = 185 (derived)
Vertical Layer M1 offset = 240 (derived)
Start create_tracks
Generated pitch 3.66 in met5 is different from 3.33 defined in technology file in preferred direction.
Generated pitch 0.72 in met4 is different from 0.96 defined in technology file in preferred direction.
Generated pitch 0.61 in met3 is different from 0.74 defined in technology file in preferred direction.
*Info: initialize multi-corner CTS.
Total number of combinational cells: 294
Total number of sequential cells: 68
Total number of tristate cells: 12
Total number of level shifter cells: 0
Total number of power gating cells: 0
Total number of isolation cells: 0
Total number of power switch cells: 0
Total number of pulse generator cells: 0
Total number of always on buffers: 0
Total number of retention cells: 0
Total number of physical cells: 2
List of usable buffers: sky130_fd_sc_hs__clkbuf_2 sky130_fd_sc_hs__clkbuf_1 sky130_fd_sc_hs__buf_1 sky130_fd_sc_hs__buf_2 sky130_fd_sc_hs__clkbuf_4 sky130_fd_sc_hs__buf_4 sky130_fd_sc_hs__dlymetal6s2s_1 sky130_fd_sc_hs__clkbuf_8 sky130_fd_sc_hs__buf_8 sky130_fd_sc_hs__clkbuf_16 sky130_fd_sc_hs__buf_16
Total number of usable buffers: 11
List of unusable buffers:
Total number of unusable buffers: 0
List of usable inverters: sky130_fd_sc_hs__inv_2 sky130_fd_sc_hs__inv_1 sky130_fd_sc_hs__clkinv_1 sky130_fd_sc_hs__clkinv_2 sky130_fd_sc_hs__inv_4 sky130_fd_sc_hs__clkdlyinv3sd3_1 sky130_fd_sc_hs__clkdlyinv3sd2_1 sky130_fd_sc_hs__clkdlyinv3sd1_1 sky130_fd_sc_hs__clkinv_4 sky130_fd_sc_hs__inv_8 sky130_fd_sc_hs__clkdlyinv5sd3_1 sky130_fd_sc_hs__clkdlyinv5sd2_1 sky130_fd_sc_hs__clkdlyinv5sd1_1 sky130_fd_sc_hs__clkinv_8 sky130_fd_sc_hs__bufinv_8 sky130_fd_sc_hs__inv_16 sky130_fd_sc_hs__clkinv_16 sky130_fd_sc_hs__bufinv_16
Total number of usable inverters: 18
List of unusable inverters:
Total number of unusable inverters: 0
List of identified usable delay cells: sky130_fd_sc_hs__dlygate4sd3_1 sky130_fd_sc_hs__dlygate4sd2_1 sky130_fd_sc_hs__dlygate4sd1_1 sky130_fd_sc_hs__dlymetal6s6s_1 sky130_fd_sc_hs__dlymetal6s4s_1 sky130_fd_sc_hs__bufbuf_8 sky130_fd_sc_hs__bufbuf_16
Total number of identified usable delay cells: 7
List of identified unusable delay cells:
Total number of identified unusable delay cells: 0
Multithreaded Timing Analysis is initialized with 8 threads

Reading timing constraints file './genus2invs__2646528_c0db12f1-65d0-49e8-880e-4f9c383f8545fa_top/genus2invs_db/cmn/fa_top.mmmc/modes/default_emulate_constraint_mode/default_emulate_constraint_mode.sdc.gz' ...
Current (total cpu=0:00:41.8, real=0:00:36.0, peak res=2830.0M, current mem=2830.0M)
fa_top
INFO (CTE): Constraints read successfully.
Ending "Constraint file reading stats" (total cpu=0:00:00.1, real=0:00:00.0, peak res=2846.1M, current mem=2846.1M)
Current (total cpu=0:00:42.0, real=0:00:36.0, peak res=2846.1M, current mem=2846.1M)
Reading latency file './genus2invs__2646528_c0db12f1-65d0-49e8-880e-4f9c383f8545fa_top/genus2invs_db/cmn/fa_top.mmmc/views/default_emulate_view/latency.sdc.gz' ...
(stylus_db): Initialized design 'fa_top'
(stylus_db): Setting Root attributes ...
(stylus_db): Set 9 attributes of Root 
(stylus_db): Silicon Drift settings not enabled or skipped...
% Begin Set DB preserves (date=07/05 12:04:00, mem=2865.6M)
(stylus_db): Setting preserves on design objects ...
(stylus_db): Set 44 preserves of design objects
% End Set DB preserves (date=07/05 12:04:00, total cpu=0:00:00.1, real=0:00:00.0, peak res=2866.0M, current mem=2866.0M)
% Begin Load Timing views and constraints (date=07/05 12:04:00, mem=2866.0M)
(stylus_db): Read MMMC timing views ...
% End Load Timing views and constraints (date=07/05 12:04:01, total cpu=0:00:00.1, real=0:00:01.0, peak res=2866.0M, current mem=2866.0M)
(stylus_db): Couldn't commit power-intent, (fa_top.cpf or fa_top.upf doesn't exists)
(stylus_db): Load DEF file ...
% Begin Load DEF (date=07/05 12:04:01, mem=2865.2M)
Reading DEF file './genus2invs__2646528_c0db12f1-65d0-49e8-880e-4f9c383f8545fa_top/genus2invs_db/cmn/fa_top.def.gz', current time is Sun Jul  5 12:04:01 2026 ...
--- DIVIDERCHAR '/'
--- UnitsPerDBU = 1.0000
**WARN: (IMPFP-3961):	The techSite 'unitdbl' has no related standard cells in the LEF/OA library. The calculations for this site type cannot be made unless standard cell models of this type exist in the LEF/OA library. Ignore this warning if the SITE is not used by the library. Alternatively, remove the SITE definition for the LEF/OA library to avoid this message.
Type 'man IMPFP-3961' for more detail.
Horizontal Layer M2 offset = 185 (derived)
Vertical Layer M1 offset = 240 (derived)
Start create_tracks
Generated pitch 3.66 in met5 is different from 3.33 defined in technology file in preferred direction.
Generated pitch 0.72 in met4 is different from 0.96 defined in technology file in preferred direction.
Generated pitch 0.61 in met3 is different from 0.74 defined in technology file in preferred direction.
--- DIEAREA (0 0) (3556135 3549780)
defIn read 10000 lines...
defIn read 20000 lines...
defIn read 30000 lines...
DEF file './genus2invs__2646528_c0db12f1-65d0-49e8-880e-4f9c383f8545fa_top/genus2invs_db/cmn/fa_top.def.gz' is parsed, current time is Sun Jul  5 12:04:01 2026.
Extracting standard cell pins and blockage ...... 
Pin and blockage extraction finished
Updating the floorplan ...
% End Load DEF (date=07/05 12:04:01, total cpu=0:00:00.3, real=0:00:00.0, peak res=2868.6M, current mem=2868.6M)
% Begin Set route_types (date=07/05 12:04:01, mem=2868.6M)
(stylus_db): Setting route_types  ...
% End Set route_types (date=07/05 12:04:01, total cpu=0:00:00.1, real=0:00:00.0, peak res=2868.7M, current mem=2868.7M)
% Begin Set power_domain attributes (date=07/05 12:04:01, mem=2868.7M)
(stylus_db): Setting power_domain attributes ...
% End Set power_domain attributes (date=07/05 12:04:01, total cpu=0:00:00.1, real=0:00:00.0, peak res=2868.7M, current mem=2868.7M)
(stylus_db): Load additional timing constraints ...
% Begin Load Additional Timing constraints (date=07/05 12:04:01, mem=2868.7M)
**WARN: (IMPIMEX-10014):	The current design data being restored: './genus2invs__2646528_c0db12f1-65d0-49e8-880e-4f9c383f8545fa_top/genus2invs_db' has been saved with an older structure. When restoring a subset of views for this database, derate information for inactive delay corners may be inaccesible in the current session. A newer database structure allows more flexibility for change the active view list in-session. To update the current database, you need to restore the design with all views active - and then the next save will update it to the new model.
Loading timing derate file ./genus2invs__2646528_c0db12f1-65d0-49e8-880e-4f9c383f8545fa_top/genus2invs_db/cmn/fa_top.mmmc/timingderate.sdc ...
Current (total cpu=0:00:43.2, real=0:00:37.0, peak res=2868.7M, current mem=2868.7M)
Loading path adjust file ./genus2invs__2646528_c0db12f1-65d0-49e8-880e-4f9c383f8545fa_top/genus2invs_db/cmn/fa_top.mmmc/pathadjust.sdc.gz ...
Current (total cpu=0:00:43.2, real=0:00:37.0, peak res=2868.8M, current mem=2868.8M)
INFO (CTE): Constraints read successfully.
Ending "Constraint file reading stats" (total cpu=0:00:00.1, real=0:00:00.0, peak res=2868.9M, current mem=2868.9M)
Current (total cpu=0:00:43.3, real=0:00:38.0, peak res=2868.9M, current mem=2868.9M)
Loading disable latch loop file ./genus2invs__2646528_c0db12f1-65d0-49e8-880e-4f9c383f8545fa_top/genus2invs_db/cmn/fa_top.mmmc/disablelatchloop.sdc ...
Current (total cpu=0:00:43.4, real=0:00:38.0, peak res=2868.9M, current mem=2868.9M)
% End Load Additional Timing constraints (date=07/05 12:04:02, total cpu=0:00:00.3, real=0:00:01.0, peak res=2868.9M, current mem=2868.9M)
% Begin Set message attributes (date=07/05 12:04:02, mem=2868.9M)
(stylus_db): Setting attributes on Synthesis message objects ...
% End Set message attributes (date=07/05 12:04:02, total cpu=0:00:00.1, real=0:00:00.0, peak res=2868.9M, current mem=2868.9M)
% Begin Generate Vias (date=07/05 12:04:02, mem=2868.9M)
(stylus_db): Generate advanced rule Vias ...
Start generating vias ..
#Skip building auto via since it is not turned on.
Extracting standard cell pins and blockage ...... 
Pin and blockage extraction finished
Via generation completed.
% End Generate Vias (date=07/05 12:04:02, total cpu=0:00:00.7, real=0:00:01.0, peak res=2885.9M, current mem=2878.7M)
% Begin Set attributes (date=07/05 12:04:03, mem=2878.7M)
(stylus_db): Setting attributes on design objects ...
(stylus_db): Set 242334 attributes of design objects
% End Set attributes (date=07/05 12:04:05, total cpu=0:00:02.1, real=0:00:02.0, peak res=2907.6M, current mem=2907.4M)
Extraction setup Started for TopCell fa_top 
Initializing multi-corner RC extraction with 1 active RC Corners ...
Captable file(s) not specified in multi-corner setup. PreRoute extraction will use technology file. For post_route extraction, default value for effort level would be 'medium' and effort level 'low' would not be allowed.
Generating auto layer map file.
Importing multi-corner technology file(s) for preRoute extraction...
/home/share/pdk/sky130A/libs.tech/cadence/qrcTechFile
Generating auto layer map file.
Completed (cpu: 0:00:01.4 real: 0:00:01.0)
Set Shrink Factor to 1.00000
Summary of Active RC-Corners : 
 
 Analysis View: default_emulate_view
    RC-Corner Name        : default_emulate_rc_corner
    RC-Corner Index       : 0
    RC-Corner Temperature : 25 Celsius
    RC-Corner Cap Table   : ''
    RC-Corner PreRoute Res Factor         : 1
    RC-Corner PreRoute Cap Factor         : 1
    RC-Corner PostRoute Res Factor        : 1 {1 1 1}
    RC-Corner PostRoute Cap Factor        : 1 {1 1 1}
    RC-Corner PostRoute XCap Factor       : 1 {1 1 1}
    RC-Corner PreRoute Clock Res Factor   : 1	[Derived from postRoute_res (effortLevel low)]
    RC-Corner PreRoute Clock Cap Factor   : 1	[Derived from postRoute_cap (effortLevel low)]
    RC-Corner PostRoute Clock Cap Factor  : 1 {1 1 1} 
    RC-Corner PostRoute Clock Res Factor  : 1 {1 1 1} 
    RC-Corner PostRoute Clock coupling capacitance Factor : 1 {1 1 1} 
    RC-Corner Technology file: '/home/share/pdk/sky130A/libs.tech/cadence/qrcTechFile'
Updating RC Grid density data for preRoute extraction ...
Initializing multi-corner resistance tables ...
Default value for post_route extraction mode's extract_rc_effort_level (extract_rc_effort_level option of set_db) changed to 'medium'.
% Begin Load Min Layer Data (date=07/05 12:04:06, mem=2937.8M)
Read 0 nets
% End Load Min Layer Data (date=07/05 12:04:07, total cpu=0:00:00.0, real=0:00:00.0, peak res=2937.8M, current mem=2937.8M)
+----------------------------------------------------------------+
    Summary of 'read_db genus2invs_db'                     
+----------------------------------------------------------------+
    Generated by         :     Innovus 25.12-s079_1
    Generated on         :     Sun Jul 05 12:04:07 CST 2026
    Design               :     fa_top
    process_node         :     90   
    db units             :     1000 
    tech_mfg_grid        :     0.005
    bbox                 :     {0.0 0.0 3556.135 3549.78}
    core_bbox            :     {0.0 0.0 3556.135 3549.78}
+----------------------------------------------------------------+
    Object Type          :     Count
+-----------------------------------+
    timing_libraries     :     4    
    library_sets         :     1    
    lib_cells            :     379  
    setup_analysis_views :     1    
    hold_analysis_views  :     1    
    rc_corners           :     1    
    delay_corners        :     1    
    constraint_modes     :     1    
    clocks               :     1    
+-----------------------------------+
    base_cells           :     393  
    modules              :     2    
    insts                :     159910
    hinsts               :     2    
    ports                :     551  
    nets                 :     176284
    hnets                :     177017
    pins                 :     572066
    hpins                :     769  
+-----------------------------------+
    layers               :     14   
    via_defs             :     25   
    via_def_rule         :     25   
    sites                :     2    
    core_rows            :     1066 
    track_patterns       :     12   
+-----------------------------------+
#% End Load Common DB (date=07/05 12:04:07, total cpu=0:00:20.1, real=0:00:14.0, peak res=3072.6M, current mem=2977.7M)

*** Summary of all messages that are not suppressed in this session:
Severity  ID               Count  Summary                                  
WARNING   IMPLF-108            1  There is no overlap layer defined in any...
WARNING   IMPLF-200          326  Pin '%s' in macro '%s' has no ANTENNAGAT...
WARNING   IMPLF-201          514  Pin '%s' in macro '%s' has no ANTENNADIF...
WARNING   IMPLF-246            3  The '%s' attribute is only allowed to be...
WARNING   IMPFP-3961           2  The techSite '%s' has no related standar...
WARNING   IMPIMEX-10014        1  The current design data being restored: ...
WARNING   TECHLIB-302          2  No function defined for cell '%s'. The c...
ERROR     TECHLIB-1173      4556  The '%s' attribute has not been defined ...
ERROR     TECHLIB-1175     96732  Template name '%s' used in group '%s' on...
ERROR     TECHLIB-1256     96732  The %s is being ignored due to errors in...
*** Message Summary: 849 warning(s), 198020 error(s)

UM:   flow.cputime  flow.realtime  timing.setup.tns  timing.setup.wns  snapshot
UM:*                                                                   genus2invs_setup
%# Design Import Complete (07/05 12:04:08, mem=2983.89M)
**WARN: (IMPSE-16):	The feature innovusGenusRestructuring is now a Production feature. The use of 'set_beta_feature innovusGenusRestructuring 1' is no longer required.
There are 0 path_groups defined before optimization.
Configuring iSpatial control settings
Genus has configured non-incremental Spatial flow.
rcp::optimization1_place_opt_design__phys_syn__out_dir___genus2invs__2646528_c0db12f1_65d0_49e8_880e_4f9c383f8545fa_top__prefix_invs2genus_final.9286306090320603
place_opt_design -phys_syn -out_dir ./genus2invs__2646528_c0db12f1-65d0-49e8-880e-4f9c383f8545fa_top -prefix invs2genus_final
Begin: Design checking
        Checking 'place' category...
        Messages issued during checks:
--------------------------------------------------------------------------------------------------------------------------------------------------------------------------------------------------------
| ID                | Severity  | Count       | Description                                                                                                                                            |
--------------------------------------------------------------------------------------------------------------------------------------------------------------------------------------------------------
| CHKPLC-11         | warning   | 1           | Macro cell <%s> should have a fully covered obstruction.                                                                                               |
| IMPPP-4422        | warning   | 20          | Followpin wire is missing at row (%f %f) (%f %f). Expected wire for %s. This may cause PG connectivity issues for cells that are placed at this locati |
|                   |           |             | on.                                                                                                                                                    |
--------------------------------------------------------------------------------------------------------------------------------------------------------------------------------------------------------
		(Real time: 0:00:01.0, Memory: 3072.4M)

        Checking 'opt' category...
        Messages issued during checks:
------------------------------------------------------------------------------------------------------------------------------------------------------------------------------------------
| ID                | Severity  | Count       | Description                                                                                                                              |
------------------------------------------------------------------------------------------------------------------------------------------------------------------------------------------
| IMPOPT-2901       | warning   | 1           | Design is not placed. Place the design before running                                                                                    |
| IMPOPT-2908       | warning   | 1           | Maximum transition %.3f is too small compared to maximum transition threshold %.3f, this would result in excessive buffering.            |
| IMPOPT-7276       | warning   | 1           | %d instance(s) out of %d are unplaced.                                                                                                   |
| IMPOPT-7285       | warning   | 18          | The net <%s> has more than 500 fanout (%d fanout). Such large fanout nets, if not buffered, can potentially slow down some applications. |
------------------------------------------------------------------------------------------------------------------------------------------------------------------------------------------
		(Real time: 0:00:12.0, Memory: 3228.7M)

**INFO: Identified 0 error(s) and 42 warning(s) during 'check_design -type {place opt}'.
        The details of the error(s) and warning(s) can be found in report './genus2invs__2646528_c0db12f1-65d0-49e8-880e-4f9c383f8545fa_top/invs2genus_final_check_design.rpt'
End: Design checking
**INFO: User settings:
setDelayCalMode -engine                             aae
design_bottom_routing_layer                         met1
extract_rc_pre_place_cap_scale_factor               0.586635
extract_rc_pre_place_res_scale_factor               1.22127
extract_rc_pre_place_site_size                      3.81
extract_rc_pre_place_wire_length_slope              1.8439
extract_rc_pre_place_wire_length_y0                 0.0
extract_rc_shrink_factor                            1.0
multibit_aware_seq_mapping                          auto
opt_multi_bit_flop_name_prefix                      CDN_MBIT_
opt_multi_bit_flop_name_separator                   _MB_
opt_multi_bit_flop_opt                              false
opt_remove_redundant_insts                          false
opt_skew                                            true
opt_skew_pre_cts                                    true
opt_spatial_power_driven                            false
place_global_cong_effort                            auto
place_global_place_io_pins                          true
place_global_reorder_scan                           false
getDelayCalMode -engine                             aae
Info: Logic Synthesis step was not run from RTL in this session / on this DB.
Info: Synthesize design with physical option was not run earlier in this session / on this DB.
Info: place_opt_design is not being run for the first time in this session
Info: place_opt_design has been started with standard effort
*** place_opt_design #1 [begin] () : totSession cpu/real = 0:01:07.1/0:00:56.1 (1.2), mem = 3228.7M
No user sequential activity specified, applying default sequential activity of "0.2" for Dynamic Power reporting.
'set_default_switching_activity' finished successfully.
*** Starting GigaPlace ***
-earlyGlobalBlockTracks {}                # string, default="", private
-earlyGlobalCapacityScreen {}             # string, default="", private
There is no track adjustment
Starting low-effort iSpatial flow
#optDebug: fT-E <X 2 3 1 0>
*** GlobalPlace #1 [begin] (place_opt_design #1) : totSession cpu/real = 0:01:07.8/0:00:56.6 (1.2), mem = 3179.6M
**ERROR: (IMPSP-9099):	Scan chains exist in this design but are not defined for 7.44% flops. Placement and timing QoR can be severely impacted in this case!
It is highly recommend to define scan chains either through input scan def (preferred) or create_scan_chain.
**WARN: (IMPEXT-3493):	The design extraction status has been reset by set_analysis_view/update_rc_corner or set_db  command. The parasitic data can be regenerated either by extracting the design using the extract_rc command or by loading the SPEF or RCDB file(s). To prevent resetting of the extraction status, avoid changing extraction modes.
Type 'man IMPEXT-3493' for more detail.
*** Starting delete buffer tree (mem=3183.7M) ***

Buffer/Inverters difference: -2
*** Finished delete buffer tree (cpu=0:00:10.8 real=0:00:03.0 mem=3245.8M) ***
Effort level <high> specified for tdgp_reg2reg_default path_group
INFO: #ExclusiveGroups=0
INFO: There are no Exclusive Groups.
No user-set net weight.
Net fanout histogram:
2		: 99875 (57.6%) nets
3		: 50309 (29.0%) nets
4     -	14	: 21032 (12.1%) nets
15    -	39	: 1804 (1.0%) nets
40    -	79	: 288 (0.2%) nets
80    -	159	: 112 (0.1%) nets
160   -	319	: 15 (0.0%) nets
320   -	639	: 6 (0.0%) nets
640   -	1279	: 12 (0.0%) nets
1280  -	2559	: 3 (0.0%) nets
2560  -	5119	: 1 (0.0%) nets
5120+		: 1 (0.0%) nets
Scan chains were not defined.
#std cell=159870 (0 fixed + 159870 movable) #buf cell=0 #inv cell=11265 #block=38 (0 floating + 38 preplaced)
#ioInst=0 #net=173458 #term=570208 #term/net=3.29, #fixedIo=0, #floatIo=0, #fixedPin=521, #floatPin=0
stdCell: 159870 single + 0 double + 0 multi
Total standard cell length = 574.8154 (mm), area = 1.9141 (mm^2)
Average module density = 0.282.
Density for the design = 0.282.
       = stdcell_area 1197532 sites (1914135 um^2) / alloc_area 4246927 sites (6788288 um^2).
Pin Density = 0.07221.
            = total # of pins 570208 / total area 7896928.
Enabling multi-CPU acceleration with 8 CPU(s) for placement
[spp] 0
Clock gating cells determined by native netlist tracing.
=== lastAutoLevel = 11 
Iteration  1: Total net bbox = 1.300e+07 (6.00e+06 7.00e+06)
              Est.  stn bbox = 1.342e+07 (6.21e+06 7.21e+06)
              cpu = 0:00:04.2 real = 0:00:02.0 mem = 3551.5M
Iteration  2: Total net bbox = 1.300e+07 (6.00e+06 7.00e+06)
              Est.  stn bbox = 1.342e+07 (6.21e+06 7.21e+06)
              cpu = 0:00:00.1 real = 0:00:00.0 mem = 3553.8M
*** Finished SKP initialization (cpu=0:00:38.1, real=0:00:13.0)***
SKP will use view:
  default_emulate_view
Iteration  3: Total net bbox = 1.132e+07 (5.58e+06 5.73e+06)
              Est.  stn bbox = 1.277e+07 (6.31e+06 6.46e+06)
              cpu = 0:03:22 real = 0:00:40.0 mem = 4729.7M
Iteration  4: Total net bbox = 1.125e+07 (5.35e+06 5.90e+06)
              Est.  stn bbox = 1.267e+07 (6.18e+06 6.49e+06)
              cpu = 0:04:27 real = 0:00:41.0 mem = 5111.0M
Iteration  5: Total net bbox = 1.125e+07 (5.35e+06 5.90e+06)
              Est.  stn bbox = 1.267e+07 (6.18e+06 6.49e+06)
              cpu = 0:00:00.0 real = 0:00:00.0 mem = 5111.0M
Iteration  6: Total net bbox = 1.055e+07 (4.87e+06 5.68e+06)
              Est.  stn bbox = 1.218e+07 (5.79e+06 6.39e+06)
              cpu = 0:03:11 real = 0:00:30.0 mem = 4792.6M

Iteration  7: Total net bbox = 1.068e+07 (4.98e+06 5.69e+06)
              Est.  stn bbox = 1.234e+07 (5.92e+06 6.42e+06)
              cpu = 0:00:00.3 real = 0:00:00.0 mem = 4775.2M
Iteration  8: Total net bbox = 1.068e+07 (4.98e+06 5.69e+06)
              Est.  stn bbox = 1.234e+07 (5.92e+06 6.42e+06)
              cpu = 0:00:00.5 real = 0:00:01.0 mem = 4775.2M
Iteration  9: Total net bbox = 1.125e+07 (5.34e+06 5.91e+06)
              Est.  stn bbox = 1.322e+07 (6.44e+06 6.78e+06)
              cpu = 0:03:27 real = 0:00:33.0 mem = 4736.0M
Iteration 10: Total net bbox = 1.125e+07 (5.34e+06 5.91e+06)
              Est.  stn bbox = 1.322e+07 (6.44e+06 6.78e+06)
              cpu = 0:00:00.4 real = 0:00:00.0 mem = 4736.0M
[NR-eGR] Started Early Global Route kernel ( Curr Mem: 2.93 MB )
Iteration 11: Total net bbox = 1.158e+07 (5.46e+06 6.12e+06)
              Est.  stn bbox = 1.361e+07 (6.59e+06 7.02e+06)
              cpu = 0:03:21 real = 0:00:35.0 mem = 4723.1M
Iteration 12: Total net bbox = 1.158e+07 (5.46e+06 6.12e+06)
              Est.  stn bbox = 1.361e+07 (6.59e+06 7.02e+06)
              cpu = 0:00:00.4 real = 0:00:00.0 mem = 4723.1M
Iteration 13: Total net bbox = 1.197e+07 (5.68e+06 6.28e+06)
              Est.  stn bbox = 1.398e+07 (6.82e+06 7.16e+06)
              cpu = 0:05:33 real = 0:00:56.0 mem = 4761.6M
Iteration 14: Total net bbox = 1.197e+07 (5.68e+06 6.28e+06)
              Est.  stn bbox = 1.398e+07 (6.82e+06 7.16e+06)
              cpu = 0:00:00.4 real = 0:00:00.0 mem = 4761.6M
Iteration 15: Total net bbox = 1.208e+07 (5.75e+06 6.33e+06)
              Est.  stn bbox = 1.407e+07 (6.87e+06 7.20e+06)
              cpu = 0:02:30 real = 0:00:30.0 mem = 4724.0M
Iteration 16: Total net bbox = 1.208e+07 (5.75e+06 6.33e+06)
              Est.  stn bbox = 1.407e+07 (6.87e+06 7.20e+06)
              cpu = 0:00:00.4 real = 0:00:00.0 mem = 4724.0M
Iteration 17: Total net bbox = 1.213e+07 (5.79e+06 6.34e+06)
              Est.  stn bbox = 1.413e+07 (6.92e+06 7.21e+06)
              cpu = 0:01:51 real = 0:00:29.0 mem = 4869.1M
Iteration 18: Total net bbox = 1.213e+07 (5.79e+06 6.34e+06)
              Est.  stn bbox = 1.413e+07 (6.92e+06 7.21e+06)
              cpu = 0:00:00.5 real = 0:00:00.0 mem = 4869.1M
Iteration 19: Total net bbox = 1.238e+07 (5.88e+06 6.50e+06)
              Est.  stn bbox = 1.437e+07 (7.00e+06 7.37e+06)
              cpu = 0:02:14 real = 0:00:33.0 mem = 5024.9M
Iteration 20: Total net bbox = 1.238e+07 (5.88e+06 6.50e+06)
              Est.  stn bbox = 1.437e+07 (7.00e+06 7.37e+06)
              cpu = 0:00:00.5 real = 0:00:01.0 mem = 5029.5M
Iteration 21: Total net bbox = 1.238e+07 (5.88e+06 6.50e+06)
              Est.  stn bbox = 1.437e+07 (7.00e+06 7.37e+06)
              cpu = 0:00:00.6 real = 0:00:00.0 mem = 5029.5M
Finished Global Placement (cpu=0:30:08, real=0:05:34, mem=5029.5M)
Keep Tdgp Graph and DB for later use
Info: 0 clock gating cells identified, 0 (on average) moved 0/11
*** Starting place_detail (0:31:32 mem=4408.2M) ***
Total net bbox length = 1.238e+07 (5.880e+06 6.499e+06) (ext = 7.977e+05)
Move report: Detail placement moved 159861 insts, mean move: 0.19 um, max move: 23.51 um 
	Max move on inst (u_core_u_update/g260001): (1612.60, 29.98) --> (1612.80, 6.66)
	Runtime: CPU: 0:00:11.1 REAL: 0:00:04.0 MEM: 4830.5MB
Summary Report:
Instances moved: 159861 (out of 159870 movable)
Instances flipped: 6
Mean displacement: 0.19 um
Max displacement: 23.51 um (Instance: u_core_u_update/g260001) (1612.6, 29.975) -> (1612.8, 6.66)
	Length: 5 sites, height: 1 rows, site name: unit, cell type: sky130_fd_sc_hs__or2_2
Physical-only instances moved: 0 (out of 0 movable physical-only)
Total net bbox length = 1.223e+07 (5.725e+06 6.503e+06) (ext = 7.973e+05)
Runtime: CPU: 0:00:11.5 REAL: 0:00:06.0 MEM: 4830.7MB
*** Finished place_detail (0:31:43 mem=4830.7M) ***
*** Finished Initial Placement (cpu=0:30:24, real=0:05:43, mem=4413.6M) ***
Starting IO pin assignment...
Completed IO pin assignment.
      flow.cputime  flow.realtime  timing.setup.tns  timing.setup.wns  snapshot
UM:*                                                                   final
      flow.cputime  flow.realtime  timing.setup.tns  timing.setup.wns  snapshot
UM:*                                                                   global_place
Effort level <high> specified for tdgp_reg2reg_default path_group

*** Start incrementalPlace ***
No Views given, use default active views for adaptive view pruning
Active views:
  default_emulate_view
[NR-eGR] Read 173458 nets ( ignored 0 )
[NR-eGR] There are 1 clock nets ( 0 with NDR ).
[NR-eGR] Layer group 1: route 173458 net(s) in layer range [2, 6]
[NR-eGR] Early Global Route overflow of layer group 1: 19.53% H + 7.03% V. EstWL: 1.791873e+07um
[NR-eGR] Overflow after Early Global Route 11.33% H + 3.35% V
[NR-eGR] Finished Early Global Route kernel ( CPU: 259.23 sec, Real: 173.08 sec, Curr Mem: 4.18 MB )
Early Global Route congestion estimation runtime: 173.09 seconds, mem = 4877.8M
Local HotSpot Analysis: normalized max congestion hotspot area = 183.20, normalized total congestion hotspot area = 1042.99 (area is in unit of 4 std-cell row bins)
Skipped repairing congestion.
[NR-eGR] Total eGR-routed clock nets wire length: 157489um, number of vias: 47988
[NR-eGR] --------------------------------------------------------------------------
[NR-eGR]               Length (um)     Vias 
[NR-eGR] -----------------------------------
[NR-eGR]  li1   (1V)             0   555049 
[NR-eGR]  met1  (2H)       4896620   912710 
[NR-eGR]  met2  (3V)       4910701    54781 
[NR-eGR]  met3  (4H)       3409580    53213 
[NR-eGR]  met4  (5V)       2710209    14483 
[NR-eGR]  met5  (6H)       2128092        0 
[NR-eGR] -----------------------------------
[NR-eGR]        Total     18055202  1590236 
[NR-eGR] --------------------------------------------------------------------------
[NR-eGR] Total half perimeter of net bounding box: 12228115um
[NR-eGR] Total length: 18055202um, number of vias: 1590236
[NR-eGR] --------------------------------------------------------------------------
Early Global Route wiring runtime: 2.69 seconds, mem = 5020.3M
0 delay mode for cte disabled.

*** Finished incrementalPlace (cpu=0:04:29, real=0:02:57)***
**ERROR: (IMPSP-9099):	Scan chains exist in this design but are not defined for 7.44% flops. Placement and timing QoR can be severely impacted in this case!
It is highly recommend to define scan chains either through input scan def (preferred) or create_scan_chain.
***** Total cpu  0:35:6
***** Total real time  0:8:45
Tdgp not enabled or already been cleared! skip clearing
**place_design ... cpu = 0:35: 6, real = 0: 8:45, mem = 3958.3M **
AAE DB initialization (MEM=3990.199219 CPU=0:00:00.1 REAL=0:00:00.0) 
      flow.cputime  flow.realtime  timing.setup.tns  timing.setup.wns  snapshot
UM:*                                                                   final
UM: Running design category ...
      flow.cputime  flow.realtime  timing.setup.tns  timing.setup.wns  snapshot
UM:        2114.32            533                                      place_design
%# Begin ::rcp::generate_route_congestion (07/05 12:13:14, mem=3994.46M)
Will save congestion map file from route /home/hujinzhao/pro/genus_bs1_300m/genus2invs__2646528_c0db12f1-65d0-49e8-880e-4f9c383f8545fa_top/invs2genus.route.congestion.gz
Saving congestion map file /home/hujinzhao/pro/genus_bs1_300m/genus2invs__2646528_c0db12f1-65d0-49e8-880e-4f9c383f8545fa_top/invs2genus.route.congestion.gz ...
%# End ::rcp::generate_route_congestion (07/05 12:13:14, total cpu=16:00:00, real=16:00:00, peak res=5236.55M, current mem=3994.46M)
*** GlobalPlace #1 [finish] (place_opt_design #1) : cpu/real = 0:35:14.5/0:08:53.1 (4.0), totSession cpu/real = 0:36:22.3/0:09:49.7 (3.7), mem = 3994.5M
Enable CTE adjustment.
Enable Layer aware incrSKP.
**opt_design ... cpu = 0:00:00, real = 0:00:00, mem = 3994.9M, totSessionCpu=0:36:22 **
GigaOpt running with 8 threads.
*** InitOpt #1 [begin] (place_opt_design #1) : totSession cpu/real = 0:36:22.4/0:09:49.8 (3.7), mem = 3995.2M
**INFO: set_db design_flow_effort standard -> setting 'set_db opt_all_end_points true' for the duration of this command.
Updating RC Grid density data for preRoute extraction ...
Initializing multi-corner resistance tables ...
	CornerforLayerOpt timing analysis view default_emulate_view has been selected for calibration 
	CornerforLayerOpt timing analysis view default_emulate_view has been selected for calibration 
AAE DB initialization (MEM=4057.535156 CPU=0:00:00.0 REAL=0:00:00.0) 
**opt_design ... cpu = 0:00:04, real = 0:00:03, mem = 4006.2M, totSessionCpu=0:36:27 **
#optDebug: { P: 90 W: 7201 FE: standard PE: none LDR: 1}
*** opt_design -pre_cts ***
DRC Margin: user margin 0.0; extra margin 0.2
Setup Target Slack: user slack 0; extra slack 0.0
Hold Target Slack: user slack 0
**INFO: The delay profiles based on paritioning incorrect, turning off vt filtering
**WARN: (IMPOPT-3195):	Analysis mode has changed.
Type 'man IMPOPT-3195' for more detail.
**INFO: Using Advanced Metric Collection system.
	CornerforLayerOpt timing analysis view default_emulate_view has been selected for calibration 
	CornerforLayerOpt timing analysis view default_emulate_view has been selected for calibration 
	CornerforLayerOpt timing analysis view default_emulate_view has been selected for calibration 
	CornerforLayerOpt timing analysis view default_emulate_view has been selected for calibration 
[NR-eGR] Started Early Global Route ( Curr Mem: 2.52 MB )
[NR-eGR] Started Early Global Route kernel ( Curr Mem: 2.52 MB )
[NR-eGR] Read 173458 nets ( ignored 0 )
[NR-eGR] There are 1 clock nets ( 0 with NDR ).
[NR-eGR] Layer group 1: route 173458 net(s) in layer range [2, 6]
[NR-eGR] Early Global Route overflow of layer group 1: 25.56% H + 6.74% V. EstWL: 1.919279e+07um
[NR-eGR] Overflow after Early Global Route 14.88% H + 3.84% V
[NR-eGR] Total eGR-routed clock nets wire length: 169111um, number of vias: 48102
[NR-eGR] --------------------------------------------------------------------------
[NR-eGR]               Length (um)     Vias 
[NR-eGR] -----------------------------------
[NR-eGR]  li1   (1V)             0   555049 
[NR-eGR]  met1  (2H)       5162166   944264 
[NR-eGR]  met2  (3V)       5029546    58646 
[NR-eGR]  met3  (4H)       3706848    60171 
[NR-eGR]  met4  (5V)       2763111    19209 
[NR-eGR]  met5  (6H)       2646886        0 
[NR-eGR] -----------------------------------
[NR-eGR]        Total     19308557  1637339 
[NR-eGR] --------------------------------------------------------------------------
[NR-eGR] Total half perimeter of net bounding box: 12228115um
[NR-eGR] Total length: 19308557um, number of vias: 1637339
[NR-eGR] --------------------------------------------------------------------------
[NR-eGR] Finished Early Global Route kernel ( CPU: 227.95 sec, Real: 161.22 sec, Curr Mem: 3.56 MB )
[NR-eGR] Finished Early Global Route ( CPU: 228.34 sec, Real: 161.61 sec, Curr Mem: 2.71 MB )
Extraction called for design 'fa_top' of instances=159908 and nets=176286 using extraction engine 'pre_route' .
**WARN: (IMPEXT-3530):	The process node is not set. Use the command set_design_mode -process <process node> prior to extraction for maximum accuracy and optimal automatic threshold setting.
Type 'man IMPEXT-3530' for more detail.
pre_route RC Extraction called for design fa_top.
RC Extraction called in multi-corner(1) mode.
RCMode: PreRoute
      RC Corner Indexes            0   
Capacitance Scaling Factor   : 1.00000 
Resistance Scaling Factor    : 1.00000 
Clock Cap. Scaling Factor    : 1.00000 
Clock Res. Scaling Factor    : 1.00000 
Shrink Factor                : 1.00000
PreRoute extraction is honoring NDR/Shielding/ExtraSpace for clock nets.
Using Quantus QRC technology file ...
Updating RC Grid density data for preRoute extraction ...
Initializing multi-corner resistance tables ...
PreRoute RC Extraction DONE (CPU Time: 0:00:01.9  Real Time: 0:00:02.0  MEM: 4123.473M)
Starting delay calculation for Setup views
AAE_INFO: opIsDesignInPostRouteState() is 0
#################################################################################
# Design Stage: PreRoute
# Design Name: fa_top
# Design Mode: 90nm
# Analysis Mode: MMMC Non-OCV 
# Parasitics Mode: No SPEF/RCDB 
# Signoff Settings: SI Off 
#################################################################################
Calculate delays in Single mode...
Start delay calculation (fullDC) (8 T). (MEM=4256.45)
siFlow : Timing analysis mode is single, using late cdB files
Total number of fetched objects 175236
AAE_INFO: Total number of nets for which stage creation was skipped for all views 0
End delay calculation. (MEM=4670.74 CPU=0:00:44.7 REAL=0:00:06.0)
End delay calculation (fullDC). (MEM=4618 CPU=0:00:52.6 REAL=0:00:09.0)
*** Done Building Timing Graph (cpu=0:01:23 real=0:00:15.0 totSessionCpu=0:41:45 mem=4663.9M)

OptSummary:

------------------------------------------------------------------
             Initial Summary
------------------------------------------------------------------

Setup views included:
 default_emulate_view 

+--------------------+---------+
|     Setup mode     |   all   |
+--------------------+---------+
|           WNS (ns):| -40.666 |
|           TNS (ns):|-1.29e+05|
|    Violating Paths:|  14214  |
|          All Paths:|  29602  |
+--------------------+---------+

+----------------+-------------------------------+------------------+
|                |              Real             |       Total      |
|    DRVs        +------------------+------------+------------------|
|                |  Nr nets(terms)  | Worst Vio  |  Nr nets(terms)  |
+----------------+------------------+------------+------------------+
|   max_cap      |   6451 (6451)    |   -7.825   |   6451 (6451)    |
|   max_tran     |  10970 (71361)   |  -57.081   |  10971 (71589)   |
|   max_fanout   |      0 (0)       |     0      |      0 (0)       |
|   max_length   |      0 (0)       |     0      |      0 (0)       |
+----------------+------------------+------------+------------------+

Density: 28.184%
------------------------------------------------------------------
**opt_design ... cpu = 0:05:28, real = 0:03:08, mem = 4332.2M, totSessionCpu=0:41:50 **
Begin: Reporting instances with restriction 
+--------------------------------------------------------------------------------------------------------------------------------------------------------+
|          |                                        |           All        |      Sequential      | Combinational(Data Path) | Combinational(Clock Path) |
| Category |                      Detailed Reasons  +-------------+--------+-------------+--------+-------------+------------+-------------+-------------|
|          |                                        |   Count     |   %    |    Count    |   %    |   Count     |     %      |    Count    |      %      |
|----------+----------------------------------------+-------------+--------+-------------+--------+-------------+------------+-------------+-------------|
|  Library | cell for instance is not standard cell |          38 |   0.02 |          38 |   0.22 |           0 |       0.00 |           0 |        -nan | 
|          |                                    All |          38 |   0.02 |          38 |   0.22 |           0 |       0.00 |           0 |        -nan | 
|----------+----------------------------------------+-------------+--------+-------------+--------+-------------+------------+-------------+-------------|
|      All |                                    All |          38 |   0.02 |          38 |   0.22 |           0 |       0.00 |           0 |        -nan | 
+--------------------------------------------------------------------------------------------------------------------------------------------------------+
End: Reporting instances with restriction 
*** InitOpt #1 [finish] (place_opt_design #1) : cpu/real = 0:05:28.5/0:03:09.3 (1.7), totSession cpu/real = 0:41:50.9/0:12:59.2 (3.2), mem = 4332.2M
** INFO : this run is activating medium effort placeOptDesign flow
*** ExcludedClockNetOpt #1 [begin] (place_opt_design #1) : totSession cpu/real = 0:41:53.6/0:13:01.0 (3.2), mem = 4340.2M
*** Starting optimizing excluded clock nets MEM= 4340.2M) ***
*info: No excluded clock nets to be optimized.
*** Finished optimizing excluded clock nets (CPU Time= 0:00:00.0  MEM= 4340.4M) ***
*** ExcludedClockNetOpt #1 [finish] (place_opt_design #1) : cpu/real = 0:00:00.0/0:00:00.0 (0.0), totSession cpu/real = 0:41:53.6/0:13:01.0 (3.2), mem = 4340.4M
The useful skew maximum allowed delay is: 0.3
Running new flow changes for HFN
Begin: GigaOpt high fanout net optimization
GigaOpt HFN: use maxLocalDensity 1.2
GigaOpt Checkpoint: Internal optDRV -useLevelizedBufferTreeOnly -auxMaxFanoutCountLimit 500 -largeScaleFixing -maxIter 1 -maxLocalDensity 1.2 -numThreads 8 -preCTS -preRouteDontEndWithRefinePlaceIncrSteinerRouteDC
*** DrvOpt #1 [begin] (place_opt_design #1) : totSession cpu/real = 0:42:10.6/0:13:07.9 (3.2), mem = 4361.7M
Info: 1 clock net  excluded from IPO operation.

Footprint cell information for calculating maxBufDist
*info: There are 10 candidate Buffer cells
*info: There are 12 candidate Inverter cells

	CornerforLayerOpt timing analysis view default_emulate_view has been selected for calibration 
	CornerforLayerOpt timing analysis view default_emulate_view has been selected for calibration 
	CornerforLayerOpt timing analysis view default_emulate_view has been selected for calibration 
	CornerforLayerOpt timing analysis view default_emulate_view has been selected for calibration 
Dumping Information for Job ...
**WARN: (IMPOPT-7330):	Net rst_n has fanout exceed delaycal_use_default_delay_limit 1000, max-tran violations may increase due to buffering.

Dumping Information for Job ...
**WARN: (IMPOPT-7330):	Net u_core_n_13628 has fanout exceed delaycal_use_default_delay_limit 1000, max-tran violations may increase due to buffering.

Dumping Information for Job ...
**WARN: (IMPOPT-7330):	Net u_core_u_update/n_0 has fanout exceed delaycal_use_default_delay_limit 1000, max-tran violations may increase due to buffering.

Dumping Information for Job ...
**WARN: (IMPOPT-7330):	Net u_core_u_update/n_22 has fanout exceed delaycal_use_default_delay_limit 1000, max-tran violations may increase due to buffering.

Dumping Information for Job ...
**WARN: (IMPOPT-7330):	Net u_core_u_update/n_46 has fanout exceed delaycal_use_default_delay_limit 1000, max-tran violations may increase due to buffering.

Dumping Information for Job ...
**WARN: (IMPOPT-7330):	Net u_core_u_update/n_73 has fanout exceed delaycal_use_default_delay_limit 1000, max-tran violations may increase due to buffering.

#InfoCS: Num dontuse cells 10, Num usable cells 386, Num real usable cells 383
+---------+---------+--------+-----------+------------+--------+
| Density | Commits |  WNS   |    TNS    |    Real    |  Mem   |
+---------+---------+--------+-----------+------------+--------+
|   28.20%|        -| -40.666|-128919.912|   0:00:00.0| 4397.8M|
Dumping Information for Job ...
**WARN: (IMPOPT-7330):	Net rst_n has fanout exceed delaycal_use_default_delay_limit 1000, max-tran violations may increase due to buffering.

Dumping Information for Job ...
**WARN: (IMPOPT-7330):	Net u_core_n_13628 has fanout exceed delaycal_use_default_delay_limit 1000, max-tran violations may increase due to buffering.

Dumping Information for Job ...
**WARN: (IMPOPT-7330):	Net u_core_u_update/n_0 has fanout exceed delaycal_use_default_delay_limit 1000, max-tran violations may increase due to buffering.

Dumping Information for Job ...
**WARN: (IMPOPT-7330):	Net u_core_u_update/n_22 has fanout exceed delaycal_use_default_delay_limit 1000, max-tran violations may increase due to buffering.

Dumping Information for Job ...
**WARN: (IMPOPT-7330):	Net u_core_u_update/n_46 has fanout exceed delaycal_use_default_delay_limit 1000, max-tran violations may increase due to buffering.

Dumping Information for Job ...
**WARN: (IMPOPT-7330):	Net u_core_u_update/n_73 has fanout exceed delaycal_use_default_delay_limit 1000, max-tran violations may increase due to buffering.

|   28.39%|      484| -29.835| -88487.775|   0:00:04.0| 4633.7M|
+---------+---------+--------+-----------+------------+--------+

*** Finish pre-CTS High Fanout Net Fixing (cpu=0:00:18.5 real=0:00:04.0 mem=4633.7M) ***
**** Begin Transform Statistics ****
+-------------------------------+-------+-----------+------------+------------+----------+----------+----------+--------+--------------+--------------+------------------+
|                      Transform| Called| Pre Filter| Filter Eval| Detail Eval| Committed|       CPU| CommitCPU| Density| Leakage Power| Dynamic Power| buffers/inverters|
+-------------------------------+-------+-----------+------------+------------+----------+----------+----------+--------+--------------+--------------+------------------+
| highLevelizedBufferingPreRoute|     18|         18|          18|          18|        18| 0:00:01.4| 0:00:00.6|   0.191|      0.000000|      0.000000|           336/148|
+-------------------------------+-------+-----------+------------+------------+----------+----------+----------+--------+--------------+--------------+------------------+
**** End Transform Statistics ****
Bottom Preferred Layer:
    None
Via Pillar Rule:
    None


=======================================================================
                Reasons for remaining drv violations
=======================================================================
*info: Total 12 net(s) were new nets created by previous iteration of DRV buffering. Further DRV fixing might remove some violations.


Change summary: 336/148 (0) buffers/inverters were added (deleted) and 0 instance was resized.
*** DrvOpt #1 [finish] (place_opt_design #1) : cpu/real = 0:00:32.9/0:00:11.6 (2.8), totSession cpu/real = 0:42:43.5/0:13:19.5 (3.2), mem = 4467.5M
GigaOpt HFN: restore maxLocalDensity to 1.2
End: GigaOpt high fanout net optimization
Begin: GigaOpt DRV Optimization
[GPS-DRV] number of DCLS groups: 0; maxIter: 2
GigaOpt Checkpoint: Internal optDRV -max_tran -max_cap -maxLocalDensity 1.2 -numThreads 8 -largeScaleFixing -maxIter 2 -preCTS -preRouteDontEndWithRefinePlaceIncrSteinerRouteDC
*** DrvOpt #2 [begin] (place_opt_design #1) : totSession cpu/real = 0:42:45.7/0:13:21.1 (3.2), mem = 4460.6M
Info: 1 clock net  excluded from IPO operation.
	CornerforLayerOpt timing analysis view default_emulate_view has been selected for calibration 
	CornerforLayerOpt timing analysis view default_emulate_view has been selected for calibration 
	CornerforLayerOpt timing analysis view default_emulate_view has been selected for calibration 
	CornerforLayerOpt timing analysis view default_emulate_view has been selected for calibration 
#InfoCS: Num dontuse cells 10, Num usable cells 386, Num real usable cells 383
+-------------------------------------------------------------------------------------------------------------------------------------------------------+
|        max-tran       |        max-cap        |  max-fanout |  max-length |       setup       |        |        |        |       |          |         |
+-------------------------------------------------------------------------------------------------------------------------------------------------------+
| nets | terms|  wViol  | nets | terms|  wViol  | nets | terms| nets | terms|   WNS   |   TNS   |  #Buf  |  #Inv  | #Resize|Density|   Real   |   Mem   |
+-------------------------------------------------------------------------------------------------------------------------------------------------------+
|  7343| 61583|   -27.27|  7498|  7498|    -3.29|     0|     0|     0|     0|   -29.84|-88487.78|       0|       0|       0| 28.39%|          |         |
|  1035|  1468|    -4.09|   224|   224|    -0.91|     0|     0|     0|     0|    -9.48|-12742.88|    9497|    6112|     663| 30.40%| 0:00:19.0|  4769.4M|
|   403|   473|    -3.67|    31|    31|    -0.75|     0|     0|     0|     0|    -9.66|-12817.32|     433|     249|     910| 30.59%| 0:00:02.0|  4771.0M|
+-------------------------------------------------------------------------------------------------------------------------------------------------------+
**** Begin Transform Statistics ****
+-----------------------+-------+-----------+------------+------------+----------+----------+----------+--------+--------------+--------------+------------------+------------------------+
|              Transform| Called| Pre Filter| Filter Eval| Detail Eval| Committed|       CPU| CommitCPU| Density| Leakage Power| Dynamic Power| buffers/inverters| Resize Tot/FF/HghtIncFF|
+-----------------------+-------+-----------+------------+------------+----------+----------+----------+--------+--------------+--------------+------------------+------------------------+
| multiBufferDRVPreRoute|  10791|      10791|        9146|        9129|      9119| 0:00:36.9| 0:00:04.0|   2.201|      0.000000|      0.000000|         9930/6361|                1573/0/0|
+-----------------------+-------+-----------+------------+------------+----------+----------+----------+--------+--------------+--------------+------------------+------------------------+
**** End Transform Statistics ****
Bottom Preferred Layer:
+-------------+------------+----------+
|    Layer    |   OPT_LA   |   Rule   |
+-------------+------------+----------+
| met3 (z=4)  |         45 | default  |
| met4 (z=5)  |         15 | default  |
+-------------+------------+----------+
Via Pillar Rule:
    None


=======================================================================
                Reasons for remaining drv violations
=======================================================================
*info: Total 51 net(s) have violations which can't be fixed by DRV optimization.

MultiBuffering failure reasons
------------------------------------------------
*info:     6 net(s): Could not be fixed because no legal loc allow overlap.

*info: Total 354 net(s) were new nets created by previous iteration of DRV buffering. Further DRV fixing might remove some violations.

*info: detailed failure reason files are generated below
*info: 	./genus2invs__2646528_c0db12f1-65d0-49e8-880e-4f9c383f8545fa_top/drvFailureReason/invs2genus_final.preCts.2.maxTran
*info: 	./genus2invs__2646528_c0db12f1-65d0-49e8-880e-4f9c383f8545fa_top/drvFailureReason/invs2genus_final.preCts.2.maxCap


Change summary: 9930/6361 (0) buffers/inverters were added (deleted) and 1573 instances were resized.

*** Finish DRV Fixing (cpu=0:01:45 real=0:00:24.0 mem=4770.9M) ***

*** DrvOpt #2 [finish] (place_opt_design #1) : cpu/real = 0:01:57.0/0:00:29.4 (4.0), totSession cpu/real = 0:44:42.7/0:13:50.4 (3.2), mem = 4527.6M
End: GigaOpt DRV Optimization
**opt_design ... cpu = 0:08:20, real = 0:04:00, mem = 4520.6M, totSessionCpu=0:44:43 **

Active setup views:
 default_emulate_view
  Dominating endpoints: 0
  Dominating TNS: -0.000

Begin: GigaOpt Global Optimization
*info: use new DP (enabled)
Global Opt: maxLocalDensity 1.2 (from dbgIPOMaxLocalDensity=1.2, optModeMaxLocDen=1.2)
GigaOpt Checkpoint: Internal globalOpt -maxLocalDensity 1.2 -numThreads 8 -preCTS -rebufferAll -preRouteDontEndWithRefinePlaceIncrSteinerRouteDC -enableHighLayerOpt -maxIter 50 -maxIterForLEPG 50
Info: 1 clock net  excluded from IPO operation.
*** GlobalOpt #1 [begin] (place_opt_design #1) : totSession cpu/real = 0:44:44.9/0:13:52.5 (3.2), mem = 4532.5M
*info: 1 clock net excluded
*info: 960 no-driver nets excluded.
#InfoCS: Num dontuse cells 10, Num usable cells 386, Num real usable cells 383
** GigaOpt Global Opt WNS Slack -9.657  TNS Slack -12817.316 
+--------+----------+---------+------------+--------+--------------------+---------+----------------------------------------------------+
|  WNS   |   TNS    | Density |    Real    |  Mem   |     Worst View     |Pathgroup|                     End Point                      |
+--------+----------+---------+------------+--------+--------------------+---------+----------------------------------------------------+
|  -9.657|-12817.316|   30.59%|   0:00:00.0| 4580.8M|default_emulate_view|  default| u_core_u_update/u_v_sram_g_bank[0].u_bank_p0_rw_rd |
|        |          |         |            |        |                    |         | ata_reg[10]/D                                      |
|  -2.740| -3087.687|   31.19%|   0:00:31.0| 5099.9M|default_emulate_view|  default| u_core_u_update/u_v_sram_g_bank[0].u_bank_p0_rw_rd |
|        |          |         |            |        |                    |         | ata_reg[60]/D                                      |
|  -2.466| -2039.801|   31.37%|   0:00:15.0| 5277.6M|default_emulate_view|  default| u_core_u_update/u_v_sram_g_bank[0].u_bank_p0_rw_rd |
|        |          |         |            |        |                    |         | ata_reg[60]/D                                      |
|  -2.466| -2039.801|   31.37%|   0:00:03.0| 5279.0M|default_emulate_view|  default| u_core_u_update/u_v_sram_g_bank[0].u_bank_p0_rw_rd |
|        |          |         |            |        |                    |         | ata_reg[60]/D                                      |
|  -2.317| -1403.818|   31.54%|   0:00:12.0| 5280.7M|default_emulate_view|  default| u_core_u_update/u_v_sram_g_bank[0].u_bank_p0_rw_rd |
|        |          |         |            |        |                    |         | ata_reg[60]/D                                      |
|  -1.954| -1154.855|   31.53%|   0:00:18.0| 5311.0M|default_emulate_view|  default| u_core_u_update/u_v_sram_g_bank[0].u_bank_p0_rw_rd |
|        |          |         |            |        |                    |         | ata_reg[39]/D                                      |
|  -1.877| -1196.127|   31.57%|   0:00:06.0| 5313.2M|default_emulate_view|  default| u_core_u_update/u_v_sram_g_bank[0].u_bank_p0_rw_rd |
|        |          |         |            |        |                    |         | ata_reg[43]/D                                      |
|  -1.877| -1196.127|   31.57%|   0:00:01.0| 5313.3M|default_emulate_view|  default| u_core_u_update/u_v_sram_g_bank[0].u_bank_p0_rw_rd |
|        |          |         |            |        |                    |         | ata_reg[43]/D                                      |
|  -1.841|  -999.017|   31.61%|   0:00:04.0| 5313.4M|default_emulate_view|  default| u_core_u_update/u_v_sram_g_bank[0].u_bank_p0_rw_rd |
|        |          |         |            |        |                    |         | ata_reg[39]/D                                      |
|  -1.665|  -894.002|   31.64%|   0:00:10.0| 5326.8M|default_emulate_view|  default| u_core_u_update/u_v_sram_g_bank[0].u_bank_p0_rw_rd |
|        |          |         |            |        |                    |         | ata_reg[43]/D                                      |
|  -1.561|  -852.532|   31.66%|   0:00:05.0| 5335.9M|default_emulate_view|  default| u_core_u_update/u_v_sram_g_bank[0].u_bank_p0_rw_rd |
|        |          |         |            |        |                    |         | ata_reg[43]/D                                      |
|  -1.561|  -852.532|   31.66%|   0:00:02.0| 5335.3M|default_emulate_view|  default| u_core_u_update/u_v_sram_g_bank[0].u_bank_p0_rw_rd |
|        |          |         |            |        |                    |         | ata_reg[43]/D                                      |
|  -1.561|  -796.989|   31.71%|   0:00:05.0| 5335.3M|default_emulate_view|  default| u_core_u_update/u_v_sram_g_bank[0].u_bank_p0_rw_rd |
|        |          |         |            |        |                    |         | ata_reg[43]/D                                      |
|  -1.511|  -888.892|   31.73%|   0:00:10.0| 5332.8M|default_emulate_view|  default| u_core_u_update/u_v_sram_g_bank[0].u_bank_p0_rw_rd |
|        |          |         |            |        |                    |         | ata_reg[14]/D                                      |
|  -1.511|  -731.087|   31.76%|   0:00:05.0| 5333.7M|default_emulate_view|  default| u_core_u_update/u_v_sram_g_bank[0].u_bank_p0_rw_rd |
|        |          |         |            |        |                    |         | ata_reg[14]/D                                      |
|  -1.511|  -731.087|   31.76%|   0:00:02.0| 5333.1M|default_emulate_view|  default| u_core_u_update/u_v_sram_g_bank[0].u_bank_p0_rw_rd |
|        |          |         |            |        |                    |         | ata_reg[14]/D                                      |
|  -1.511|  -679.416|   31.81%|   0:00:03.0| 5333.7M|default_emulate_view|  default| u_core_u_update/u_v_sram_g_bank[0].u_bank_p0_rw_rd |
|        |          |         |            |        |                    |         | ata_reg[14]/D                                      |
|  -1.511|  -669.539|   31.84%|   0:00:10.0| 5332.2M|default_emulate_view|  default| u_core_u_update/u_v_sram_g_bank[0].u_bank_p0_rw_rd |
|        |          |         |            |        |                    |         | ata_reg[14]/D                                      |
|  -1.511|  -632.815|   31.87%|   0:00:04.0| 5333.6M|default_emulate_view|  default| u_core_u_update/u_v_sram_g_bank[0].u_bank_p0_rw_rd |
|        |          |         |            |        |                    |         | ata_reg[14]/D                                      |
|  -1.511|  -632.815|   31.87%|   0:00:02.0| 5333.2M|default_emulate_view|  default| u_core_u_update/u_v_sram_g_bank[0].u_bank_p0_rw_rd |
|        |          |         |            |        |                    |         | ata_reg[14]/D                                      |
|  -1.511|  -612.066|   31.92%|   0:00:03.0| 5332.9M|default_emulate_view|  default| u_core_u_update/u_v_sram_g_bank[0].u_bank_p0_rw_rd |
|        |          |         |            |        |                    |         | ata_reg[14]/D                                      |
|  -1.511|  -593.443|   31.95%|   0:00:09.0| 5330.8M|default_emulate_view|  default| u_core_u_update/u_v_sram_g_bank[0].u_bank_p0_rw_rd |
|        |          |         |            |        |                    |         | ata_reg[14]/D                                      |
|  -1.511|  -576.443|   31.97%|   0:00:04.0| 5329.8M|default_emulate_view|  default| u_core_u_update/u_v_sram_g_bank[0].u_bank_p0_rw_rd |
|        |          |         |            |        |                    |         | ata_reg[14]/D                                      |
|  -1.511|  -576.443|   31.97%|   0:00:02.0| 5332.4M|default_emulate_view|  default| u_core_u_update/u_v_sram_g_bank[0].u_bank_p0_rw_rd |
|        |          |         |            |        |                    |         | ata_reg[14]/D                                      |
|  -1.511|  -557.337|   32.02%|   0:00:04.0| 5333.1M|default_emulate_view|  default| u_core_u_update/u_v_sram_g_bank[0].u_bank_p0_rw_rd |
|        |          |         |            |        |                    |         | ata_reg[14]/D                                      |
|  -1.511|  -549.859|   32.02%|   0:00:09.0| 5331.4M|default_emulate_view|  default| u_core_u_update/u_v_sram_g_bank[0].u_bank_p0_rw_rd |
|        |          |         |            |        |                    |         | ata_reg[14]/D                                      |
|  -1.511|  -539.055|   32.03%|   0:00:03.0| 5331.6M|default_emulate_view|  default| u_core_u_update/u_v_sram_g_bank[0].u_bank_p0_rw_rd |
|        |          |         |            |        |                    |         | ata_reg[14]/D                                      |
|  -1.511|  -539.055|   32.03%|   0:00:02.0| 5331.4M|default_emulate_view|  default| u_core_u_update/u_v_sram_g_bank[0].u_bank_p0_rw_rd |
|        |          |         |            |        |                    |         | ata_reg[14]/D                                      |
|  -1.511|  -522.525|   32.07%|   0:00:04.0| 5331.0M|default_emulate_view|  default| u_core_u_update/u_v_sram_g_bank[0].u_bank_p0_rw_rd |
|        |          |         |            |        |                    |         | ata_reg[14]/D                                      |
|  -1.354|  -483.379|   32.03%|   0:00:13.0| 5332.3M|default_emulate_view|  default| u_core_u_update/u_v_sram_g_bank[0].u_bank_p0_rw_rd |
|        |          |         |            |        |                    |         | ata_reg[37]/D                                      |
+--------+----------+---------+------------+--------+--------------------+---------+----------------------------------------------------+

*** Finish pre-CTS Global Setup Fixing (cpu=0:18:53 real=0:03:21 mem=5332.1M) ***

*** Finish pre-CTS Setup Fixing (cpu=0:18:53 real=0:03:21 mem=5332.1M) ***
**** Begin Transform Statistics ****
+---------------------------------------------+-------+-----------+------------+------------+----------+----------+----------+--------+--------------+--------------+-------+------------------+------------------------+
|                                    Transform| Called| Pre Filter| Filter Eval| Detail Eval| Committed|       CPU| CommitCPU| Density| Leakage Power| Dynamic Power| Delete| buffers/inverters| Resize Tot/FF/HghtIncFF|
+---------------------------------------------+-------+-----------+------------+------------+----------+----------+----------+--------+--------------+--------------+-------+------------------+------------------------+
| optFanoutRebufferAdaptativeLargeTreePreRoute|  10769|      10769|       11084|        3951|      3468|   0:01:18| 0:00:03.4|   0.603|      0.000000|      0.000000|   7418|         3569/4744|                 412/0/0|
|         optFanoutBuffAdaptativeLayerPreRoute| 136351|     136351|       10293|        7506|      3236|   0:02:07| 0:00:01.4|   0.334|      0.000000|      0.000000|     NA|          1357/126|                2280/0/0|
|                        RouteTypeAssignResize| 142539|          0|           0|           0|         0| 0:00:00.7| 0:00:00.0|   0.000|      0.000000|      0.000000|     NA|                NA|                      NA|
|                                   FastResize| 155236|     155236|       20220|           0|      7134|   0:01:10| 0:00:00.5|   0.448|      0.000000|      0.000000|     NA|                NA|             7134/1364/0|
| optFanoutRebufferAdaptativeSmallTreePreRoute|  13655|      13655|       13836|        5029|      2086|   0:03:02| 0:00:02.6|   0.095|      0.000000|      0.000000|   5010|         2402/3760|                 535/0/0|
|           optFanoutPreRouteHighLayerRebuffer|   7366|       7366|        1900|         768|       434| 0:00:44.8| 0:00:00.7|  -0.037|      0.000000|      0.000000|    998|           436/564|                  52/0/0|
+---------------------------------------------+-------+-----------+------------+------------+----------+----------+----------+--------+--------------+--------------+-------+------------------+------------------------+
**** End Transform Statistics ****
Bottom Preferred Layer:
+-------------+------------+----------+
|    Layer    |   OPT_LA   |   Rule   |
+-------------+------------+----------+
| met3 (z=4)  |        241 | default  |
| met4 (z=5)  |         87 | default  |
+-------------+------------+----------+
Via Pillar Rule:
    None

Change summary: 7764/9194 (13426) buffers/inverters were added (deleted) and 10413 instances were resized.
** GigaOpt Global Opt End WNS Slack -1.354  TNS Slack -483.379 
*** GlobalOpt #1 [finish] (place_opt_design #1) : cpu/real = 0:19:05.6/0:03:29.2 (5.5), totSession cpu/real = 1:03:50.5/0:17:21.8 (3.7), mem = 4741.0M
Global Opt: restore maxLocalDensity to 1.2
End: GigaOpt Global Optimization
*** Timing NOT met, worst failing slack is -1.354
*** Check timing (0:00:00.0)
GigaOpt Checkpoint: Internal reclaim -numThreads 8 -preCTS -force -doRemoveUselessTerm -tgtSlackMult 3 -routeType -noRouteTypeResizePolish -noViewPrune -weedwhack -nonLegal -nativePathGroupFlow -SimpCCIn -GCompAndPhase
Info: 1 clock net  excluded from IPO operation.
Begin: Area Reclaim Optimization
#InfoCS: Num dontuse cells 10, Num usable cells 386, Num real usable cells 383
*** AreaOpt #1 [begin] (place_opt_design #1) : totSession cpu/real = 1:03:54.0/0:17:24.2 (3.7), mem = 4755.8M
Reclaim Optimization WNS Slack -1.354  TNS Slack -483.379 Density 32.03
Reclaim Target Slack 0.000 Fastest Clock Period 3.333 StdDelay is 0.03610 Standard Cell Height 3.330um
+---------+---------+--------+--------+------------+--------+
| Density | Commits |  WNS   |  TNS   |    Real    |  Mem   |
+---------+---------+--------+--------+------------+--------+
|   32.03%|        -|  -1.354|-483.379|   0:00:00.0| 4773.1M|
|   32.03%|       56|  -1.354|-483.227|   0:00:02.0| 4824.2M|
|   31.73%|     1454|  -1.278|-481.097|   0:00:08.0| 4863.4M|
|   31.42%|     4206|  -1.279|-477.209|   0:00:15.0| 4906.8M|
|   31.41%|      265|  -1.279|-477.186|   0:00:02.0| 4913.2M|
|   31.41%|       22|  -1.279|-477.186|   0:00:02.0| 4913.6M|
|   31.41%|        0|  -1.279|-477.186|   0:00:00.0| 4913.0M|
|   31.41%|        2|  -1.279|-477.186|   0:00:01.0| 4913.0M|
+---------+---------+--------+--------+------------+--------+
Reclaim Optimization End WNS Slack -1.279  TNS Slack -477.186 Density 31.41
**** Begin Transform Statistics ****
+---------------------------------------------------+-------+-----------+------------+------------+----------+----------+----------+--------+--------------+--------------+-------+------------------------+
|                                          Transform| Called| Pre Filter| Filter Eval| Detail Eval| Committed|       CPU| CommitCPU| Density| Leakage Power| Dynamic Power| Delete| Resize Tot/FF/HghtIncFF|
+---------------------------------------------------+-------+-----------+------------+------------+----------+----------+----------+--------+--------------+--------------+-------+------------------------+
| RouteTypeReclaimResizeWithLayerAssignmentTransform|    622|        622|          67|          67|        58| 0:00:01.0| 0:00:00.1|   0.000|      0.000000|      0.000000|     NA|                      NA|
|                                ReclaimDeleteBuffer| 180177|       9602|        1242|        1242|      1235| 0:00:11.9| 0:00:00.8|  -0.015|      0.000000|      0.000000|   1235|                      NA|
|                                     ReclaimDeclone| 178935|       1259|         231|         231|       219| 0:00:07.7| 0:00:00.1|  -0.030|      0.000000|      0.000000|     NA|                      NA|
|                                      ReclaimResize| 186416|     186416|        4513|         232|      4493| 0:00:14.8| 0:00:00.3|  -0.354|      0.000000|      0.000000|     NA|              5017/323/0|
+---------------------------------------------------+-------+-----------+------------+------------+----------+----------+----------+--------+--------------+--------------+-------+------------------------+
**** End Transform Statistics ****
Bottom Preferred Layer:
+-------------+------------+----------+
|    Layer    |   OPT_LA   |   Rule   |
+-------------+------------+----------+
| met3 (z=4)  |        238 | default  |
| met4 (z=5)  |         54 | default  |
+-------------+------------+----------+
Via Pillar Rule:
    None

Number of times islegalLocAvaiable called = 0 skipped = 0, called in commitmove = 0, skipped in commitmove = 0
End: Core Area Reclaim Optimization (cpu = 0:02:00) (real = 0:00:35.0) **
*** AreaOpt #1 [finish] (place_opt_design #1) : cpu/real = 0:02:00.1/0:00:35.5 (3.4), totSession cpu/real = 1:05:54.2/0:17:59.7 (3.7), mem = 4913.2M
Executing incremental physical updates
Executing incremental physical updates
End: Area Reclaim Optimization (cpu=0:02:01, real=0:00:36, mem=4763.14M, totSessionCpu=1:05:55).
*** Timing NOT met, worst failing slack is -1.279
*** Check timing (0:00:00.3)
Begin: GigaOpt Optimization in TNS mode
GigaOpt Checkpoint: Internal optTiming -allEndPoints -maxLocalDensity 1.2 -maxLocalDensityForHardenOpt 1.2 -numThreads 8 -preCTS -lowEffort -pgMode all -nativePathGroupFlow -skipLowEffortCategoryOptimization -qftns -ftns -nonLegalPlaceEcoBumpRecoveryInTNSOpt -ipoTgtSlackCoef 0 -effTgtSlackCoef 0
Info: 1 clock net  excluded from IPO operation.
*** TnsOpt #1 [begin] (place_opt_design #1) : totSession cpu/real = 1:06:21.4/0:18:06.1 (3.7), mem = 4775.7M
*info: 1 clock net excluded
*info: 962 no-driver nets excluded.
#InfoCS: Num dontuse cells 10, Num usable cells 386, Num real usable cells 383
** GigaOpt Optimizer WNS Slack -1.279 TNS Slack -477.186 Density 31.41
OptDebug: Start of Optimizer TNS Pass:
+----------+------+--------+
|Path Group|   WNS|     TNS|
+----------+------+--------+
|default   |-0.216|  -2.868|
|reg2reg   |-1.279|-475.547|
|HEPG      |-1.279|-475.547|
|All Paths |-1.279|-477.186|
+----------+------+--------+

Active Path Group: reg2reg  
+--------+---------+--------+---------+---------+------------+--------+--------------------+---------+----------------------------------------------------+
|  WNS   | All WNS |  TNS   | All TNS | Density |    Real    |  Mem   |     Worst View     |Pathgroup|                     End Point                      |
+--------+---------+--------+---------+---------+------------+--------+--------------------+---------+----------------------------------------------------+
|  -1.279|   -1.279|-475.547| -477.186|   31.41%|   0:00:00.0| 4808.1M|default_emulate_view|  reg2reg| u_core_u_update/u_v_sram_g_bank[0].u_bank_p0_rw_rd |
|        |         |        |         |         |            |        |                    |         | ata_reg[14]/D                                      |
|  -1.057|   -1.057|-474.895| -476.535|   31.42%|   0:00:01.0| 4903.9M|default_emulate_view|  reg2reg| u_core_u_update/u_v_sram_g_bank[0].u_bank_p0_rw_rd |
|        |         |        |         |         |            |        |                    |         | ata_reg[16]/D                                      |
|  -1.027|   -1.027|-474.767| -476.406|   31.42%|   0:00:00.0| 4903.7M|default_emulate_view|  reg2reg| u_core_u_update/u_v_sram_g_bank[0].u_bank_p0_rw_rd |
|        |         |        |         |         |            |        |                    |         | ata_reg[16]/D                                      |
|  -0.998|   -0.998|-474.646| -476.285|   31.42%|   0:00:00.0| 4903.7M|default_emulate_view|  reg2reg| u_core_u_update/u_v_sram_g_bank[0].u_bank_p0_rw_rd |
|        |         |        |         |         |            |        |                    |         | ata_reg[16]/D                                      |
|  -0.982|   -0.982|-474.555| -476.194|   31.42%|   0:00:00.0| 4903.8M|default_emulate_view|  reg2reg| u_core_u_update/u_v_sram_g_bank[0].u_bank_p0_rw_rd |
|        |         |        |         |         |            |        |                    |         | ata_reg[16]/D                                      |
|  -0.958|   -0.958|-474.478| -476.117|   31.42%|   0:00:00.0| 4903.6M|default_emulate_view|  reg2reg| u_core_u_update/u_v_sram_g_bank[0].u_bank_p0_rw_rd |
|        |         |        |         |         |            |        |                    |         | ata_reg[16]/D                                      |
|  -0.958|   -0.958|-474.455| -476.094|   31.42%|   0:00:00.0| 4903.6M|default_emulate_view|  reg2reg| u_core_u_update/u_v_sram_g_bank[0].u_bank_p0_rw_rd |
|        |         |        |         |         |            |        |                    |         | ata_reg[14]/D                                      |
|  -0.958|   -0.958|-471.170| -472.809|   31.42%|   0:00:00.0| 4940.3M|default_emulate_view|  reg2reg| u_core_u_update/u_v_sram_g_bank[0].u_bank_p0_rw_rd |
|        |         |        |         |         |            |        |                    |         | ata_reg[17]/D                                      |
|  -0.958|   -0.958|-469.085| -470.725|   31.42%|   0:00:00.0| 4964.9M|default_emulate_view|  reg2reg| u_finalize/u_norm_product_reg_reg[1][72]/D         |
|  -0.958|   -0.958|-468.222| -469.861|   31.42%|   0:00:01.0| 5003.5M|default_emulate_view|  reg2reg| u_finalize/u_norm_product_reg_reg[1][72]/D         |
|  -0.958|   -0.958|-466.861| -468.500|   31.42%|   0:00:00.0| 5013.8M|default_emulate_view|  reg2reg| u_finalize/u_norm_product_reg_reg[1][72]/D         |
|  -0.958|   -0.958|-465.512| -467.151|   31.42%|   0:00:00.0| 5016.0M|default_emulate_view|  reg2reg| u_finalize/u_norm_product_reg_reg[1][72]/D         |
|  -0.958|   -0.958|-464.495| -466.135|   31.42%|   0:00:00.0| 5017.6M|default_emulate_view|  reg2reg| u_finalize/u_norm_product_reg_reg[1][72]/D         |
|  -0.958|   -0.958|-463.757| -465.397|   31.43%|   0:00:01.0| 5043.6M|default_emulate_view|  reg2reg| u_finalize/u_norm_product_reg_reg[1][65]/D         |
|  -0.958|   -0.958|-462.764| -464.403|   31.43%|   0:00:00.0| 5045.7M|default_emulate_view|  reg2reg| u_finalize/u_norm_product_reg_reg[1][72]/D         |
|  -0.958|   -0.958|-461.677| -463.316|   31.43%|   0:00:00.0| 5047.5M|default_emulate_view|  reg2reg| u_finalize/u_norm_product_reg_reg[1][65]/D         |
|  -0.958|   -0.958|-451.975| -453.615|   31.43%|   0:00:00.0| 5054.5M|default_emulate_view|  reg2reg| u_finalize/u_norm_product_reg_reg[1][65]/D         |
|  -0.958|   -0.958|-449.061| -450.700|   31.44%|   0:00:01.0| 5058.7M|default_emulate_view|  reg2reg| u_finalize/u_norm_product_reg_reg[1][72]/D         |
|  -0.958|   -0.958|-448.476| -450.115|   31.44%|   0:00:00.0| 5059.2M|default_emulate_view|  reg2reg| u_finalize/u_norm_product_reg_reg[1][72]/D         |
|  -0.958|   -0.958|-444.318| -445.957|   31.45%|   0:00:01.0| 5068.7M|default_emulate_view|  reg2reg| u_finalize/u_norm_product_reg_reg[1][63]/D         |
|  -0.958|   -0.958|-444.043| -445.683|   31.45%|   0:00:01.0| 5061.3M|default_emulate_view|  reg2reg| u_finalize/u_norm_product_reg_reg[1][72]/D         |
|  -0.958|   -0.958|-443.345| -444.984|   31.45%|   0:00:00.0| 5063.5M|default_emulate_view|  reg2reg| u_finalize/u_norm_product_reg_reg[1][63]/D         |
|  -0.958|   -0.958|-442.962| -444.601|   31.45%|   0:00:01.0| 5072.5M|default_emulate_view|  reg2reg| u_finalize/u_norm_product_reg_reg[1][72]/D         |
|  -0.958|   -0.958|-442.746| -444.385|   31.45%|   0:00:00.0| 5073.3M|default_emulate_view|  reg2reg| u_finalize/u_norm_product_reg_reg[0][70]/D         |
|  -0.958|   -0.958|-442.005| -443.645|   31.46%|   0:00:02.0| 5113.8M|default_emulate_view|  reg2reg| u_finalize/u_norm_product_reg_reg[1][72]/D         |
|  -0.958|   -0.958|-438.495| -440.134|   31.47%|   0:00:00.0| 5119.4M|default_emulate_view|  reg2reg| u_finalize/u_norm_product_reg_reg[1][72]/D         |
|  -0.958|   -0.958|-438.491| -440.131|   31.47%|   0:00:00.0| 5119.4M|default_emulate_view|  reg2reg| u_finalize/u_norm_product_reg_reg[1][72]/D         |
|  -0.958|   -0.958|-438.416| -440.056|   31.47%|   0:00:01.0| 5119.4M|default_emulate_view|  reg2reg| u_finalize/u_norm_product_reg_reg[1][72]/D         |
|  -0.958|   -0.958|-430.667| -432.306|   31.48%|   0:00:00.0| 5120.9M|default_emulate_view|  reg2reg| u_finalize/u_norm_product_reg_reg[1][73]/D         |
|  -0.958|   -0.958|-425.802| -427.441|   31.49%|   0:00:01.0| 5121.2M|default_emulate_view|  reg2reg| u_finalize/u_norm_product_reg_reg[1][73]/D         |
|  -0.958|   -0.958|-425.137| -426.776|   31.49%|   0:00:00.0| 5121.2M|default_emulate_view|  reg2reg| u_finalize/u_norm_product_reg_reg[1][73]/D         |
|  -0.958|   -0.958|-414.363| -416.003|   31.51%|   0:00:02.0| 5122.5M|default_emulate_view|  reg2reg| u_finalize/u_norm_product_reg_reg[0][68]/D         |
|  -0.958|   -0.958|-407.389| -409.029|   31.51%|   0:00:00.0| 5123.0M|default_emulate_view|  reg2reg| u_finalize/u_norm_product_reg_reg[0][68]/D         |
|  -0.958|   -0.958|-407.364| -409.004|   31.52%|   0:00:00.0| 5123.0M|default_emulate_view|  reg2reg| u_finalize/u_norm_product_reg_reg[0][68]/D         |
|  -0.958|   -0.958|-406.956| -408.596|   31.52%|   0:00:01.0| 5123.0M|default_emulate_view|  reg2reg| u_finalize/u_norm_product_reg_reg[1][64]/D         |
|  -0.958|   -0.958|-405.280| -406.919|   31.52%|   0:00:00.0| 5123.1M|default_emulate_view|  reg2reg| u_finalize/u_norm_product_reg_reg[1][64]/D         |
|  -0.958|   -0.958|-405.277| -406.917|   31.52%|   0:00:00.0| 5123.1M|default_emulate_view|  reg2reg| u_finalize/u_norm_product_reg_reg[1][64]/D         |
|  -0.958|   -0.958|-398.607| -400.247|   31.54%|   0:00:01.0| 5123.7M|default_emulate_view|  reg2reg| u_finalize/u_norm_product_reg_reg[0][55]/D         |
|  -0.958|   -0.958|-394.458| -396.097|   31.54%|   0:00:01.0| 5123.9M|default_emulate_view|  reg2reg| u_finalize/u_norm_product_reg_reg[1][47]/D         |
|  -0.958|   -0.958|-391.835| -393.474|   31.55%|   0:00:01.0| 5124.2M|default_emulate_view|  reg2reg| u_finalize/u_norm_product_reg_reg[1][60]/D         |
|  -0.958|   -0.958|-385.378| -387.017|   31.56%|   0:00:01.0| 5124.2M|default_emulate_view|  reg2reg| u_finalize/u_norm_product_reg_reg[1][60]/D         |
|  -0.958|   -0.958|-385.215| -386.854|   31.56%|   0:00:00.0| 5124.2M|default_emulate_view|  reg2reg| u_finalize/u_norm_product_reg_reg[1][60]/D         |
|  -0.958|   -0.958|-384.410| -386.049|   31.56%|   0:00:00.0| 5124.2M|default_emulate_view|  reg2reg| u_finalize/u_norm_product_reg_reg[1][60]/D         |
|  -0.958|   -0.958|-378.794| -380.434|   31.58%|   0:00:02.0| 5191.0M|default_emulate_view|  reg2reg| u_finalize/u_norm_product_reg_reg[0][60]/D         |
|  -0.958|   -0.958|-372.223| -373.863|   31.60%|   0:00:02.0| 5206.9M|default_emulate_view|  reg2reg| u_finalize/u_norm_product_reg_reg[0][39]/D         |
|  -0.958|   -0.958|-363.996| -365.635|   31.61%|   0:00:01.0| 5699.7M|default_emulate_view|  reg2reg| u_core_u_update/acc_mul_reg_reg[0][61]/D           |
|  -0.958|   -0.958|-354.097| -355.737|   31.65%|   0:00:02.0| 5701.1M|default_emulate_view|  reg2reg| u_finalize/u_norm_product_reg_reg[0][39]/D         |
|  -0.958|   -0.958|-349.456| -351.095|   31.66%|   0:00:01.0| 5702.3M|default_emulate_view|  reg2reg| u_finalize/u_norm_product_reg_reg[0][39]/D         |
|  -0.958|   -0.958|-349.196| -350.835|   31.66%|   0:00:00.0| 5702.3M|default_emulate_view|  reg2reg| u_finalize/u_norm_product_reg_reg[0][39]/D         |
|  -0.958|   -0.958|-347.523| -349.163|   31.66%|   0:00:01.0| 5702.3M|default_emulate_view|  reg2reg| u_finalize/u_norm_product_reg_reg[0][39]/D         |
|  -0.958|   -0.958|-340.992| -342.632|   31.68%|   0:00:02.0| 5704.4M|default_emulate_view|  reg2reg| u_finalize/u_norm_product_reg_reg[1][52]/D         |
|  -0.958|   -0.958|-336.349| -337.988|   31.71%|   0:00:03.0| 5712.8M|default_emulate_view|  reg2reg| u_finalize/u_norm_product_reg_reg[1][52]/D         |
|  -0.958|   -0.958|-336.063| -337.702|   31.72%|   0:00:00.0| 5712.8M|default_emulate_view|  reg2reg| u_finalize/u_norm_product_reg_reg[1][52]/D         |
|  -0.958|   -0.958|-332.354| -333.993|   31.75%|   0:00:01.0| 5713.1M|default_emulate_view|  reg2reg| u_finalize/u_norm_product_reg_reg[1][52]/D         |
|  -0.958|   -0.958|-325.523| -327.163|   31.80%|   0:00:03.0| 5847.2M|default_emulate_view|  reg2reg| u_core_u_update/acc_mul_reg_reg[9][61]/D           |
|  -0.958|   -0.958|-325.130| -326.769|   31.80%|   0:00:01.0| 5846.3M|default_emulate_view|  reg2reg| u_finalize/u_norm_product_reg_reg[1][56]/D         |
|  -0.958|   -0.958|-322.074| -323.713|   31.84%|   0:00:01.0| 5848.0M|default_emulate_view|  reg2reg| u_finalize/u_norm_product_reg_reg[1][56]/D         |
|  -0.958|   -0.958|-321.878| -323.517|   31.84%|   0:00:00.0| 5848.0M|default_emulate_view|  reg2reg| u_finalize/u_norm_product_reg_reg[1][56]/D         |
|  -0.958|   -0.958|-319.299| -320.938|   31.86%|   0:00:01.0| 5848.5M|default_emulate_view|  reg2reg| u_finalize/u_norm_product_reg_reg[1][56]/D         |
|  -0.958|   -0.958|-312.815| -314.455|   31.91%|   0:00:03.0| 5849.0M|default_emulate_view|  reg2reg| u_core_u_update/acc_mul_reg_reg[0][43]/D           |
|  -0.958|   -0.958|-312.617| -314.257|   31.91%|   0:00:00.0| 5847.6M|default_emulate_view|  reg2reg| u_core_u_update/acc_mul_reg_reg[0][43]/D           |
|  -0.958|   -0.958|-309.443| -311.083|   31.95%|   0:00:02.0| 5848.5M|default_emulate_view|  reg2reg| u_core_u_update/acc_mul_reg_reg[0][43]/D           |
|  -0.958|   -0.958|-307.176| -308.815|   31.97%|   0:00:01.0| 5848.6M|default_emulate_view|  reg2reg| u_core_u_update/acc_mul_reg_reg[0][43]/D           |
|  -0.958|   -0.958|-303.811| -305.450|   32.00%|   0:00:03.0| 5861.9M|default_emulate_view|  reg2reg| u_core_u_update/acc_mul_reg_reg[3][57]/D           |
|  -0.958|   -0.958|-303.298| -304.938|   32.01%|   0:00:00.0| 5862.5M|default_emulate_view|  reg2reg| u_core_u_update/acc_mul_reg_reg[3][57]/D           |
|  -0.958|   -0.958|-300.827| -302.467|   32.04%|   0:00:02.0| 5863.4M|default_emulate_view|  reg2reg| u_core_u_update/acc_mul_reg_reg[3][57]/D           |
|  -0.958|   -0.958|-299.051| -300.690|   32.07%|   0:00:02.0| 5864.7M|default_emulate_view|  reg2reg| u_core_u_update/acc_mul_reg_reg[3][57]/D           |
|  -0.958|   -0.958|-296.111| -297.750|   32.09%|   0:00:03.0| 5863.6M|default_emulate_view|  reg2reg| u_core_u_update/acc_mul_reg_reg[14][63]/D          |
|  -0.958|   -0.958|-295.869| -297.509|   32.10%|   0:00:00.0| 5863.8M|default_emulate_view|  reg2reg| u_core_u_update/acc_mul_reg_reg[14][63]/D          |
|  -0.958|   -0.958|-294.908| -296.547|   32.11%|   0:00:01.0| 5864.5M|default_emulate_view|  reg2reg| u_core_u_update/acc_mul_reg_reg[14][63]/D          |
|  -0.958|   -0.958|-294.899| -296.538|   32.11%|   0:00:00.0| 5864.7M|default_emulate_view|  reg2reg| u_core_u_update/acc_mul_reg_reg[14][63]/D          |
|  -0.958|   -0.958|-294.664| -296.303|   32.11%|   0:00:01.0| 5865.3M|default_emulate_view|  reg2reg| u_core_u_update/acc_mul_reg_reg[14][63]/D          |
|  -0.958|   -0.958|-291.831| -293.470|   32.13%|   0:00:02.0| 5863.0M|default_emulate_view|  reg2reg| u_core_u_update/acc_mul_reg_reg[10][63]/D          |
|  -0.958|   -0.958|-291.565| -293.204|   32.13%|   0:00:01.0| 5863.3M|default_emulate_view|  reg2reg| u_core_u_update/acc_mul_reg_reg[10][63]/D          |
|  -0.958|   -0.958|-290.791| -292.431|   32.14%|   0:00:00.0| 5863.6M|default_emulate_view|  reg2reg| u_core_u_update/acc_mul_reg_reg[10][63]/D          |
|  -0.958|   -0.958|-290.789| -292.428|   32.14%|   0:00:00.0| 5863.8M|default_emulate_view|  reg2reg| u_core_u_update/acc_mul_reg_reg[10][63]/D          |
|  -0.958|   -0.958|-290.423| -292.062|   32.14%|   0:00:01.0| 5863.4M|default_emulate_view|  reg2reg| u_core_u_update/acc_mul_reg_reg[10][63]/D          |
|  -0.958|   -0.958|-284.653| -286.292|   32.16%|   0:00:03.0| 5857.2M|default_emulate_view|  reg2reg| u_core_u_update/acc_mul_reg_reg[10][58]/D          |
|  -0.958|   -0.958|-284.352| -285.991|   32.16%|   0:00:00.0| 5857.9M|default_emulate_view|  reg2reg| u_core_u_update/acc_mul_reg_reg[10][58]/D          |
|  -0.958|   -0.958|-283.430| -285.069|   32.17%|   0:00:01.0| 5858.5M|default_emulate_view|  reg2reg| u_core_u_update/acc_mul_reg_reg[10][58]/D          |
|  -0.958|   -0.958|-283.427| -285.067|   32.18%|   0:00:00.0| 5858.7M|default_emulate_view|  reg2reg| u_core_u_update/acc_mul_reg_reg[10][58]/D          |
|  -0.958|   -0.958|-283.098| -284.738|   32.18%|   0:00:00.0| 5858.7M|default_emulate_view|  reg2reg| u_core_u_update/acc_mul_reg_reg[10][58]/D          |
|  -0.958|   -0.958|-278.689| -280.328|   32.20%|   0:00:03.0| 5859.6M|default_emulate_view|  reg2reg| u_core_u_update/acc_mul_reg_reg[4][35]/D           |
|  -0.958|   -0.958|-278.281| -279.921|   32.20%|   0:00:00.0| 5859.8M|default_emulate_view|  reg2reg| u_core_u_update/acc_mul_reg_reg[4][35]/D           |
|  -0.958|   -0.958|-276.923| -278.582|   32.22%|   0:00:01.0| 5860.4M|default_emulate_view|  reg2reg| u_core_u_update/acc_mul_reg_reg[4][35]/D           |
|  -0.958|   -0.958|-276.834| -278.493|   32.22%|   0:00:00.0| 5860.5M|default_emulate_view|  reg2reg| u_core_u_update/acc_mul_reg_reg[4][35]/D           |
|  -0.958|   -0.958|-272.404| -274.063|   32.24%|   0:00:02.0| 5862.1M|default_emulate_view|  reg2reg| u_core_u_update/acc_mul_reg_reg[0][32]/D           |
|  -0.958|   -0.958|-272.387| -274.046|   32.24%|   0:00:00.0| 5862.3M|default_emulate_view|  reg2reg| u_core_u_update/acc_mul_reg_reg[0][32]/D           |
|  -0.958|   -0.958|-271.047| -272.710|   32.25%|   0:00:00.0| 5862.6M|default_emulate_view|  reg2reg| u_core_u_update/acc_mul_reg_reg[0][32]/D           |
|  -0.958|   -0.958|-270.798| -272.462|   32.25%|   0:00:01.0| 5863.4M|default_emulate_view|  reg2reg| u_core_u_update/acc_mul_reg_reg[0][32]/D           |
|  -0.958|   -0.958|-264.914| -266.525|   32.27%|   0:00:01.0| 5863.3M|default_emulate_view|  reg2reg| u_core_u_update/acc_mul_reg_reg[1][32]/D           |
|  -0.958|   -0.958|-264.845| -266.456|   32.27%|   0:00:00.0| 5863.4M|default_emulate_view|  reg2reg| u_core_u_update/acc_mul_reg_reg[1][32]/D           |
|  -0.958|   -0.958|-262.986| -264.601|   32.28%|   0:00:01.0| 5863.7M|default_emulate_view|  reg2reg| u_core_u_update/acc_mul_reg_reg[1][32]/D           |
|  -0.958|   -0.958|-262.967| -264.583|   32.28%|   0:00:00.0| 5863.7M|default_emulate_view|  reg2reg| u_core_u_update/acc_mul_reg_reg[1][32]/D           |
|  -0.958|   -0.958|-262.565| -264.181|   32.29%|   0:00:01.0| 5863.5M|default_emulate_view|  reg2reg| u_core_u_update/acc_mul_reg_reg[1][32]/D           |
|  -0.958|   -0.958|-257.211| -258.959|   32.32%|   0:00:02.0| 5864.9M|default_emulate_view|  reg2reg| u_core_u_update/acc_mul_reg_reg[8][27]/D           |
|  -0.958|   -0.958|-256.982| -258.729|   32.32%|   0:00:00.0| 5864.9M|default_emulate_view|  reg2reg| u_core_u_update/acc_mul_reg_reg[8][27]/D           |
|  -0.958|   -0.958|-254.449| -256.199|   32.35%|   0:00:01.0| 5864.9M|default_emulate_view|  reg2reg| u_core_u_update/acc_mul_reg_reg[8][27]/D           |
|  -0.958|   -0.958|-253.835| -255.587|   32.36%|   0:00:00.0| 5865.2M|default_emulate_view|  reg2reg| u_core_u_update/acc_mul_reg_reg[8][27]/D           |
|  -0.958|   -0.958|-249.027| -250.766|   32.38%|   0:00:02.0| 5865.6M|default_emulate_view|  reg2reg| u_core_u_update/acc_mul_reg_reg[1][26]/D           |
|  -0.958|   -0.958|-248.938| -250.677|   32.39%|   0:00:01.0| 5865.7M|default_emulate_view|  reg2reg| u_core_u_update/acc_mul_reg_reg[1][26]/D           |
|  -0.958|   -0.958|-247.140| -248.864|   32.40%|   0:00:00.0| 5866.1M|default_emulate_view|  reg2reg| u_core_u_update/acc_mul_reg_reg[1][26]/D           |
|  -0.958|   -0.958|-247.107| -248.830|   32.40%|   0:00:00.0| 5866.1M|default_emulate_view|  reg2reg| u_core_u_update/acc_mul_reg_reg[1][26]/D           |
|  -0.958|   -0.958|-246.421| -248.147|   32.41%|   0:00:01.0| 5866.2M|default_emulate_view|  reg2reg| u_core_u_update/acc_mul_reg_reg[1][26]/D           |
|  -0.958|   -0.958|-241.889| -243.540|   32.44%|   0:00:02.0| 5864.9M|default_emulate_view|  reg2reg| u_core_u_update/v_mul_reg_reg[5][27]/D             |
|  -0.958|   -0.958|-241.419| -243.084|   32.45%|   0:00:01.0| 5865.1M|default_emulate_view|  reg2reg| u_core_u_update/v_mul_reg_reg[5][27]/D             |
|  -0.958|   -0.958|-240.125| -241.796|   32.46%|   0:00:01.0| 5865.1M|default_emulate_view|  reg2reg| u_core_u_update/v_mul_reg_reg[5][27]/D             |
|  -0.958|   -0.958|-240.014| -241.667|   32.46%|   0:00:01.0| 5865.2M|default_emulate_view|  reg2reg| u_core_u_update/v_mul_reg_reg[5][27]/D             |
|  -0.958|   -0.958|-239.562| -241.161|   32.47%|   0:00:00.0| 5865.6M|default_emulate_view|  reg2reg| u_core_u_update/v_mul_reg_reg[5][27]/D             |
|  -0.958|   -0.958|-236.921| -238.487|   32.51%|   0:00:03.0| 5868.0M|default_emulate_view|  reg2reg| u_core_u_update/acc_mul_reg_reg[12][28]/D          |
|  -0.958|   -0.958|-236.858| -238.424|   32.51%|   0:00:00.0| 5867.9M|default_emulate_view|  reg2reg| u_core_u_update/acc_mul_reg_reg[12][28]/D          |
|  -0.958|   -0.958|-236.060| -237.626|   32.53%|   0:00:01.0| 5868.0M|default_emulate_view|  reg2reg| u_core_u_update/acc_mul_reg_reg[12][28]/D          |
|  -0.958|   -0.958|-236.016| -237.586|   32.53%|   0:00:00.0| 5868.0M|default_emulate_view|  reg2reg| u_core_u_update/acc_mul_reg_reg[12][28]/D          |
|  -0.958|   -0.958|-235.642| -237.212|   32.54%|   0:00:00.0| 5868.0M|default_emulate_view|  reg2reg| u_core_u_update/acc_mul_reg_reg[12][28]/D          |
|  -0.958|   -0.958|-234.130| -235.685|   32.56%|   0:00:02.0| 5867.5M|default_emulate_view|  reg2reg| u_finalize/u_norm_product_reg_reg[0][29]/D         |
|  -0.958|   -0.958|-234.039| -235.595|   32.57%|   0:00:00.0| 5867.5M|default_emulate_view|  reg2reg| u_finalize/u_norm_product_reg_reg[0][29]/D         |
|  -0.958|   -0.958|-233.909| -235.464|   32.57%|   0:00:01.0| 5867.5M|default_emulate_view|  reg2reg| u_finalize/u_norm_product_reg_reg[0][29]/D         |
|  -0.958|   -0.958|-233.882| -235.437|   32.58%|   0:00:00.0| 5867.5M|default_emulate_view|  reg2reg| u_finalize/u_norm_product_reg_reg[0][29]/D         |
|  -0.958|   -0.958|-233.609| -235.141|   32.58%|   0:00:01.0| 5867.4M|default_emulate_view|  reg2reg| u_core_u_score_exp_product_s0_reg[18]/D            |
|  -0.958|   -0.958|-233.544| -235.077|   32.58%|   0:00:00.0| 5866.8M|default_emulate_view|  reg2reg| u_core_u_score_exp_product_s0_reg[18]/D            |
|  -0.958|   -0.958|-233.544| -235.077|   32.58%|   0:00:01.0| 5866.6M|default_emulate_view|  reg2reg| u_core_u_update/u_v_sram_g_bank[0].u_bank_p0_rw_rd |
|        |         |        |         |         |            |        |                    |         | ata_reg[14]/D                                      |
+--------+---------+--------+---------+---------+------------+--------+--------------------+---------+----------------------------------------------------+

*** Finish Core Optimize Step (cpu=0:07:59 real=0:01:36 mem=5866.6M) ***

*** Finished Optimize Step Cumulative (cpu=0:08:52 real=0:01:46 mem=5868.8M) ***
OptDebug: End of Optimizer TNS Pass:
+----------+------+--------+
|Path Group|   WNS|     TNS|
+----------+------+--------+
|default   |-0.216|  -2.233|
|reg2reg   |-0.958|-233.544|
|HEPG      |-0.958|-233.544|
|All Paths |-0.958|-235.077|
+----------+------+--------+

*** Finished re-routing un-routed nets (5264.5M) ***

*** Finish Physical Update (cpu=0:00:05.2 real=0:00:04.0 mem=5265.8M) ***
** GigaOpt Optimizer WNS Slack -0.958 TNS Slack -235.077 Density 32.58
OptDebug: End of Setup Fixing:
+----------+------+--------+
|Path Group|   WNS|     TNS|
+----------+------+--------+
|default   |-0.216|  -2.233|
|reg2reg   |-0.958|-233.544|
|HEPG      |-0.958|-233.544|
|All Paths |-0.958|-235.077|
+----------+------+--------+

**** Begin Transform Statistics ****
+-----------------------------+-------+-----------+------------+------------+----------+----------+----------+--------+--------------+--------------+-------+------------------+------------------------+
|                    Transform| Called| Pre Filter| Filter Eval| Detail Eval| Committed|       CPU| CommitCPU| Density| Leakage Power| Dynamic Power| Delete| buffers/inverters| Resize Tot/FF/HghtIncFF|
+-----------------------------+-------+-----------+------------+------------+----------+----------+----------+--------+--------------+--------------+-------+------------------+------------------------+
|                    remapGate|  22676|       9441|        5340|        3015|      1839|   0:02:09| 0:00:02.3|   0.626|      0.000000|      0.000000|     NA|                NA|                      NA|
|              lowEffortResize|  31881|      31620|       14701|        7096|      4652|   0:01:24| 0:00:00.3|   0.344|      0.000000|      0.000000|     NA|                NA|               4652/89/0|
| MultiBufferLowEffortPreRoute|   8870|       8511|        2248|         875|       506| 0:00:54.3| 0:00:00.4|   0.148|      0.000000|      0.000000|     NA|            640/79|                      NA|
|             rebufferPreRoute|   2496|       2348|         518|          55|        30| 0:00:46.4| 0:00:00.1|   0.010|      0.000000|      0.000000|    125|            88/157|                   4/0/0|
|             bufToInvPreRoute|   1985|        468|          31|           0|         0| 0:00:11.7| 0:00:00.0|   0.000|      0.000000|      0.000000|     NA|                NA|                      NA|
|          DeleteBufInvTreeTNS|   2242|        233|         233|           7|         7| 0:00:04.8| 0:00:00.0|  -0.003|      0.000000|      0.000000|     NA|                NA|                      NA|
|                 DeleteBuffer|   2358|        101|         101|           5|         4| 0:00:01.0| 0:00:00.0|  -0.002|      0.000000|      0.000000|     NA|                NA|                      NA|
|        RouteTypeAssignResize|  31881|          0|           0|           0|         0| 0:00:00.3| 0:00:00.0|   0.000|      0.000000|      0.000000|     NA|                NA|                      NA|
+-----------------------------+-------+-----------+------------+------------+----------+----------+----------+--------+--------------+--------------+-------+------------------+------------------------+
**** End Transform Statistics ****
Bottom Preferred Layer:
+-------------+------------+----------+
|    Layer    |   OPT_LA   |   Rule   |
+-------------+------------+----------+
| met3 (z=4)  |        237 | default  |
| met4 (z=5)  |         55 | default  |
+-------------+------------+----------+
Via Pillar Rule:
    None

*** Finish pre-CTS Setup Fixing (cpu=0:09:02 real=0:01:52 mem=5266.8M) ***

**** Begin Polishing Statistics ****
 #NodeCalled:365; #SubnwCalled:0(#candNode:0); #PassFilter:180; #PassDetailEval:151; #FailedDetailEval:48; #FilterCandSol:283; #CPU:0:00:00.9; #transformCPU:0:00:00.8
**** End Polishing Statistics ****
*** TnsOpt #1 [finish] (place_opt_design #1) : cpu/real = 0:09:10.7/0:01:58.5 (4.6), totSession cpu/real = 1:15:32.1/0:20:04.6 (3.8), mem = 4976.7M
End: GigaOpt Optimization in TNS mode
*** Timing NOT met, worst failing slack is -0.958
*** Check timing (0:00:00.0)
Begin: GigaOpt Optimization in WNS mode
GigaOpt Checkpoint: Internal optTiming -maxLocalDensity 1.2 -maxLocalDensityForHardenOpt 1.2 -numThreads 8 -preCTS -wtns -pgMode all -ipoTgtSlackCoef 1.5 -effTgtSlackCoef 1 -nativePathGroupFlow -NDROptEffortAuto -usefulSkew -nonLegalPlaceEcoBumpRecoveryInWNSOpt
Info: 1 clock net  excluded from IPO operation.
*** WnsOpt #1 [begin] (place_opt_design #1) : totSession cpu/real = 1:15:33.9/0:20:06.4 (3.8), mem = 4960.8M
*info: 1 clock net excluded
*info: 962 no-driver nets excluded.
#InfoCS: Num dontuse cells 10, Num usable cells 386, Num real usable cells 383
** GigaOpt Optimizer WNS Slack -0.958 TNS Slack -235.077 Density 32.58
OptDebug: Start of Optimizer WNS Pass 0:
+----------+------+--------+
|Path Group|   WNS|     TNS|
+----------+------+--------+
|default   |-0.216|  -2.233|
|reg2reg   |-0.958|-233.544|
|HEPG      |-0.958|-233.544|
|All Paths |-0.958|-235.077|
+----------+------+--------+

Active Path Group: reg2reg  
+--------+---------+--------+---------+---------+------------+--------+--------------------+---------+----------------------------------------------------+
|  WNS   | All WNS |  TNS   | All TNS | Density |    Real    |  Mem   |     Worst View     |Pathgroup|                     End Point                      |
+--------+---------+--------+---------+---------+------------+--------+--------------------+---------+----------------------------------------------------+
|  -0.958|   -0.958|-233.544| -235.077|   32.58%|   0:00:00.0| 5012.5M|default_emulate_view|  reg2reg| u_core_u_update/u_v_sram_g_bank[0].u_bank_p0_rw_rd |
|        |         |        |         |         |            |        |                    |         | ata_reg[14]/D                                      |
|  -0.901|   -0.901|-232.947| -234.479|   32.58%|   0:00:00.0| 5108.0M|default_emulate_view|  reg2reg| u_core_u_update/u_v_sram_g_bank[0].u_bank_p0_rw_rd |
|        |         |        |         |         |            |        |                    |         | ata_reg[17]/D                                      |
|  -0.842|   -0.842|-232.802| -234.334|   32.58%|   0:00:01.0| 5116.7M|default_emulate_view|  reg2reg| u_core_u_update/u_v_sram_g_bank[0].u_bank_p0_rw_rd |
|        |         |        |         |         |            |        |                    |         | ata_reg[16]/D                                      |
|  -0.800|   -0.800|-232.760| -234.292|   32.58%|   0:00:00.0| 5117.1M|default_emulate_view|  reg2reg| u_core_u_update/u_v_sram_g_bank[0].u_bank_p0_rw_rd |
|        |         |        |         |         |            |        |                    |         | ata_reg[16]/D                                      |
|  -0.756|   -0.756|-232.706| -234.238|   32.58%|   0:00:00.0| 5117.2M|default_emulate_view|  reg2reg| u_core_u_update/u_v_sram_g_bank[0].u_bank_p0_rw_rd |
|        |         |        |         |         |            |        |                    |         | ata_reg[17]/D                                      |
|  -0.746|   -0.746|-232.671| -234.203|   32.58%|   0:00:00.0| 5124.1M|default_emulate_view|  reg2reg| u_core_u_update/u_v_sram_g_bank[0].u_bank_p0_rw_rd |
|        |         |        |         |         |            |        |                    |         | ata_reg[16]/D                                      |
|  -0.729|   -0.729|-232.614| -234.147|   32.58%|   0:00:00.0| 5126.4M|default_emulate_view|  reg2reg| u_core_u_update/u_v_sram_g_bank[0].u_bank_p0_rw_rd |
|        |         |        |         |         |            |        |                    |         | ata_reg[16]/D                                      |
|  -0.712|   -0.712|-232.575| -234.108|   32.58%|   0:00:00.0| 5143.3M|default_emulate_view|  reg2reg| u_core_u_update/u_v_sram_g_bank[0].u_bank_p0_rw_rd |
|        |         |        |         |         |            |        |                    |         | ata_reg[17]/D                                      |
|  -0.699|   -0.699|-232.290| -233.822|   32.58%|   0:00:00.0| 5153.9M|default_emulate_view|  reg2reg| u_core_u_update/u_v_sram_g_bank[0].u_bank_p0_rw_rd |
|        |         |        |         |         |            |        |                    |         | ata_reg[16]/D                                      |
|  -0.676|   -0.676|-232.267| -233.799|   32.58%|   0:00:00.0| 5154.9M|default_emulate_view|  reg2reg| u_core_u_update/u_v_sram_g_bank[0].u_bank_p0_rw_rd |
|        |         |        |         |         |            |        |                    |         | ata_reg[16]/D                                      |
|  -0.658|   -0.658|-232.173| -233.705|   32.58%|   0:00:00.0| 5158.0M|default_emulate_view|  reg2reg| u_core_u_update/u_v_sram_g_bank[0].u_bank_p0_rw_rd |
|        |         |        |         |         |            |        |                    |         | ata_reg[37]/D                                      |
|  -0.644|   -0.644|-232.122| -233.655|   32.58%|   0:00:00.0| 5158.1M|default_emulate_view|  reg2reg| u_core_u_update/u_v_sram_g_bank[0].u_bank_p0_rw_rd |
|        |         |        |         |         |            |        |                    |         | ata_reg[14]/D                                      |
|  -0.644|   -0.644|-232.004| -233.536|   32.58%|   0:00:01.0| 5158.5M|default_emulate_view|  reg2reg| u_core_u_update/u_v_sram_g_bank[0].u_bank_p0_rw_rd |
|        |         |        |         |         |            |        |                    |         | ata_reg[14]/D                                      |
|  -0.644|   -0.644|-232.004| -233.536|   32.58%|   0:00:00.0| 5158.5M|default_emulate_view|  reg2reg| u_core_u_update/u_v_sram_g_bank[0].u_bank_p0_rw_rd |
|        |         |        |         |         |            |        |                    |         | ata_reg[14]/D                                      |
+--------+---------+--------+---------+---------+------------+--------+--------------------+---------+----------------------------------------------------+

*** Finish Core Optimize Step (cpu=0:00:05.2 real=0:00:02.0 mem=5158.5M) ***
Active Path Group: default 
+--------+---------+--------+---------+---------+------------+--------+--------------------+---------+----------------------------------------------------+
|  WNS   | All WNS |  TNS   | All TNS | Density |    Real    |  Mem   |     Worst View     |Pathgroup|                     End Point                      |
+--------+---------+--------+---------+---------+------------+--------+--------------------+---------+----------------------------------------------------+
|  -0.216|   -0.644|  -2.233| -233.536|   32.58%|   0:00:00.0| 5160.4M|default_emulate_view|  default| u_core_u_update/u_v_sram_g_bank[0].u_bank_p0_rw_rd |
|        |         |        |         |         |            |        |                    |         | ata_reg[7]/D                                       |
|  -0.133|   -0.644|  -1.255| -232.695|   32.58%|   0:00:00.0| 5182.5M|default_emulate_view|  default| u_core_u_update/u_v_sram_g_bank[1].u_bank_p0_rw_rd |
|        |         |        |         |         |            |        |                    |         | ata_reg[10]/D                                      |
|  -0.087|   -0.644|  -0.720| -232.483|   32.58%|   0:00:01.0| 5202.7M|default_emulate_view|  default| u_core_u_update/u_v_sram_g_bank[1].u_bank_p0_rw_rd |
|        |         |        |         |         |            |        |                    |         | ata_reg[10]/D                                      |
|  -0.065|   -0.644|  -0.311| -232.199|   32.58%|   0:00:00.0| 5205.9M|default_emulate_view|  default| u_core_u_update/mul_v_data_reg_reg[0][2]/D         |
|  -0.002|   -0.644|  -0.002| -232.006|   32.58%|   0:00:00.0| 5223.3M|default_emulate_view|  default| u_core_u_update/mul_v_data_reg_reg[0][2]/D         |
|   0.028|   -0.644|   0.000| -232.004|   32.58%|   0:00:01.0| 5241.6M|default_emulate_view|  default| u_core_u_update/meta_wr_data_reg[32]/D             |
|   0.047|   -0.644|   0.000| -232.004|   32.58%|   0:00:00.0| 5357.8M|default_emulate_view|  default| m_axi_wdata[43]                                    |
|   0.047|   -0.644|   0.000| -232.004|   32.58%|   0:00:00.0| 5357.6M|default_emulate_view|  default| m_axi_wdata[43]                                    |
+--------+---------+--------+---------+---------+------------+--------+--------------------+---------+----------------------------------------------------+

*** Finish Core Optimize Step (cpu=0:00:07.5 real=0:00:02.0 mem=5357.6M) ***

*** Finished Optimize Step Cumulative (cpu=0:00:32.3 real=0:00:08.0 mem=5357.6M) ***
OptDebug: End of Optimizer WNS Pass 0:
+----------+------+--------+
|Path Group|   WNS|     TNS|
+----------+------+--------+
|default   | 0.047|   0.000|
|reg2reg   |-0.644|-232.004|
|HEPG      |-0.644|-232.004|
|All Paths |-0.644|-232.004|
+----------+------+--------+

** GigaOpt Optimizer WNS Slack -0.644 TNS Slack -232.004 Density 32.58
** GigaOpt Optimizer WNS Slack -0.644 TNS Slack -232.004 Density 32.58
OptDebug: Start of Optimizer WNS Pass 1:
+----------+------+--------+
|Path Group|   WNS|     TNS|
+----------+------+--------+
|default   | 0.047|   0.000|
|reg2reg   |-0.644|-232.004|
|HEPG      |-0.644|-232.004|
|All Paths |-0.644|-232.004|
+----------+------+--------+

Active Path Group: reg2reg  
+--------+---------+--------+---------+---------+------------+--------+--------------------+---------+----------------------------------------------------+
|  WNS   | All WNS |  TNS   | All TNS | Density |    Real    |  Mem   |     Worst View     |Pathgroup|                     End Point                      |
+--------+---------+--------+---------+---------+------------+--------+--------------------+---------+----------------------------------------------------+
|  -0.644|   -0.644|-232.004| -232.004|   32.58%|   0:00:00.0| 5360.6M|default_emulate_view|  reg2reg| u_core_u_update/u_v_sram_g_bank[0].u_bank_p0_rw_rd |
|        |         |        |         |         |            |        |                    |         | ata_reg[14]/D                                      |
|  -0.644|   -0.644|-232.004| -232.004|   32.58%|   0:00:00.0| 5360.6M|default_emulate_view|  reg2reg| u_core_u_update/u_v_sram_g_bank[0].u_bank_p0_rw_rd |
|        |         |        |         |         |            |        |                    |         | ata_reg[14]/D                                      |
+--------+---------+--------+---------+---------+------------+--------+--------------------+---------+----------------------------------------------------+

*** Finish Core Optimize Step (cpu=0:00:00.6 real=0:00:00.0 mem=5360.6M) ***

*** Finished Optimize Step Cumulative (cpu=0:00:19.0 real=0:00:05.0 mem=5361.7M) ***
OptDebug: End of Optimizer WNS Pass 1:
+----------+------+--------+
|Path Group|   WNS|     TNS|
+----------+------+--------+
|default   | 0.047|   0.000|
|reg2reg   |-0.644|-232.004|
|HEPG      |-0.644|-232.004|
|All Paths |-0.644|-232.004|
+----------+------+--------+

OptDebug: Start of Optimizer WNS Pass 2:
+----------+------+--------+
|Path Group|   WNS|     TNS|
+----------+------+--------+
|default   | 0.047|   0.000|
|reg2reg   |-0.644|-232.004|
|HEPG      |-0.644|-232.004|
|All Paths |-0.644|-232.004|
+----------+------+--------+

Active Path Group: reg2reg  
+--------+---------+--------+---------+---------+------------+--------+--------------------+---------+----------------------------------------------------+
|  WNS   | All WNS |  TNS   | All TNS | Density |    Real    |  Mem   |     Worst View     |Pathgroup|                     End Point                      |
+--------+---------+--------+---------+---------+------------+--------+--------------------+---------+----------------------------------------------------+
|  -0.644|   -0.644|-232.004| -232.004|   32.58%|   0:00:00.0| 5362.0M|default_emulate_view|  reg2reg| u_core_u_update/u_v_sram_g_bank[0].u_bank_p0_rw_rd |
|        |         |        |         |         |            |        |                    |         | ata_reg[14]/D                                      |
Analyzing useful skew in preCTS mode ...
The view delay ratios are: (default_emulate_view 1)
|  -0.563|   -0.563|-231.366| -231.366|   32.58%|   0:00:01.0| 5363.8M|default_emulate_view|  reg2reg| u_finalize/u_norm_product_reg_reg[1][63]/D         |
|  -0.569|   -0.569|-231.130| -231.130|   32.59%|   0:00:00.0| 5364.6M|default_emulate_view|  reg2reg| u_finalize/u_norm_product_reg_reg[1][63]/D         |
|  -0.562|   -0.562|-230.973| -230.973|   32.59%|   0:00:00.0| 5365.2M|default_emulate_view|  reg2reg| u_finalize/u_norm_product_reg_reg[1][63]/D         |
|  -0.541|   -0.541|-230.318| -230.318|   32.59%|   0:00:01.0| 5365.7M|default_emulate_view|  reg2reg| u_finalize/u_norm_product_reg_reg[0][65]/D         |
|  -0.533|   -0.533|-229.810| -229.810|   32.59%|   0:00:00.0| 5366.4M|default_emulate_view|  reg2reg| u_finalize/u_norm_product_reg_reg[0][65]/D         |
|  -0.518|   -0.518|-229.228| -229.228|   32.59%|   0:00:00.0| 5367.8M|default_emulate_view|  reg2reg| u_finalize/u_norm_product_reg_reg[1][63]/D         |
|  -0.511|   -0.511|-228.253| -228.253|   32.60%|   0:00:01.0| 5372.5M|default_emulate_view|  reg2reg| u_finalize/u_norm_product_reg_reg[1][63]/D         |
|  -0.508|   -0.508|-227.421| -227.421|   32.61%|   0:00:01.0| 5374.0M|default_emulate_view|  reg2reg| u_finalize/u_norm_product_reg_reg[1][73]/D         |
|  -0.490|   -0.490|-226.922| -226.922|   32.61%|   0:00:00.0| 5374.4M|default_emulate_view|  reg2reg| u_finalize/u_norm_product_reg_reg[1][63]/D         |
|  -0.483|   -0.483|-225.316| -225.316|   32.63%|   0:00:01.0| 5375.4M|default_emulate_view|  reg2reg| u_finalize/u_norm_product_reg_reg[0][62]/D         |
|  -0.476|   -0.476|-225.186| -225.186|   32.63%|   0:00:01.0| 5375.4M|default_emulate_view|  reg2reg| u_finalize/u_norm_product_reg_reg[0][65]/D         |
|  -0.462|   -0.462|-224.230| -224.230|   32.64%|   0:00:01.0| 5378.7M|default_emulate_view|  reg2reg| u_finalize/u_norm_product_reg_reg[0][62]/D         |
|  -0.458|   -0.458|-223.806| -223.806|   32.65%|   0:00:01.0| 5379.9M|default_emulate_view|  reg2reg| u_finalize/u_norm_product_reg_reg[0][62]/D         |
|  -0.450|   -0.450|-223.391| -223.391|   32.65%|   0:00:00.0| 5380.0M|default_emulate_view|  reg2reg| u_finalize/u_norm_product_reg_reg[0][65]/D         |
|  -0.438|   -0.438|-222.439| -222.439|   32.66%|   0:00:01.0| 5380.0M|default_emulate_view|  reg2reg| u_finalize/u_norm_product_reg_reg[1][69]/D         |
|  -0.431|   -0.431|-221.222| -221.222|   32.68%|   0:00:01.0| 5380.9M|default_emulate_view|  reg2reg| u_finalize/u_norm_product_reg_reg[1][62]/D         |
|  -0.427|   -0.427|-220.601| -220.601|   32.68%|   0:00:01.0| 5386.2M|default_emulate_view|  reg2reg| u_finalize/u_norm_product_reg_reg[0][65]/D         |
|  -0.419|   -0.419|-220.048| -220.048|   32.69%|   0:00:01.0| 5389.8M|default_emulate_view|  reg2reg| u_finalize/u_norm_product_reg_reg[1][66]/D         |
|  -0.413|   -0.413|-219.570| -219.570|   32.70%|   0:00:01.0| 5390.5M|default_emulate_view|  reg2reg| u_finalize/u_norm_product_reg_reg[0][67]/D         |
|  -0.409|   -0.409|-220.859| -220.859|   32.71%|   0:00:01.0| 5405.0M|default_emulate_view|  reg2reg| u_finalize/u_norm_product_reg_reg[1][66]/D         |
|  -0.400|   -0.400|-218.657| -218.657|   32.71%|   0:00:01.0| 5405.4M|default_emulate_view|  reg2reg| u_finalize/u_norm_product_reg_reg[0][62]/D         |
|  -0.395|   -0.395|-220.247| -220.247|   32.74%|   0:00:03.0| 5406.2M|default_emulate_view|  reg2reg| u_finalize/u_norm_product_reg_reg[1][61]/D         |
|  -0.392|   -0.392|-219.265| -219.265|   32.74%|   0:00:01.0| 5407.1M|default_emulate_view|  reg2reg| u_finalize/u_norm_product_reg_reg[1][66]/D         |
|  -0.389|   -0.389|-218.418| -218.418|   32.75%|   0:00:00.0| 5407.2M|default_emulate_view|  reg2reg| u_finalize/u_norm_product_reg_reg[1][61]/D         |
|  -0.384|   -0.384|-220.760| -220.760|   32.75%|   0:00:01.0| 5407.1M|default_emulate_view|  reg2reg| u_finalize/u_norm_product_reg_reg[0][62]/D         |
|  -0.381|   -0.381|-219.538| -219.538|   32.76%|   0:00:01.0| 5407.2M|default_emulate_view|  reg2reg| u_finalize/u_norm_product_reg_reg[0][62]/D         |
|  -0.379|   -0.379|-220.930| -220.930|   32.77%|   0:00:01.0| 5407.1M|default_emulate_view|  reg2reg| u_finalize/u_norm_product_reg_reg[0][62]/D         |
|  -0.375|   -0.375|-220.997| -220.997|   32.78%|   0:00:01.0| 5407.0M|default_emulate_view|  reg2reg| u_finalize/u_norm_product_reg_reg[1][66]/D         |
|  -0.372|   -0.372|-220.182| -220.182|   32.78%|   0:00:02.0| 5406.8M|default_emulate_view|  reg2reg| u_finalize/u_norm_product_reg_reg[1][66]/D         |
|  -0.372|   -0.372|-219.903| -219.903|   32.79%|   0:00:01.0| 5406.7M|default_emulate_view|  reg2reg| u_finalize/u_norm_product_reg_reg[1][66]/D         |
|  -0.372|   -0.372|-219.704| -219.704|   32.79%|   0:00:00.0| 5406.8M|default_emulate_view|  reg2reg| u_finalize/u_norm_product_reg_reg[1][66]/D         |
Analyzing useful skew in preCTS mode ...
|  -0.303|   -0.303| -46.653|  -46.667|   32.84%|   0:00:05.0| 5418.8M|default_emulate_view|  reg2reg| u_finalize/u_norm_product_reg_reg[0][67]/D         |
|  -0.285|   -0.285| -44.662|  -44.676|   32.84%|   0:00:01.0| 5418.8M|default_emulate_view|  reg2reg| u_core_u_update/u_v_sram_g_bank[0].u_bank_p0_rw_rd |
|        |         |        |         |         |            |        |                    |         | ata_reg[14]/D                                      |
|  -0.285|   -0.285| -43.360|  -43.374|   32.85%|   0:00:01.0| 5419.0M|default_emulate_view|  reg2reg| u_core_u_update/u_v_sram_g_bank[0].u_bank_p0_rw_rd |
|        |         |        |         |         |            |        |                    |         | ata_reg[14]/D                                      |
|  -0.285|   -0.285| -42.913|  -42.927|   32.85%|   0:00:00.0| 5419.0M|default_emulate_view|  reg2reg| u_core_u_update/u_v_sram_g_bank[0].u_bank_p0_rw_rd |
|        |         |        |         |         |            |        |                    |         | ata_reg[14]/D                                      |
|  -0.285|   -0.285| -41.597|  -41.611|   32.85%|   0:00:00.0| 5419.0M|default_emulate_view|  reg2reg| u_core_u_update/u_v_sram_g_bank[0].u_bank_p0_rw_rd |
|        |         |        |         |         |            |        |                    |         | ata_reg[14]/D                                      |
|  -0.285|   -0.285| -40.966|  -40.980|   32.85%|   0:00:00.0| 5418.8M|                  NA|       NA| NA                                                 |
Analyzing useful skew in preCTS mode ...
|  -0.285|   -0.285| -36.255|  -36.443|   32.85%|   0:00:01.0| 5418.9M|default_emulate_view|  reg2reg| u_core_u_update/u_v_sram_g_bank[0].u_bank_p0_rw_rd |
|        |         |        |         |         |            |        |                    |         | ata_reg[14]/D                                      |
|  -0.285|   -0.285| -36.255|  -36.443|   32.85%|   0:00:00.0| 5418.9M|default_emulate_view|  reg2reg| u_core_u_update/u_v_sram_g_bank[0].u_bank_p0_rw_rd |
|        |         |        |         |         |            |        |                    |         | ata_reg[14]/D                                      |
+--------+---------+--------+---------+---------+------------+--------+--------------------+---------+----------------------------------------------------+

*** Finish Core Optimize Step (cpu=0:02:50 real=0:00:34.0 mem=5418.9M) ***
Active Path Group: default 
+--------+---------+--------+---------+---------+------------+--------+--------------------+---------+----------------------------------------------------+
|  WNS   | All WNS |  TNS   | All TNS | Density |    Real    |  Mem   |     Worst View     |Pathgroup|                     End Point                      |
+--------+---------+--------+---------+---------+------------+--------+--------------------+---------+----------------------------------------------------+
|  -0.149|   -0.285|  -0.347|  -36.443|   32.85%|   0:00:00.0| 5421.2M|default_emulate_view|  default| u_finalize/inv_reg_reg[28]/D                       |
|   0.047|   -0.285|   0.000|  -36.255|   32.85%|   0:00:01.0| 5444.0M|default_emulate_view|  default| m_axi_wdata[43]                                    |
|   0.047|   -0.285|   0.000|  -36.255|   32.85%|   0:00:00.0| 5444.0M|default_emulate_view|  default| m_axi_wdata[43]                                    |
+--------+---------+--------+---------+---------+------------+--------+--------------------+---------+----------------------------------------------------+

*** Finish Core Optimize Step (cpu=0:00:02.7 real=0:00:01.0 mem=5444.0M) ***

*** Finished Optimize Step Cumulative (cpu=0:03:12 real=0:00:39.0 mem=5444.0M) ***
OptDebug: End of Optimizer WNS Pass 2:
+----------+------+-------+
|Path Group|   WNS|    TNS|
+----------+------+-------+
|default   | 0.047|  0.000|
|reg2reg   |-0.285|-36.255|
|HEPG      |-0.285|-36.255|
|All Paths |-0.285|-36.255|
+----------+------+-------+

** GigaOpt Optimizer WNS Slack -0.285 TNS Slack -36.255 Density 32.85
** GigaOpt Optimizer WNS Slack -0.285 TNS Slack -36.255 Density 32.85
OptDebug: Start of Optimizer WNS Pass 3:
+----------+------+-------+
|Path Group|   WNS|    TNS|
+----------+------+-------+
|default   | 0.047|  0.000|
|reg2reg   |-0.285|-36.255|
|HEPG      |-0.285|-36.255|
|All Paths |-0.285|-36.255|
+----------+------+-------+

Active Path Group: reg2reg  
+--------+---------+--------+---------+---------+------------+--------+--------------------+---------+----------------------------------------------------+
|  WNS   | All WNS |  TNS   | All TNS | Density |    Real    |  Mem   |     Worst View     |Pathgroup|                     End Point                      |
+--------+---------+--------+---------+---------+------------+--------+--------------------+---------+----------------------------------------------------+
|  -0.285|   -0.285| -36.255|  -36.255|   32.85%|   0:00:00.0| 5444.4M|default_emulate_view|  reg2reg| u_core_u_update/u_v_sram_g_bank[0].u_bank_p0_rw_rd |
|        |         |        |         |         |            |        |                    |         | ata_reg[14]/D                                      |
Analyzing useful skew in preCTS mode ...
|  -0.285|   -0.285| -36.251|  -36.251|   32.85%|   0:00:00.0| 5444.4M|default_emulate_view|  reg2reg| u_core_u_update/u_v_sram_g_bank[0].u_bank_p0_rw_rd |
|        |         |        |         |         |            |        |                    |         | ata_reg[14]/D                                      |
+--------+---------+--------+---------+---------+------------+--------+--------------------+---------+----------------------------------------------------+

*** Finish Core Optimize Step (cpu=0:00:01.6 real=0:00:00.0 mem=5444.4M) ***

*** Finished Optimize Step Cumulative (cpu=0:00:17.0 real=0:00:04.0 mem=5444.5M) ***
OptDebug: End of Optimizer WNS Pass 3:
+----------+------+-------+
|Path Group|   WNS|    TNS|
+----------+------+-------+
|default   | 0.047|  0.000|
|reg2reg   |-0.285|-36.251|
|HEPG      |-0.285|-36.251|
|All Paths |-0.285|-36.251|
+----------+------+-------+

** GigaOpt Optimizer WNS Slack -0.285 TNS Slack -36.251 Density 32.85
** GigaOpt Optimizer WNS Slack -0.285 TNS Slack -36.251 Density 32.85
OptDebug: End of Setup Fixing:
+----------+------+-------+
|Path Group|   WNS|    TNS|
+----------+------+-------+
|default   | 0.047|  0.000|
|reg2reg   |-0.285|-36.251|
|HEPG      |-0.285|-36.251|
|All Paths |-0.285|-36.251|
+----------+------+-------+

**** Begin Transform Statistics ****
+----------------------------------+-------+-----------+------------+------------+----------+----------+----------+--------+--------------+--------------+-------+------------------+------------------------+
|                         Transform| Called| Pre Filter| Filter Eval| Detail Eval| Committed|       CPU| CommitCPU| Density| Leakage Power| Dynamic Power| Delete| buffers/inverters| Resize Tot/FF/HghtIncFF|
+----------------------------------+-------+-----------+------------+------------+----------+----------+----------+--------+--------------+--------------+-------+------------------+------------------------+
|                      SingleBuffer|   6094|       6012|        2516|        1186|       717| 0:00:40.1| 0:00:00.2|   0.078|      0.000000|      0.000000|     NA|             717/0|                      NA|
|                         remapGate|   3766|       1093|         525|         266|       184| 0:00:23.0| 0:00:00.3|   0.055|      0.000000|      0.000000|     NA|                NA|                      NA|
|                   lowEffortResize|   9575|       9562|        4276|        2684|      1803| 0:00:19.1| 0:00:00.1|   0.099|      0.000000|      0.000000|     NA|                NA|               1803/23/0|
|                  rebufferPreRoute|    608|        582|         198|          23|        12| 0:00:09.3| 0:00:00.0|  -0.002|      0.000000|      0.000000|     27|              6/31|                   3/0/0|
|      MultiBufferLowEffortPreRoute|   1396|       1325|         207|          45|        20| 0:00:06.6| 0:00:00.0|   0.008|      0.000000|      0.000000|     NA|             24/11|                      NA|
|        rebufferPreRouteHighEffort|    264|        254|         109|           2|         1| 0:00:05.5| 0:00:00.0|   0.000|      0.000000|      0.000000|      1|               2/0|                      NA|
|    booleanWithPolishingLow0Effort|    765|        700|          24|          15|         8| 0:00:05.3| 0:00:00.0|   0.001|      0.000000|      0.000000|     NA|                NA|                      NA|
|                  DeleteBufInvTree|   1672|        235|         235|           9|         3| 0:00:03.6| 0:00:00.0|  -0.001|      0.000000|      0.000000|     NA|                NA|                      NA|
|                         DupDriver|   1160|        446|         446|         133|        76| 0:00:03.2| 0:00:00.0|   0.021|      0.000000|      0.000000|     NA|                NA|                      NA|
|                             Phase|    378|        350|         247|          17|         8| 0:00:02.9| 0:00:00.0|  -0.000|     -0.000000|      0.000000|     NA|                NA|                      NA|
|    booleanWithPolishingHighEffort|    215|        196|           5|           1|         0| 0:00:02.6| 0:00:00.0|   0.000|      0.000000|      0.000000|     NA|                NA|                      NA|
| booleanWithPolishingMedium0Effort|    317|        286|           3|           0|         0| 0:00:01.9| 0:00:00.0|   0.000|      0.000000|      0.000000|     NA|                NA|                      NA|
|      GateCompositionDecomposition|    225|        205|          66|           0|         0| 0:00:01.8| 0:00:00.0|   0.000|      0.000000|      0.000000|     NA|                NA|                      NA|
|               FaninSizingImproved|    341|        151|         107|           0|         0| 0:00:01.6| 0:00:00.0|   0.000|      0.000000|      0.000000|     NA|                NA|                      NA|
|                   GateComposition|    225|        205|          66|           0|         0| 0:00:01.6| 0:00:00.0|   0.000|      0.000000|      0.000000|     NA|                NA|                      NA|
|     MultiBufferHighEffortPreRoute|    246|        236|          63|           2|         1| 0:00:01.5| 0:00:00.0|   0.001|      0.000000|      0.000000|     NA|               2/0|                   1/0/0|
|                 GateDecomposition|    225|        205|          52|           0|         0| 0:00:01.3| 0:00:00.0|   0.000|      0.000000|      0.000000|     NA|                NA|                      NA|
|            remapGateWithPolishing|    444|         75|          27|           6|         4| 0:00:01.2| 0:00:00.0|   0.001|      0.000000|      0.000000|     NA|                NA|                      NA|
|          CombPathBalanceTransform|    564|        275|           0|          35|         6| 0:00:01.2| 0:00:00.0|   0.000|      0.000000|      0.000000|     NA|                NA|                      NA|
|              ResizeMultipleFanout|    452|        409|         129|          36|        18| 0:00:01.2| 0:00:00.0|   0.001|      0.000000|      0.000000|     NA|                NA|                  19/3/0|
|                      DeleteBuffer|   1684|         94|          94|           6|         5| 0:00:01.1| 0:00:00.0|  -0.001|      0.000000|      0.000000|     NA|                NA|                      NA|
|   SeqPathBalanceNonLegalTransform|   1554|         93|           0|          41|        26| 0:00:01.0| 0:00:00.0|   0.000|      0.000000|      0.000000|     NA|                NA|                      NA|
|                GateCompositionTwo|    249|        225|          52|           0|         0| 0:00:00.7| 0:00:00.0|   0.000|      0.000000|      0.000000|     NA|                NA|                      NA|
|            remapConeWithPolishing|    222|         56|          17|           4|         1| 0:00:00.7| 0:00:00.0|   0.000|      0.000000|      0.000000|     NA|                NA|                      NA|
|                           PinSwap|    419|        237|          51|          26|        16| 0:00:00.6| 0:00:00.0|   0.000|      0.000000|      0.000000|     NA|                NA|                      NA|
|                 GateRecomposition|    450|        405|          17|           0|         0| 0:00:00.6| 0:00:00.0|   0.000|      0.000000|      0.000000|     NA|                NA|                      NA|
|                  XorDecomposition|    240|        221|          14|           1|         1| 0:00:00.3| 0:00:00.0|  -0.000|     -0.000000|      0.000000|     NA|                NA|                      NA|
|            PathCompactionNonLegal|    229|        204|           0|           0|         0| 0:00:00.3| 0:00:00.0|   0.000|      0.000000|      0.000000|     NA|                NA|                      NA|
|       XorCompositionDecomposition|    250|        226|           3|           0|         0| 0:00:00.2| 0:00:00.0|   0.000|      0.000000|      0.000000|     NA|                NA|                      NA|
|                          mergeInv|    476|         79|          42|           4|         1| 0:00:00.2| 0:00:00.0|  -0.000|      0.000000|      0.000000|     NA|                NA|                      NA|
|   MultipleOutputGateDecomposition|    451|        406|           5|           1|         0| 0:00:00.2| 0:00:00.0|   0.000|      0.000000|      0.000000|     NA|                NA|                      NA|
|                  bufToInvPreRoute|    350|        166|           1|           0|         0| 0:00:00.1| 0:00:00.0|   0.000|      0.000000|      0.000000|     NA|                NA|                      NA|
|        topomapWithPolishingMedium|    360|         27|           0|           0|         0| 0:00:00.1| 0:00:00.0|   0.000|      0.000000|      0.000000|     NA|                NA|                      NA|
|   RouteTypeAssignResizeHighEffort|    213|         43|          43|           2|         1| 0:00:00.1| 0:00:00.0|   0.000|      0.000000|      0.000000|     NA|                NA|                      NA|
|             RouteTypeAssignResize|   9582|          0|           0|           0|         0| 0:00:00.1| 0:00:00.0|   0.000|      0.000000|      0.000000|     NA|                NA|                      NA|
|                     mergeInputInv|    361|          8|           5|           0|         0| 0:00:00.0| 0:00:00.0|   0.000|      0.000000|      0.000000|     NA|                NA|                      NA|
|         rebufferPreRouteHighLayer|    221|          0|           0|           0|         0| 0:00:00.0| 0:00:00.0|   0.000|      0.000000|      0.000000|     NA|                NA|                      NA|
+----------------------------------+-------+-----------+------------+------------+----------+----------+----------+--------+--------------+--------------+-------+------------------+------------------------+
**** End Transform Statistics ****
Bottom Preferred Layer:
+-------------+------------+----------+
|    Layer    |   OPT_LA   |   Rule   |
+-------------+------------+----------+
| met3 (z=4)  |        236 | default  |
| met4 (z=5)  |         57 | default  |
+-------------+------------+----------+
Via Pillar Rule:
    None

*** Finish pre-CTS Setup Fixing (cpu=0:04:31 real=0:01:04 mem=5444.6M) ***

**** Begin Polishing Statistics ****
 #NodeCalled:2039; #SubnwCalled:2557(#candNode:13478); #PassFilter:2734; #PassDetailEval:2189; #FailedDetailEval:683; #FilterCandSol:4736; #CPU:0:00:04.0; #transformCPU:0:00:02.6
**** End Polishing Statistics ****
*** WnsOpt #1 [finish] (place_opt_design #1) : cpu/real = 0:04:39.2/0:01:10.2 (4.0), totSession cpu/real = 1:20:13.1/0:21:16.5 (3.8), mem = 5010.9M
End: GigaOpt Optimization in WNS mode
Starting delay calculation for Setup views
AAE_INFO: opIsDesignInPostRouteState() is 0
#################################################################################
# Design Stage: PreRoute
# Design Name: fa_top
# Design Mode: 90nm
# Analysis Mode: MMMC Non-OCV 
# Parasitics Mode: No SPEF/RCDB 
# Signoff Settings: SI Off 
#################################################################################
Calculate delays in Single mode...
Start delay calculation (fullDC) (8 T). (MEM=4978.5)
Total number of fetched objects 204263
AAE_INFO: Total number of nets for which stage creation was skipped for all views 0
End delay calculation. (MEM=5115.68 CPU=0:00:50.5 REAL=0:00:07.0)
End delay calculation (fullDC). (MEM=5115.68 CPU=0:00:57.6 REAL=0:00:09.0)
*** Done Building Timing Graph (cpu=0:01:16 real=0:00:13.0 totSessionCpu=1:21:31 mem=5124.9M)
[NR-eGR] Started Early Global Route ( Curr Mem: 3.56 MB )
[NR-eGR] Started Early Global Route kernel ( Curr Mem: 3.56 MB )
[NR-eGR] Read 202522 nets ( ignored 0 )
**WARN: (IMPPSP-2001):	There are 88 pins inside GCell located around position 1077.26 8.32. This can make Early Global Router work slower, please verify if those pins are correctly placed.
**WARN: (IMPPSP-2001):	There are 104 pins inside GCell located around position 1077.26 298.04. This can make Early Global Router work slower, please verify if those pins are correctly placed.
**WARN: (IMPPSP-2001):	There are 63 pins inside GCell located around position 2152.85 11.65. This can make Early Global Router work slower, please verify if those pins are correctly placed.
**WARN: (IMPPSP-2001):	There are 119 pins inside GCell located around position 2152.85 311.36. This can make Early Global Router work slower, please verify if those pins are correctly placed.
**WARN: (IMPPSP-2001):	There are 126 pins inside GCell located around position 2152.85 594.40. This can make Early Global Router work slower, please verify if those pins are correctly placed.
[NR-eGR] There are 1 clock nets ( 0 with NDR ).
[NR-eGR] Started Multi-thread eGR-Steiner ( 8threads ) ( Curr Mem: 4.55 MB )
[NR-eGR] Finished Multi-thread eGR-Steiner ( 8threads ) ( CPU: 2.91 sec, Real: 0.49 sec, Curr Mem: 4.59 MB )
[NR-eGR] Total eGR-routed clock nets wire length: 161391um, number of vias: 38165
[NR-eGR] --------------------------------------------------------------------------
[NR-eGR]               Length (um)     Vias 
[NR-eGR] -----------------------------------
[NR-eGR]  li1   (1V)             0   614818 
[NR-eGR]  met1  (2H)       8058338   706340 
[NR-eGR]  met2  (3V)       6856283    12851 
[NR-eGR]  met3  (4H)        831038    13845 
[NR-eGR]  met4  (5V)        673568     7256 
[NR-eGR]  met5  (6H)        900941        0 
[NR-eGR] -----------------------------------
[NR-eGR]        Total     17320168  1355110 
[NR-eGR] --------------------------------------------------------------------------
[NR-eGR] Total half perimeter of net bounding box: 16292081um
[NR-eGR] Total length: 17320168um, number of vias: 1355110
[NR-eGR] --------------------------------------------------------------------------
[NR-eGR] Finished Early Global Route kernel ( CPU: 13.45 sec, Real: 8.33 sec, Curr Mem: 4.31 MB )
[NR-eGR] Finished Early Global Route ( CPU: 13.67 sec, Real: 8.54 sec, Curr Mem: 3.22 MB )
Extraction called for design 'fa_top' of instances=189758 and nets=205313 using extraction engine 'pre_route' .
**WARN: (IMPEXT-3530):	The process node is not set. Use the command set_design_mode -process <process node> prior to extraction for maximum accuracy and optimal automatic threshold setting.
Type 'man IMPEXT-3530' for more detail.
pre_route RC Extraction called for design fa_top.
RC Extraction called in multi-corner(1) mode.
RCMode: PreRoute
      RC Corner Indexes            0   
Capacitance Scaling Factor   : 1.00000 
Resistance Scaling Factor    : 1.00000 
Clock Cap. Scaling Factor    : 1.00000 
Clock Res. Scaling Factor    : 1.00000 
Shrink Factor                : 1.00000
PreRoute extraction is honoring NDR/Shielding/ExtraSpace for clock nets.
Using Quantus QRC technology file ...
Grid density data update skipped
Initializing multi-corner resistance tables ...
PreRoute RC Extraction DONE (CPU Time: 0:00:01.7  Real Time: 0:00:01.0  MEM: 4740.609M)
Starting delay calculation for Setup views
AAE_INFO: opIsDesignInPostRouteState() is 0
#################################################################################
# Design Stage: PreRoute
# Design Name: fa_top
# Design Mode: 90nm
# Analysis Mode: MMMC Non-OCV 
# Parasitics Mode: No SPEF/RCDB 
# Signoff Settings: SI Off 
#################################################################################
Calculate delays in Single mode...
Start delay calculation (fullDC) (8 T). (MEM=4863.94)
Total number of fetched objects 204263
AAE_INFO: Total number of nets for which stage creation was skipped for all views 0
End delay calculation. (MEM=5011.27 CPU=0:00:49.0 REAL=0:00:06.0)
End delay calculation (fullDC). (MEM=5011.27 CPU=0:00:56.7 REAL=0:00:09.0)
*** Done Building Timing Graph (cpu=0:01:32 real=0:00:16.0 totSessionCpu=1:23:24 mem=5048.1M)
Begin: GigaOpt postEco DRV Optimization
GigaOpt Checkpoint: Internal optDRV -inPostEcoStage -smallScaleFixing -maxIter 3 -max_tran -max_cap -maxLocalDensity 1.2 -numThreads 8 -preRouteDontEndWithRefinePlaceIncrSteinerRouteDC -setupTNSCostFactor 1.0 -preCTS
*** DrvOpt #3 [begin] (place_opt_design #1) : totSession cpu/real = 1:23:28.3/0:21:58.4 (3.8), mem = 5048.9M
Info: 1 clock net  excluded from IPO operation.
	CornerforLayerOpt timing analysis view default_emulate_view has been selected for calibration 
	CornerforLayerOpt timing analysis view default_emulate_view has been selected for calibration 
	CornerforLayerOpt timing analysis view default_emulate_view has been selected for calibration 
	CornerforLayerOpt timing analysis view default_emulate_view has been selected for calibration 
#InfoCS: Num dontuse cells 10, Num usable cells 386, Num real usable cells 383
+-------------------------------------------------------------------------------------------------------------------------------------------------------+
|        max-tran       |        max-cap        |  max-fanout |  max-length |       setup       |        |        |        |       |          |         |
+-------------------------------------------------------------------------------------------------------------------------------------------------------+
| nets | terms|  wViol  | nets | terms|  wViol  | nets | terms| nets | terms|   WNS   |   TNS   |  #Buf  |  #Inv  | #Resize|Density|   Real   |   Mem   |
+-------------------------------------------------------------------------------------------------------------------------------------------------------+
|   533|   690|    -1.11|    25|    25|    -0.08|     0|     0|     0|     0|    -0.28|   -36.61|       0|       0|       0| 32.85%|          |         |
|   180|   207|    -0.44|     0|     0|     0.00|     0|     0|     0|     0|    -0.28|   -37.27|     465|      58|     180| 33.00%| 0:00:01.0|  5107.6M|
|   142|   163|    -0.31|     0|     0|     0.00|     0|     0|     0|     0|    -0.28|   -37.72|      77|       2|      85| 33.03%| 0:00:01.0|  5114.6M|
|   124|   142|    -0.31|     0|     0|     0.00|     0|     0|     0|     0|    -0.28|   -37.78|      35|       0|      27| 33.05%| 0:00:00.0|  5117.4M|
+-------------------------------------------------------------------------------------------------------------------------------------------------------+
**** Begin Transform Statistics ****
+-----------------------+-------+-----------+------------+------------+----------+----------+----------+--------+--------------+--------------+------------------+------------------------+
|              Transform| Called| Pre Filter| Filter Eval| Detail Eval| Committed|       CPU| CommitCPU| Density| Leakage Power| Dynamic Power| buffers/inverters| Resize Tot/FF/HghtIncFF|
+-----------------------+-------+-----------+------------+------------+----------+----------+----------+--------+--------------+--------------+------------------+------------------------+
| multiBufferDRVPreRoute|    860|        860|        1262|         369|       369| 0:00:07.5| 0:00:00.1|   0.055|      0.000000|      0.000000|            312/60|                 237/0/0|
|                 Resize|    491|        491|         169|          55|        55| 0:00:00.6| 0:00:00.0|   0.008|      0.000000|      0.000000|                NA|                  55/0/0|
|           SingleBuffer|    436|        436|         366|         265|       265| 0:00:01.2| 0:00:00.1|   0.135|      0.000000|      0.000000|             265/0|                      NA|
+-----------------------+-------+-----------+------------+------------+----------+----------+----------+--------+--------------+--------------+------------------+------------------------+
**** End Transform Statistics ****
Bottom Preferred Layer:
+-------------+------------+----------+
|    Layer    |   OPT_LA   |   Rule   |
+-------------+------------+----------+
| met3 (z=4)  |        236 | default  |
| met4 (z=5)  |         57 | default  |
+-------------+------------+----------+
Via Pillar Rule:
    None


=======================================================================
                Reasons for remaining drv violations
=======================================================================
*info: Total 102 net(s) have violations which can't be fixed by DRV optimization.

MultiBuffering failure reasons
------------------------------------------------
*info:    96 net(s): Could not be fixed because the gain is not enough.
*info:     4 net(s): Could not be fixed because usable cell area larger than available area.

SingleBuffering failure reasons
------------------------------------------------
*info:    15 net(s): Could not be fixed because of the buffering solution introduces DRV degradation.
*info:    54 net(s): Could not be fixed because of routing congestion.

Resizing failure reasons
------------------------------------------------
*info:    92 net(s): Could not be fixed because no move is found.

*info: Total 22 net(s) were new nets created by previous iteration of DRV buffering. Further DRV fixing might remove some violations.

*info: detailed failure reason files are generated below
*info: 	./genus2invs__2646528_c0db12f1-65d0-49e8-880e-4f9c383f8545fa_top/drvFailureReason/invs2genus_final.preCts.3.maxTran


Change summary: 577/60 (0) buffers/inverters were added (deleted) and 292 instances were resized.

*** Finish DRV Fixing (cpu=0:00:19.7 real=0:00:05.0 mem=5117.6M) ***

*** DrvOpt #3 [finish] (place_opt_design #1) : cpu/real = 0:00:29.7/0:00:10.0 (3.0), totSession cpu/real = 1:23:58.0/0:22:08.5 (3.8), mem = 4974.1M
End: GigaOpt postEco DRV Optimization
GigaOpt: WNS changes after postEco optimization: -0.285 -> -0.276 (bump = -0.009)
Begin: GigaOpt nonLegal postEco optimization
GigaOpt Checkpoint: Internal optTiming -setupRecovery -newSetupRecovery -maxLocalDensity 1.2 -numThreads 8 -maxSmoothenIter 1 -nativePathGroupFlow  -NDROptEffortAuto -ipoTgtSlackCoef 0 -effTgtSlackCoef 0
Info: 1 clock net  excluded from IPO operation.
*** WnsOpt #2 [begin] (place_opt_design #1) : totSession cpu/real = 1:24:01.2/0:22:11.5 (3.8), mem = 4961.7M
*info: 1 clock net excluded
*info: 962 no-driver nets excluded.
#InfoCS: Num dontuse cells 10, Num usable cells 386, Num real usable cells 383
** GigaOpt Optimizer WNS Slack -0.276 TNS Slack -37.785 Density 33.05
OptDebug: Start of Optimizer WNS Pass 0:
+----------+------+-------+
|Path Group|   WNS|    TNS|
+----------+------+-------+
|default   |-0.013| -0.014|
|reg2reg   |-0.276|-37.771|
|HEPG      |-0.276|-37.771|
|All Paths |-0.276|-37.785|
+----------+------+-------+

Active Path Group: reg2reg  
+--------+---------+--------+---------+---------+------------+--------+--------------------+---------+----------------------------------------------------+
|  WNS   | All WNS |  TNS   | All TNS | Density |    Real    |  Mem   |     Worst View     |Pathgroup|                     End Point                      |
+--------+---------+--------+---------+---------+------------+--------+--------------------+---------+----------------------------------------------------+
|  -0.276|   -0.276| -37.771|  -37.785|   33.05%|   0:00:00.0| 4996.8M|default_emulate_view|  reg2reg| u_core_u_update/u_v_sram_g_bank[0].u_bank_p0_rw_rd |
|        |         |        |         |         |            |        |                    |         | ata_reg[14]/D                                      |
|  -0.276|   -0.276| -37.119|  -37.133|   33.05%|   0:00:00.0| 5129.3M|default_emulate_view|  reg2reg| u_core_u_update/u_v_sram_g_bank[0].u_bank_p0_rw_rd |
|        |         |        |         |         |            |        |                    |         | ata_reg[14]/D                                      |
+--------+---------+--------+---------+---------+------------+--------+--------------------+---------+----------------------------------------------------+

*** Finish Core Optimize Step (cpu=0:00:01.5 real=0:00:00.0 mem=5129.3M) ***
Active Path Group: default 
+--------+---------+--------+---------+---------+------------+--------+--------------------+---------+----------------------------------------------------+
|  WNS   | All WNS |  TNS   | All TNS | Density |    Real    |  Mem   |     Worst View     |Pathgroup|                     End Point                      |
+--------+---------+--------+---------+---------+------------+--------+--------------------+---------+----------------------------------------------------+
|  -0.013|   -0.276|  -0.014|  -37.133|   33.05%|   0:00:00.0| 5130.7M|default_emulate_view|  default| u_core_u_dot_u_q_sram_g_bank[0].u_bank_rd_data_reg |
|        |         |        |         |         |            |        |                    |         | [0]/D                                              |
|   0.000|   -0.276|   0.000|  -37.119|   33.05%|   0:00:00.0| 5329.5M|default_emulate_view|       NA| NA                                                 |
+--------+---------+--------+---------+---------+------------+--------+--------------------+---------+----------------------------------------------------+

*** Finish Core Optimize Step (cpu=0:00:01.1 real=0:00:00.0 mem=5329.5M) ***

*** Finished Optimize Step Cumulative (cpu=0:00:13.8 real=0:00:05.0 mem=5329.5M) ***
OptDebug: End of Optimizer WNS Pass 0:
+----------+------+-------+
|Path Group|   WNS|    TNS|
+----------+------+-------+
|default   | 0.007|  0.000|
|reg2reg   |-0.276|-37.119|
|HEPG      |-0.276|-37.119|
|All Paths |-0.276|-37.119|
+----------+------+-------+

** GigaOpt Optimizer WNS Slack -0.276 TNS Slack -37.119 Density 33.05
** GigaOpt Optimizer WNS Slack -0.276 TNS Slack -37.119 Density 33.05
OptDebug: End of Setup Fixing:
+----------+------+-------+
|Path Group|   WNS|    TNS|
+----------+------+-------+
|default   | 0.007|  0.000|
|reg2reg   |-0.276|-37.119|
|HEPG      |-0.276|-37.119|
|All Paths |-0.276|-37.119|
+----------+------+-------+

**** Begin Transform Statistics ****
+----------------------------------+-------+-----------+------------+------------+----------+----------+----------+--------+--------------+--------------+------------------------+
|                         Transform| Called| Pre Filter| Filter Eval| Detail Eval| Committed|       CPU| CommitCPU| Density| Leakage Power| Dynamic Power| Resize Tot/FF/HghtIncFF|
+----------------------------------+-------+-----------+------------+------------+----------+----------+----------+--------+--------------+--------------+------------------------+
|                  DeleteBufInvTree|     47|         21|          21|           2|         0| 0:00:00.7| 0:00:00.0|   0.000|      0.000000|      0.000000|                      NA|
|                      DeleteBuffer|     48|          8|           8|           1|         0| 0:00:00.2| 0:00:00.0|   0.000|      0.000000|      0.000000|                      NA|
|                   lowEffortResize|     45|         44|          21|          19|         5| 0:00:00.2| 0:00:00.0|   0.001|      0.000000|      0.000000|                   5/1/0|
|               FaninSizingImproved|     23|          6|           6|           0|         0| 0:00:00.2| 0:00:00.0|   0.000|      0.000000|      0.000000|                      NA|
| booleanWithPolishingMedium0Effort|     34|         33|           0|           0|         0| 0:00:00.1| 0:00:00.0|   0.000|      0.000000|      0.000000|                      NA|
|                         remapGate|     50|          5|           3|           2|         1| 0:00:00.1| 0:00:00.0|   0.000|      0.000000|      0.000000|                      NA|
|                           PinSwap|     23|          6|           6|           0|         0| 0:00:00.1| 0:00:00.0|   0.000|      0.000000|      0.000000|                      NA|
|                  rebufferPreRoute|     23|         22|           5|           0|         0| 0:00:00.1| 0:00:00.0|   0.000|      0.000000|      0.000000|                      NA|
|          CombPathBalanceTransform|     29|         24|           0|           6|         0| 0:00:00.1| 0:00:00.0|   0.000|      0.000000|      0.000000|                      NA|
|                      SingleBuffer|     24|         23|           0|           0|         0| 0:00:00.1| 0:00:00.0|   0.000|      0.000000|      0.000000|                      NA|
|      MultiBufferLowEffortPreRoute|     26|         23|           2|           1|         0| 0:00:00.1| 0:00:00.0|   0.000|      0.000000|      0.000000|                      NA|
|                         DupDriver|     24|          0|           0|           0|         0| 0:00:00.0| 0:00:00.0|   0.000|      0.000000|      0.000000|                      NA|
|              ResizeMultipleFanout|     24|         22|           6|           0|         0| 0:00:00.0| 0:00:00.0|   0.000|      0.000000|      0.000000|                      NA|
|   SeqPathBalanceNonLegalTransform|     24|          1|           0|           0|         0| 0:00:00.0| 0:00:00.0|   0.000|      0.000000|      0.000000|                      NA|
|                          mergeInv|     24|          4|           2|           0|         0| 0:00:00.0| 0:00:00.0|   0.000|      0.000000|      0.000000|                      NA|
|                     mergeInputInv|     24|          0|           0|           0|         0| 0:00:00.0| 0:00:00.0|   0.000|      0.000000|      0.000000|                      NA|
|            remapGateWithPolishing|     24|          0|           0|           0|         0| 0:00:00.0| 0:00:00.0|   0.000|      0.000000|      0.000000|                      NA|
|        topomapWithPolishingMedium|     24|          0|           0|           0|         0| 0:00:00.0| 0:00:00.0|   0.000|      0.000000|      0.000000|                      NA|
|                 GateRecomposition|     15|         13|           0|           0|         0| 0:00:00.0| 0:00:00.0|   0.000|      0.000000|      0.000000|                      NA|
|                  bufToInvPreRoute|     23|         20|           0|           0|         0| 0:00:00.0| 0:00:00.0|   0.000|      0.000000|      0.000000|                      NA|
|   MultipleOutputGateDecomposition|     15|         13|           0|           0|         0| 0:00:00.0| 0:00:00.0|   0.000|      0.000000|      0.000000|                      NA|
|    booleanWithPolishingLow0Effort|     15|         13|           0|           0|         0| 0:00:00.0| 0:00:00.0|   0.000|      0.000000|      0.000000|                      NA|
|             RouteTypeAssignResize|     45|          0|           0|           0|         0| 0:00:00.0| 0:00:00.0|   0.000|      0.000000|      0.000000|                      NA|
+----------------------------------+-------+-----------+------------+------------+----------+----------+----------+--------+--------------+--------------+------------------------+
**** End Transform Statistics ****
Bottom Preferred Layer:
+-------------+------------+----------+
|    Layer    |   OPT_LA   |   Rule   |
+-------------+------------+----------+
| met3 (z=4)  |        236 | default  |
| met4 (z=5)  |         57 | default  |
+-------------+------------+----------+
Via Pillar Rule:
    None

*** Finish pre-CTS Setup Fixing (cpu=0:00:19.0 real=0:00:08.0 mem=5329.6M) ***

**** Begin Polishing Statistics ****
 #NodeCalled:90; #SubnwCalled:0(#candNode:0); #PassFilter:29; #PassDetailEval:23; #FailedDetailEval:6; #FilterCandSol:47; #CPU:0:00:00.1; #transformCPU:0:00:00.1
**** End Polishing Statistics ****
*** WnsOpt #2 [finish] (place_opt_design #1) : cpu/real = 0:00:26.0/0:00:13.5 (1.9), totSession cpu/real = 1:24:27.2/0:22:25.0 (3.8), mem = 4976.8M
End: GigaOpt nonLegal postEco optimization
Design TNS changes after trial route: -36.082 -> -37.119
GigaOpt: Skipping post-eco TNS optimization
Register exp ratio and priority group on 293 nets on 204900 nets : 
z=4 : 236 nets
z=5 : 57 nets

Active setup views:
 default_emulate_view
  Dominating endpoints: 0
  Dominating TNS: -0.000

Extraction called for design 'fa_top' of instances=190395 and nets=205950 using extraction engine 'pre_route' .
**WARN: (IMPEXT-3530):	The process node is not set. Use the command set_design_mode -process <process node> prior to extraction for maximum accuracy and optimal automatic threshold setting.
Type 'man IMPEXT-3530' for more detail.
pre_route RC Extraction called for design fa_top.
RC Extraction called in multi-corner(1) mode.
RCMode: PreRoute
      RC Corner Indexes            0   
Capacitance Scaling Factor   : 1.00000 
Resistance Scaling Factor    : 1.00000 
Clock Cap. Scaling Factor    : 1.00000 
Clock Res. Scaling Factor    : 1.00000 
Shrink Factor                : 1.00000
PreRoute extraction is honoring NDR/Shielding/ExtraSpace for clock nets.
Using Quantus QRC technology file ...
Grid density data update skipped
Initializing multi-corner resistance tables ...
PreRoute RC Extraction DONE (CPU Time: 0:00:01.6  Real Time: 0:00:01.0  MEM: 4745.945M)
Skewing Data Summary (End_of_FINAL)

Skew summary for view default_emulate_view:
* Accumulated skew : count = 140
         Advancing : count = 140, max = -300.0, min = -134.8, total = -40846.6 (ps)
          Delaying : count =   0

Starting delay calculation for Setup views
AAE_INFO: opIsDesignInPostRouteState() is 0
#################################################################################
# Design Stage: PreRoute
# Design Name: fa_top
# Design Mode: 90nm
# Analysis Mode: MMMC Non-OCV 
# Parasitics Mode: No SPEF/RCDB 
# Signoff Settings: SI Off 
#################################################################################
Calculate delays in Single mode...
Start delay calculation (fullDC) (8 T). (MEM=4887.7)
Total number of fetched objects 204900
AAE_INFO: Total number of nets for which stage creation was skipped for all views 0
End delay calculation. (MEM=5038.47 CPU=0:00:48.4 REAL=0:00:07.0)
End delay calculation (fullDC). (MEM=5038.47 CPU=0:00:55.1 REAL=0:00:09.0)
*** Done Building Timing Graph (cpu=0:01:13 real=0:00:13.0 totSessionCpu=1:25:58 mem=5052.4M)
OPTC: user 20.0
Reported timing to dir ./genus2invs__2646528_c0db12f1-65d0-49e8-880e-4f9c383f8545fa_top
**opt_design ... cpu = 0:49:59, real = 0:12:59, mem = 4895.6M, totSessionCpu=1:26:21 **

OptSummary:

------------------------------------------------------------------
     opt_design Final Summary
------------------------------------------------------------------

Setup views included:
 default_emulate_view 

+--------------------+---------+---------+---------+
|     Setup mode     |   all   | reg2reg | default |
+--------------------+---------+---------+---------+
|           WNS (ns):| -0.276  | -0.276  |  0.007  |
|           TNS (ns):| -37.119 | -37.119 |  0.000  |
|    Violating Paths:|   518   |   518   |    0    |
|          All Paths:|  29602  |  28637  |  17775  |
+--------------------+---------+---------+---------+

+----------------+-------------------------------+------------------+
|                |              Real             |       Total      |
|    DRVs        +------------------+------------+------------------|
|                |  Nr nets(terms)  | Worst Vio  |  Nr nets(terms)  |
+----------------+------------------+------------+------------------+
|   max_cap      |      0 (0)       |   0.000    |      0 (0)       |
|   max_tran     |     75 (83)      |   -0.299   |     84 (92)      |
|   max_fanout   |      0 (0)       |     0      |      0 (0)       |
|   max_length   |      0 (0)       |     0      |      0 (0)       |
+----------------+------------------+------------+------------------+

Density: 33.031%
Routing Overflow: 14.88% H and 3.84% V
------------------------------------------------------------------
Begin: Reporting instances with restriction 
+----------------------------------------------------------------------------------------------------------------------------------------------------------+
|            |                                        |           All        |      Sequential      | Combinational(Data Path) | Combinational(Clock Path) |
|   Category |                      Detailed Reasons  +-------------+--------+-------------+--------+-------------+------------+-------------+-------------|
|            |                                        |   Count     |   %    |    Count    |   %    |   Count     |     %      |    Count    |      %      |
|------------+----------------------------------------+-------------+--------+-------------+--------+-------------+------------+-------------+-------------|
| Constraint |            instance is sdc constrained |         134 |   0.07 |         134 |   0.77 |           0 |       0.00 |           0 |        -nan | 
|            |                                    All |         134 |   0.07 |         134 |   0.77 |           0 |       0.00 |           0 |        -nan | 
|------------+----------------------------------------+-------------+--------+-------------+--------+-------------+------------+-------------+-------------|
|    Library | cell for instance is not standard cell |          38 |   0.02 |          38 |   0.22 |           0 |       0.00 |           0 |        -nan | 
|            |                                    All |          38 |   0.02 |          38 |   0.22 |           0 |       0.00 |           0 |        -nan | 
|------------+----------------------------------------+-------------+--------+-------------+--------+-------------+------------+-------------+-------------|
|        All |                                    All |         172 |   0.09 |         172 |   0.99 |           0 |       0.00 |           0 |        -nan | 
+----------------------------------------------------------------------------------------------------------------------------------------------------------+
End: Reporting instances with restriction 
Begin: Collecting metrics
 ----------------------------------------------------------------------------------------------------------------------------------- 
| Snapshot        | WNS                  | TNS                  | Density (%) | Resource               | DRVs         | Layer-OPT   |
|                 | HEPG (ns) | ALL (ns) | HEPG (ns) | ALL (ns) |             | Real (s) | Memory (MB) | Tran  | Cap  | met3 | met4 |
|-----------------+-----------+----------+-----------+----------+-------------+----------+-------------+-------+------+------+------|
| initial_summary |           |  -40.666 |           |  -128920 |       28.18 | 0:00:18  |        4332 | 10970 | 6451 |      |      |
| drv_fixing      |     0.000 |  -29.835 |         0 |   -88488 |       28.39 | 0:00:11  |        4461 |       |      |      |      |
| drv_fixing_2    |     0.000 |   -9.657 |         0 |   -12817 |       30.59 | 0:00:29  |        4521 |   403 |   31 |   45 |   15 |
| global_opt      |           |   -1.354 |           |     -483 |       32.03 | 0:03:30  |        4733 |       |      |  241 |   87 |
| area_reclaiming |     0.000 |   -1.279 |         0 |     -477 |       31.41 | 0:00:38  |        4763 |       |      |  238 |   54 |
| tns_fixing      |    -0.958 |   -0.958 |      -234 |     -235 |       32.58 | 0:02:00  |        5869 |       |      |  237 |   55 |
| wns_fixing      |    -0.285 |   -0.285 |       -36 |      -36 |       32.85 | 0:01:11  |        5445 |       |      |  236 |   57 |
| drv_eco_fixing  |    -0.276 |   -0.276 |       -38 |      -38 |       33.05 | 0:00:10  |        4965 |   124 |    0 |  236 |   57 |
| wns_eco_fixing  |    -0.276 |   -0.276 |       -37 |      -37 |       33.05 | 0:00:13  |        5330 |       |      |  236 |   57 |
| final_summary   |    -0.276 |   -0.276 |           |      -37 |       33.03 | 0:00:12  |        4891 |    75 |    0 |      |      |
 ----------------------------------------------------------------------------------------------------------------------------------- 
End: Collecting metrics
**opt_design ... cpu = 0:50:13, real = 0:13:09, mem = 4889.6M, totSessionCpu=1:26:35 **
**WARN: (IMPOPT-3195):	Analysis mode has changed.
Type 'man IMPOPT-3195' for more detail.
*** Finished opt_design ***
      flow.cputime  flow.realtime  timing.setup.tns  timing.setup.wns  snapshot
UM:*                                                                   final
      flow.cputime  flow.realtime  timing.setup.tns  timing.setup.wns  snapshot
UM:*                                                                   opt_design_prects
 *** Writing scheduling file: 'scheduling_file.cts.2723572_iSQYItSjHi' ***
Disable CTE adjustment.
Disable Layer aware incrSKP.
#optDebug: fT-D <X 1 0 0 0>
**place_opt_design ... cpu = 1:25:29, real = 0:22:04, mem = 4805.7M **
*** Finished GigaPlace ***

*** Summary of all messages that are not suppressed in this session:
Severity  ID               Count  Summary                                  
WARNING   IMPEXT-3493          1  The design extraction status has been re...
WARNING   IMPEXT-3530          3  The process node is not set. Use the com...
ERROR     IMPSP-9099           2  Scan chains exist in this design but are...
WARNING   IMPOPT-3195          2  Analysis mode has changed.               
WARNING   IMPOPT-7330         12  Net %s has fanout exceed delaycal_use_de...
WARNING   IMPPSP-2001          5  There are %d pins inside GCell located a...
*** Message Summary: 23 warning(s), 2 error(s)

*** place_opt_design #1 [finish] () : cpu/real = 1:25:29.1/0:22:04.0 (3.9), totSession cpu/real = 1:26:36.2/0:23:00.1 (3.8), mem = 4805.7M
Setting 'newExpressflow' beta feature to true (or false) is no longer required to enable (or disable) iSpatial. This beta feature is obsoleted and will be removed in the next release.
      flow.cputime  flow.realtime  timing.setup.tns  timing.setup.wns  snapshot
UM:*                                                                   place_opt_design_predict_prects
save_interface_files ...
%# Begin ::rcp_cui::save_interface_files (07/05 12:26:25, mem=4805.72M)
Info: Syncronize Metrics ...
UM: Running design category ...
      flow.cputime  flow.realtime  timing.setup.tns  timing.setup.wns  snapshot
UM:           6.62              6                                      invs2genus
rcp_cui::save_interface_file:  flow == 'ispatial'
rcp_cui::save_interface_file:  fe_view_list == 'default_emulate_view'
rcp_cui::save_interface_file:  wnm_flow == '1'
rcp_cui::save_interface_file:  shep_write_congestion == '1'
rcp_cui::save_interface_file:  x2def_mode == '0'
rcp_cui::save_interface_file:  iprefix == 'genus2invs'
rcp_cui::save_interface_file:  idir == './genus2invs__2646528_c0db12f1-65d0-49e8-880e-4f9c383f8545fa_top'
rcp_cui::save_interface_file:  design == 'design:fa_top'
rcp_cui::save_interface_file:  congestion_include_blockage == '0'
rcp_cui::save_interface_file:  chk_fp == '0'
rcp_cui::save_interface_file:  shep_save_only_db == '0'
rcp_cui::save_interface_file:  fe_colorized == '0'
rcp_cui::save_interface_file:  ndr_only == '0'
rcp_cui::save_interface_file:  innovus_constraint_interface == 'mmmc2'
rcp_cui::save_interface_file:  tim_mode == ''
rcp_cui::save_interface_file:  do_fp == '0'
rcp_cui::save_interface_file:  des_str == 'fa_top'
rcp_cui::save_interface_file:  spatial == '0'
rcp_cui::save_interface_file:  congestion_3d == '0'
rcp_cui::save_interface_file:  cts_effort == ''
rcp_cui::save_interface_file:  fe_use_um == '1'
rcp_cui::save_interface_file:  odir == './genus2invs__2646528_c0db12f1-65d0-49e8-880e-4f9c383f8545fa_top'
rcp_cui::save_interface_file:  2d_compression == '0'
rcp_cui::save_interface_file:  do_fe_pd == '0'
rcp_cui::save_interface_file:  fp_mode == '0'
rcp_cui::save_interface_file:  incr_plc == '0'
rcp_cui::save_interface_file:  eco_mode == '0'
rcp_cui::save_interface_file:  cts_clk == ''
rcp_cui::save_interface_file:  oprefix == 'invs2genus'
rcp_cui::save_interface_file:  no_mmmc == '0'
rcp_cui::save_interface_file:  genus_constraint_interface == 'smsc'
rcp_cui::save_interface_file:  no_update == '0'
rcp_cui::save_interface_file:  do_sdp == '0'
rcp_cui::save_interface_file:  invs_ld_pd == '1'
rcp_cui::save_interface_file:  no_msv == '1'
rcp_cui::save_interface_file:  no_spef == '0'
rcp_cui::save_interface_file:  place_effort == 'ispatial'
rcp_cui::save_interface_file:  tdrc_valid == '0'
rcp_cui::save_interface_file:  save_fe_db == '0'
rcp_cui::save_interface_file:  ispatial == '1'
rcp_cui::save_interface_file:  opt_effort == 'high'
rcp_cui::save_interface_file:  fe_consistency_check == '0'
rcp_cui::save_interface_file:  no_scan == '1'
rcp_cui::save_interface_file:  mem_mode == '1'
rcp_cui::save_interface_file:  do_stylus_db == '1'
rcp_cui::save_interface_file:  del_corner == ''
rcp_cui::save_interface_file:  write_pin_properties == '0'
rcp_cui::save_interface_file:  qos_mode == '1'
rcp_cui::save_interface_file:  hdl_name_flow == '0'
rcp_cui::save_interface_file:  fe_wnm_file == ''
rcp_cui::save_interface_file:  fe_mcmd == './genus2invs__2646528_c0db12f1-65d0-49e8-880e-4f9c383f8545fa_top/invs2genus.cmdWarn'
rcp_cui::save_interface_file:  fe_pwr == ''
rcp_cui::save_interface_file:  fe_1801 == ''
rcp_cui::save_interface_file:  fe_flag == './genus2invs__2646528_c0db12f1-65d0-49e8-880e-4f9c383f8545fa_top/.invs2genus.encDone'
rcp_cui::save_interface_file:  fe_xdata == './genus2invs__2646528_c0db12f1-65d0-49e8-880e-4f9c383f8545fa_top/invs2genus.xdata'
rcp_cui::save_interface_file:  fe_fcmd == './genus2invs__2646528_c0db12f1-65d0-49e8-880e-4f9c383f8545fa_top/invs2genus.cmdFail'
rcp_cui::save_interface_file:  fe_sdef == ''
rcp_cui::save_interface_file:  fe_load_stat == './genus2invs__2646528_c0db12f1-65d0-49e8-880e-4f9c383f8545fa_top/invs2genus_load.stat'
rcp_cui::save_interface_file:  fe_def_lnk == ''
rcp_cui::save_interface_file:  fe_ndr == ''
rcp_cui::save_interface_file:  fe_pd == ''
rcp_cui::save_interface_file:  fe_globals == ''
rcp_cui::save_interface_file:  fe_tcf == ''
rcp_cui::save_interface_file:  fe_rc == ''
rcp_cui::save_interface_file:  fe_load_rpt == './genus2invs__2646528_c0db12f1-65d0-49e8-880e-4f9c383f8545fa_top/invs2genus_load'
rcp_cui::save_interface_file:  fe_db == './genus2invs__2646528_c0db12f1-65d0-49e8-880e-4f9c383f8545fa_top/invs2genus_db'
rcp_cui::save_interface_file:  fe_subdesign_taf == ''
rcp_cui::save_interface_file:  fe_rpt == './genus2invs__2646528_c0db12f1-65d0-49e8-880e-4f9c383f8545fa_top/invs2genus_final'
rcp_cui::save_interface_file:  fe_metrics == './genus2invs__2646528_c0db12f1-65d0-49e8-880e-4f9c383f8545fa_top/invs2genus.metrics.json'
rcp_cui::save_interface_file:  fe_sdp == ''
rcp_cui::save_interface_file:  fe_def == ''
rcp_cui::save_interface_file:  fe_vflag == './genus2invs__2646528_c0db12f1-65d0-49e8-880e-4f9c383f8545fa_top/.invs2genus.encVerFail'
rcp_cui::save_interface_file:  fe_inst_taf == ''
rcp_cui::save_interface_file:  fe_con == ''
rcp_cui::save_interface_file:  fe_cpf == ''
rcp_cui::save_interface_file:  fe_mmmc == ''
rcp_cui::save_interface_file:  fe_gridinfo == ''
rcp_cui::save_interface_file:  fe_log == './genus2invs__2646528_c0db12f1-65d0-49e8-880e-4f9c383f8545fa_top/innovus'
rcp_cui::save_interface_file:  fe_cts == ''
rcp_cui::save_interface_file:  fe_nl == ''
rcp_cui::save_interface_file:  fe_reportwire == './genus2invs__2646528_c0db12f1-65d0-49e8-880e-4f9c383f8545fa_top/invs2genus.reportwire.txt'
rcp_cui::save_interface_file:  fe_svr == ''
rcp_cui::save_interface_file:  fe_lec == ''
rcp_cui::save_interface_file:  fe_stat == './genus2invs__2646528_c0db12f1-65d0-49e8-880e-4f9c383f8545fa_top/invs2genus_final.stat'
rcp_cui::save_interface_file:  fe_basename == './genus2invs__2646528_c0db12f1-65d0-49e8-880e-4f9c383f8545fa_top/invs2genus'
rcp_cui::save_interface_file:  fe_lflag == './genus2invs__2646528_c0db12f1-65d0-49e8-880e-4f9c383f8545fa_top/.invs2genus.encLicFail'
rcp_cui::save_interface_file:  fe_spef == ''
rcp_cui::save_interface_file:  fe_dotg == ''
rcp_cui::save_interface_file:  fe_ndr_taf == ''
rcp_cui::save_interface_file:  fe_final_db == './genus2invs__2646528_c0db12f1-65d0-49e8-880e-4f9c383f8545fa_top/invs2genus_final_db'
rcp_cui::save_interface_file:  fe_route_cmap == ''
rcp_cui::save_interface_file:  fe_aae == './genus2invs__2646528_c0db12f1-65d0-49e8-880e-4f9c383f8545fa_top/invs2genus_final_db/cmn/fa_top.aae'
DELETE: ./genus2invs__2646528_c0db12f1-65d0-49e8-880e-4f9c383f8545fa_top/invs2genus.def.gz
%# child-enqueued metrics_wirelen
%# child-enqueued metrics_drv_stats
%# Begin ::rcp::wait_for_children (07/05 12:26:31, mem=4803.30M)
Starting parallel execution of queued child processes.
Multi-CPU acceleration using 8 CPU(s).

Gathering Wire Length Metrics...
%# child-done metrics_wirelen (total cpu=0, real=0)
%# child-done metrics_drv_stats (total cpu=0, real=0)
%# End ::rcp::wait_for_children (07/05 12:26:32, total cpu=16:00:00, real=16:00:01, peak res=5875.62M, current mem=4803.09M)
<CMD> timeDesign -reportOnly -outDir ./genus2invs__2646528_c0db12f1-65d0-49e8-880e-4f9c383f8545fa_top -prefix invs2genus_final
*** time_design #1 [begin] () : totSession cpu/real = 1:26:43.4/0:23:06.8 (3.8), mem = 4803.2M

OptSummary:

------------------------------------------------------------------
         time_design Summary
------------------------------------------------------------------

Setup views included:
 default_emulate_view 

+--------------------+---------+---------+---------+
|     Setup mode     |   all   | reg2reg | default |
+--------------------+---------+---------+---------+
|           WNS (ns):| -0.276  | -0.276  |  0.007  |
|           TNS (ns):| -37.119 | -37.119 |  0.000  |
|    Violating Paths:|   518   |   518   |    0    |
|          All Paths:|  29602  |  28637  |  17775  |
+--------------------+---------+---------+---------+

+----------------+-------------------------------+------------------+
|                |              Real             |       Total      |
|    DRVs        +------------------+------------+------------------|
|                |  Nr nets(terms)  | Worst Vio  |  Nr nets(terms)  |
+----------------+------------------+------------+------------------+
|   max_cap      |      0 (0)       |   0.000    |      0 (0)       |
|   max_tran     |     75 (83)      |   -0.299   |     84 (92)      |
|   max_fanout   |      0 (0)       |     0      |      0 (0)       |
|   max_length   |      0 (0)       |     0      |      0 (0)       |
+----------------+------------------+------------+------------------+

Density: 33.031%
------------------------------------------------------------------
Reported timing to dir ./genus2invs__2646528_c0db12f1-65d0-49e8-880e-4f9c383f8545fa_top
Total CPU time: 25.05 sec
Total Real time: 10.0 sec
Total Memory Usage: 4806.03125 Mbytes
*** time_design #1 [finish] () : cpu/real = 0:00:25.0/0:00:10.6 (2.4), totSession cpu/real = 1:27:08.4/0:23:17.4 (3.7), mem = 4806.0M
      flow.cputime  flow.realtime  timing.setup.tns  timing.setup.wns  snapshot
UM:*                                     -37.119 ns         -0.276 ns  run_time_design

Gathering Run Metrics...
%# child-enqueued metrics_timing
STATS: Capture
Will restore congestion map file from route /home/hujinzhao/pro/genus_bs1_300m/genus2invs__2646528_c0db12f1-65d0-49e8-880e-4f9c383f8545fa_top/invs2genus.route.congestion.gz
Reading congestion map file /home/hujinzhao/pro/genus_bs1_300m/genus2invs__2646528_c0db12f1-65d0-49e8-880e-4f9c383f8545fa_top/invs2genus.route.congestion.gz ...
Suppress "**WARN ..." messages.
Un-suppress "**WARN ..." messages.
      flow.cputime  flow.realtime  timing.setup.tns  timing.setup.wns  snapshot
UM:*                                                                   refresh_ispatial_congestion

Writing out NDR and layer assignment information.

Writing out inst information.

Writing out subdesign information.
Resetting transient modes.
%# Begin ::rcp::wait_for_children (07/05 12:26:47, mem=4804.49M)
Starting parallel execution of queued child processes.
Multi-CPU acceleration using 8 CPU(s).
%# child-done metrics_timing (total cpu=0, real=0)
%# End ::rcp::wait_for_children (07/05 12:26:48, total cpu=16:00:00, real=16:00:01, peak res=5875.62M, current mem=4805.17M)
%# Begin rcp::final_db (07/05 12:26:48, mem=4805.17M)

Writing Common (Stylus) db
#% Begin Save Common DB (date=07/05 12:26:48, mem=4808.2M)
(stylus_db): setting userDir to '/home/hujinzhao/pro/genus_bs1_300m/genus2invs__2646528_c0db12f1-65d0-49e8-880e-4f9c383f8545fa_top/invs2genus_final_db' 
(stylus_db): Start Save Innovus Native DB ...
Multi-CPU acceleration using 8 CPU(s).
Starting separate write_db process.  See './genus2invs__2646528_c0db12f1-65d0-49e8-880e-4f9c383f8545fa_top/invs2genus_final_db/pnr/save_design_background.log' for any output messages.
(stylus_db): Completed Saving Innovus Native DB "./genus2invs__2646528_c0db12f1-65d0-49e8-880e-4f9c383f8545fa_top/invs2genus_final_db/pnr/fa_top.db"
(stylus_db): Start Saving Common DB ...
(stylus_db): Create link to libraries
(stylus_db): Save Verilog Netlist ...
% Begin Save Verilog Netlist (date=07/05 12:26:48, mem=4808.2M)
Writing Netlist "./genus2invs__2646528_c0db12f1-65d0-49e8-880e-4f9c383f8545fa_top/invs2genus_final_db/cmn/fa_top.v.gz" ...
% End Save Verilog Netlist (date=07/05 12:26:49, total cpu=0:00:00.5, real=0:00:01.0, peak res=4813.3M, current mem=4813.3M)
% Begin Save TCF (date=07/05 12:26:49, mem=4813.3M)
% End Save TCF (date=07/05 12:26:49, total cpu=0:00:00.1, real=0:00:00.0, peak res=4813.3M, current mem=4813.3M)
(stylus_db): Save DEF ...
(stylus_db): Save Route congestion map ...
(stylus_db): Save MMMC ...
Writing DEF file './genus2invs__2646528_c0db12f1-65d0-49e8-880e-4f9c383f8545fa_top/invs2genus_final_db/cmn/fa_top.def.gz', current time is Sun Jul  5 12:26:49 2026 ...
unitPerMicron=1000, dbgMicronPerDBU=0.001000, unitPerDBU=1.000000
Saving congestion map file ./genus2invs__2646528_c0db12f1-65d0-49e8-880e-4f9c383f8545fa_top/invs2genus_final_db/cmn/fa_top.route.congestion.gz ...
% Begin Save MMMC data (date=07/05 12:26:49, mem=4813.6M)
% End Save MMMC data (date=07/05 12:26:51, total cpu=0:00:03.8, real=0:00:02.0, peak res=4813.6M, current mem=4812.0M)
(stylus_db): Save LefInfo ...
% Begin Save SDP file (date=07/05 12:26:51, mem=4812.0M)
(stylus_db): Save SDP ...
% End Save SDP file (date=07/05 12:26:51, total cpu=0:00:00.2, real=0:00:00.0, peak res=4812.1M, current mem=4812.1M)
(stylus_db): Save Metric data ...
% Begin Save Metric data (date=07/05 12:26:51, mem=4812.1M)
% End Save Metric data (date=07/05 12:26:52, total cpu=0:00:00.6, real=0:00:01.0, peak res=4812.7M, current mem=4812.7M)
(stylus_db): Save Flow-Kit settings ...
% Begin Save FLow-Kit settings (date=07/05 12:26:52, mem=4812.7M)
% End Save FLow-Kit settings (date=07/05 12:26:52, total cpu=0:00:00.2, real=0:00:00.0, peak res=4812.7M, current mem=4812.7M)
DEF file './genus2invs__2646528_c0db12f1-65d0-49e8-880e-4f9c383f8545fa_top/invs2genus_final_db/cmn/fa_top.def.gz' is written, current time is Sun Jul  5 12:26:53 2026 ...
TAT_INFO: ::defOut REAL = 4 : CPU = 3 : MEM = 0.
(stylus_db): Save Scandef file...
(stylus_db): Info: Could not save power intent as neither 1801(UPF) nor CPF was loaded ...
(stylus_db): Save AAE settings ...
(stylus_db): Save SPEF data ...
% Begin Save SPEF (date=07/05 12:26:53, mem=4812.5M)
% End Save SPEF (date=07/05 12:27:01, total cpu=0:00:20.1, real=0:00:08.0, peak res=4897.1M, current mem=4817.8M)
(stylus_db): Save RC preroute extraction data ...
Saving preRoute extracted patterns in file './genus2invs__2646528_c0db12f1-65d0-49e8-880e-4f9c383f8545fa_top/invs2genus_final_db/cmn/fa_top.extraction/fa_top.techData.gz' ...
Saving preRoute extraction data in directory './genus2invs__2646528_c0db12f1-65d0-49e8-880e-4f9c383f8545fa_top/invs2genus_final_db/cmn/fa_top.extraction/extraction/' ...
(stylus_db): Save Min Layer data file : ./genus2invs__2646528_c0db12f1-65d0-49e8-880e-4f9c383f8545fa_top/invs2genus_final_db/cmn/fa_top.min_layer
% Begin Save Min Layer data (date=07/05 12:27:01, mem=4817.9M)
Saved 293 nets on 204900
% End Save Min Layer data (date=07/05 12:27:01, total cpu=0:00:00.1, real=0:00:00.0, peak res=4817.9M, current mem=4817.9M)
% Begin Save attributes and preserves (date=07/05 12:27:01, mem=4817.9M)
(stylus_db): Save SQLite db (version 0.2) ...
(stylus_db): Save Root attributes ...
  Saved 22 Root attributes
(stylus_db): Start saving preserve attributes ...
  Saved dont_use of 393 base_cells
  Saved dont_touch of 393 base_cells
  Saved dont_touch of 38 insts
  Saved 825 preserve attributes
(stylus_db): Start saving attributes of design objects ...
  Saved original_name attribute of 551 ports
  Saved file_row_col attribute of 551 ports
  Saved single_bit_orig_name attribute of 17454 insts
  Saved original_name attribute of 17454 insts
  Saved is_clock attribute of 1 nets
  Saved route_bottom_preferred_layer attribute of 293 nets
  Saved top_bottom_preferred_layer attribute of 293 nets
  Saved route_bottom_preferred_layer_app attribute of 293 nets
  Saved top_bottom_preferred_layer_app attribute of 293 nets
  Saved original_name attribute of 22402 pins
  Saved file_row_col attribute of 57234 pins
  Saved file_row_col attribute on design
  Saved file_row_col attribute of 2 modules
  Saved file_row_col attribute of 190395 insts
  Saved file_row_col attribute of 2 hInsts
  Saved original_name attribute of 2 hinsts
  Saved single_bit_original_name attribute of 2 hinsts
  Saved file_row_col attribute of 769 hpins
  Saved original_name attribute of 769 hports
  Saved 308817 attributes of design objects
  Saved 2 user-defined attributes
(stylus_db): Saved 22 Root attributes, 0 route_type attributes, 0 place_blockages attributes, 825 DB preserves, 0 power_domain attributes, 2 user-defined attributes , 0 attributes of messages and 308817 attributes of design objects
(stylus_db): Saved 0 total USF attributes
% End Save attributes and preserves (date=07/05 12:27:23, total cpu=0:00:21.4, real=0:00:22.0, peak res=4823.8M, current mem=4823.8M)
(stylus_db): Start Saving Innovus Common DB ...
  Save Globals file ...
  Save Mode file ...
  Save CCOPT config data ...
  Save iHDB config data ...
(stylus_db): Completed Saving Innovus Common DB "./genus2invs__2646528_c0db12f1-65d0-49e8-880e-4f9c383f8545fa_top/invs2genus_final_db/cmn/pnr_cmn" ...
TAT_INFO: ::saveCongMap REAL = 0 : CPU = 0 : MEM = 0.
TAT_INFO: ::save_ccopt_config REAL = 0 : CPU = 0 : MEM = 0.
(stylus_db): Saving Synthesis Common DB ...
#% End Save Common DB (date=07/05 12:27:23, total cpu=0:00:49.5, real=0:00:35.0, peak res=4897.1M, current mem=4825.6M)
*** Message Summary: 0 warning(s), 0 error(s)

-method static                           # enums={static dynamic dynamic_vectorless dynamic_vectorbased dynamic_mixed_mode vector_profile event_based}, default=static
Generating Default TCF
%# child-enqueued write_tcf
%# Begin ::rcp::wait_for_children (07/05 12:27:23, mem=4825.61M)
Starting parallel execution of queued child processes.
Multi-CPU acceleration using 8 CPU(s).
Total CPU(s) requested: 6
Total CPU(s) enabled with current License(s): 8
Current free CPU(s): 1
No more licenses are available for multi-cpu acceleration.
Total CPU(s) now enabled: 8
** WARN:  (VOLTUS_POWR-1230): Insufficient number of licenses to run with 6 CPUs.  Reducing number of CPUs to 1.

clk(300.03MHz) CK: assigning clock clk to net clk

Starting Levelizing
2026-Jul-05 12:27:35 (2026-Jul-05 04:27:35 GMT)
2026-Jul-05 12:27:35 (2026-Jul-05 04:27:35 GMT): 10%
2026-Jul-05 12:27:35 (2026-Jul-05 04:27:35 GMT): 20%
2026-Jul-05 12:27:35 (2026-Jul-05 04:27:35 GMT): 30%
2026-Jul-05 12:27:36 (2026-Jul-05 04:27:36 GMT): 40%
2026-Jul-05 12:27:36 (2026-Jul-05 04:27:36 GMT): 50%
2026-Jul-05 12:27:36 (2026-Jul-05 04:27:36 GMT): 60%
2026-Jul-05 12:27:36 (2026-Jul-05 04:27:36 GMT): 70%
2026-Jul-05 12:27:36 (2026-Jul-05 04:27:36 GMT): 80%
2026-Jul-05 12:27:36 (2026-Jul-05 04:27:36 GMT): 90%

Finished Levelizing
2026-Jul-05 12:27:37 (2026-Jul-05 04:27:37 GMT)

Starting Activity Propagation
2026-Jul-05 12:27:37 (2026-Jul-05 04:27:37 GMT)
** INFO:  (VOLTUS_POWR-1356): No default input activity has been set. Defaulting to 0.2.
Use 'set_default_switching_activity -input_activity' command to change the default activity value.

2026-Jul-05 12:27:39 (2026-Jul-05 04:27:39 GMT): 10%
2026-Jul-05 12:27:40 (2026-Jul-05 04:27:40 GMT): 20%
2026-Jul-05 12:27:41 (2026-Jul-05 04:27:41 GMT): 30%

Finished Activity Propagation
2026-Jul-05 12:27:44 (2026-Jul-05 04:27:44 GMT)
Writing TCF output to file
'./genus2invs__2646528_c0db12f1-65d0-49e8-880e-4f9c383f8545fa_top/invs2genus_final_db/cmn/fa_top.power/fa_top.comp.tcf'
%# child-done write_tcf (total cpu=21, real=21)
%# End ::rcp::wait_for_children (07/05 12:27:45, total cpu=16:00:20, real=16:00:22, peak res=5875.62M, current mem=4825.61M)
%# End rcp::final_db (07/05 12:27:45, total cpu=16:01:10, real=16:00:57, peak res=5875.62M, current mem=4825.61M)

Writing out Metrics file - ./genus2invs__2646528_c0db12f1-65d0-49e8-880e-4f9c383f8545fa_top/invs2genus.metrics.json
      flow.cputime  flow.realtime  timing.setup.tns  timing.setup.wns  snapshot
UM:*                                                                   invs2genus_export
Configuring postexport environment.
Configuring postexport command environment. 0
%# End ::rcp_cui::save_interface_files (07/05 12:27:45, total cpu=16:01:47, real=16:01:20, peak res=5875.62M, current mem=4824.67M)
*** Message Summary: 971 warning(s), 198022 error(s)


*** Memory Usage v#3 (Current mem = 4824.836M, initial mem = 974.574M) ***
--- Ending "Innovus" (totcpu=1:28:24, real=0:24:21, mem=4824.8M) ---


Finished batch session (command execution time: real mm:ss 24:26).
%# End launch_innovus (07/05 12:27:49, total cpu=16:00:04, real=16:24:26, peak res=8233.80M, current mem=3025.79M)
Updating database...
%# Begin phys_update_database (07/05 12:27:49, mem=3025.79M)
%# Begin preload_script (07/05 12:27:49, mem=3025.79M)
%# End preload_script (07/05 12:27:49, total cpu=16:00:00, real=16:00:00, peak res=8233.80M, current mem=3025.79M)
      flow.cputime  flow.realtime  timing.setup.tns  timing.setup.wns  snapshot
UM:*                                                                   preload_script
%# Begin read_metric (07/05 12:27:49, mem=3025.79M)
%# End read_metric (07/05 12:27:50, total cpu=16:00:00, real=16:00:01, peak res=8233.80M, current mem=3025.79M)
      flow.cputime  flow.realtime  timing.setup.tns  timing.setup.wns  snapshot
UM:*                                                                   read_metric
%# Begin stylus_db::read (07/05 12:27:50, mem=3025.79M)
(stylus_db): Argument checking
  Setting attribute of root '/': 'init_mmmc_version' = 2
(stylus_db): Set 'init_mmmc_version' to 2
(stylus_db): Reading USER attribute definitions
Sourcing script file ./genus2invs__2646528_c0db12f1-65d0-49e8-880e-4f9c383f8545fa_top/invs2genus_final_db/cmn/syn_cmn/fa_top.smsc.library_setup.tcl...
Done reading script file ./genus2invs__2646528_c0db12f1-65d0-49e8-880e-4f9c383f8545fa_top/invs2genus_final_db/cmn/syn_cmn/fa_top.smsc.library_setup.tcl.
Sourcing script file ./genus2invs__2646528_c0db12f1-65d0-49e8-880e-4f9c383f8545fa_top/invs2genus_final_db/cmn/syn_cmn/fa_top.smsc.library_domains.g.gz...
Done reading script file ./genus2invs__2646528_c0db12f1-65d0-49e8-880e-4f9c383f8545fa_top/invs2genus_final_db/cmn/syn_cmn/fa_top.smsc.library_domains.g.gz.
(stylus_db): Reading Root DOTG
Sourcing script file ./genus2invs__2646528_c0db12f1-65d0-49e8-880e-4f9c383f8545fa_top/invs2genus_final_db/cmn/syn_cmn/fa_top.root.g.gz...
Done reading script file ./genus2invs__2646528_c0db12f1-65d0-49e8-880e-4f9c383f8545fa_top/invs2genus_final_db/cmn/syn_cmn/fa_top.root.g.gz.
(stylus_db): Setting root attributes
There were 19 applications and 0 problems processing root attributes.
(stylus_db): Reading of Root Attributes complete
(stylus_db): Refreshing Extraction Engine

  According to qrc_tech_file, there are total 6 routing layers [ V(3) / H(3) ]

  Setting attribute of root '/': 'qrc_tech_file' = /home/share/pdk/sky130A/libs.tech/cadence/qrcTechFile
(stylus_db): Completed creating implied root attributes
(stylus_db): Reading Verilog
Warning : Non-monotonic wireload model found. [LBR-81]
        : 'Length' table in wireload model 'Huge' is non-monotonic.
Warning : Non-monotonic wireload model found. [LBR-81]
        : 'Length' table in wireload model 'Huge' is non-monotonic.
Warning : Non-monotonic wireload model found. [LBR-81]
        : 'Length' table in wireload model 'Huge' is non-monotonic.
Warning : Non-monotonic wireload model found. [LBR-81]
        : 'Length' table in wireload model 'Large' is non-monotonic.
Warning : Non-monotonic wireload model found. [LBR-81]
        : 'Length' table in wireload model 'Large' is non-monotonic.
Warning : Non-monotonic wireload model found. [LBR-81]
        : 'Length' table in wireload model 'Large' is non-monotonic.
Warning : Non-monotonic wireload model found. [LBR-81]
        : 'Length' table in wireload model 'Medium' is non-monotonic.
Warning : Non-monotonic wireload model found. [LBR-81]
        : 'Length' table in wireload model 'Medium' is non-monotonic.
  Done reading and elaborating the structural design 'fa_top'.
Checking for source RTL...
Check completed for source RTL.
(stylus_db): Interpreting MMMC as SMSC
Using compressed SDC constraint file ./genus2invs__2646528_c0db12f1-65d0-49e8-880e-4f9c383f8545fa_top/invs2genus_final_db/cmn/fa_top.mmmc/modes/default_emulate_constraint_mode/default_emulate_constraint_mode.sdc.gz
Statistics for commands executed by read_sdc:
 "create_clock"             - successful      1 , failed      0 (runtime  0.02)
 "current_design"           - successful      1 , failed      0 (runtime  0.02)
 "get_clocks"               - successful    550 , failed      0 (runtime  0.01)
 "get_ports"                - successful    551 , failed      0 (runtime  0.07)
 "set_clock_gating_check"   - successful      2 , failed      0 (runtime  0.03)
 "set_input_delay"          - successful    204 , failed      0 (runtime  0.02)
 "set_output_delay"         - successful    346 , failed      0 (runtime  0.01)
 "set_units"                - successful      1 , failed      0 (runtime  0.01)
read_sdc completed in 00:00:00 (hh:mm:ss)
  Setting attribute of design 'fa_top': 'global_route_overflow_TR_H' = 11.33
  Setting attribute of design 'fa_top': 'global_route_overflow_TR_V' = 3.35
  Setting attribute of design 'fa_top': 'phys_max_congestion_hotspot' = 9988.12
  Setting attribute of design 'fa_top': 'phys_total_congestion_hotspot' = 20943.7
(stylus_db): Root to Design Attrs
(stylus_db): Init Design
Started checking and loading power intent for design fa_top...
==============================================================
No power intent for design 'fa_top'.
Completed checking and loading power intent for design fa_top (runtime:0.00s memory_usage:0.00M peak_memory:0.00M).
===================================================================================================================
  Setting attribute of root '/': 'read_qrc_tech_file_rc_corner' = true
(stylus_db): Reading DEF

Reading and processing DEF file './genus2invs__2646528_c0db12f1-65d0-49e8-880e-4f9c383f8545fa_top/invs2genus_final_db/cmn/fa_top.def.gz'...
Parsing DEF file...

  'read_def' read 10000 lines...
  'read_def' read 20000 lines...
  'read_def' read 30000 lines...
  'read_def' read 40000 lines...
  'read_def' read 50000 lines...
  'read_def' read 60000 lines...
  'read_def' read 70000 lines...
  'read_def' read 80000 lines...
  'read_def' read 90000 lines...
  'read_def' read 100000 lines...
  'read_def' read 200000 lines...
  'read_def' read 300000 lines...
Warning : Net specified in pin is undefined in the netlist. [PHYS-2257]
        : Net 'm_axi_arlen[6]' specified in Pin 'm_axi_arlen[5]' is undefined in netlist.
Warning : Net specified in pin is undefined in the netlist. [PHYS-2257]
        : Net 'm_axi_arlen[5]' specified in Pin 'm_axi_arlen[5]' is undefined in netlist.
Warning : Net specified in pin is undefined in the netlist. [PHYS-2257]
        : Net 'm_axi_awlen[6]' specified in Pin 'm_axi_awlen[5]' is undefined in netlist.
Warning : Net specified in pin is undefined in the netlist. [PHYS-2257]
        : Net 'm_axi_awlen[5]' specified in Pin 'm_axi_awlen[5]' is undefined in netlist.
  'read_def' read 400000 lines...
  'read_def' read 500000 lines...
  'read_def' read 600000 lines...
  'read_def' read 700000 lines...
  'read_def' read 800000 lines...
  'read_def' read 900000 lines...
  'read_def' read 1000000 lines...
  'read_def' read 2000000 lines...

Done parsing DEF file (wall time: 4s, CPU time: 3845ms).
Processing DEF file...

Creating gcells from DEF (count: 197210)
  Summary report for DEF file './genus2invs__2646528_c0db12f1-65d0-49e8-880e-4f9c383f8545fa_top/invs2genus_final_db/cmn/fa_top.def.gz'

    Components
    ----------
        Cover:      0
        Fixed:     38
   Soft Fixed:      0
     Physical:      0
         Bump:      0
       Placed: 190357
     Unplaced:      0
        TOTAL: 190395 (38 are class macro)
   
          Pins
          ----
        Cover:   0
        Fixed: 551
     Physical:   0
       Placed:   0
     Unplaced:   0
        TOTAL: 551
   
          Nets
          ----
         Read:      0
      Skipped: 203159
        TOTAL: 203159
   
   SpecialNets
   -----------
         Read: 0
      Skipped: 0
        TOTAL: 0
   
       Fences: 0
       Guides: 0
      Regions: 0

Done processing DEF file (wall time: 0s, CPU time: 167ms).
   
  ========================
  Physical Message Summary
  ========================
   
  38 / 0  I   PHYS-181  Full preserve set on instance.
   4 / 4  W  PHYS-2257  Net specified in pin is undefined in the netlist.
   
Info : Initializing 2-D Early Global router engine...
Info : Installing 2-D Early Global router...
Info : Early Global router engine is using 8 threads.
Info : 2-D Early Global router initialization complete.
Info : 2-D Early Global router installation complete.
Info : Installing 3-D Early Global router...
Info : 3-D Early Global router installation complete.
Done reading and processing DEF file './genus2invs__2646528_c0db12f1-65d0-49e8-880e-4f9c383f8545fa_top/invs2genus_final_db/cmn/fa_top.def.gz' (wall time: 9s, CPU time: 7830ms).

(stylus_db): Creating exchange objects
(stylus_db): Read Latency
Using compressed SDC constraint file ./genus2invs__2646528_c0db12f1-65d0-49e8-880e-4f9c383f8545fa_top/invs2genus_final_db/cmn/fa_top.mmmc/views/default_emulate_view/latency.sdc.gz
Statistics for commands executed by read_sdc:
 "get_pins"                 - successful    140 , failed      0 (runtime  0.01)
 "set_clock_latency"        - successful    140 , failed      0 (runtime  0.01)
read_sdc completed in 00:00:00 (hh:mm:ss)
(stylus_db): Reading any Extra SDC
Statistics for commands executed by read_sdc:
 "set_path_group_options"   - successful      2 , failed      0 (runtime  0.01)
read_sdc completed in 00:00:00 (hh:mm:ss)
(stylus_db): Reading DOTG
Sourcing script file ./genus2invs__2646528_c0db12f1-65d0-49e8-880e-4f9c383f8545fa_top/invs2genus_final_db/cmn/syn_cmn/fa_top.g.gz...
Done reading script file ./genus2invs__2646528_c0db12f1-65d0-49e8-880e-4f9c383f8545fa_top/invs2genus_final_db/cmn/syn_cmn/fa_top.g.gz.
Applied 148 Innovus Modes and globals.
(stylus_db): Setting root attributes
There were 17 applications and 0 problems processing root attributes.
(stylus_db): Reading User Attributes
Sourcing script file ./genus2invs__2646528_c0db12f1-65d0-49e8-880e-4f9c383f8545fa_top/invs2genus_final_db/cmn/syn_cmn/fa_top.syn_userattrs.gz...
Done reading script file ./genus2invs__2646528_c0db12f1-65d0-49e8-880e-4f9c383f8545fa_top/invs2genus_final_db/cmn/syn_cmn/fa_top.syn_userattrs.gz.
(stylus_db): Reading Flowkit Settings
Sourcing script file ./genus2invs__2646528_c0db12f1-65d0-49e8-880e-4f9c383f8545fa_top/invs2genus_final_db/cmn/fa_top.flowkit_settings.tcl...
Done reading script file ./genus2invs__2646528_c0db12f1-65d0-49e8-880e-4f9c383f8545fa_top/invs2genus_final_db/cmn/fa_top.flowkit_settings.tcl.
(stylus_db): Reading Design Attributes
(stylus_db): Setting attributes on design objects
Updated 0 and validated 17454 original_name instance attributes. With 0 problems deriving from pin based values.
(stylus_db): Summary count of attributes that could be applied
could_apply(boundary_change)                  = 58
could_apply(dont_touch)                       = 431
could_apply(dont_use)                         = 393
could_apply(file_row_col)                     = 248954
could_apply(is_clock)                         = 1
could_apply(original_name)                    = 41178
could_apply(route_bottom_preferred_layer)     = 293
could_apply(route_bottom_preferred_layer_app) = 293
could_apply(route_top_preferred_layer)        = 293
could_apply(route_top_preferred_layer_app)    = 293
could_apply(single_bit_orig_name)             = 17454
could_apply(single_bit_original_name)         = 2
(stylus_db): Reading Min Layer Application
(stylus_db): Reading TCF
Info    : Joules engine is used. [RPT-16]
        : Joules parser is being used for the command read_tcf.
Info   : STIM-0001 [StimInfo] read_stimulus effective options 
       : -file :
       : /home/hujinzhao/pro/genus_bs1_300m/genus2invs__2646528_c0db12f1-65d0-49e8-880e-4f9c383f8545fa_top/invs2genus_final_db/cmn/fa_top.power/fa_top.comp.tcf
       : -dut_instance : /
       : -design_root : fa_top
       : -format : tcf
Info   : STIM-0001 Design top is fa_top
Info   : STIM-0001 Started reading input stimulus file
       : /home/hujinzhao/pro/genus_bs1_300m/genus2invs__2646528_c0db12f1-65d0-49e8-880e-4f9c383f8545fa_top/invs2genus_final_db/cmn/fa_top.power/fa_top.comp.tcf
Info   : STIM-0002 [StimInfo] Stimulus has been identified as a gate level
       : stimulus, switching on -allow_n_nets option..
Info   : STIM-0007 [StimInfo] Stored stimulus information '/stim#1' in SDB.
---------------------------- Annotation Report ---------------------------
Object Type         Asserted  UnAsserted  Unconnected   Total  Asserted% 
                                           + Constant                    
--------------------------------------------------------------------------
Primary Ports                                                            
  Inputs                 205           0            0     205    100.00% 
  Outputs                316           0           30     346    100.00% 
  I/O                      0           0            0       0        N/A 
Sequential Outputs                                                       
  Memory                4864           0            0    4864    100.00% 
  Flop                 17538           0            0   17538    100.00% 
  Latch                    0           0            0       0        N/A 
  Arch ICGC                0           0            0       0        N/A 
  Inferred ICGC            0           0            0       0        N/A 
  Total ICGC               0           0            0       0        N/A 
Drivers                                                                  
  Driver nets         204900           0            0  204900    100.00% 
  RTL Driver nets     204695           0            0  204695    100.00% 
DFT                                                                      
  Input Ports              0           0            0       0        N/A 
  Flop Outputs             0           0            0       0        N/A 
  Memory Outputs           0           0            0       0        N/A 
--------------------------------------------------------------------------
Info   : STIM-0013 [StimInfo] Completed successfully.
       : Info=5, Warn=0, Error=0, Fatal=0
Info: Removing all stims from SDB
(stylus_db): Reading Routing Congestion
Reading Innovus congestion map file './genus2invs__2646528_c0db12f1-65d0-49e8-880e-4f9c383f8545fa_top/invs2genus_final_db/cmn/fa_top.route.congestion.gz'...
(stylus_db): Reading AAE settings
Read 3992 values from Innovus AAE file.
Detected that AAE fast_mode is correctly communicated from Innovus.
(stylus_db): Switching timing analysis to placement based PLE
(stylus_db): Read SPEF
Reading ./genus2invs__2646528_c0db12f1-65d0-49e8-880e-4f9c383f8545fa_top/invs2genus_final_db/cmn/fa_top.mmmc/corners/default_emulate_rc_corner/default_emulate_rc_corner.spef.gz ...

Annotating parasitics for design fa_top
Warning : Cannot annotate physical data on this net. [PHYS-254]
        : The lumped capacitance for net 'FE_OFN86187_n' is zero.
Warning : Small lumped capacitance will be ignored. [PHYS-262]
        : The lumped capacitance for net 'u_finalize/FE_OCPN85610_u_norm_mul_106_77_I2_n_7604' is too small: 0.00036 ff, use 0.1 ff
Warning : Annotated physical data will be ignored for timing analysis. [PHYS-256]
        : Net 'clk' has an ideal pin 'u_core_u_score_exp_product_s0_reg[24]/CLK (sky130_fd_sc_hs__sdfxtp_1/CLK)'.
Warning : Cannot find this net. [PHYS-266]
        : Multi-port net 'm_axi_arlen[5]' in line 1787463 of file './genus2invs__2646528_c0db12f1-65d0-49e8-880e-4f9c383f8545fa_top/invs2genus_final_db/cmn/fa_top.mmmc/corners/default_emulate_rc_corner/default_emulate_rc_corner.spef.gz' replaced with m_axi_arlen[6].
Warning : Cannot find this net. [PHYS-266]
        : Multi-port net 'm_axi_awlen[5]' in line 1795513 of file './genus2invs__2646528_c0db12f1-65d0-49e8-880e-4f9c383f8545fa_top/invs2genus_final_db/cmn/fa_top.mmmc/corners/default_emulate_rc_corner/default_emulate_rc_corner.spef.gz' replaced with m_axi_awlen[6].

##### read_spef statistics #####
Corner: default_emulate_rc_corner
Total number of nets: 203159
Number of nets cannot be annotated: 11
Number of nets with lumped capacitance less than 0.1 ff: 17
Number of nets with zero lumped capacitance 11
Number of nets annotated, but ignored for timing 1
Total runtime: 15.0 seconds
(stylus_db): Configure PLE
============================================================
  Generated by:           Genus(TM) Synthesis Solution 25.12-s067_1
  Generated on:           Jul 05 2026  12:29:20 pm
  Module:                 fa_top
  Technology libraries:   sky130_fd_sc_hs__tt_025C_1v80 1.0000000000
                          sky130_sram_0kbytes_1rw1r_64x32_8_TT_1p8V_25C_lib 
                          sky130_sram_0kbytes_1rw1r_64x64_8_TT_1p8V_25C_lib 
                          sky130_sram_0kbytes_1rw1r_128x16_16_TT_1p8V_25C_lib 
                          physical_cells 
  Operating conditions:   typ 
  Interconnect mode:      placement
  Area mode:              physical library
============================================================

Aspect ratio        : 0.998
Shrink factor       : 1.000
Scale of res/length : 1.000
Scale of cap/length : 1.000
Net derating factor : 1.000
Thermal factor      : 1.000
Via Resistance      : 6.862 ohm (from qrc_tech_file)
Site size           : 3.810 um (from lef [tech+cell])

                                   Capacitance  
  Layer                             / Length         Data source:
Name        Direction Utilization  (pF/micron)       user override
------------------------------------------------
<extracted>     U         n/a         0.000185  
<extracted>     V         n/a         0.000165  
<extracted>     H         n/a         0.000206  

                                    Resistance   
  Layer                              / Length         Data source:
Name        Direction Utilization  (ohm/micron)       user override
-------------------------------------------------
<extracted>     U         n/a          0.846329  
<extracted>     V         n/a          0.857891  
<extracted>     H         n/a          0.834768  

                                        Area     
  Layer                               / Length        Data source:
Name (bin)  Direction Utilization     (micron)        lef_library
-------------------------------------------------
li1             V         0.00         0.170000  
met1            H         1.00         0.140000  
met2            V         1.00         0.140000  
met3            H         1.00         0.300000  
met4            V         1.00         0.300000  
met5            H         1.00         1.600000  

(stylus_db): Reading EXTRACTION
There is no ndr for this design!
INFO (IMPEXT-7055): Loading preRoute extraction data from directory '/home/hujinzhao/pro/genus_bs1_300m/genus2invs__2646528_c0db12f1-65d0-49e8-880e-4f9c383f8545fa_top/invs2genus_final_db/cmn/fa_top.extraction/extraction/' ...

No NDR for EEKit
INFO (IMPEXT-7048): Generating auto layer map file.

INFO (IMPEXT-7026): Loading preRoute extracted patterns from file '/home/hujinzhao/pro/genus_bs1_300m/genus2invs__2646528_c0db12f1-65d0-49e8-880e-4f9c383f8545fa_top/invs2genus_final_db/cmn/fa_top.extraction/fa_top.techData.gz' ...

INFO (IMPEXT-6209): Completed (cpu: 288682.000000 real: 288682.000000)

There is no ndr for this design!
%# End stylus_db::read (07/05 12:29:21, total cpu=16:01:34, real=16:01:31, peak res=8233.80M, current mem=4090.76M)
      flow.cputime  flow.realtime  timing.setup.tns  timing.setup.wns  snapshot
UM:*                                                                   read_invs2genus_db
(updb): (07/05 12:29:21) Refreshing Timer
Info    : AAE enabled for delay calculation. [TIM-45]
        :  
      flow.cputime  flow.realtime  timing.setup.tns  timing.setup.wns  snapshot
UM:*                                                                   timer_refresh
%# End phys_update_database (07/05 12:29:34, total cpu=16:02:10, real=16:01:45, peak res=8233.80M, current mem=5804.74M)
      flow.cputime  flow.realtime  timing.setup.tns  timing.setup.wns  snapshot
UM:*                                                                   phys_update_database




Finished QoS prediction (command execution time mm:ss (real) = 28:11).

      flow.cputime  flow.realtime  timing.setup.tns  timing.setup.wns  snapshot
UM:*                                                                   predict_qos
  Done placing fa_top.
(syn_opt_placed): Activating iSpatial - opt_spatial_effort standard
  Done spatial mode optimization fa_top.
      flow.cputime  flow.realtime  timing.setup.tns  timing.setup.wns  snapshot
UM:*                                                                   syn_opt_ispatial_standard
@file(run_fa_accel_sky130_sram.tcl) 285: redirect [file join $report_dir timing.rpt] {report timing}
@file(run_fa_accel_sky130_sram.tcl) 286: redirect [file join $report_dir area.rpt] {report area}
@file(run_fa_accel_sky130_sram.tcl) 287: redirect [file join $report_dir power.rpt] {report power}
@file(run_fa_accel_sky130_sram.tcl) 288: redirect [file join $report_dir qor_final.rpt] {report qor}
@file(run_fa_accel_sky130_sram.tcl) 289: redirect [file join $report_dir check_design_post.rpt] {check_design}
@file(run_fa_accel_sky130_sram.tcl) 290: redirect [file join $report_dir hierarchy_final.rpt] {report hierarchy}
@file(run_fa_accel_sky130_sram.tcl) 293: set syn_method_lines {}
@file(run_fa_accel_sky130_sram.tcl) 294: lappend syn_method_lines "SYNTHESIS_METHODOLOGY"
@file(run_fa_accel_sky130_sram.tcl) 295: lappend syn_method_lines "Tool: Genus 25.12"
@file(run_fa_accel_sky130_sram.tcl) 296: if {$physical_mode} {
  lappend syn_method_lines "Physical synthesis: YES (syn_opt -spatial)"
  lappend syn_method_lines "QRC probabilistic extraction: ENABLED"
  lappend syn_method_lines "Floorplan prediction: predict_floorplan"
} else {
  lappend syn_method_lines "Physical synthesis: NO (logical only)"
  lappend syn_method_lines "QRC probabilistic extraction: N/A"
  lappend syn_method_lines "Floorplan prediction: N/A"
}
@file(run_fa_accel_sky130_sram.tcl) 305: lappend syn_method_lines "SPEF annotation: check main log for 'read_spef statistics'"
@file(run_fa_accel_sky130_sram.tcl) 306: lappend syn_method_lines "Verification: grep 'syn_opt -spatial' in Genus log to confirm execution"
@file(run_fa_accel_sky130_sram.tcl) 307: write_text_report [file join $report_dir syn_methodology.rpt] $syn_method_lines
@file(run_fa_accel_sky130_sram.tcl) 308: if {[catch {redirect [file join $report_dir gates.rpt] {report gates}} err]} {
  puts "WARNING: optional gates report failed: $err"
}
@file(run_fa_accel_sky130_sram.tcl) 311: if {[catch {redirect [file join $report_dir cell_usage.rpt] {report cell_usage}} err]} {
  puts "WARNING: optional cell usage report failed: $err"
}
WARNING: optional cell usage report failed: Failed on 'report cell_usage'
@file(run_fa_accel_sky130_sram.tcl) 314: if {[catch {redirect [file join $report_dir unmapped_final.rpt] {report unmapped}} err]} {
  puts "WARNING: optional unmapped final report failed: $err"
}
WARNING: optional unmapped final report failed: Failed on 'report unmapped'
@file(run_fa_accel_sky130_sram.tcl) 318: write_hdl > [file join $output_dir ${top}_mapped.v]
@file(run_fa_accel_sky130_sram.tcl) 319: write_sdc > [file join $output_dir ${top}_mapped.sdc]
Finished SDC export (command execution time mm:ss (real) = 00:02).
@file(run_fa_accel_sky130_sram.tcl) 320: if {[catch {write_db [file join $output_dir ${top}.db]} err]} {
  puts "WARNING: optional write_db failed: $err"
}
INFO (IMPEXT-7027): Saving preRoute extracted patterns in file '/home/hujinzhao/pro/genus_bs1_300m/results/outputs/fa_top/fa_top.db.xdata/fa_top.techData.gz' ...

INFO (IMPEXT-7054): Saving preRoute extraction data in directory '/home/hujinzhao/pro/genus_bs1_300m/results/outputs/fa_top/fa_top.db.xdata/extraction/' ...

Successfully saved preroute extraction data
Finished exporting design database to file '/home/hujinzhao/pro/genus_bs1_300m/results/outputs/fa_top/fa_top.db' for 'fa_top' (command execution time mm:ss cpu = 00:28, real = 00:28).
@file(run_fa_accel_sky130_sram.tcl) 326: set nand2_area [get_db [get_lib_cells sky130_fd_sc_hs__nand2_1] .area]
@file(run_fa_accel_sky130_sram.tcl) 327: redirect -variable area_str {report area}
@file(run_fa_accel_sky130_sram.tcl) 329: if {[regexp {Total Cell Area[^0-9]*([0-9.]+)} $area_str -> cell_only]} {
  set nand2_gates [expr {$cell_only / $nand2_area}]
  puts "NAND2_EQ_GATES = [format %.0f $nand2_gates]"
  puts "  NAND2_1 area = $nand2_area um2"
  puts "  Cell area = $cell_only um2"
} else {
  puts "WARNING: Could not parse cell area from report output."
}
WARNING: Could not parse cell area from report output.
@file(run_fa_accel_sky130_sram.tcl) 338: puts "GENUS_DONE $top"
GENUS_DONE fa_top
@file(run_fa_accel_sky130_sram.tcl) 339: exit

Lic Summary:
[12:31:16.038713] Cdslmd servers: sh02lo01
[12:31:16.038761] Feature usage summary:
[12:31:16.038762] Genus_Synthesis  
[12:31:16.038763] Genus_CPU_Opt  
[12:31:16.038763] Genus_Physical_Opt  
=======================
PBS_overall Index: 0.00
=======================
/home/hujinzhao/pro/genus_bs1_300m/.st_launch_sh02lo01_2646528
Normal exit.
