TMPDIR is being set to /tmp/genus_temp_2656251_e6bfadfa-0138-4e05-a668-8ad36fa2dd9a_sh02lo01_hujinzhao_uHa4UT
Cadence Genus(TM) Synthesis Solution.
Copyright 2025 Cadence Design Systems, Inc. All rights reserved worldwide.
Cadence and the Cadence logo are registered trademarks and Genus is a trademark
of Cadence Design Systems, Inc. in the United States and other countries.

[11:27:01.060257] Configured Lic search path (25.01-s002): 5280@sh02lo01

Version: 25.12-s067_1, built Sun Nov 16 21:10:10 PST 2025
Options: -batch -files /home/hujinzhao/pro/genus_bs1/SYN/run_fa_accel_sky130_sram.tcl 
Date:    Fri Jul 03 11:27:01 2026
Host:    sh02lo01 (x86_64 w/Linux 4.18.0-477.10.1.el8_8.x86_64) (18cores*36cpus*2physical cpus*Intel(R) Xeon(R) Gold 6140 CPU @ 2.30GHz 25344KB) (1056000372KB)
PID:     2656251
OS:      Red Hat Enterprise Linux 8.8 (Ootpa)

Checking out license: Genus_Synthesis
[11:27:01.164954] Periodic Lic check successful
[11:27:01.689257] Feature usage summary:
[11:27:01.689258] Genus_Synthesis  
License checkout complete (0 seconds elapsed).


***********************************************************************************************************
***********************************************************************************************************



Finished executable startup (8 seconds elapsed).

Loading tool scripts...
Finished loading tool scripts (27 seconds elapsed).

#@ Processing -files option
@genus:root: 1> source /home/hujinzhao/pro/genus_bs1/SYN/run_fa_accel_sky130_sram.tcl
#@ Begin verbose source /home/hujinzhao/pro/genus_bs1/SYN/run_fa_accel_sky130_sram.tcl
@file(run_fa_accel_sky130_sram.tcl) 1: set STAGE syn
@file(run_fa_accel_sky130_sram.tcl) 2: set DEFAULT_TOP fa_top
@file(run_fa_accel_sky130_sram.tcl) 4: proc require_file ...
@file(run_fa_accel_sky130_sram.tcl) 12: proc env_or_default ...
@file(run_fa_accel_sky130_sram.tcl) 19: proc require_dir ...
@file(run_fa_accel_sky130_sram.tcl) 27: proc read_path_list ...
@file(run_fa_accel_sky130_sram.tcl) 48: proc write_text_report ...
@file(run_fa_accel_sky130_sram.tcl) 56: proc env_flag ...
@file(run_fa_accel_sky130_sram.tcl) 63: proc env_value ...
@file(run_fa_accel_sky130_sram.tcl) 70: proc run_physical_command ...
@file(run_fa_accel_sky130_sram.tcl) 82: proc configure_multicpu ...
@file(run_fa_accel_sky130_sram.tcl) 98: proc configure_physical_context ...
@file(run_fa_accel_sky130_sram.tcl) 136: set script_dir [file dirname [info script]]
@file(run_fa_accel_sky130_sram.tcl) 137: set bundle_root [env_or_default GENUS_PROJECT_ROOT [file join $script_dir ..]]
@file(run_fa_accel_sky130_sram.tcl) 138: set workspace_dir [env_or_default GENUS_WORKSPACE_DIR [file join $bundle_root workspace]]
@file(run_fa_accel_sky130_sram.tcl) 139: set results_root [env_or_default GENUS_RESULTS_DIR [file join $bundle_root results]]
@file(run_fa_accel_sky130_sram.tcl) 140: set bundle_root [require_dir $bundle_root "Genus project root"]
@file(run_fa_accel_sky130_sram.tcl) 141: set workspace_dir [require_dir $workspace_dir "Genus workspace directory"]
@file(run_fa_accel_sky130_sram.tcl) 142: set filelist_dir [file join $workspace_dir filelists]
@file(run_fa_accel_sky130_sram.tcl) 143: set constraint_dir [file join $workspace_dir constraints]
@file(run_fa_accel_sky130_sram.tcl) 145: set top $DEFAULT_TOP
@file(run_fa_accel_sky130_sram.tcl) 146: if {[info exists ::env(TOP)] && $::env(TOP) ne ""} {
  set top $::env(TOP)
}
@file(run_fa_accel_sky130_sram.tcl) 150: set physical_mode 1
@file(run_fa_accel_sky130_sram.tcl) 151: if {[info exists ::env(GENUS_PHYSICAL)] && $::env(GENUS_PHYSICAL) eq "0"} {
  set physical_mode 0
}
@file(run_fa_accel_sky130_sram.tcl) 155: set allow_physical_fallback [env_flag GENUS_ALLOW_PHYSICAL_FALLBACK 0]
@file(run_fa_accel_sky130_sram.tcl) 157: set read_sram_behav_rtl 0
@file(run_fa_accel_sky130_sram.tcl) 158: if {[info exists ::env(READ_SRAM_BEHAV_RTL)] && $::env(READ_SRAM_BEHAV_RTL) ne "0"} {
  set read_sram_behav_rtl 1
}
@file(run_fa_accel_sky130_sram.tcl) 162: set report_dir [file join $results_root reports $top]
@file(run_fa_accel_sky130_sram.tcl) 163: set output_dir [file join $results_root outputs $top]
@file(run_fa_accel_sky130_sram.tcl) 164: set log_dir [file join $results_root logs]
@file(run_fa_accel_sky130_sram.tcl) 165: file mkdir $report_dir
@file(run_fa_accel_sky130_sram.tcl) 166: file mkdir $output_dir
@file(run_fa_accel_sky130_sram.tcl) 167: file mkdir $log_dir
@file(run_fa_accel_sky130_sram.tcl) 169: set rtl_filelist [env_or_default RTL_FILELIST [file join $filelist_dir rtl.f]]
@file(run_fa_accel_sky130_sram.tcl) 170: set sram_behav_filelist [env_or_default SRAM_BEHAV_RTL_FILELIST [file join $filelist_dir sram_macro_verilog.f]]
@file(run_fa_accel_sky130_sram.tcl) 171: set lib_filelist [env_or_default LIB_FILELIST [file join $filelist_dir libs_tt.f]]
@file(run_fa_accel_sky130_sram.tcl) 172: set lef_filelist [env_or_default LEF_FILELIST [file join $filelist_dir lefs.f]]
@file(run_fa_accel_sky130_sram.tcl) 173: set sdc_file [env_or_default SDC_FILE [file join $constraint_dir timing_300m.sdc]]
@file(run_fa_accel_sky130_sram.tcl) 175: puts "INFO: STAGE=$STAGE"
INFO: STAGE=syn
@file(run_fa_accel_sky130_sram.tcl) 176: puts "INFO: TOP=$top"
INFO: TOP=fa_top
@file(run_fa_accel_sky130_sram.tcl) 177: puts "INFO: PROJECT_ROOT=$bundle_root"
INFO: PROJECT_ROOT=/home/hujinzhao/pro/genus_bs1
@file(run_fa_accel_sky130_sram.tcl) 178: puts "INFO: WORKSPACE_DIR=$workspace_dir"
INFO: WORKSPACE_DIR=/home/hujinzhao/pro/genus_bs1/workspace
@file(run_fa_accel_sky130_sram.tcl) 179: puts "INFO: RESULTS_DIR=$results_root"
INFO: RESULTS_DIR=/home/hujinzhao/pro/genus_bs1/results
@file(run_fa_accel_sky130_sram.tcl) 180: puts "INFO: PHYSICAL_MODE=$physical_mode"
INFO: PHYSICAL_MODE=1
@file(run_fa_accel_sky130_sram.tcl) 181: puts "INFO: READ_SRAM_BEHAV_RTL=$read_sram_behav_rtl"
INFO: READ_SRAM_BEHAV_RTL=0
@file(run_fa_accel_sky130_sram.tcl) 182: puts "INFO: GENUS_ALLOW_PHYSICAL_FALLBACK=$allow_physical_fallback"
INFO: GENUS_ALLOW_PHYSICAL_FALLBACK=0
@file(run_fa_accel_sky130_sram.tcl) 184: configure_multicpu
INFO: GENUS_THREADS=8
  Setting attribute of root '/': 'max_cpus_per_server' = 8
INFO: Applied multi-CPU command: set_db max_cpus_per_server 8
  Setting attribute of root '/': 'auto_super_thread' = true
INFO: Applied multi-CPU command: set_db auto_super_thread true
  Setting attribute of root '/': 'super_thread_servers' = localhost 8
INFO: Applied multi-CPU command: set_db super_thread_servers {localhost 8}
@file(run_fa_accel_sky130_sram.tcl) 186: set lib_files [read_path_list $lib_filelist "Liberty filelist"]
@file(run_fa_accel_sky130_sram.tcl) 187: foreach lib_file $lib_files {
  puts "INFO: LIB=$lib_file"
}
INFO: LIB=/home/share/pdk/ciel/sky130/versions/e8294524e5f67c533c5d0c3afa0bcc5b2a5fa066/sky130A/libs.ref/sky130_fd_sc_hs/lib/sky130_fd_sc_hs__tt_025C_1v80.lib
INFO: LIB=/home/hujinzhao/pro/genus_bs1/workspace/LIBS/sky130_sram_0kbytes_1rw1r_32x64_8_TT_1p8V_25C.lib
INFO: LIB=/home/hujinzhao/pro/genus_bs1/workspace/LIBS/sky130_sram_0kbytes_1rw1r_48x16_8_TT_1p8V_25C.lib
@file(run_fa_accel_sky130_sram.tcl) 190: eval read_libs $lib_files
Error   : Could not find the look-up table definition. [LBR-517]
        : Template name 'ccsn_dc' used in group 'dc_current' on line 832 is not defined in the library. To fix this issue, define the missing template in the library. (File /home/share/pdk/ciel/sky130/versions/e8294524e5f67c533c5d0c3afa0bcc5b2a5fa066/sky130A/libs.ref/sky130_fd_sc_hs/lib/sky130_fd_sc_hs__tt_025C_1v80.lib)
        : Add the look-up table definition, then reload the library.
Warning : Ignoring the timing group. [LBR-709]
        : The dc_current group 'ccsn_dc' is being ignored due to errors in this group. This group will be excluded for any further library checks. Refer to the previous messages issued for dc_current group 'ccsn_dc' to find the details of the issues in this group. (File /home/share/pdk/ciel/sky130/versions/e8294524e5f67c533c5d0c3afa0bcc5b2a5fa066/sky130A/libs.ref/sky130_fd_sc_hs/lib/sky130_fd_sc_hs__tt_025C_1v80.lib, Line 832)
        : Fix the library cell error and then reload the library.
Error   : Could not find the look-up table definition. [LBR-517]
        : Template name 'ccsn_ovrf' used in group 'vector' on line 884 is not defined in the library. To fix this issue, define the missing template in the library. (File /home/share/pdk/ciel/sky130/versions/e8294524e5f67c533c5d0c3afa0bcc5b2a5fa066/sky130A/libs.ref/sky130_fd_sc_hs/lib/sky130_fd_sc_hs__tt_025C_1v80.lib)
Warning : Ignoring the timing group. [LBR-709]
        : The vector group 'ccsn_ovrf' is being ignored due to errors in this group. This group will be excluded for any further library checks. Refer to the previous messages issued for vector group 'ccsn_ovrf' to find the details of the issues in this group. (File /home/share/pdk/ciel/sky130/versions/e8294524e5f67c533c5d0c3afa0bcc5b2a5fa066/sky130A/libs.ref/sky130_fd_sc_hs/lib/sky130_fd_sc_hs__tt_025C_1v80.lib, Line 884)
Error   : Could not find the look-up table definition. [LBR-517]
        : Template name 'ccsn_ovrf' used in group 'vector' on line 890 is not defined in the library. To fix this issue, define the missing template in the library. (File /home/share/pdk/ciel/sky130/versions/e8294524e5f67c533c5d0c3afa0bcc5b2a5fa066/sky130A/libs.ref/sky130_fd_sc_hs/lib/sky130_fd_sc_hs__tt_025C_1v80.lib)
Warning : Ignoring the timing group. [LBR-709]
        : The vector group 'ccsn_ovrf' is being ignored due to errors in this group. This group will be excluded for any further library checks. Refer to the previous messages issued for vector group 'ccsn_ovrf' to find the details of the issues in this group. (File /home/share/pdk/ciel/sky130/versions/e8294524e5f67c533c5d0c3afa0bcc5b2a5fa066/sky130A/libs.ref/sky130_fd_sc_hs/lib/sky130_fd_sc_hs__tt_025C_1v80.lib, Line 890)
Error   : Could not find the look-up table definition. [LBR-517]
        : Template name 'ccsn_ovrf' used in group 'vector' on line 870 is not defined in the library. To fix this issue, define the missing template in the library. (File /home/share/pdk/ciel/sky130/versions/e8294524e5f67c533c5d0c3afa0bcc5b2a5fa066/sky130A/libs.ref/sky130_fd_sc_hs/lib/sky130_fd_sc_hs__tt_025C_1v80.lib)
Warning : Ignoring the timing group. [LBR-709]
        : The vector group 'ccsn_ovrf' is being ignored due to errors in this group. This group will be excluded for any further library checks. Refer to the previous messages issued for vector group 'ccsn_ovrf' to find the details of the issues in this group. (File /home/share/pdk/ciel/sky130/versions/e8294524e5f67c533c5d0c3afa0bcc5b2a5fa066/sky130A/libs.ref/sky130_fd_sc_hs/lib/sky130_fd_sc_hs__tt_025C_1v80.lib, Line 870)
Error   : Could not find the look-up table definition. [LBR-517]
        : Template name 'ccsn_ovrf' used in group 'vector' on line 876 is not defined in the library. To fix this issue, define the missing template in the library. (File /home/share/pdk/ciel/sky130/versions/e8294524e5f67c533c5d0c3afa0bcc5b2a5fa066/sky130A/libs.ref/sky130_fd_sc_hs/lib/sky130_fd_sc_hs__tt_025C_1v80.lib)
Warning : Ignoring the timing group. [LBR-709]
        : The vector group 'ccsn_ovrf' is being ignored due to errors in this group. This group will be excluded for any further library checks. Refer to the previous messages issued for vector group 'ccsn_ovrf' to find the details of the issues in this group. (File /home/share/pdk/ciel/sky130/versions/e8294524e5f67c533c5d0c3afa0bcc5b2a5fa066/sky130A/libs.ref/sky130_fd_sc_hs/lib/sky130_fd_sc_hs__tt_025C_1v80.lib, Line 876)
Error   : Could not find the look-up table definition. [LBR-517]
        : Template name 'ccsn_pnlh' used in group 'vector' on line 949 is not defined in the library. To fix this issue, define the missing template in the library. (File /home/share/pdk/ciel/sky130/versions/e8294524e5f67c533c5d0c3afa0bcc5b2a5fa066/sky130A/libs.ref/sky130_fd_sc_hs/lib/sky130_fd_sc_hs__tt_025C_1v80.lib)
Warning : Ignoring the timing group. [LBR-709]
        : The vector group 'ccsn_pnlh' is being ignored due to errors in this group. This group will be excluded for any further library checks. Refer to the previous messages issued for vector group 'ccsn_pnlh' to find the details of the issues in this group. (File /home/share/pdk/ciel/sky130/versions/e8294524e5f67c533c5d0c3afa0bcc5b2a5fa066/sky130A/libs.ref/sky130_fd_sc_hs/lib/sky130_fd_sc_hs__tt_025C_1v80.lib, Line 949)
Error   : Could not find the look-up table definition. [LBR-517]
        : Template name 'ccsn_pnlh' used in group 'vector' on line 956 is not defined in the library. To fix this issue, define the missing template in the library. (File /home/share/pdk/ciel/sky130/versions/e8294524e5f67c533c5d0c3afa0bcc5b2a5fa066/sky130A/libs.ref/sky130_fd_sc_hs/lib/sky130_fd_sc_hs__tt_025C_1v80.lib)
Warning : Ignoring the timing group. [LBR-709]
        : The vector group 'ccsn_pnlh' is being ignored due to errors in this group. This group will be excluded for any further library checks. Refer to the previous messages issued for vector group 'ccsn_pnlh' to find the details of the issues in this group. (File /home/share/pdk/ciel/sky130/versions/e8294524e5f67c533c5d0c3afa0bcc5b2a5fa066/sky130A/libs.ref/sky130_fd_sc_hs/lib/sky130_fd_sc_hs__tt_025C_1v80.lib, Line 956)
Error   : Could not find the look-up table definition. [LBR-517]
        : Template name 'ccsn_pnlh' used in group 'vector' on line 963 is not defined in the library. To fix this issue, define the missing template in the library. (File /home/share/pdk/ciel/sky130/versions/e8294524e5f67c533c5d0c3afa0bcc5b2a5fa066/sky130A/libs.ref/sky130_fd_sc_hs/lib/sky130_fd_sc_hs__tt_025C_1v80.lib)
Warning : Ignoring the timing group. [LBR-709]
        : The vector group 'ccsn_pnlh' is being ignored due to errors in this group. This group will be excluded for any further library checks. Refer to the previous messages issued for vector group 'ccsn_pnlh' to find the details of the issues in this group. (File /home/share/pdk/ciel/sky130/versions/e8294524e5f67c533c5d0c3afa0bcc5b2a5fa066/sky130A/libs.ref/sky130_fd_sc_hs/lib/sky130_fd_sc_hs__tt_025C_1v80.lib, Line 963)
Error   : Could not find the look-up table definition. [LBR-517]
        : Template name 'ccsn_pnlh' used in group 'vector' on line 970 is not defined in the library. To fix this issue, define the missing template in the library. (File /home/share/pdk/ciel/sky130/versions/e8294524e5f67c533c5d0c3afa0bcc5b2a5fa066/sky130A/libs.ref/sky130_fd_sc_hs/lib/sky130_fd_sc_hs__tt_025C_1v80.lib)
Warning : Ignoring the timing group. [LBR-709]
        : The vector group 'ccsn_pnlh' is being ignored due to errors in this group. This group will be excluded for any further library checks. Refer to the previous messages issued for vector group 'ccsn_pnlh' to find the details of the issues in this group. (File /home/share/pdk/ciel/sky130/versions/e8294524e5f67c533c5d0c3afa0bcc5b2a5fa066/sky130A/libs.ref/sky130_fd_sc_hs/lib/sky130_fd_sc_hs__tt_025C_1v80.lib, Line 970)
Error   : Could not find the look-up table definition. [LBR-517]
        : Template name 'ccsn_pnlh' used in group 'vector' on line 977 is not defined in the library. To fix this issue, define the missing template in the library. (File /home/share/pdk/ciel/sky130/versions/e8294524e5f67c533c5d0c3afa0bcc5b2a5fa066/sky130A/libs.ref/sky130_fd_sc_hs/lib/sky130_fd_sc_hs__tt_025C_1v80.lib)
Warning : Ignoring the timing group. [LBR-709]
        : The vector group 'ccsn_pnlh' is being ignored due to errors in this group. This group will be excluded for any further library checks. Refer to the previous messages issued for vector group 'ccsn_pnlh' to find the details of the issues in this group. (File /home/share/pdk/ciel/sky130/versions/e8294524e5f67c533c5d0c3afa0bcc5b2a5fa066/sky130A/libs.ref/sky130_fd_sc_hs/lib/sky130_fd_sc_hs__tt_025C_1v80.lib, Line 977)
Error   : Could not find the look-up table definition. [LBR-517]
        : Template name 'ccsn_pnlh' used in group 'vector' on line 984 is not defined in the library. To fix this issue, define the missing template in the library. (File /home/share/pdk/ciel/sky130/versions/e8294524e5f67c533c5d0c3afa0bcc5b2a5fa066/sky130A/libs.ref/sky130_fd_sc_hs/lib/sky130_fd_sc_hs__tt_025C_1v80.lib)
Warning : Ignoring the timing group. [LBR-709]
        : The vector group 'ccsn_pnlh' is being ignored due to errors in this group. This group will be excluded for any further library checks. Refer to the previous messages issued for vector group 'ccsn_pnlh' to find the details of the issues in this group. (File /home/share/pdk/ciel/sky130/versions/e8294524e5f67c533c5d0c3afa0bcc5b2a5fa066/sky130A/libs.ref/sky130_fd_sc_hs/lib/sky130_fd_sc_hs__tt_025C_1v80.lib, Line 984)
Error   : Could not find the look-up table definition. [LBR-517]
        : Template name 'ccsn_pnlh' used in group 'vector' on line 991 is not defined in the library. To fix this issue, define the missing template in the library. (File /home/share/pdk/ciel/sky130/versions/e8294524e5f67c533c5d0c3afa0bcc5b2a5fa066/sky130A/libs.ref/sky130_fd_sc_hs/lib/sky130_fd_sc_hs__tt_025C_1v80.lib)
Warning : Ignoring the timing group. [LBR-709]
        : The vector group 'ccsn_pnlh' is being ignored due to errors in this group. This group will be excluded for any further library checks. Refer to the previous messages issued for vector group 'ccsn_pnlh' to find the details of the issues in this group. (File /home/share/pdk/ciel/sky130/versions/e8294524e5f67c533c5d0c3afa0bcc5b2a5fa066/sky130A/libs.ref/sky130_fd_sc_hs/lib/sky130_fd_sc_hs__tt_025C_1v80.lib, Line 991)
Error   : Could not find the look-up table definition. [LBR-517]
        : Template name 'ccsn_pnlh' used in group 'vector' on line 898 is not defined in the library. To fix this issue, define the missing template in the library. (File /home/share/pdk/ciel/sky130/versions/e8294524e5f67c533c5d0c3afa0bcc5b2a5fa066/sky130A/libs.ref/sky130_fd_sc_hs/lib/sky130_fd_sc_hs__tt_025C_1v80.lib)
Warning : Ignoring the timing group. [LBR-709]
        : The vector group 'ccsn_pnlh' is being ignored due to errors in this group. This group will be excluded for any further library checks. Refer to the previous messages issued for vector group 'ccsn_pnlh' to find the details of the issues in this group. (File /home/share/pdk/ciel/sky130/versions/e8294524e5f67c533c5d0c3afa0bcc5b2a5fa066/sky130A/libs.ref/sky130_fd_sc_hs/lib/sky130_fd_sc_hs__tt_025C_1v80.lib, Line 898)
Error   : Could not find the look-up table definition. [LBR-517]
        : Template name 'ccsn_pnlh' used in group 'vector' on line 905 is not defined in the library. To fix this issue, define the missing template in the library. (File /home/share/pdk/ciel/sky130/versions/e8294524e5f67c533c5d0c3afa0bcc5b2a5fa066/sky130A/libs.ref/sky130_fd_sc_hs/lib/sky130_fd_sc_hs__tt_025C_1v80.lib)
Warning : Ignoring the timing group. [LBR-709]
        : The vector group 'ccsn_pnlh' is being ignored due to errors in this group. This group will be excluded for any further library checks. Refer to the previous messages issued for vector group 'ccsn_pnlh' to find the details of the issues in this group. (File /home/share/pdk/ciel/sky130/versions/e8294524e5f67c533c5d0c3afa0bcc5b2a5fa066/sky130A/libs.ref/sky130_fd_sc_hs/lib/sky130_fd_sc_hs__tt_025C_1v80.lib, Line 905)
Error   : Could not find the look-up table definition. [LBR-517]
        : Template name 'ccsn_pnlh' used in group 'vector' on line 912 is not defined in the library. To fix this issue, define the missing template in the library. (File /home/share/pdk/ciel/sky130/versions/e8294524e5f67c533c5d0c3afa0bcc5b2a5fa066/sky130A/libs.ref/sky130_fd_sc_hs/lib/sky130_fd_sc_hs__tt_025C_1v80.lib)
Warning : Ignoring the timing group. [LBR-709]
        : The vector group 'ccsn_pnlh' is being ignored due to errors in this group. This group will be excluded for any further library checks. Refer to the previous messages issued for vector group 'ccsn_pnlh' to find the details of the issues in this group. (File /home/share/pdk/ciel/sky130/versions/e8294524e5f67c533c5d0c3afa0bcc5b2a5fa066/sky130A/libs.ref/sky130_fd_sc_hs/lib/sky130_fd_sc_hs__tt_025C_1v80.lib, Line 912)
Error   : Could not find the look-up table definition. [LBR-517]
        : Template name 'ccsn_pnlh' used in group 'vector' on line 919 is not defined in the library. To fix this issue, define the missing template in the library. (File /home/share/pdk/ciel/sky130/versions/e8294524e5f67c533c5d0c3afa0bcc5b2a5fa066/sky130A/libs.ref/sky130_fd_sc_hs/lib/sky130_fd_sc_hs__tt_025C_1v80.lib)
Warning : Ignoring the timing group. [LBR-709]
        : The vector group 'ccsn_pnlh' is being ignored due to errors in this group. This group will be excluded for any further library checks. Refer to the previous messages issued for vector group 'ccsn_pnlh' to find the details of the issues in this group. (File /home/share/pdk/ciel/sky130/versions/e8294524e5f67c533c5d0c3afa0bcc5b2a5fa066/sky130A/libs.ref/sky130_fd_sc_hs/lib/sky130_fd_sc_hs__tt_025C_1v80.lib, Line 919)
Error   : Could not find the look-up table definition. [LBR-517]
        : Template name 'ccsn_pnlh' used in group 'vector' on line 926 is not defined in the library. To fix this issue, define the missing template in the library. (File /home/share/pdk/ciel/sky130/versions/e8294524e5f67c533c5d0c3afa0bcc5b2a5fa066/sky130A/libs.ref/sky130_fd_sc_hs/lib/sky130_fd_sc_hs__tt_025C_1v80.lib)
Warning : Ignoring the timing group. [LBR-709]
        : The vector group 'ccsn_pnlh' is being ignored due to errors in this group. This group will be excluded for any further library checks. Refer to the previous messages issued for vector group 'ccsn_pnlh' to find the details of the issues in this group. (File /home/share/pdk/ciel/sky130/versions/e8294524e5f67c533c5d0c3afa0bcc5b2a5fa066/sky130A/libs.ref/sky130_fd_sc_hs/lib/sky130_fd_sc_hs__tt_025C_1v80.lib, Line 926)
Error   : Could not find the look-up table definition. [LBR-517]
        : Template name 'ccsn_pnlh' used in group 'vector' on line 933 is not defined in the library. To fix this issue, define the missing template in the library. (File /home/share/pdk/ciel/sky130/versions/e8294524e5f67c533c5d0c3afa0bcc5b2a5fa066/sky130A/libs.ref/sky130_fd_sc_hs/lib/sky130_fd_sc_hs__tt_025C_1v80.lib)
Warning : Ignoring the timing group. [LBR-709]
        : The vector group 'ccsn_pnlh' is being ignored due to errors in this group. This group will be excluded for any further library checks. Refer to the previous messages issued for vector group 'ccsn_pnlh' to find the details of the issues in this group. (File /home/share/pdk/ciel/sky130/versions/e8294524e5f67c533c5d0c3afa0bcc5b2a5fa066/sky130A/libs.ref/sky130_fd_sc_hs/lib/sky130_fd_sc_hs__tt_025C_1v80.lib, Line 933)
Error   : Could not find the look-up table definition. [LBR-517]
        : Template name 'ccsn_pnlh' used in group 'vector' on line 940 is not defined in the library. To fix this issue, define the missing template in the library. (File /home/share/pdk/ciel/sky130/versions/e8294524e5f67c533c5d0c3afa0bcc5b2a5fa066/sky130A/libs.ref/sky130_fd_sc_hs/lib/sky130_fd_sc_hs__tt_025C_1v80.lib)
Warning : Ignoring the timing group. [LBR-709]
        : The vector group 'ccsn_pnlh' is being ignored due to errors in this group. This group will be excluded for any further library checks. Refer to the previous messages issued for vector group 'ccsn_pnlh' to find the details of the issues in this group. (File /home/share/pdk/ciel/sky130/versions/e8294524e5f67c533c5d0c3afa
  Message Summary for Library all 3 libraries:
  ********************************************
0bcc5b2a5fa066/sky130A/libs.ref/sky130_fd_sc_hs/lib/sky130_fd_sc_hs__tt_025C_1v80.lib, Line 940)
Error   : Could not find the look-up table definition. [LBR-517]
        : Template name 'ccsn_dc' used in group 'dc_current' on line 1002 is not defined in the library. To fix this issue, define the missing template in the library. (File /home/share/pdk/ciel/sky130/versions/e8294524e5f67c533c5d0c3afa0bcc5b2a5fa066/sky130A/libs.ref/sky130_fd_sc_hs/lib/sky130_fd_sc_hs__tt_025C_1v80.lib)
Warning : Ignoring the timing group. [LBR-709]
        : The dc_current group 'ccsn_dc' is being ignored due to errors in this group. This group will be excluded for any further library checks. Refer to the previous messages issued for dc_current group 'ccsn_dc' to find the details of the issues in this group. (File /home/share/pdk/ciel/sky130/versions/e8294524e5f67c533c5d0c3afa0bcc5b2a5fa066/sky130A/libs.ref/sky130_fd_sc_hs/lib/sky130_fd_sc_hs__tt_025C_1v80.lib, Line 1002)
Warning : Maximum message print count reached. [MESG-11]
        : Maximum print count of '20' reached for message 'LBR-517'.
Warning : Maximum message print count reached. [MESG-11]
        : Maximum print count of '20' reached for message 'LBR-709'.
  Ignoring the timing group. [LBR-709]: 96732
  Could not find the look-up table definition. [LBR-517]: 96732
  Missing library level attribute. [LBR-516]: 2
  An unsupported construct was detected in this library. [LBR-40]: 5
  ********************************************
 
Info    : Created nominal operating condition. [LBR-412]
        : Operating condition '_nominal_' was created for the PVT values (1.000000, 1.800000, 25.000000) in library 'sky130_fd_sc_hs__tt_025C_1v80.lib'.
        : The nominal operating condition is represented, either by the nominal PVT values specified in the library source (via nom_process,nom_voltage and nom_temperature respectively), or by the default PVT values (1.0,1.0,1.0).
Info    : Created nominal operating condition. [LBR-412]
        : Operating condition '_nominal_' was created for the PVT values (1.000000, 1.800000, 25.000000) in library 'sky130_sram_0kbytes_1rw1r_32x64_8_TT_1p8V_25C.lib'.
Info    : Created nominal operating condition. [LBR-412]
        : Operating condition '_nominal_' was created for the PVT values (1.000000, 1.800000, 25.000000) in library 'sky130_sram_0kbytes_1rw1r_48x16_8_TT_1p8V_25C.lib'.
Warning : Library cell has no output pins defined. [LBR-9]
        : Library cell 'sky130_fd_sc_hs__decap_4' must have an output pin.
        : Add the missing output pin(s), then reload the library. Else the library cell will be marked as timing model i.e. unusable. Timing_model means that the cell does not have any defined function. If there is no output pin, Genus will mark library cell as unusable i.e. the attribute 'usable' will be marked to 'false' on the libcell. Therefore, the cell is not used for mapping and it will not be picked up from the library for synthesis. If you query the attribute 'unusable_reason' on the libcell; result will be: 'Library cell has no output pins.'Note: The message LBR-9 is only for the logical pins and not for the power_ground pins. Genus will depend upon the output function defined in the pin group (output pin) of the cell, to use it for mapping. The pg_pin will not have any function defined.
Warning : Library cell has no output pins defined. [LBR-9]
        : Library cell 'sky130_fd_sc_hs__decap_4' must have an output pin.
Warning : Library cell has no output pins defined. [LBR-9]
        : Library cell 'sky130_fd_sc_hs__decap_8' must have an output pin.
Warning : Library cell has no output pins defined. [LBR-9]
        : Library cell 'sky130_fd_sc_hs__decap_8' must have an output pin.
@file(run_fa_accel_sky130_sram.tcl) 192: set lef_files [read_path_list $lef_filelist "LEF filelist"]
@file(run_fa_accel_sky130_sram.tcl) 193: foreach lef_file $lef_files {
  puts "INFO: LEF=$lef_file"
}
INFO: LEF=/home/hujinzhao/pro/genus_bs1/workspace/LEFS/sky130_fd_sc_hs__nom.tlef
INFO: LEF=/home/hujinzhao/pro/genus_bs1/workspace/LEFS/sky130_fd_sc_hs.lef
INFO: LEF=/home/hujinzhao/pro/genus_bs1/workspace/LEFS/sky130_sram_0kbytes_1rw1r_32x64_8.lef
INFO: LEF=/home/hujinzhao/pro/genus_bs1/workspace/LEFS/sky130_sram_0kbytes_1rw1r_48x16_8.lef
INFO: LEF=/home/hujinzhao/pro/genus_bs1/workspace/LEFS/sky130_sram_0kbytes_1rw1r_64x32_8.lef
INFO: LEF=/home/hujinzhao/pro/genus_bs1/workspace/LEFS/sky130_sram_0kbytes_1rw1r_128x16_16.lef
INFO: LEF=/home/hujinzhao/pro/genus_bs1/workspace/LEFS/sky130_sram_0kbytes_1rw1r_64x64_8.lef
@file(run_fa_accel_sky130_sram.tcl) 196: if {[llength $lef_files] > 0} {
  set lef_arg [join $lef_files " "]
  if {[catch {read_physical -lefs $lef_arg} err]} {
    puts "WARNING: read_physical -lefs failed or is unsupported in this Genus setup: $err"
  }
}
Info    : Via with no resistance will have a value of '0.0' assigned for resistance value. [PHYS-129]
        : Via 'L1M1_PR' has no resistance value.
        : If this is the expected behavior, this message can be ignored.
Info    : Via with no resistance will have a value of '0.0' assigned for resistance value. [PHYS-129]
        : Via 'L1M1_PR_R' has no resistance value.
Info    : Via with no resistance will have a value of '0.0' assigned for resistance value. [PHYS-129]
        : Via 'L1M1_PR_M' has no resistance value.
Info    : Via with no resistance will have a value of '0.0' assigned for resistance value. [PHYS-129]
        : Via 'L1M1_PR_MR' has no resistance value.
Info    : Via with no resistance will have a value of '0.0' assigned for resistance value. [PHYS-129]
        : Via 'L1M1_PR_C' has no resistance value.
Info    : Via with no resistance will have a value of '0.0' assigned for resistance value. [PHYS-129]
        : Via 'M1M2_PR' has no resistance value.
Info    : Via with no resistance will have a value of '0.0' assigned for resistance value. [PHYS-129]
        : Via 'M1M2_PR_R' has no resistance value.
Info    : Via with no resistance will have a value of '0.0' assigned for resistance value. [PHYS-129]
        : Via 'M1M2_PR_M' has no resistance value.
Info    : Via with no resistance will have a value of '0.0' assigned for resistance value. [PHYS-129]
        : Via 'M1M2_PR_MR' has no resistance value.
Info    : Via with no resistance will have a value of '0.0' assigned for resistance value. [PHYS-129]
        : Via 'M1M2_PR_C' has no resistance value.
Info    : Via with no resistance will have a value of '0.0' assigned for resistance value. [PHYS-129]
        : Via 'M2M3_PR' has no resistance value.
Info    : Via with no resistance will have a value of '0.0' assigned for resistance value. [PHYS-129]
        : Via 'M2M3_PR_R' has no resistance value.
Info    : Via with no resistance will have a value of '0.0' assigned for resistance value. [PHYS-129]
        : Via 'M2M3_PR_M' has no resistance value.
Info    : Via with no resistance will have a value of '0.0' assigned for resistance value. [PHYS-129]
        : Via 'M2M3_PR_MR' has no resistance value.
Info    : Via with no resistance will have a value of '0.0' assigned for resistance value. [PHYS-129]
        : Via 'M2M3_PR_C' has no resistance value.
Info    : Via with no resistance will have a value of '0.0' assigned for resistance value. [PHYS-129]
        : Via 'M3M4_PR' has no resistance value.
Info    : Via with no resistance will have a value of '0.0' assigned for resistance value. [PHYS-129]
        : Via 'M3M4_PR_R' has no resistance value.
Info    : Via with no resistance will have a value of '0.0' assigned for resistance value. [PHYS-129]
        : Via 'M3M4_PR_M' has no resistance value.
Info    : Via with no resistance will have a value of '0.0' assigned for resistance value. [PHYS-129]
        : Via 'M3M4_PR_MR' has no resistance value.
Info    : Via with no resistance will have a value of '0.0' assigned for resistance value. [PHYS-129]
        : Via 'M3M4_PR_C' has no resistance value.
Warning : Maximum message print count reached. [MESG-11]
        : Maximum print count of '20' reached for message 'PHYS-129'.

  According to lef_library, there are total 6 routing layers [ V(3) / H(3) ]

Warning : The variant range of wire parameters is too large. An example of wire parameters are, a WIDTH for layer, PITCH for layer, MINSPACING for layers, etc. [PHYS-12]
        : The variant range (0.14, 1.6) of 'WIDTH' for layers 'met2' and 'met5' is too large.
        : Check the consistency of the parameters, and see if you can ignore this message or you're using different LEF file with wrong parameters.
Warning : The variant range of wire parameters is too large. An example of wire parameters are, a WIDTH for layer, PITCH for layer, MINSPACING for layers, etc. [PHYS-12]
        : The variant range (0.0285, 12.8) of 'RPERSQ' for layers 'met5' and 'li1' is too large.
Warning : The value of the wire parameter is too big. [PHYS-13]
        : The 'RPERSQ: 12.8' of layer 'li1' is much bigger than others.
        : Check the consistency of the specified wire parameter.
Warning : The variant range of wire parameters is too large. An example of wire parameters are, a WIDTH for layer, PITCH for layer, MINSPACING for layers, etc. [PHYS-12]
        : The variant range (0.14, 1.6) of 'MINSPACING' for layers 'met2' and 'met5' is too large.
Warning : Library cell pin 'use' attribute is inconsistent between lib and LEF. [PHYS-128]
        : Pin 'VNB' of library cell 'sky130_fd_sc_hs__a2bb2o_1' is marked as GROUND in LEF file.
        : Overriding lib value with LEF value. To use .lib as golden do: '::legacy::set_attribute use_power_ground_pin_from_lef false'.
Warning : Library cell pin 'use' attribute is inconsistent between lib and LEF. [PHYS-128]
        : Pin 'VPB' of library cell 'sky130_fd_sc_hs__a2bb2o_1' is marked as POWER in LEF file.
Warning : Library cell pin 'use' attribute is inconsistent between lib and LEF. [PHYS-128]
        : Pin 'VNB' of library cell 'sky130_fd_sc_hs__a2bb2o_2' is marked as GROUND in LEF file.
Warning : Library cell pin 'use' attribute is inconsistent between lib and LEF. [PHYS-128]
        : Pin 'VPB' of library cell 'sky130_fd_sc_hs__a2bb2o_2' is marked as POWER in LEF file.
Warning : Library cell pin 'use' attribute is inconsistent between lib and LEF. [PHYS-128]
        : Pin 'VNB' of library cell 'sky130_fd_sc_hs__a2bb2o_4' is marked as GROUND in LEF file.
Warning : Library cell pin 'use' attribute is inconsistent between lib and LEF. [PHYS-128]
        : Pin 'VPB' of library cell 'sky130_fd_sc_hs__a2bb2o_4' is marked as POWER in LEF file.
Warning : Library cell pin 'use' attribute is inconsistent between lib and LEF. [PHYS-128]
        : Pin 'VNB' of library cell 'sky130_fd_sc_hs__a2bb2oi_1' is marked as GROUND in LEF file.
Warning : Library cell pin 'use' attribute is inconsistent between lib and LEF. [PHYS-128]
        : Pin 'VPB' of library cell 'sky130_fd_sc_hs__a2bb2oi_1' is marked as POWER in LEF file.
Warning : Library cell pin 'use' attribute is inconsistent between lib and LEF. [PHYS-128]
        : Pin 'VNB' of library cell 'sky130_fd_sc_hs__a2bb2oi_2' is marked as GROUND in LEF file.
Warning : Library cell pin 'use' attribute is inconsistent between lib and LEF. [PHYS-128]
        : Pin 'VPB' of library cell 'sky130_fd_sc_hs__a2bb2oi_2' is marked as POWER in LEF file.
Warning : Library cell pin 'use' attribute is inconsistent between lib and LEF. [PHYS-128]
        : Pin 'VNB' of library cell 'sky130_fd_sc_hs__a2bb2oi_4' is marked as GROUND in LEF file.
Warning : Library cell pin 'use' attribute is inconsistent between lib and LEF. [PHYS-128]
        : Pin 'VPB' of library cell 'sky130_fd_sc_hs__a2bb2oi_4' is marked as POWER in LEF file.
Warning : Library cell pin 'use' attribute is inconsistent between lib and LEF. [PHYS-128]
        : Pin 'VNB' of library cell 'sky130_fd_sc_hs__a21bo_1' is marked as GROUND in LEF file.
Warning : Library cell pin 'use' attribute is inconsistent between lib and LEF. [PHYS-128]
        : Pin 'VPB' of library cell 'sky130_fd_sc_hs__a21bo_1' is marked as POWER in LEF file.
Warning : Library cell pin 'use' attribute is inconsistent between lib and LEF. [PHYS-128]
        : Pin 'VNB' of library cell 'sky130_fd_sc_hs__a21bo_2' is marked as GROUND in LEF file.
Warning : Library cell pin 'use' attribute is inconsistent between lib and LEF. [PHYS-128]
        : Pin 'VPB' of library cell 'sky130_fd_sc_hs__a21bo_2' is marked as POWER in LEF file.
Warning : Library cell pin 'use' attribute is inconsistent between lib and LEF. [PHYS-128]
        : Pin 'VNB' of library cell 'sky130_fd_sc_hs__a21bo_4' is marked as GROUND in LEF file.
Warning : Library cell pin 'use' attribute is inconsistent between lib and LEF. [PHYS-128]
        : Pin 'VPB' of library cell 'sky130_fd_sc_hs__a21bo_4' is marked as POWER in LEF file.
Warning : Library cell pin 'use' attribute is inconsistent between lib and LEF. [PHYS-128]
        : Pin 'VNB' of library cell 'sky130_fd_sc_hs__a21boi_1' is marked as GROUND in LEF file.
Warning : Library cell pin 'use' attribute is inconsistent between lib and LEF. [PHYS-128]
        : Pin 'VPB' of library cell 'sky130_fd_sc_hs__a21boi_1' is marked as POWER in LEF file.
Warning : Maximum message print count reached. [MESG-11]
        : Maximum print count of '20' reached for message 'PHYS-128'.
Warning : Physical cell not defined in library. [PHYS-279]
        : The physical (LEF) cell sky130_fd_sc_hs__diode_2 cannot be found in library.
        : Ensure that the proper library files are available and have been imported.
Warning : Physical cell not defined in library. [PHYS-279]
        : The physical (LEF) cell sky130_fd_sc_hs__fill_1 cannot be found in library.
Warning : Physical cell not defined in library. [PHYS-279]
        : The physical (LEF) cell sky130_fd_sc_hs__fill_2 cannot be found in library.
Warning : Physical cell not defined in library. [PHYS-279]
        : The physical (LEF) cell sky130_fd_sc_hs__fill_4 cannot be found in library.
Warning : Physical cell not defined in library. [PHYS-279]
        : The physical (LEF) cell sky130_fd_sc_hs__fill_8 cannot be found in library.
Warning : Physical cell not defined in library. [PHYS-279]
        : The physical (LEF) cell sky130_fd_sc_hs__fill_diode_2 cannot be found in library.
Warning : Physical cell not defined in library. [PHYS-279]
        : The physical (LEF) cell sky130_fd_sc_hs__fill_diode_4 cannot be found in library.
Warning : Physical cell not defined in library. [PHYS-279]
        : The physical (LEF) cell sky130_fd_sc_hs__fill_diode_8 cannot be found in library.
Warning : Physical cell not defined in library. [PHYS-279]
        : The physical (LEF) cell sky130_fd_sc_hs__tap_1 cannot be found in library.
Warning : Physical cell not defined in library. [PHYS-279]
        : The physical (LEF) cell sky130_fd_sc_hs__tap_2 cannot be found in library.
Warning : Physical cell not defined in library. [PHYS-279]
        : The physical (LEF) cell sky130_fd_sc_hs__tapmet1_2 cannot be found in library.
Warning : Physical cell not defined in library. [PHYS-279]
        : The physical (LEF) cell sky130_fd_sc_hs__tapvgnd2_1 cannot be found in library.
Warning : Physical cell not defined in library. [PHYS-279]
        : The physical (LEF) cell sky130_fd_sc_hs__tapvgnd_1 cannot be found in library.
Warning : Physical cell not defined in library. [PHYS-279]
        : The physical (LEF) cell sky130_fd_sc_hs__tapvpwrvgnd_1 cannot be found in library.
Warning : Physical cell not defined in library. [PHYS-279]
        : The physical (LEF) cell sky130_sram_0kbytes_1rw1r_64x32_8 cannot be found in library.
Warning : Physical cell not defined in library. [PHYS-279]
        : The physical (LEF) cell sky130_sram_0kbytes_1rw1r_128x16_16 cannot be found in library.
Warning : Physical cell not defined in library. [PHYS-279]
        : The physical (LEF) cell sky130_sram_0kbytes_1rw1r_64x64_8 cannot be found in library.
@file(run_fa_accel_sky130_sram.tcl) 203: set_db init_hdl_search_path [list [file join $workspace_dir RTL]]
  Setting attribute of root '/': 'init_hdl_search_path' = /home/hujinzhao/pro/genus_bs1/workspace/RTL
@file(run_fa_accel_sky130_sram.tcl) 204: set_db hdl_language sv
  Setting attribute of root '/': 'hdl_language' = sv
@file(run_fa_accel_sky130_sram.tcl) 205: catch {set_db hdl_track_filename_row_col true}
Info   : Enabled hdl_track_filename_row_col attribute.
       : Setting this attribute to 'true' can have an impact on the run time. Use this attribute only when filename, line number, and column information are needed in reports.
  Setting attribute of root '/': 'hdl_track_filename_row_col' = true
@file(run_fa_accel_sky130_sram.tcl) 206: if {[catch {set_db hdl_resolve_instance_with_libcell true} err]} {
  puts "WARNING: hdl_resolve_instance_with_libcell not accepted: $err"
}
  Setting attribute of root '/': 'hdl_resolve_instance_with_libcell' = true
@file(run_fa_accel_sky130_sram.tcl) 209: puts "INFO: Defining SYNTHESIS for Genus RTL read so SRAM wrappers use unparameterized macro instances."
INFO: Defining SYNTHESIS for Genus RTL read so SRAM wrappers use unparameterized macro instances.
@file(run_fa_accel_sky130_sram.tcl) 211: if {$read_sram_behav_rtl} {
  set sram_behav_files [read_path_list $sram_behav_filelist "SRAM behavioral Verilog filelist"]
  foreach src $sram_behav_files {
    puts "INFO: SRAM_BEHAV_RTL=$src"
  }
  eval read_hdl -sv $sram_behav_files
} else {
  puts "INFO: SRAM behavioral Verilog is packaged but not read by default; Liberty cells resolve SRAM macro instances."
}
INFO: SRAM behavioral Verilog is packaged but not read by default; Liberty cells resolve SRAM macro instances.
@file(run_fa_accel_sky130_sram.tcl) 221: set rtl_files [read_path_list $rtl_filelist "RTL filelist"]
@file(run_fa_accel_sky130_sram.tcl) 222: foreach src $rtl_files {
  puts "INFO: RTL=$src"
}
INFO: RTL=/home/hujinzhao/pro/genus_bs1/workspace/RTL/fa_top.v
INFO: RTL=/home/hujinzhao/pro/genus_bs1/workspace/RTL/dot_frontend.v
INFO: RTL=/home/hujinzhao/pro/genus_bs1/workspace/RTL/packed_compute_core.v
INFO: RTL=/home/hujinzhao/pro/genus_bs1/workspace/RTL/score_scheduler.v
INFO: RTL=/home/hujinzhao/pro/genus_bs1/workspace/RTL/score_exp_pipe.v
INFO: RTL=/home/hujinzhao/pro/genus_bs1/workspace/RTL/score_exp_banked_rom.v
INFO: RTL=/home/hujinzhao/pro/genus_bs1/workspace/RTL/output_norm_pipe.v
INFO: RTL=/home/hujinzhao/pro/genus_bs1/workspace/RTL/reciprocal_approx.v
INFO: RTL=/home/hujinzhao/pro/genus_bs1/workspace/RTL/finalize_cluster.v
INFO: RTL=/home/hujinzhao/pro/genus_bs1/workspace/RTL/update_state_cluster.v
INFO: RTL=/home/hujinzhao/pro/genus_bs1/workspace/RTL/update_token_fifo.v
INFO: RTL=/home/hujinzhao/pro/genus_bs1/workspace/RTL/axi_lite_regs.v
INFO: RTL=/home/hujinzhao/pro/genus_bs1/workspace/RTL/task_ctrl.v
INFO: RTL=/home/hujinzhao/pro/genus_bs1/workspace/RTL/dma_engine.v
INFO: RTL=/home/hujinzhao/pro/genus_bs1/workspace/RTL/dma_cmd_queue.v
INFO: RTL=/home/hujinzhao/pro/genus_bs1/workspace/RTL/dma_read_master.v
INFO: RTL=/home/hujinzhao/pro/genus_bs1/workspace/RTL/dma_write_master.v
INFO: RTL=/home/hujinzhao/pro/genus_bs1/workspace/RTL/q_load_store_adapter.v
INFO: RTL=/home/hujinzhao/pro/genus_bs1/workspace/RTL/qk_sram_cluster.v
INFO: RTL=/home/hujinzhao/pro/genus_bs1/workspace/RTL/v_load_adapter.v
INFO: RTL=/home/hujinzhao/pro/genus_bs1/workspace/RTL/k_load_adapter.v
INFO: RTL=/home/hujinzhao/pro/genus_bs1/workspace/RTL/o_store_adapter.v
INFO: RTL=/home/hujinzhao/pro/genus_bs1/workspace/RTL/v_sram_cluster.v
INFO: RTL=/home/hujinzhao/pro/genus_bs1/workspace/RTL/acc_sram_cluster.v
INFO: RTL=/home/hujinzhao/pro/genus_bs1/workspace/RTL/meta_sram_cluster.v
INFO: RTL=/home/hujinzhao/pro/genus_bs1/workspace/RTL/page_manager.v
INFO: RTL=/home/hujinzhao/pro/genus_bs1/workspace/RTL/perf_counters.v
INFO: RTL=/home/hujinzhao/pro/genus_bs1/workspace/RTL/sky130_sram_0kbytes_1rw1r_64x32_8_wrapper.v
INFO: RTL=/home/hujinzhao/pro/genus_bs1/workspace/RTL/sky130_sram_0kbytes_1rw1r_128x16_16_timed_wrapper.v
INFO: RTL=/home/hujinzhao/pro/genus_bs1/workspace/RTL/sky130_sram_0kbytes_1rw1r_64x64_8_wrapper.v
@file(run_fa_accel_sky130_sram.tcl) 225: eval read_hdl -sv -define SYNTHESIS $rtl_files
function signed [33:0] sum_four_products;
              |
Warning : Usage of non-static tasks or functions might result in simulation-synthesis mismatch. [VLOGPT-692]
        : in file '/home/hujinzhao/pro/genus_bs1/workspace/RTL/dot_frontend.v' on line 109, column 15.
        : Use the 'automatic' keyword for declaring functions and tasks.
function [15:0] pack_score_token;
         |
Warning : Usage of non-static tasks or functions might result in simulation-synthesis mismatch. [VLOGPT-692]
        : in file '/home/hujinzhao/pro/genus_bs1/workspace/RTL/packed_compute_core.v' on line 97, column 10.
function signed [48:0] round_shift16;
              |
Warning : Usage of non-static tasks or functions might result in simulation-synthesis mismatch. [VLOGPT-692]
        : in file '/home/hujinzhao/pro/genus_bs1/workspace/RTL/score_exp_pipe.v' on line 48, column 15.
function [15:0] bank0_lookup; input [6:0] addr; begin case (addr)
         |
Warning : Usage of non-static tasks or functions might result in simulation-synthesis mismatch. [VLOGPT-692]
        : in file '/home/hujinzhao/pro/genus_bs1/workspace/RTL/score_exp_banked_rom.v' on line 10, column 10.
function [15:0] bank1_lookup; input [6:0] addr; begin case (addr)
         |
Warning : Usage of non-static tasks or functions might result in simulation-synthesis mismatch. [VLOGPT-692]
        : in file '/home/hujinzhao/pro/genus_bs1/workspace/RTL/score_exp_banked_rom.v' on line 141, column 10.
function [15:0] bank2_lookup; input [6:0] addr; begin case (addr)
         |
Warning : Usage of non-static tasks or functions might result in simulation-synthesis mismatch. [VLOGPT-692]
        : in file '/home/hujinzhao/pro/genus_bs1/workspace/RTL/score_exp_banked_rom.v' on line 272, column 10.
function [15:0] bank3_lookup; input [6:0] addr; begin case (addr)
         |
Warning : Usage of non-static tasks or functions might result in simulation-synthesis mismatch. [VLOGPT-692]
        : in file '/home/hujinzhao/pro/genus_bs1/workspace/RTL/score_exp_banked_rom.v' on line 403, column 10.
function [15:0] bank4_lookup; input [6:0] addr; begin case (addr)
         |
Warning : Usage of non-static tasks or functions might result in simulation-synthesis mismatch. [VLOGPT-692]
        : in file '/home/hujinzhao/pro/genus_bs1/workspace/RTL/score_exp_banked_rom.v' on line 534, column 10.
function [15:0] bank5_lookup; input [6:0] addr; begin case (addr)
         |
Warning : Usage of non-static tasks or functions might result in simulation-synthesis mismatch. [VLOGPT-692]
        : in file '/home/hujinzhao/pro/genus_bs1/workspace/RTL/score_exp_banked_rom.v' on line 665, column 10.
function [15:0] bank6_lookup; input [6:0] addr; begin case (addr)
         |
Warning : Usage of non-static tasks or functions might result in simulation-synthesis mismatch. [VLOGPT-692]
        : in file '/home/hujinzhao/pro/genus_bs1/workspace/RTL/score_exp_banked_rom.v' on line 796, column 10.
function [15:0] bank7_lookup; input [6:0] addr; begin case (addr)
         |
Warning : Usage of non-static tasks or functions might result in simulation-synthesis mismatch. [VLOGPT-692]
        : in file '/home/hujinzhao/pro/genus_bs1/workspace/RTL/score_exp_banked_rom.v' on line 927, column 10.
function [15:0] bank8_lookup; input [6:0] addr; begin case (addr)
         |
Warning : Usage of non-static tasks or functions might result in simulation-synthesis mismatch. [VLOGPT-692]
        : in file '/home/hujinzhao/pro/genus_bs1/workspace/RTL/score_exp_banked_rom.v' on line 1058, column 10.
function [15:0] bank9_lookup; input [6:0] addr; begin case (addr)
         |
Warning : Usage of non-static tasks or functions might result in simulation-synthesis mismatch. [VLOGPT-692]
        : in file '/home/hujinzhao/pro/genus_bs1/workspace/RTL/score_exp_banked_rom.v' on line 1189, column 10.
function [15:0] bank10_lookup; input [6:0] addr; begin case (addr)
         |
Warning : Usage of non-static tasks or functions might result in simulation-synthesis mismatch. [VLOGPT-692]
        : in file '/home/hujinzhao/pro/genus_bs1/workspace/RTL/score_exp_banked_rom.v' on line 1320, column 10.
function [15:0] bank11_lookup; input [6:0] addr; begin case (addr)
         |
Warning : Usage of non-static tasks or functions might result in simulation-synthesis mismatch. [VLOGPT-692]
        : in file '/home/hujinzhao/pro/genus_bs1/workspace/RTL/score_exp_banked_rom.v' on line 1451, column 10.
function [15:0] bank12_lookup; input [6:0] addr; begin case (addr)
         |
Warning : Usage of non-static tasks or functions might result in simulation-synthesis mismatch. [VLOGPT-692]
        : in file '/home/hujinzhao/pro/genus_bs1/workspace/RTL/score_exp_banked_rom.v' on line 1582, column 10.
function [15:0] bank13_lookup; input [6:0] addr; begin case (addr)
         |
Warning : Usage of non-static tasks or functions might result in simulation-synthesis mismatch. [VLOGPT-692]
        : in file '/home/hujinzhao/pro/genus_bs1/workspace/RTL/score_exp_banked_rom.v' on line 1713, column 10.
function [15:0] bank14_lookup; input [6:0] addr; begin case (addr)
         |
Warning : Usage of non-static tasks or functions might result in simulation-synthesis mismatch. [VLOGPT-692]
        : in file '/home/hujinzhao/pro/genus_bs1/workspace/RTL/score_exp_banked_rom.v' on line 1844, column 10.
function [15:0] bank15_lookup; input [6:0] addr; begin case (addr)
         |
Warning : Usage of non-static tasks or functions might result in simulation-synthesis mismatch. [VLOGPT-692]
        : in file '/home/hujinzhao/pro/genus_bs1/workspace/RTL/score_exp_banked_rom.v' on line 1975, column 10.
function signed [SHIFTED_WIDTH-1:0] round_shift_product;
              |
Warning : Usage of non-static tasks or functions might result in simulation-synthesis mismatch. [VLOGPT-692]
        : in file '/home/hujinzhao/pro/genus_bs1/workspace/RTL/output_norm_pipe.v' on line 53, column 15.
Warning : Maximum message print count reached. [MESG-11]
        : Maximum print count of '20' reached for message 'VLOGPT-692'.
@file(run_fa_accel_sky130_sram.tcl) 227: elaborate $top
  Libraries have 305 usable logic and 62 usable sequential lib-cells.
Warning : Non-monotonic wireload model found. [LBR-81]
        : 'Length' table in wireload model 'Huge' is non-monotonic.
        : Non-monotonic wireload models can cause problems during synthesis and/or mapping.  Raising some of the points in the curve to give it a monotonic shape.
Warning : Non-monotonic wireload model found. [LBR-81]
        : 'Length' table in wireload model 'Huge' is non-monotonic.
Warning : Non-monotonic wireload model found. [LBR-81]
        : 'Length' table in wireload model 'Huge' is non-monotonic.
Warning : Non-monotonic wireload model found. [LBR-81]
        : 'Length' table in wireload model 'Large' is non-monotonic.
Warning : Non-monotonic wireload model found. [LBR-81]
        : 'Length' table in wireload model 'Large' is non-monotonic.
Warning : Non-monotonic wireload model found. [LBR-81]
        : 'Length' table in wireload model 'Large' is non-monotonic.
Warning : Non-monotonic wireload model found. [LBR-81]
        : 'Length' table in wireload model 'Medium' is non-monotonic.
Warning : Non-monotonic wireload model found. [LBR-81]
        : 'Length' table in wireload model 'Medium' is non-monotonic.
Warning : Non-monotonic wireload model found. [LBR-81]
        : 'Length' table in wireload model 'Medium' is non-monotonic.
Warning : Non-monotonic wireload model found. [LBR-81]
        : 'Length' table in wireload model 'Small' is non-monotonic.
Warning : Non-monotonic wireload model found. [LBR-81]
        : 'Length' table in wireload model 'Small' is non-monotonic.
Warning : Non-monotonic wireload model found. [LBR-81]
        : 'Length' table in wireload model 'Small' is non-monotonic.
Info    : Elaborating Design. [ELAB-1]
        : Elaborating top-level block 'fa_top' from file '/home/hujinzhao/pro/genus_bs1/workspace/RTL/fa_top.v'.
Warning : Unreachable statements for case item. [CDFG-472]
        : Case item 'default' in module 'dma_write_master_ADDR_WIDTH64_DATA_WIDTH128_TAG_WIDTH8' in file '/home/hujinzhao/pro/genus_bs1/workspace/RTL/dma_write_master.v' on line 99.
Warning : Unreachable statements for case item. [CDFG-472]
        : Case item 'default' in module 'score_scheduler' in file '/home/hujinzhao/pro/genus_bs1/workspace/RTL/score_scheduler.v' on line 155.
Warning : Removing unused register. [CDFG-508]
        : Removing unused flip-flop register 'issued_last_reg' in module 'score_scheduler' in file '/home/hujinzhao/pro/genus_bs1/workspace/RTL/score_scheduler.v' on line 160.
        : Genus removes the flip-flop or latch inferred for an unused signal or variable. To preserve the flip-flop or latch, set the hdl_preserve_unused_registers attribute to true or use a pragma in the RTL.
Warning : Unreachable statements for case item. [CDFG-472]
        : Case item 'default' in module 'score_exp_banked_rom_bank0_lookup_score_exp_banked_rom' in file '/home/hujinzhao/pro/genus_bs1/workspace/RTL/score_exp_banked_rom.v' on line 10.
Warning : Unreachable statements for case item. [CDFG-472]
        : Case item 'default' in module 'score_exp_banked_rom_bank1_lookup_score_exp_banked_rom' in file '/home/hujinzhao/pro/genus_bs1/workspace/RTL/score_exp_banked_rom.v' on line 141.
Warning : Unreachable statements for case item. [CDFG-472]
        : Case item 'default' in module 'score_exp_banked_rom_bank2_lookup_score_exp_banked_rom' in file '/home/hujinzhao/pro/genus_bs1/workspace/RTL/score_exp_banked_rom.v' on line 272.
Warning : Unreachable statements for case item. [CDFG-472]
        : Case item 'default' in module 'score_exp_banked_rom_bank3_lookup_score_exp_banked_rom' in file '/home/hujinzhao/pro/genus_bs1/workspace/RTL/score_exp_banked_rom.v' on line 403.
Warning : Unreachable statements for case item. [CDFG-472]
        : Case item 'default' in module 'score_exp_banked_rom_bank4_lookup_score_exp_banked_rom' in file '/home/hujinzhao/pro/genus_bs1/workspace/RTL/score_exp_banked_rom.v' on line 534.
Warning : Unreachable statements for case item. [CDFG-472]
        : Case item 'default' in module 'score_exp_banked_rom_bank5_lookup_score_exp_banked_rom' in file '/home/hujinzhao/pro/genus_bs1/workspace/RTL/score_exp_banked_rom.v' on line 665.
Warning : Unreachable statements for case item. [CDFG-472]
        : Case item 'default' in module 'score_exp_banked_rom_bank6_lookup_score_exp_banked_rom' in file '/home/hujinzhao/pro/genus_bs1/workspace/RTL/score_exp_banked_rom.v' on line 796.
Warning : Unreachable statements for case item. [CDFG-472]
        : Case item 'default' in module 'score_exp_banked_rom_bank7_lookup_score_exp_banked_rom' in file '/home/hujinzhao/pro/genus_bs1/workspace/RTL/score_exp_banked_rom.v' on line 927.
Warning : Unreachable statements for case item. [CDFG-472]
        : Case item 'default' in module 'score_exp_banked_rom_bank8_lookup_score_exp_banked_rom' in file '/home/hujinzhao/pro/genus_bs1/workspace/RTL/score_exp_banked_rom.v' on line 1058.
Warning : Unreachable statements for case item. [CDFG-472]
        : Case item 'default' in module 'score_exp_banked_rom_bank9_lookup_score_exp_banked_rom' in file '/home/hujinzhao/pro/genus_bs1/workspace/RTL/score_exp_banked_rom.v' on line 1189.
Warning : Unreachable statements for case item. [CDFG-472]
        : Case item 'default' in module 'score_exp_banked_rom_bank10_lookup_score_exp_banked_rom' in file '/home/hujinzhao/pro/genus_bs1/workspace/RTL/score_exp_banked_rom.v' on line 1320.
Warning : Unreachable statements for case item. [CDFG-472]
        : Case item 'default' in module 'score_exp_banked_rom_bank11_lookup_score_exp_banked_rom' in file '/home/hujinzhao/pro/genus_bs1/workspace/RTL/score_exp_banked_rom.v' on line 1451.
Warning : Unreachable statements for case item. [CDFG-472]
        : Case item 'default' in module 'score_exp_banked_rom_bank12_lookup_score_exp_banked_rom' in file '/home/hujinzhao/pro/genus_bs1/workspace/RTL/score_exp_banked_rom.v' on line 1582.
Warning : Unreachable statements for case item. [CDFG-472]
        : Case item 'default' in module 'score_exp_banked_rom_bank13_lookup_score_exp_banked_rom' in file '/home/hujinzhao/pro/genus_bs1/workspace/RTL/score_exp_banked_rom.v' on line 1713.
Warning : Unreachable statements for case item. [CDFG-472]
        : Case item 'default' in module 'score_exp_banked_rom_bank14_lookup_score_exp_banked_rom' in file '/home/hujinzhao/pro/genus_bs1/workspace/RTL/score_exp_banked_rom.v' on line 1844.
Warning : Unreachable statements for case item. [CDFG-472]
        : Case item 'default' in module 'score_exp_banked_rom_bank15_lookup_score_exp_banked_rom' in file '/home/hujinzhao/pro/genus_bs1/workspace/RTL/score_exp_banked_rom.v' on line 1975.
Warning : Unreachable statements for case item. [CDFG-472]
        : Case item 'default' in module 'score_exp_banked_rom' in file '/home/hujinzhao/pro/genus_bs1/workspace/RTL/score_exp_banked_rom.v' on line 2146.
Warning : Connected signal is wider than libpin. [CDFG-466]
        : Signal width (6) does not match width of input port 'addr1' (4) of instance 'u_lane_0' of libcell 'sky130_sram_0kbytes_1rw1r_48x16_8' in file '/home/hujinzhao/pro/genus_bs1/workspace/RTL/sky130_sram_0kbytes_1rw1r_128x16_16_timed_wrapper.v' on line 29.
        : This may cause simulation mismatches between the original and synthesized designs.
Warning : Connected signal is wider than libpin. [CDFG-466]
        : Signal width (6) does not match width of input port 'addr0' (4) of instance 'u_lane_0' of libcell 'sky130_sram_0kbytes_1rw1r_48x16_8' in file '/home/hujinzhao/pro/genus_bs1/workspace/RTL/sky130_sram_0kbytes_1rw1r_128x16_16_timed_wrapper.v' on line 29.
Warning : Connected signal is wider than libpin. [CDFG-466]
        : Signal width (6) does not match width of input port 'addr1' (4) of instance 'u_lane_1' of libcell 'sky130_sram_0kbytes_1rw1r_48x16_8' in file '/home/hujinzhao/pro/genus_bs1/workspace/RTL/sky130_sram_0kbytes_1rw1r_128x16_16_timed_wrapper.v' on line 49.
Warning : Connected signal is wider than libpin. [CDFG-466]
        : Signal width (6) does not match width of input port 'addr0' (4) of instance 'u_lane_1' of libcell 'sky130_sram_0kbytes_1rw1r_48x16_8' in file '/home/hujinzhao/pro/genus_bs1/workspace/RTL/sky130_sram_0kbytes_1rw1r_128x16_16_timed_wrapper.v' on line 49.
Warning : Connected signal is wider than libpin. [CDFG-466]
        : Signal width (6) does not match width of input port 'addr1' (4) of instance 'u_lane_2' of libcell 'sky130_sram_0kbytes_1rw1r_48x16_8' in file '/home/hujinzhao/pro/genus_bs1/workspace/RTL/sky130_sram_0kbytes_1rw1r_128x16_16_timed_wrapper.v' on line 69.
Warning : Connected signal is wider than libpin. [CDFG-466]
        : Signal width (6) does not match width of input port 'addr0' (4) of instance 'u_lane_2' of libcell 'sky130_sram_0kbytes_1rw1r_48x16_8' in file '/home/hujinzhao/pro/genus_bs1/workspace/RTL/sky130_sram_0kbytes_1rw1r_128x16_16_timed_wrapper.v' on line 69.
Warning : Removing unused register. [CDFG-508]
        : Removing unused flip-flop register 'pending_meta_valid_reg' in module 'update_state_cluster_TOKEN_WIDTH16' in file '/home/hujinzhao/pro/genus_bs1/workspace/RTL/update_state_cluster.v' on line 440.
Warning : Removing unused register. [CDFG-508]
        : Removing unused flip-flop register 'overflow_reg' in module 'reciprocal_approx_TOKEN_WIDTH3' in file '/home/hujinzhao/pro/genus_bs1/workspace/RTL/reciprocal_approx.v' on line 92.
Info    : Done Elaborating Design. [ELAB-3]
        : Done elaborating 'fa_top'.
Checking for source RTL...
Check completed for source RTL.
Running Unified Mux Engine Tricks...
Completed Unified Mux Engine Tricks

Stage: post_elab
-------------------------------------------------------
| Trick             | Accepts | Rejects | Runtime (s) | 
-------------------------------------------------------
| ume_constant_bmux |       0 |       0 |        0.00 | 
| ume_merge         |       0 |       0 |        0.00 | 
| ume_ssm           |       0 |       0 |        0.03 | 
| ume_cse           |       1 |       0 |        0.94 | 
| ume_shrink        |       6 |       0 |        0.02 | 
| ume_sweep         |       0 |       0 |        0.01 | 
| ume_constant_bmux |       0 |       0 |        0.00 | 
| ume_merge         |       0 |       0 |        0.00 | 
| ume_ssm           |       0 |       0 |        0.03 | 
| ume_cse           |       0 |       0 |        0.69 | 
| ume_shrink        |       0 |       0 |        0.01 | 
| ume_sweep         |       0 |       0 |        0.01 | 
-------------------------------------------------------
Starting optimize datapath shifters [v1.0] (stage: post_elab, startdef: fa_top, recur: true)
Completed optimize datapath shifters (accepts: 0, rejects: 0, runtime: 0.003s)
Starting clip mux common data inputs [v1.0] (stage: post_elab, startdef: fa_top, recur: true)
Completed clip mux common data inputs (accepts: 5, rejects: 0, runtime: 0.008s)
Starting clip the non-user hierarchies [v2.0] (stage: post_elab, startdef: fa_top, recur: true)
Completed clip the non-user hierarchies (accepts: 0, rejects: 0, runtime: 0.003s)
Starting basic netlist cleanup [v1.0] (stage: post_elab, startdef: fa_top, recur: true)
Completed basic netlist cleanup (accepts: 0, rejects: 0, runtime: 0.003s)

Stage: post_elab
--------------------------------------------------------------------
| Transform                      | Accepts | Rejects | Runtime (s) | 
--------------------------------------------------------------------
| hlo_optimize_datapath_shifters |       0 |       0 |        0.00 | 
| hlo_clip_mux_input             |       5 |       0 |        0.01 | 
| hlo_clip                       |       0 |       0 |        0.00 | 
| hlo_cleanup                    |       0 |       0 |        0.00 | 
--------------------------------------------------------------------
UM:   flow.cputime  flow.realtime  timing.setup.tns  timing.setup.wns  snapshot
UM:*                                                                   elaborate
@file(run_fa_accel_sky130_sram.tcl) 229: set sram_refs [list \
  sky130_sram_0kbytes_1rw1r_32x64_8]
@file(run_fa_accel_sky130_sram.tcl) 231: set sram_report_lines {}
@file(run_fa_accel_sky130_sram.tcl) 232: set total_sram_insts 0
@file(run_fa_accel_sky130_sram.tcl) 233: foreach ref $sram_refs {
  set insts [get_cells -hier -filter "ref_name == $ref"]
  set count [sizeof_collection $insts]
  lappend sram_report_lines "$ref $count"
  puts "INFO: SRAM_COUNT $ref = $count"
  if {$count > 0} {
    catch {set_db $insts .preserve true}
    catch {set_db $insts .dont_touch true}
    set total_sram_insts [expr {$total_sram_insts + $count}]
  }
}
INFO: SRAM_COUNT sky130_sram_0kbytes_1rw1r_32x64_8 = 48
  Setting attribute of inst 'u_lo': 'preserve' = true
  Setting attribute of inst 'u_hi': 'preserve' = true
  Setting attribute of inst 'u_lo': 'preserve' = true
  Setting attribute of inst 'u_hi': 'preserve' = true
  Setting attribute of inst 'u_lo': 'preserve' = true
  Setting attribute of inst 'u_hi': 'preserve' = true
  Setting attribute of inst 'u_lo': 'preserve' = true
  Setting attribute of inst 'u_hi': 'preserve' = true
  Setting attribute of inst 'u_lo': 'preserve' = true
  Setting attribute of inst 'u_hi': 'preserve' = true
  Setting attribute of inst 'u_lo': 'preserve' = true
  Setting attribute of inst 'u_hi': 'preserve' = true
  Setting attribute of inst 'u_lo': 'preserve' = true
  Setting attribute of inst 'u_hi': 'preserve' = true
  Setting attribute of inst 'u_lo': 'preserve' = true
  Setting attribute of inst 'u_hi': 'preserve' = true
  Setting attribute of inst 'u_lo': 'preserve' = true
  Setting attribute of inst 'u_hi': 'preserve' = true
  Setting attribute of inst 'u_lo': 'preserve' = true
  Setting attribute of inst 'u_hi': 'preserve' = true
  Setting attribute of inst 'u_lo': 'preserve' = true
  Setting attribute of inst 'u_hi': 'preserve' = true
  Setting attribute of inst 'u_lo': 'preserve' = true
  Setting attribute of inst 'u_hi': 'preserve' = true
  Setting attribute of inst 'u_lo': 'preserve' = true
  Setting attribute of inst 'u_hi': 'preserve' = true
  Setting attribute of inst 'u_lo': 'preserve' = true
  Setting attribute of inst 'u_hi': 'preserve' = true
  Setting attribute of inst 'u_lo': 'preserve' = true
  Setting attribute of inst 'u_hi': 'preserve' = true
  Setting attribute of inst 'u_lo': 'preserve' = true
  Setting attribute of inst 'u_hi': 'preserve' = true
  Setting attribute of inst 'u_lo': 'preserve' = true
  Setting attribute of inst 'u_hi': 'preserve' = true
  Setting attribute of inst 'u_lo': 'preserve' = true
  Setting attribute of inst 'u_hi': 'preserve' = true
  Setting attribute of inst 'u_lo': 'preserve' = true
  Setting attribute of inst 'u_hi': 'preserve' = true
  Setting attribute of inst 'u_lo': 'preserve' = true
  Setting attribute of inst 'u_hi': 'preserve' = true
  Setting attribute of inst 'u_lo': 'preserve' = true
  Setting attribute of inst 'u_hi': 'preserve' = true
  Setting attribute of inst 'u_lo': 'preserve' = true
  Setting attribute of inst 'u_hi': 'preserve' = true
  Setting attribute of inst 'u_lo': 'preserve' = true
  Setting attribute of inst 'u_hi': 'preserve' = true
  Setting attribute of inst 'u_lo': 'preserve' = true
  Setting attribute of inst 'u_hi': 'preserve' = true
  Setting attribute of inst 'u_lo': 'dont_touch' = true
  Setting attribute of inst 'u_hi': 'dont_touch' = true
  Setting attribute of inst 'u_lo': 'dont_touch' = true
  Setting attribute of inst 'u_hi': 'dont_touch' = true
  Setting attribute of inst 'u_lo': 'dont_touch' = true
  Setting attribute of inst 'u_hi': 'dont_touch' = true
  Setting attribute of inst 'u_lo': 'dont_touch' = true
  Setting attribute of inst 'u_hi': 'dont_touch' = true
  Setting attribute of inst 'u_lo': 'dont_touch' = true
  Setting attribute of inst 'u_hi': 'dont_touch' = true
  Setting attribute of inst 'u_lo': 'dont_touch' = true
  Setting attribute of inst 'u_hi': 'dont_touch' = true
  Setting attribute of inst 'u_lo': 'dont_touch' = true
  Setting attribute of inst 'u_hi': 'dont_touch' = true
  Setting attribute of inst 'u_lo': 'dont_touch' = true
  Setting attribute of inst 'u_hi': 'dont_touch' = true
  Setting attribute of inst 'u_lo': 'dont_touch' = true
  Setting attribute of inst 'u_hi': 'dont_touch' = true
  Setting attribute of inst 'u_lo': 'dont_touch' = true
  Setting attribute of inst 'u_hi': 'dont_touch' = true
  Setting attribute of inst 'u_lo': 'dont_touch' = true
  Setting attribute of inst 'u_hi': 'dont_touch' = true
  Setting attribute of inst 'u_lo': 'dont_touch' = true
  Setting attribute of inst 'u_hi': 'dont_touch' = true
  Setting attribute of inst 'u_lo': 'dont_touch' = true
  Setting attribute of inst 'u_hi': 'dont_touch' = true
  Setting attribute of inst 'u_lo': 'dont_touch' = true
  Setting attribute of inst 'u_hi': 'dont_touch' = true
  Setting attribute of inst 'u_lo': 'dont_touch' = true
  Setting attribute of inst 'u_hi': 'dont_touch' = true
  Setting attribute of inst 'u_lo': 'dont_touch' = true
  Setting attribute of inst 'u_hi': 'dont_touch' = true
  Setting attribute of inst 'u_lo': 'dont_touch' = true
  Setting attribute of inst 'u_hi': 'dont_touch' = true
  Setting attribute of inst 'u_lo': 'dont_touch' = true
  Setting attribute of inst 'u_hi': 'dont_touch' = true
  Setting attribute of inst 'u_lo': 'dont_touch' = true
  Setting attribute of inst 'u_hi': 'dont_touch' = true
  Setting attribute of inst 'u_lo': 'dont_touch' = true
  Setting attribute of inst 'u_hi': 'dont_touch' = true
  Setting attribute of inst 'u_lo': 'dont_touch' = true
  Setting attribute of inst 'u_hi': 'dont_touch' = true
  Setting attribute of inst 'u_lo': 'dont_touch' = true
  Setting attribute of inst 'u_hi': 'dont_touch' = true
  Setting attribute of inst 'u_lo': 'dont_touch' = true
  Setting attribute of inst 'u_hi': 'dont_touch' = true
  Setting attribute of inst 'u_lo': 'dont_touch' = true
  Setting attribute of inst 'u_hi': 'dont_touch' = true
@file(run_fa_accel_sky130_sram.tcl) 244: lappend sram_report_lines "TOTAL $total_sram_insts"
@file(run_fa_accel_sky130_sram.tcl) 245: write_text_report [file join $report_dir sram_macro_instances.rpt] $sram_report_lines
@file(run_fa_accel_sky130_sram.tcl) 246: if {$total_sram_insts == 0} {
  error "No SRAM macro instances were found after elaboration; check Liberty names and wrapper RTL."
}
@file(run_fa_accel_sky130_sram.tcl) 250: read_sdc [require_file $sdc_file "timing SDC"]
Statistics for commands executed by read_sdc:
 "all_inputs"               - successful      1 , failed      0 (runtime  0.00)
 "all_outputs"              - successful      1 , failed      0 (runtime  0.00)
 "create_clock"             - successful      1 , failed      0 (runtime  0.01)
 "get_ports"                - successful      2 , failed      0 (runtime  0.01)
 "remove_from_collection"   - successful      1 , failed      0 (runtime  0.00)
 "set_input_delay"          - successful      1 , failed      0 (runtime  0.01)
 "set_output_delay"         - successful      1 , failed      0 (runtime  0.00)
read_sdc completed in 00:00:00 (hh:mm:ss)
@file(run_fa_accel_sky130_sram.tcl) 252: redirect [file join $report_dir check_design_pre.rpt] {check_design}
@file(run_fa_accel_sky130_sram.tcl) 253: redirect [file join $report_dir hierarchy_pre.rpt] {report hierarchy}
@file(run_fa_accel_sky130_sram.tcl) 254: if {[catch {redirect [file join $report_dir timing_lint_pre.rpt] {report timing -lint}} err]} {
  puts "WARNING: optional timing lint report failed: $err"
}
@file(run_fa_accel_sky130_sram.tcl) 257: if {[catch {redirect [file join $report_dir unmapped_pre.rpt] {report unmapped}} err]} {
  puts "WARNING: optional unmapped pre-synth report failed: $err"
}
WARNING: optional unmapped pre-synth report failed: Failed on 'report unmapped'
@file(run_fa_accel_sky130_sram.tcl) 261: if {$physical_mode} {
  puts "INFO: Preparing floorplan before physical-aware synthesis."
  set physical_floorplan_ready [configure_physical_context $output_dir $top $allow_physical_fallback]
  if {!$physical_floorplan_ready && !$allow_physical_fallback} {
    error "GENUS_PHYSICAL=1 requires a successful predict_floorplan result. Set GENUS_ALLOW_PHYSICAL_FALLBACK=1 only for debug logical fallback runs."
  }
  puts "INFO: Running physical-aware synthesis stages."
  run_physical_command {syn_generic -physical} {syn_generic} "syn_generic -physical" $allow_physical_fallback
  redirect [file join $report_dir qor_generic.rpt] {report qor}
  run_physical_command {syn_map -physical} {syn_map} "syn_map -physical" $allow_physical_fallback
  redirect [file join $report_dir qor_mapped.rpt] {report qor}
  run_physical_command {syn_opt -spatial} {syn_opt} "syn_opt -spatial" $allow_physical_fallback
} else {
  puts "INFO: Running logical synthesis stages."
  syn_generic
  redirect [file join $report_dir qor_generic.rpt] {report qor}
  syn_map
  redirect [file join $report_dir qor_mapped.rpt] {report qor}
  syn_opt
}
INFO: Preparing floorplan before physical-aware synthesis.
INFO: QRC tech file: /home/share/pdk/sky130A/libs.tech/cadence/qrcTechFile
INFO: QRC extraction corner created.
  Setting attribute of root '/': 'probabilistic_extraction' = true
INFO: probabilistic_extraction enabled.
INFO: GENUS_FP_UTIL=0.55 GENUS_FP_ASPECT_RATIO=1.0 GENUS_FP_CORE_MARGIN=20.0
INFO: Attempting: predict_floorplan -utilization 0.55 -aspect_ratio 1.0 -core_margin 20.0
Error   : An invalid option was specified. [TUI-204] [parse_options]
        : An option named '-utilization' could not be found.
        : Run 'command_name -help' to check all valid options. To correct the option and rerun the command.
  predict_floorplan: predicts design floorplan 

Usage: predict_floorplan [-constraints <string>] [-script <string>] [<design>]

    [-constraints <string>]:
        constraints file for planDesign 
    [-script <string>]:
        script file for Master Plan 
    [<design>]:
        design 
WARNING: predict_floorplan attempt failed: Failed on predict_floorplan
INFO: Attempting: predict_floorplan -utilization 0.55 -aspect_ratio 1.0
Error   : An invalid option was specified. [TUI-204] [parse_options]
        : An option named '-utilization' could not be found.
  predict_floorplan: predicts design floorplan 

Usage: predict_floorplan [-constraints <string>] [-script <string>] [<design>]

    [-constraints <string>]:
        constraints file for planDesign 
    [-script <string>]:
        script file for Master Plan 
    [<design>]:
        design 
WARNING: predict_floorplan attempt failed: Failed on predict_floorplan
INFO: Attempting: predict_floorplan
Starting floorplan prediction for fa_top...
Warning : This attribute will be obsolete in a next major release. [TUI-32]
        : attribute: 'invs_wnm_original_name_phase_inverted_flow', object type: 'root'
Checking out license: Genus_Physical_Opt
[11:28:09.087371] Periodic Lic check successful
[11:28:09.611681] Feature usage summary:
[11:28:09.611682] Genus_Synthesis  
[11:28:09.611683] Genus_Physical_Opt  
License checkout complete (0 seconds elapsed).
Warning : Recommended data is not found. [PHYS-61]
        : No capacitance table found.
        : The recommended data is not given and the tool uses the default value. Although the data is not mandatory, it is highly recommended to provide it in order to achieve the best result. Rerun the command after supplying the data.
  Setting attribute of root '/': 'invs_temp_dir' = ./genus2invs__2656251_e6bfadfa-0138-4e05-a668-8ad36fa2dd9afa_top
(write_design): Writing Innovus content. Constraint interface is: 'mmmc2'
(write_design): Writing Genus content. Constraint interface is 'smsc'
Warning : Attribute design_process_node is not set for this design. [PHYS-1011]
        : Missing data.
        : When attribute design_process_node is not set to an appropriate integer value >=1 and <=250, then Innovus will assume its own default value for the design process node. See the Innovus setDesignMode -process <> command for more information about what this setting does.
Warning : Option ignored. [PHYS-58]
        : -ignore_scan_chains option ignored for Genus fileset generation
        : The specified option will be treated as indicated above.
Warning : Option ignored. [PHYS-58]
        : -ignore_msv option ignored for Genus fileset generation
Exporting design data for 'fa_top' to ./genus2invs__2656251_e6bfadfa-0138-4e05-a668-8ad36fa2dd9afa_top/genus2invs...
%# Begin write_design (07/03 11:28:11, mem=2901.25M)
      flow.cputime  flow.realtime  timing.setup.tns  timing.setup.wns  snapshot
UM:*                                                                   write_design
  Setting attribute of root '/': 'set_boundary_change' = 
**INFO: (write_design): Any loop-breaker instances will be included in SDC constraints.
File ./genus2invs__2656251_e6bfadfa-0138-4e05-a668-8ad36fa2dd9afa_top/genus2invs.mmmc.tcl has been written.
Finished SDC export (command execution time mm:ss (real) = 00:09).
Info: file ./genus2invs__2656251_e6bfadfa-0138-4e05-a668-8ad36fa2dd9afa_top/genus2invs.default_emulate_constraint_mode.sdc has been written
Info: file ./genus2invs__2656251_e6bfadfa-0138-4e05-a668-8ad36fa2dd9afa_top/genus2invs.default_emulate_constraint_mode.sdc has been written


Number of user defined NDR nets found: 0

Number of NDR nets found: 0
Number of nets with minimum layer assignments: 0

** To load the database source ./genus2invs__2656251_e6bfadfa-0138-4e05-a668-8ad36fa2dd9afa_top/genus2invs.invs_setup.tcl in an Innovus session.
** To load the database source ./genus2invs__2656251_e6bfadfa-0138-4e05-a668-8ad36fa2dd9afa_top/genus2invs.genus_setup.tcl in an Genus(TM) Synthesis Solution session.
Finished exporting design data for 'fa_top' (command execution time mm:ss cpu = 02:00, real = 02:18).
.
%# End write_design (07/03 11:30:29, total cpu=16:02:00, real=16:02:18, peak res=3345.70M, current mem=2996.25M)
%# Begin launch_innovus (07/03 11:30:35, mem=3258.37M)
Info    : Beta feature. [LIC-2]
        : Beta feature 'do_not_encrypt_genus2invs.top.tcl' request.
        : Final production licensing of this beta feature has not been determined and is subject to change. Usage and support of this beta feature are subject to prior agreement with Cadence. In addition, Cadence assumes you understand the feature limitations and expected results. Contact your Cadence representative if you have any questions.
Launching batch session (07/03/2026 11:30:36)...

Cadence Innovus(TM) Implementation System.
Copyright 2025 Cadence Design Systems, Inc. All rights reserved worldwide.

Version:	v25.12-s079_1, built Tue Nov 18 12:56:37 PST 2025
Options:	-init /home/hujinzhao/pro/genus_bs1/genus2invs__2656251_e6bfadfa-0138-4e05-a668-8ad36fa2dd9afa_top/genus2invs.top.tcl -nowin -log ./genus2invs__2656251_e6bfadfa-0138-4e05-a668-8ad36fa2dd9afa_top/innovus.log -cmd ./genus2invs__2656251_e6bfadfa-0138-4e05-a668-8ad36fa2dd9afa_top/innovus.cmd -overwrite -execute set_db source_verbose false -stylus -x 0001A72991... 
Date:		Fri Jul  3 11:30:37 2026
Host:		sh02lo01 (x86_64 w/Linux 4.18.0-477.10.1.el8_8.x86_64) (18cores*36cpus*Intel(R) Xeon(R) Gold 6140 CPU @ 2.30GHz 25344KB)
OS:		Red Hat Enterprise Linux 8.8 (Ootpa)

License:
		[11:30:37.060281] Configured Lic search path (25.01-s002): 5280@sh02lo01

		Running innovus (-x) with FE_GPS capability.
		Extra license Encounter_NG100
		Extra license Genus_Synthesis
		Extra license Genus_Physical_Opt
		Extra license Innovus_2nm_GAA_Opt
		8 CPU jobs allowed with the current license(s). Use set_multi_cpu_usage to set your required CPU count.


Create and set the environment variable TMPDIR to /tmp/genus_temp_2656251_e6bfadfa-0138-4e05-a668-8ad36fa2dd9a_sh02lo01_hujinzhao_uHa4UT/innovus_temp_2886011_834f1c84-d480-40c4-9ab0-63e51b7e6c9c_sh02lo01_hujinzhao_KfyAgB.

The soft stacksize limit is either up to the hard limit or larger than 0.2% of RAM. No change is needed.
Info: Process UID = 2886011 / 834f1c84-d480-40c4-9ab0-63e51b7e6c9c / RF7oio5y5E

**INFO:  MMMC transition support version v31-84 

#@ Processing -execute option
@innovus 1> set_db source_verbose false
#@ Processing -files option
@innovus 2> source /home/hujinzhao/pro/genus_bs1/genus2invs__2656251_e6bfadfa-0138-4e05-a668-8ad36fa2dd9afa_top/genus2invs.top.tcl
Checking Innovus major version against Genus expectations ...
%# Design Import Start (07/03 11:31:06, mem=1932.00M)
#@ Begin verbose source ./genus2invs__2656251_e6bfadfa-0138-4e05-a668-8ad36fa2dd9afa_top/genus2invs.invs_setup.tcl (pre)
@file 1: ################################################################################
@file 2: #
@file 3: # Innovus setup file
@file 4: # Created by Genus(TM) Synthesis Solution 25.12-s067_1
@file 5: #   on 07/03/2026 11:30:27
@file 6: #
@file 7: ################################################################################
@file 8: #
@file 9: # Genus(TM) Synthesis Solution setup file
@file 10: # This file can only be run in Innovus Common UI mode.
@file 11: #
@file 12: ################################################################################
@file 13:
@file 14:
@file 15: # Version Check
@file 16: ###########################################################
@file 17:
@file 18: namespace eval ::genus_innovus_version_check { 
        set minimum_version 25
        set maximum_version 26
        regexp {\d\d} [get_db program_version] this_version
        puts "Checking Innovus major version against Genus expectations ..."
        if { $this_version < $minimum_version || $this_version > $maximum_version } {
          error "**ERROR: this operation requires Innovus major version to be between '$minimum_version' and '$maximum_version'."
        }
      }
Checking Innovus major version against Genus expectations ...
@file 27:
@file 28: set _t0 [clock seconds]
@file 29: puts [format  {%%%s Begin Genus to Innovus Setup (%s)} \# [clock format $_t0 -format {%m/%d %H:%M:%S}]]
%# Begin Genus to Innovus Setup (07/03 11:31:06)
@@file 30: set_db read_physical_allow_multiple_port_pin_without_must_join true
@@file 31: set_db must_join_all_ports true
@@file 32: set_db timing_cap_unit 1pf
@@file 33: set_db timing_time_unit 1ns
@@file 34: eval_legacy {setMultiCpuUsage -localCpu 8}
@file 35:
@file 36:
@file 37: # Design Import
@file 38: ################################################################################
@file 39: source -quiet /apps/DDI251/25.12.000/GENUS251/tools.lnx86/lib/cdn/rc/edi/innovus_procs_common_ui.tcl
@file 40: ## Set read_taf debug value from Genus
@file 41: pqos_eval {variable rcp::read_taf_num_debug}
@file 42: pqos_eval {set rcp::read_taf_num_debug 10}
@file 43: ## Preload Innovus Mode attributes file
@file 44: pqos_eval {rcp::read_taf ./genus2invs__2656251_e6bfadfa-0138-4e05-a668-8ad36fa2dd9afa_top/genus2invs.mode_attributes.taf.gz}
%# Begin ::rcp::silent_eval (07/03 11:31:06, mem=1932.71M)
%# End ::rcp::silent_eval (07/03 11:31:06, total cpu=16:00:00, real=16:00:00, peak res=1935.39M, current mem=1932.75M)
(genus2invs.mode_attributes.taf.gz): Summary count of attributes that could be applied
could_apply(design_bottom_routing_layer)       = 1
could_apply(extract_rc_assume_metal_fill)      = 1
could_apply(timing_report_enable_novus_header) = 1

[genus2invs.mode_attributes.taf.gz]: applied 3 attributes with 0 problems.
@file 45: ## Reading FlowKit settings file
@file 46: source ./genus2invs__2656251_e6bfadfa-0138-4e05-a668-8ad36fa2dd9afa_top/genus2invs.flowkit_settings.tcl
@file 47:
@file 48: source ./genus2invs__2656251_e6bfadfa-0138-4e05-a668-8ad36fa2dd9afa_top/genus2invs.invs_init.tcl
Starting library reading in 'Multi-threaded flow' (with '8' threads)
Reading default_emulate_libset_max timing library /home/share/pdk/ciel/sky130/versions/e8294524e5f67c533c5d0c3afa0bcc5b2a5fa066/sky130A/libs.ref/sky130_fd_sc_hs/lib/sky130_fd_sc_hs__tt_025C_1v80.lib.
**ERROR: (TECHLIB-1175):	Template name 'ccsn_dc' used in group 'dc_current' on line 832 is not defined in the library. To fix this issue, define the missing template in the library. (File /home/share/pdk/ciel/sky130/versions/e8294524e5f67c533c5d0c3afa0bcc5b2a5fa066/sky130A/libs.ref/sky130_fd_sc_hs/lib/sky130_fd_sc_hs__tt_025C_1v80.lib)
**ERROR: (TECHLIB-1256):	The dc_current group 'ccsn_dc' is being ignored due to errors in this group. This group will be excluded for any further library checks. Refer to the previous messages issued for dc_current group 'ccsn_dc' to find the details of the issues in this group. (File /home/share/pdk/ciel/sky130/versions/e8294524e5f67c533c5d0c3afa0bcc5b2a5fa066/sky130A/libs.ref/sky130_fd_sc_hs/lib/sky130_fd_sc_hs__tt_025C_1v80.lib, Line 832)
**ERROR: (TECHLIB-1175):	Template name 'ccsn_ovrf' used in group 'vector' on line 884 is not defined in the library. To fix this issue, define the missing template in the library. (File /home/share/pdk/ciel/sky130/versions/e8294524e5f67c533c5d0c3afa0bcc5b2a5fa066/sky130A/libs.ref/sky130_fd_sc_hs/lib/sky130_fd_sc_hs__tt_025C_1v80.lib)
**ERROR: (TECHLIB-1256):	The vector group 'ccsn_ovrf' is being ignored due to errors in this group. This group will be excluded for any further library checks. Refer to the previous messages issued for vector group 'ccsn_ovrf' to find the details of the issues in this group. (File /home/share/pdk/ciel/sky130/versions/e8294524e5f67c533c5d0c3afa0bcc5b2a5fa066/sky130A/libs.ref/sky130_fd_sc_hs/lib/sky130_fd_sc_hs__tt_025C_1v80.lib, Line 884)
**ERROR: (TECHLIB-1175):	Template name 'ccsn_ovrf' used in group 'vector' on line 890 is not defined in the library. To fix this issue, define the missing template in the library. (File /home/share/pdk/ciel/sky130/versions/e8294524e5f67c533c5d0c3afa0bcc5b2a5fa066/sky130A/libs.ref/sky130_fd_sc_hs/lib/sky130_fd_sc_hs__tt_025C_1v80.lib)
**ERROR: (TECHLIB-1256):	The vector group 'ccsn_ovrf' is being ignored due to errors in this group. This group will be excluded for any further library checks. Refer to the previous messages issued for vector group 'ccsn_ovrf' to find the details of the issues in this group. (File /home/share/pdk/ciel/sky130/versions/e8294524e5f67c533c5d0c3afa0bcc5b2a5fa066/sky130A/libs.ref/sky130_fd_sc_hs/lib/sky130_fd_sc_hs__tt_025C_1v80.lib, Line 890)
**ERROR: (TECHLIB-1175):	Template name 'ccsn_ovrf' used in group 'vector' on line 870 is not defined in the library. To fix this issue, define the missing template in the library. (File /home/share/pdk/ciel/sky130/versions/e8294524e5f67c533c5d0c3afa0bcc5b2a5fa066/sky130A/libs.ref/sky130_fd_sc_hs/lib/sky130_fd_sc_hs__tt_025C_1v80.lib)
**ERROR: (TECHLIB-1256):	The vector group 'ccsn_ovrf' is being ignored due to errors in this group. This group will be excluded for any further library checks. Refer to the previous messages issued for vector group 'ccsn_ovrf' to find the details of the issues in this group. (File /home/share/pdk/ciel/sky130/versions/e8294524e5f67c533c5d0c3afa0bcc5b2a5fa066/sky130A/libs.ref/sky130_fd_sc_hs/lib/sky130_fd_sc_hs__tt_025C_1v80.lib, Line 870)
**ERROR: (TECHLIB-1175):	Template name 'ccsn_ovrf' used in group 'vector' on line 876 is not defined in the library. To fix this issue, define the missing template in the library. (File /home/share/pdk/ciel/sky130/versions/e8294524e5f67c533c5d0c3afa0bcc5b2a5fa066/sky130A/libs.ref/sky130_fd_sc_hs/lib/sky130_fd_sc_hs__tt_025C_1v80.lib)
**ERROR: (TECHLIB-1256):	The vector group 'ccsn_ovrf' is being ignored due to errors in this group. This group will be excluded for any further library checks. Refer to the previous messages issued for vector group 'ccsn_ovrf' to find the details of the issues in this group. (File /home/share/pdk/ciel/sky130/versions/e8294524e5f67c533c5d0c3afa0bcc5b2a5fa066/sky130A/libs.ref/sky130_fd_sc_hs/lib/sky130_fd_sc_hs__tt_025C_1v80.lib, Line 876)
**ERROR: (TECHLIB-1175):	Template name 'ccsn_pnlh' used in group 'vector' on line 949 is not defined in the library. To fix this issue, define the missing template in the library. (File /home/share/pdk/ciel/sky130/versions/e8294524e5f67c533c5d0c3afa0bcc5b2a5fa066/sky130A/libs.ref/sky130_fd_sc_hs/lib/sky130_fd_sc_hs__tt_025C_1v80.lib)
**ERROR: (TECHLIB-1256):	The vector group 'ccsn_pnlh' is being ignored due to errors in this group. This group will be excluded for any further library checks. Refer to the previous messages issued for vector group 'ccsn_pnlh' to find the details of the issues in this group. (File /home/share/pdk/ciel/sky130/versions/e8294524e5f67c533c5d0c3afa0bcc5b2a5fa066/sky130A/libs.ref/sky130_fd_sc_hs/lib/sky130_fd_sc_hs__tt_025C_1v80.lib, Line 949)
**ERROR: (TECHLIB-1175):	Template name 'ccsn_pnlh' used in group 'vector' on line 956 is not defined in the library. To fix this issue, define the missing template in the library. (File /home/share/pdk/ciel/sky130/versions/e8294524e5f67c533c5d0c3afa0bcc5b2a5fa066/sky130A/libs.ref/sky130_fd_sc_hs/lib/sky130_fd_sc_hs__tt_025C_1v80.lib)
**ERROR: (TECHLIB-1256):	The vector group 'ccsn_pnlh' is being ignored due to errors in this group. This group will be excluded for any further library checks. Refer to the previous messages issued for vector group 'ccsn_pnlh' to find the details of the issues in this group. (File /home/share/pdk/ciel/sky130/versions/e8294524e5f67c533c5d0c3afa0bcc5b2a5fa066/sky130A/libs.ref/sky130_fd_sc_hs/lib/sky130_fd_sc_hs__tt_025C_1v80.lib, Line 956)
**ERROR: (TECHLIB-1175):	Template name 'ccsn_pnlh' used in group 'vector' on line 963 is not defined in the library. To fix this issue, define the missing template in the library. (File /home/share/pdk/ciel/sky130/versions/e8294524e5f67c533c5d0c3afa0bcc5b2a5fa066/sky130A/libs.ref/sky130_fd_sc_hs/lib/sky130_fd_sc_hs__tt_025C_1v80.lib)
**ERROR: (TECHLIB-1256):	The vector group 'ccsn_pnlh' is being ignored due to errors in this group. This group will be excluded for any further library checks. Refer to the previous messages issued for vector group 'ccsn_pnlh' to find the details of the issues in this group. (File /home/share/pdk/ciel/sky130/versions/e8294524e5f67c533c5d0c3afa0bcc5b2a5fa066/sky130A/libs.ref/sky130_fd_sc_hs/lib/sky130_fd_sc_hs__tt_025C_1v80.lib, Line 963)
**ERROR: (TECHLIB-1175):	Template name 'ccsn_pnlh' used in group 'vector' on line 970 is not defined in the library. To fix this issue, define the missing template in the library. (File /home/share/pdk/ciel/sky130/versions/e8294524e5f67c533c5d0c3afa0bcc5b2a5fa066/sky130A/libs.ref/sky130_fd_sc_hs/lib/sky130_fd_sc_hs__tt_025C_1v80.lib)
**ERROR: (TECHLIB-1256):	The vector group 'ccsn_pnlh' is being ignored due to errors in this group. This group will be excluded for any further library checks. Refer to the previous messages issued for vector group 'ccsn_pnlh' to find the details of the issues in this group. (File /home/share/pdk/ciel/sky130/versions/e8294524e5f67c533c5d0c3afa0bcc5b2a5fa066/sky130A/libs.ref/sky130_fd_sc_hs/lib/sky130_fd_sc_hs__tt_025C_1v80.lib, Line 970)
**ERROR: (TECHLIB-1175):	Template name 'ccsn_pnlh' used in group 'vector' on line 977 is not defined in the library. To fix this issue, define the missing template in the library. (File /home/share/pdk/ciel/sky130/versions/e8294524e5f67c533c5d0c3afa0bcc5b2a5fa066/sky130A/libs.ref/sky130_fd_sc_hs/lib/sky130_fd_sc_hs__tt_025C_1v80.lib)
**ERROR: (TECHLIB-1256):	The vector group 'ccsn_pnlh' is being ignored due to errors in this group. This group will be excluded for any further library checks. Refer to the previous messages issued for vector group 'ccsn_pnlh' to find the details of the issues in this group. (File /home/share/pdk/ciel/sky130/versions/e8294524e5f67c533c5d0c3afa0bcc5b2a5fa066/sky130A/libs.ref/sky130_fd_sc_hs/lib/sky130_fd_sc_hs__tt_025C_1v80.lib, Line 977)
**ERROR: (TECHLIB-1175):	Template name 'ccsn_pnlh' used in group 'vector' on line 984 is not defined in the library. To fix this issue, define the missing template in the library. (File /home/share/pdk/ciel/sky130/versions/e8294524e5f67c533c5d0c3afa0bcc5b2a5fa066/sky130A/libs.ref/sky130_fd_sc_hs/lib/sky130_fd_sc_hs__tt_025C_1v80.lib)
**ERROR: (TECHLIB-1256):	The vector group 'ccsn_pnlh' is being ignored due to errors in this group. This group will be excluded for any further library checks. Refer to the previous messages issued for vector group 'ccsn_pnlh' to find the details of the issues in this group. (File /home/share/pdk/ciel/sky130/versions/e8294524e5f67c533c5d0c3afa0bcc5b2a5fa066/sky130A/libs.ref/sky130_fd_sc_hs/lib/sky130_fd_sc_hs__tt_025C_1v80.lib, Line 984)
**ERROR: (TECHLIB-1175):	Template name 'ccsn_pnlh' used in group 'vector' on line 991 is not defined in the library. To fix this issue, define the missing template in the library. (File /home/share/pdk/ciel/sky130/versions/e8294524e5f67c533c5d0c3afa0bcc5b2a5fa066/sky130A/libs.ref/sky130_fd_sc_hs/lib/sky130_fd_sc_hs__tt_025C_1v80.lib)
**ERROR: (TECHLIB-1256):	The vector group 'ccsn_pnlh' is being ignored due to errors in this group. This group will be excluded for any further library checks. Refer to the previous messages issued for vector group 'ccsn_pnlh' to find the details of the issues in this group. (File /home/share/pdk/ciel/sky130/versions/e8294524e5f67c533c5d0c3afa0bcc5b2a5fa066/sky130A/libs.ref/sky130_fd_sc_hs/lib/sky130_fd_sc_hs__tt_025C_1v80.lib, Line 991)
**ERROR: (TECHLIB-1175):	Template name 'ccsn_pnlh' used in group 'vector' on line 898 is not defined in the library. To fix this issue, define the missing template in the library. (File /home/share/pdk/ciel/sky130/versions/e8294524e5f67c533c5d0c3afa0bcc5b2a5fa066/sky130A/libs.ref/sky130_fd_sc_hs/lib/sky130_fd_sc_hs__tt_025C_1v80.lib)
**ERROR: (TECHLIB-1256):	The vector group 'ccsn_pnlh' is being ignored due to errors in this group. This group will be excluded for any further library checks. Refer to the previous messages issued for vector group 'ccsn_pnlh' to find the details of the issues in this group. (File /home/share/pdk/ciel/sky130/versions/e8294524e5f67c533c5d0c3afa0bcc5b2a5fa066/sky130A/libs.ref/sky130_fd_sc_hs/lib/sky130_fd_sc_hs__tt_025C_1v80.lib, Line 898)
**ERROR: (TECHLIB-1175):	Template name 'ccsn_pnlh' used in group 'vector' on line 905 is not defined in the library. To fix this issue, define the missing template in the library. (File /home/share/pdk/ciel/sky130/versions/e8294524e5f67c533c5d0c3afa0bcc5b2a5fa066/sky130A/libs.ref/sky130_fd_sc_hs/lib/sky130_fd_sc_hs__tt_025C_1v80.lib)
**ERROR: (TECHLIB-1256):	The vector group 'ccsn_pnlh' is being ignored due to errors in this group. This group will be excluded for any further library checks. Refer to the previous messages issued for vector group 'ccsn_pnlh' to find the details of the issues in this group. (File /home/share/pdk/ciel/sky130/versions/e8294524e5f67c533c5d0c3afa0bcc5b2a5fa066/sky130A/libs.ref/sky130_fd_sc_hs/lib/sky130_fd_sc_hs__tt_025C_1v80.lib, Line 905)
**ERROR: (TECHLIB-1175):	Template name 'ccsn_pnlh' used in group 'vector' on line 912 is not defined in the library. To fix this issue, define the missing template in the library. (File /home/share/pdk/ciel/sky130/versions/e8294524e5f67c533c5d0c3afa0bcc5b2a5fa066/sky130A/libs.ref/sky130_fd_sc_hs/lib/sky130_fd_sc_hs__tt_025C_1v80.lib)
**ERROR: (TECHLIB-1256):	The vector group 'ccsn_pnlh' is being ignored due to errors in this group. This group will be excluded for any further library checks. Refer to the previous messages issued for vector group 'ccsn_pnlh' to find the details of the issues in this group. (File /home/share/pdk/ciel/sky130/versions/e8294524e5f67c533c5d0c3afa0bcc5b2a5fa066/sky130A/libs.ref/sky130_fd_sc_hs/lib/sky130_fd_sc_hs__tt_025C_1v80.lib, Line 912)
**ERROR: (TECHLIB-1175):	Template name 'ccsn_pnlh' used in group 'vector' on line 919 is not defined in the library. To fix this issue, define the missing template in the library. (File /home/share/pdk/ciel/sky130/versions/e8294524e5f67c533c5d0c3afa0bcc5b2a5fa066/sky130A/libs.ref/sky130_fd_sc_hs/lib/sky130_fd_sc_hs__tt_025C_1v80.lib)
**ERROR: (TECHLIB-1256):	The vector group 'ccsn_pnlh' is being ignored due to errors in this group. This group will be excluded for any further library checks. Refer to the previous messages issued for vector group 'ccsn_pnlh' to find the details of the issues in this group. (File /home/share/pdk/ciel/sky130/versions/e8294524e5f67c533c5d0c3afa0bcc5b2a5fa066/sky130A/libs.ref/sky130_fd_sc_hs/lib/sky130_fd_sc_hs__tt_025C_1v80.lib, Line 919)
**ERROR: (TECHLIB-1175):	Template name 'ccsn_pnlh' used in group 'vector' on line 926 is not defined in the library. To fix this issue, define the missing template in the library. (File /home/share/pdk/ciel/sky130/versions/e8294524e5f67c533c5d0c3afa0bcc5b2a5fa066/sky130A/libs.ref/sky130_fd_sc_hs/lib/sky130_fd_sc_hs__tt_025C_1v80.lib)
**ERROR: (TECHLIB-1256):	The vector group 'ccsn_pnlh' is being ignored due to errors in this group. This group will be excluded for any further library checks. Refer to the previous messages issued for vector group 'ccsn_pnlh' to find the details of the issues in this group. (File /home/share/pdk/ciel/sky130/versions/e8294524e5f67c533c5d0c3afa0bcc5b2a5fa066/sky130A/libs.ref/sky130_fd_sc_hs/lib/sky130_fd_sc_hs__tt_025C_1v80.lib, Line 926)
**ERROR: (TECHLIB-1175):	Template name 'ccsn_pnlh' used in group 'vector' on line 933 is not defined in the library. To fix this issue, define the missing template in the library. (File /home/share/pdk/ciel/sky130/versions/e8294524e5f67c533c5d0c3afa0bcc5b2a5fa066/sky130A/libs.ref/sky130_fd_sc_hs/lib/sky130_fd_sc_hs__tt_025C_1v80.lib)
**ERROR: (TECHLIB-1256):	The vector group 'ccsn_pnlh' is being ignored due to errors in this group. This group will be excluded for any further library checks. Refer to the previous messages issued for vector group 'ccsn_pnlh' to find the details of the issues in this group. (File /home/share/pdk/ciel/sky130/versions/e8294524e5f67c533c5d0c3afa0bcc5b2a5fa066/sky130A/libs.ref/sky130_fd_sc_hs/lib/sky130_fd_sc_hs__tt_025C_1v80.lib, Line 933)
**ERROR: (TECHLIB-1175):	Template name 'ccsn_pnlh' used in group 'vector' on line 940 is not defined in the library. To fix this issue, define the missing template in the library. (File /home/share/pdk/ciel/sky130/versions/e8294524e5f67c533c5d0c3afa0bcc5b2a5fa066/sky130A/libs.ref/sky130_fd_sc_hs/lib/sky130_fd_sc_hs__tt_025C_1v80.lib)
**ERROR: (TECHLIB-1256):	The vector group 'ccsn_pnlh' is being ignored due to errors in this group. This group will be excluded for any further library checks. Refer to the previous messages issued for vector group 'ccsn_pnlh' to find the details of the issues in this group. (File /home/share/pdk/ciel/sky130/versions/e8294524e5f67c533c5d0c3afa0bcc5b2a5fa066/sky130A/libs.ref/sky130_fd_sc_hs/lib/sky130_fd_sc_hs__tt_025C_1v80.lib, Line 940)
**ERROR: (TECHLIB-1173):	The 'dc_current' attribute has not been defined for group 'ccsn_first_stage' on line 831. This may lead to undesirable analysis results. To fix this issue, define the missing attribute in library. (File /home/share/pdk/ciel/sky130/versions/e8294524e5f67c533c5d0c3afa0bcc5b2a5fa066/sky130A/libs.ref/sky130_fd_sc_hs/lib/sky130_fd_sc_hs__tt_025C_1v80.lib)
**ERROR: (TECHLIB-1175):	Template name 'ccsn_dc' used in group 'dc_current' on line 1002 is not defined in the library. To fix this issue, define the missing template in the library. (File /home/share/pdk/ciel/sky130/versions/e8294524e5f67c533c5d0c3afa0bcc5b2a5fa066/sky130A/libs.ref/sky130_fd_sc_hs/lib/sky130_fd_sc_hs__tt_025C_1v80.lib)
**ERROR: (TECHLIB-1256):	The dc_current group 'ccsn_dc' is being ignored due to errors in this group. This group will be excluded for any further library checks. Refer to the previous messages issued for dc_current group 'ccsn_dc' to find the details of the issues in this group. (File /home/share/pdk/ciel/sky130/versions/e8294524e5f67c533c5d0c3afa0bcc5b2a5fa066/sky130A/libs.ref/sky130_fd_sc_hs/lib/sky130_fd_sc_hs__tt_025C_1v80.lib, Line 1002)
Message <TECHLIB-1175> has exceeded the message display limit of '20'. Use 'set_message -no_limit -id list_of_msgIDs' to reset the message limit.
Message <TECHLIB-1256> has exceeded the message display limit of '20'. Use 'set_message -no_limit -id list_of_msgIDs' to reset the message limit.
**ERROR: (TECHLIB-1173):	The 'dc_current' attribute has not been defined for group 'ccsn_last_stage' on line 1001. This may lead to undesirable analysis results. To fix this issue, define the missing attribute in library. (File /home/share/pdk/ciel/sky130/versions/e8294524e5f67c533c5d0c3afa0bcc5b2a5fa066/sky130A/libs.ref/sky130_fd_sc_hs/lib/sky130_fd_sc_hs__tt_025C_1v80.lib)
**ERROR: (TECHLIB-1173):	The 'dc_current' attribute has not been defined for group 'ccsn_first_stage' on line 1267. This may lead to undesirable analysis results. To fix this issue, define the missing attribute in library. (File /home/share/pdk/ciel/sky130/versions/e8294524e5f67c533c5d0c3afa0bcc5b2a5fa066/sky130A/libs.ref/sky130_fd_sc_hs/lib/sky130_fd_sc_hs__tt_025C_1v80.lib)
**ERROR: (TECHLIB-1173):	The 'dc_current' attribute has not been defined for group 'ccsn_last_stage' on line 1437. This may lead to undesirable analysis results. To fix this issue, define the missing attribute in library. (File /home/share/pdk/ciel/sky130/versions/e8294524e5f67c533c5d0c3afa0bcc5b2a5fa066/sky130A/libs.ref/sky130_fd_sc_hs/lib/sky130_fd_sc_hs__tt_025C_1v80.lib)
**ERROR: (TECHLIB-1173):	The 'dc_current' attribute has not been defined for group 'ccsn_first_stage' on line 1703. This may lead to undesirable analysis results. To fix this issue, define the missing attribute in library. (File /home/share/pdk/ciel/sky130/versions/e8294524e5f67c533c5d0c3afa0bcc5b2a5fa066/sky130A/libs.ref/sky130_fd_sc_hs/lib/sky130_fd_sc_hs__tt_025C_1v80.lib)
**ERROR: (TECHLIB-1173):	The 'dc_current' attribute has not been defined for group 'ccsn_last_stage' on line 1874. This may lead to undesirable analysis results. To fix this issue, define the missing attribute in library. (File /home/share/pdk/ciel/sky130/versions/e8294524e5f67c533c5d0c3afa0bcc5b2a5fa066/sky130A/libs.ref/sky130_fd_sc_hs/lib/sky130_fd_sc_hs__tt_025C_1v80.lib)
**ERROR: (TECHLIB-1173):	The 'dc_current' attribute has not been defined for group 'ccsn_first_stage' on line 2143. This may lead to undesirable analysis results. To fix this issue, define the missing attribute in library. (File /home/share/pdk/ciel/sky130/versions/e8294524e5f67c533c5d0c3afa0bcc5b2a5fa066/sky130A/libs.ref/sky130_fd_sc_hs/lib/sky130_fd_sc_hs__tt_025C_1v80.lib)
**ERROR: (TECHLIB-1173):	The 'dc_current' attribute has not been defined for group 'ccsn_last_stage' on line 2314. This may lead to undesirable analysis results. To fix this issue, define the missing attribute in library. (File /home/share/pdk/ciel/sky130/versions/e8294524e5f67c533c5d0c3afa0bcc5b2a5fa066/sky130A/libs.ref/sky130_fd_sc_hs/lib/sky130_fd_sc_hs__tt_025C_1v80.lib)
**ERROR: (TECHLIB-1173):	The 'dc_current' attribute has not been defined for group 'ccsn_first_stage' on line 2583. This may lead to undesirable analysis results. To fix this issue, define the missing attribute in library. (File /home/share/pdk/ciel/sky130/versions/e8294524e5f67c533c5d0c3afa0bcc5b2a5fa066/sky130A/libs.ref/sky130_fd_sc_hs/lib/sky130_fd_sc_hs__tt_025C_1v80.lib)
**ERROR: (TECHLIB-1173):	The 'dc_current' attribute has not been defined for group 'ccsn_last_stage' on line 2754. This may lead to undesirable analysis results. To fix this issue, define the missing attribute in library. (File /home/share/pdk/ciel/sky130/versions/e8294524e5f67c533c5d0c3afa0bcc5b2a5fa066/sky130A/libs.ref/sky130_fd_sc_hs/lib/sky130_fd_sc_hs__tt_025C_1v80.lib)
**ERROR: (TECHLIB-1173):	The 'dc_current' attribute has not been defined for group 'ccsn_first_stage' on line 3023. This may lead to undesirable analysis results. To fix this issue, define the missing attribute in library. (File /home/share/pdk/ciel/sky130/versions/e8294524e5f67c533c5d0c3afa0bcc5b2a5fa066/sky130A/libs.ref/sky130_fd_sc_hs/lib/sky130_fd_sc_hs__tt_025C_1v80.lib)
**ERROR: (TECHLIB-1173):	The 'dc_current' attribute has not been defined for group 'ccsn_last_stage' on line 3194. This may lead to undesirable analysis results. To fix this issue, define the missing attribute in library. (File /home/share/pdk/ciel/sky130/versions/e8294524e5f67c533c5d0c3afa0bcc5b2a5fa066/sky130A/libs.ref/sky130_fd_sc_hs/lib/sky130_fd_sc_hs__tt_025C_1v80.lib)
**ERROR: (TECHLIB-1173):	The 'dc_current' attribute has not been defined for group 'ccsn_first_stage' on line 3463. This may lead to undesirable analysis results. To fix this issue, define the missing attribute in library. (File /home/share/pdk/ciel/sky130/versions/e8294524e5f67c533c5d0c3afa0bcc5b2a5fa066/sky130A/libs.ref/sky130_fd_sc_hs/lib/sky130_fd_sc_hs__tt_025C_1v80.lib)
**ERROR: (TECHLIB-1173):	The 'dc_current' attribute has not been defined for group 'ccsn_last_stage' on line 3634. This may lead to undesirable analysis results. To fix this issue, define the missing attribute in library. (File /home/share/pdk/ciel/sky130/versions/e8294524e5f67c533c5d0c3afa0bcc5b2a5fa066/sky130A/libs.ref/sky130_fd_sc_hs/lib/sky130_fd_sc_hs__tt_025C_1v80.lib)
**ERROR: (TECHLIB-1173):	The 'dc_current' attribute has not been defined for group 'ccsn_first_stage' on line 3903. This may lead to undesirable analysis results. To fix this issue, define the missing attribute in library. (File /home/share/pdk/ciel/sky130/versions/e8294524e5f67c533c5d0c3afa0bcc5b2a5fa066/sky130A/libs.ref/sky130_fd_sc_hs/lib/sky130_fd_sc_hs__tt_025C_1v80.lib)
**ERROR: (TECHLIB-1173):	The 'dc_current' attribute has not been defined for group 'ccsn_last_stage' on line 4074. This may lead to undesirable analysis results. To fix this issue, define the missing attribute in library. (File /home/share/pdk/ciel/sky130/versions/e8294524e5f67c533c5d0c3afa0bcc5b2a5fa066/sky130A/libs.ref/sky130_fd_sc_hs/lib/sky130_fd_sc_hs__tt_025C_1v80.lib)
**ERROR: (TECHLIB-1173):	The 'dc_current' attribute has not been defined for group 'ccsn_first_stage' on line 4343. This may lead to undesirable analysis results. To fix this issue, define the missing attribute in library. (File /home/share/pdk/ciel/sky130/versions/e8294524e5f67c533c5d0c3afa0bcc5b2a5fa066/sky130A/libs.ref/sky130_fd_sc_hs/lib/sky130_fd_sc_hs__tt_025C_1v80.lib)
**ERROR: (TECHLIB-1173):	The 'dc_current' attribute has not been defined for group 'ccsn_last_stage' on line 4514. This may lead to undesirable analysis results. To fix this issue, define the missing attribute in library. (File /home/share/pdk/ciel/sky130/versions/e8294524e5f67c533c5d0c3afa0bcc5b2a5fa066/sky130A/libs.ref/sky130_fd_sc_hs/lib/sky130_fd_sc_hs__tt_025C_1v80.lib)
**ERROR: (TECHLIB-1173):	The 'dc_current' attribute has not been defined for group 'ccsn_first_stage' on line 4783. This may lead to undesirable analysis results. To fix this issue, define the missing attribute in library. (File /home/share/pdk/ciel/sky130/versions/e8294524e5f67c533c5d0c3afa0bcc5b2a5fa066/sky130A/libs.ref/sky130_fd_sc_hs/lib/sky130_fd_sc_hs__tt_025C_1v80.lib)
**ERROR: (TECHLIB-1173):	The 'dc_current' attribute has not been defined for group 'ccsn_last_stage' on line 4954. This may lead to undesirable analysis results. To fix this issue, define the missing attribute in library. (File /home/share/pdk/ciel/sky130/versions/e8294524e5f67c533c5d0c3afa0bcc5b2a5fa066/sky130A/libs.ref/sky130_fd_sc_hs/lib/sky130_fd_sc_hs__tt_025C_1v80.lib)
Message <TECHLIB-1173> has exceeded the message display limit of '20'. Use 'set_message -no_limit -id list_of_msgIDs' to reset the message limit.
**WARN: (TECHLIB-302):	No function defined for cell 'sky130_fd_sc_hs__decap_8'. The cell will only be used for analysis. (File /home/share/pdk/ciel/sky130/versions/e8294524e5f67c533c5d0c3afa0bcc5b2a5fa066/sky130A/libs.ref/sky130_fd_sc_hs/lib/sky130_fd_sc_hs__tt_025C_1v80.lib)
**WARN: (TECHLIB-302):	No function defined for cell 'sky130_fd_sc_hs__decap_4'. The cell will only be used for analysis. (File /home/share/pdk/ciel/sky130/versions/e8294524e5f67c533c5d0c3afa0bcc5b2a5fa066/sky130A/libs.ref/sky130_fd_sc_hs/lib/sky130_fd_sc_hs__tt_025C_1v80.lib)
Read 376 cells in library sky130_fd_sc_hs__tt_025C_1v80.
Reading default_emulate_libset_max timing library /home/hujinzhao/pro/genus_bs1/workspace/LIBS/sky130_sram_0kbytes_1rw1r_32x64_8_TT_1p8V_25C.lib.
Read 1 cells in library sky130_sram_0kbytes_1rw1r_32x64_8_TT_1p8V_25C_lib.
Reading default_emulate_libset_max timing library /home/hujinzhao/pro/genus_bs1/workspace/LIBS/sky130_sram_0kbytes_1rw1r_48x16_8_TT_1p8V_25C.lib.
Read 1 cells in library sky130_sram_0kbytes_1rw1r_48x16_8_TT_1p8V_25C_lib.
Reading default_emulate_libset_max timing library /home/hujinzhao/pro/genus_bs1/genus2invs__2656251_e6bfadfa-0138-4e05-a668-8ad36fa2dd9afa_top/genus2invs.gen.lib.
**WARN: (TECHLIB-9018):	Nominal Condition 'nom_process' is not defined in timing library. Assuming default value '1.000000'. Setting this attribute is recommended as it can impact timing and SI results. (File /home/hujinzhao/pro/genus_bs1/genus2invs__2656251_e6bfadfa-0138-4e05-a668-8ad36fa2dd9afa_top/genus2invs.gen.lib)
**WARN: (TECHLIB-9018):	Nominal Condition 'nom_voltage' is not defined in timing library. Assuming default value '1.800000'. Setting this attribute is recommended as it can impact timing and SI results. (File /home/hujinzhao/pro/genus_bs1/genus2invs__2656251_e6bfadfa-0138-4e05-a668-8ad36fa2dd9afa_top/genus2invs.gen.lib)
**WARN: (TECHLIB-9018):	Nominal Condition 'nom_temperature' is not defined in timing library. Assuming default value '25.000000'. Setting this attribute is recommended as it can impact timing and SI results. (File /home/hujinzhao/pro/genus_bs1/genus2invs__2656251_e6bfadfa-0138-4e05-a668-8ad36fa2dd9afa_top/genus2invs.gen.lib)
**WARN: (TECHLIB-9108):	 'input_threshold_pct_rise' not specified in the library, using .lib default of '50%'. (File /home/hujinzhao/pro/genus_bs1/genus2invs__2656251_e6bfadfa-0138-4e05-a668-8ad36fa2dd9afa_top/genus2invs.gen.lib, Line 1)
**WARN: (TECHLIB-9108):	 'input_threshold_pct_fall' not specified in the library, using .lib default of '50%'. (File /home/hujinzhao/pro/genus_bs1/genus2invs__2656251_e6bfadfa-0138-4e05-a668-8ad36fa2dd9afa_top/genus2invs.gen.lib, Line 1)
**WARN: (TECHLIB-9108):	 'output_threshold_pct_rise' not specified in the library, using .lib default of '50%'. (File /home/hujinzhao/pro/genus_bs1/genus2invs__2656251_e6bfadfa-0138-4e05-a668-8ad36fa2dd9afa_top/genus2invs.gen.lib, Line 1)
**WARN: (TECHLIB-9108):	 'output_threshold_pct_fall' not specified in the library, using .lib default of '50%'. (File /home/hujinzhao/pro/genus_bs1/genus2invs__2656251_e6bfadfa-0138-4e05-a668-8ad36fa2dd9afa_top/genus2invs.gen.lib, Line 1)
**WARN: (TECHLIB-9108):	 'slew_lower_threshold_pct_rise' not specified in the library, using .lib default of '20%'. (File /home/hujinzhao/pro/genus_bs1/genus2invs__2656251_e6bfadfa-0138-4e05-a668-8ad36fa2dd9afa_top/genus2invs.gen.lib, Line 1)
**WARN: (TECHLIB-9108):	 'slew_lower_threshold_pct_fall' not specified in the library, using .lib default of '20%'. (File /home/hujinzhao/pro/genus_bs1/genus2invs__2656251_e6bfadfa-0138-4e05-a668-8ad36fa2dd9afa_top/genus2invs.gen.lib, Line 1)
**WARN: (TECHLIB-9108):	 'slew_upper_threshold_pct_rise' not specified in the library, using .lib default of '80%'. (File /home/hujinzhao/pro/genus_bs1/genus2invs__2656251_e6bfadfa-0138-4e05-a668-8ad36fa2dd9afa_top/genus2invs.gen.lib, Line 1)
**WARN: (TECHLIB-9108):	 'slew_upper_threshold_pct_fall' not specified in the library, using .lib default of '80%'. (File /home/hujinzhao/pro/genus_bs1/genus2invs__2656251_e6bfadfa-0138-4e05-a668-8ad36fa2dd9afa_top/genus2invs.gen.lib, Line 1)
Read 39 cells in library abstract_techlib.
Library reading multithread flow ended.

Loading LEF file /home/hujinzhao/pro/genus_bs1/workspace/LEFS/sky130_fd_sc_hs__nom.tlef ...

Loading LEF file /home/hujinzhao/pro/genus_bs1/workspace/LEFS/sky130_fd_sc_hs.lef ...
WARNING (LEFPARS-2008): NOWIREEXTENSIONATPIN statement is obsolete in version 5.6 or later.
The NOWIREEXTENSIONATPIN statement will be ignored. See file /home/hujinzhao/pro/genus_bs1/workspace/LEFS/sky130_fd_sc_hs.lef at line 2.
**WARN: (IMPLF-108):	There is no overlap layer defined in any LEF file
so you are unable to create rectilinear partition in a hierarchical flow.
Set DBUPerIGU to M1 pitch 480.

Loading LEF file /home/hujinzhao/pro/genus_bs1/workspace/LEFS/sky130_sram_0kbytes_1rw1r_32x64_8.lef ...
**WARN: (IMPLF-246):	The 'UNITS' attribute is only allowed to be set in the first LEF file (technology LEF). The attribute was found in this LEF file, and will be ignored.

Loading LEF file /home/hujinzhao/pro/genus_bs1/workspace/LEFS/sky130_sram_0kbytes_1rw1r_48x16_8.lef ...
**WARN: (IMPLF-246):	The 'UNITS' attribute is only allowed to be set in the first LEF file (technology LEF). The attribute was found in this LEF file, and will be ignored.

Loading LEF file /home/hujinzhao/pro/genus_bs1/workspace/LEFS/sky130_sram_0kbytes_1rw1r_64x32_8.lef ...
**WARN: (IMPLF-246):	The 'UNITS' attribute is only allowed to be set in the first LEF file (technology LEF). The attribute was found in this LEF file, and will be ignored.

Loading LEF file /home/hujinzhao/pro/genus_bs1/workspace/LEFS/sky130_sram_0kbytes_1rw1r_128x16_16.lef ...
**WARN: (IMPLF-246):	The 'UNITS' attribute is only allowed to be set in the first LEF file (technology LEF). The attribute was found in this LEF file, and will be ignored.

Loading LEF file /home/hujinzhao/pro/genus_bs1/workspace/LEFS/sky130_sram_0kbytes_1rw1r_64x64_8.lef ...
**WARN: (IMPLF-246):	The 'UNITS' attribute is only allowed to be set in the first LEF file (technology LEF). The attribute was found in this LEF file, and will be ignored.

Loading LEF file ./genus2invs__2656251_e6bfadfa-0138-4e05-a668-8ad36fa2dd9afa_top/genus2invs.gen.lef ...
WARNING (LEFPARS-2001): No VERSION statement found, using the default value 5.8. See file ./genus2invs__2656251_e6bfadfa-0138-4e05-a668-8ad36fa2dd9afa_top/genus2invs.gen.lef at line 4911.
**WARN: (IMPLF-200):	Pin 'clk' in macro 'flop_srd' has no ANTENNAGATEAREA value defined. The library data is incomplete and some process antenna rules will not be checked correctly.
Type 'man IMPLF-200' for more detail.
**WARN: (IMPLF-200):	Pin 'd' in macro 'flop_srd' has no ANTENNAGATEAREA value defined. The library data is incomplete and some process antenna rules will not be checked correctly.
Type 'man IMPLF-200' for more detail.
**WARN: (IMPLF-200):	Pin 'srd' in macro 'flop_srd' has no ANTENNAGATEAREA value defined. The library data is incomplete and some process antenna rules will not be checked correctly.
Type 'man IMPLF-200' for more detail.
**WARN: (IMPLF-201):	Pin 'q' in macro 'flop_srd' has no ANTENNADIFFAREA value defined. The library data is incomplete and some process antenna rules will not be checked correctly.
Type 'man IMPLF-201' for more detail.
**WARN: (IMPLF-201):	Pin 'z' in macro 'CDN_mux128' has no ANTENNADIFFAREA value defined. The library data is incomplete and some process antenna rules will not be checked correctly.
Type 'man IMPLF-201' for more detail.
**WARN: (IMPLF-200):	Pin 'sel0' in macro 'CDN_mux128' has no ANTENNAGATEAREA value defined. The library data is incomplete and some process antenna rules will not be checked correctly.
Type 'man IMPLF-200' for more detail.
**WARN: (IMPLF-200):	Pin 'data0' in macro 'CDN_mux128' has no ANTENNAGATEAREA value defined. The library data is incomplete and some process antenna rules will not be checked correctly.
Type 'man IMPLF-200' for more detail.
**WARN: (IMPLF-200):	Pin 'sel1' in macro 'CDN_mux128' has no ANTENNAGATEAREA value defined. The library data is incomplete and some process antenna rules will not be checked correctly.
Type 'man IMPLF-200' for more detail.
**WARN: (IMPLF-200):	Pin 'data1' in macro 'CDN_mux128' has no ANTENNAGATEAREA value defined. The library data is incomplete and some process antenna rules will not be checked correctly.
Type 'man IMPLF-200' for more detail.
**WARN: (IMPLF-200):	Pin 'sel2' in macro 'CDN_mux128' has no ANTENNAGATEAREA value defined. The library data is incomplete and some process antenna rules will not be checked correctly.
Type 'man IMPLF-200' for more detail.
**WARN: (IMPLF-200):	Pin 'data2' in macro 'CDN_mux128' has no ANTENNAGATEAREA value defined. The library data is incomplete and some process antenna rules will not be checked correctly.
Type 'man IMPLF-200' for more detail.
**WARN: (IMPLF-200):	Pin 'sel3' in macro 'CDN_mux128' has no ANTENNAGATEAREA value defined. The library data is incomplete and some process antenna rules will not be checked correctly.
Type 'man IMPLF-200' for more detail.
**WARN: (IMPLF-200):	Pin 'data3' in macro 'CDN_mux128' has no ANTENNAGATEAREA value defined. The library data is incomplete and some process antenna rules will not be checked correctly.
Type 'man IMPLF-200' for more detail.
**WARN: (IMPLF-200):	Pin 'sel4' in macro 'CDN_mux128' has no ANTENNAGATEAREA value defined. The library data is incomplete and some process antenna rules will not be checked correctly.
Type 'man IMPLF-200' for more detail.
**WARN: (IMPLF-200):	Pin 'data4' in macro 'CDN_mux128' has no ANTENNAGATEAREA value defined. The library data is incomplete and some process antenna rules will not be checked correctly.
Type 'man IMPLF-200' for more detail.
**WARN: (IMPLF-200):	Pin 'sel5' in macro 'CDN_mux128' has no ANTENNAGATEAREA value defined. The library data is incomplete and some process antenna rules will not be checked correctly.
Type 'man IMPLF-200' for more detail.
**WARN: (IMPLF-200):	Pin 'data5' in macro 'CDN_mux128' has no ANTENNAGATEAREA value defined. The library data is incomplete and some process antenna rules will not be checked correctly.
Type 'man IMPLF-200' for more detail.
**WARN: (IMPLF-200):	Pin 'sel6' in macro 'CDN_mux128' has no ANTENNAGATEAREA value defined. The library data is incomplete and some process antenna rules will not be checked correctly.
Type 'man IMPLF-200' for more detail.
**WARN: (IMPLF-200):	Pin 'data6' in macro 'CDN_mux128' has no ANTENNAGATEAREA value defined. The library data is incomplete and some process antenna rules will not be checked correctly.
Type 'man IMPLF-200' for more detail.
**WARN: (IMPLF-200):	Pin 'sel7' in macro 'CDN_mux128' has no ANTENNAGATEAREA value defined. The library data is incomplete and some process antenna rules will not be checked correctly.
Type 'man IMPLF-200' for more detail.
**WARN: (IMPLF-200):	Pin 'data7' in macro 'CDN_mux128' has no ANTENNAGATEAREA value defined. The library data is incomplete and some process antenna rules will not be checked correctly.
Type 'man IMPLF-200' for more detail.
**WARN: (IMPLF-200):	Pin 'sel8' in macro 'CDN_mux128' has no ANTENNAGATEAREA value defined. The library data is incomplete and some process antenna rules will not be checked correctly.
Type 'man IMPLF-200' for more detail.
**WARN: (EMS-27):	Message (IMPLF-200) has exceeded the current message display limit of 20.
To increase the message display limit, refer to the product command reference manual.
**WARN: (IMPLF-201):	Pin 'z' in macro 'CDN_bmux16' has no ANTENNADIFFAREA value defined. The library data is incomplete and some process antenna rules will not be checked correctly.
Type 'man IMPLF-201' for more detail.
**WARN: (IMPLF-201):	Pin 'z' in macro 'CDN_mux8' has no ANTENNADIFFAREA value defined. The library data is incomplete and some process antenna rules will not be checked correctly.
Type 'man IMPLF-201' for more detail.
**WARN: (IMPLF-201):	Pin 'z' in macro 'CDN_bmux8' has no ANTENNADIFFAREA value defined. The library data is incomplete and some process antenna rules will not be checked correctly.
Type 'man IMPLF-201' for more detail.
**WARN: (IMPLF-201):	Pin 'q' in macro 'flop' has no ANTENNADIFFAREA value defined. The library data is incomplete and some process antenna rules will not be checked correctly.
Type 'man IMPLF-201' for more detail.
**WARN: (IMPLF-201):	Pin 'q' in macro 'flop_sena' has no ANTENNADIFFAREA value defined. The library data is incomplete and some process antenna rules will not be checked correctly.
Type 'man IMPLF-201' for more detail.
**WARN: (IMPLF-201):	Pin 'q' in macro 'flop_srl_srd' has no ANTENNADIFFAREA value defined. The library data is incomplete and some process antenna rules will not be checked correctly.
Type 'man IMPLF-201' for more detail.
**WARN: (IMPLF-201):	Pin 'z' in macro 'CDN_bmux4' has no ANTENNADIFFAREA value defined. The library data is incomplete and some process antenna rules will not be checked correctly.
Type 'man IMPLF-201' for more detail.
**WARN: (IMPLF-201):	Pin 'z' in macro 'and4' has no ANTENNADIFFAREA value defined. The library data is incomplete and some process antenna rules will not be checked correctly.
Type 'man IMPLF-201' for more detail.
**WARN: (IMPLF-201):	Pin 'z' in macro 'and3' has no ANTENNADIFFAREA value defined. The library data is incomplete and some process antenna rules will not be checked correctly.
Type 'man IMPLF-201' for more detail.
**WARN: (IMPLF-201):	Pin 'z' in macro 'nand3' has no ANTENNADIFFAREA value defined. The library data is incomplete and some process antenna rules will not be checked correctly.
Type 'man IMPLF-201' for more detail.
**WARN: (IMPLF-201):	Pin 'z' in macro 'CDN_mux15' has no ANTENNADIFFAREA value defined. The library data is incomplete and some process antenna rules will not be checked correctly.
Type 'man IMPLF-201' for more detail.
**WARN: (IMPLF-201):	Pin 'z' in macro 'CDN_mux7' has no ANTENNADIFFAREA value defined. The library data is incomplete and some process antenna rules will not be checked correctly.
Type 'man IMPLF-201' for more detail.
**WARN: (IMPLF-201):	Pin 'z' in macro 'or3' has no ANTENNADIFFAREA value defined. The library data is incomplete and some process antenna rules will not be checked correctly.
Type 'man IMPLF-201' for more detail.
**WARN: (IMPLF-201):	Pin 'z' in macro 'CDN_mux13' has no ANTENNADIFFAREA value defined. The library data is incomplete and some process antenna rules will not be checked correctly.
Type 'man IMPLF-201' for more detail.
**WARN: (IMPLF-201):	Pin 'z' in macro 'xnor2' has no ANTENNADIFFAREA value defined. The library data is incomplete and some process antenna rules will not be checked correctly.
Type 'man IMPLF-201' for more detail.
**WARN: (IMPLF-201):	Pin 'z' in macro 'xor2' has no ANTENNADIFFAREA value defined. The library data is incomplete and some process antenna rules will not be checked correctly.
Type 'man IMPLF-201' for more detail.
**WARN: (IMPLF-201):	Pin 'z' in macro 'or4' has no ANTENNADIFFAREA value defined. The library data is incomplete and some process antenna rules will not be checked correctly.
Type 'man IMPLF-201' for more detail.
**WARN: (IMPLF-201):	Pin 'q' in macro 'flop_srl_srdH' has no ANTENNADIFFAREA value defined. The library data is incomplete and some process antenna rules will not be checked correctly.
Type 'man IMPLF-201' for more detail.
**WARN: (EMS-27):	Message (IMPLF-201) has exceeded the current message display limit of 20.
To increase the message display limit, refer to the product command reference manual.

##  Check design process and node:  
##  Both design process and tech node are not set.

#% Begin Load netlist data ... (date=07/03 11:31:07, mem=1970.5M)
*** Begin netlist parsing (mem=1970.5M) ***
Created 417 new cells from 4 timing libraries.
Reading netlist ...
Backslashed names will retain backslash and a trailing blank character.
Reading verilog netlist './genus2invs__2656251_e6bfadfa-0138-4e05-a668-8ad36fa2dd9afa_top/genus2invs.v.gz'

*** Memory Usage v#3 (Current mem = 2036.812M, initial mem = 972.648M) ***
*** End netlist parsing (cpu=0:00:00.5, real=0:00:01.0, mem=2036.8M) ***
#% End Load netlist data ... (date=07/03 11:31:08, total cpu=0:00:00.6, real=0:00:01.0, peak res=2036.5M, current mem=2036.5M)
Top level cell is fa_top.
Hooked 417 DB cells to tlib cells.
Starting recursive module instantiation check.
No recursion found.
Building hierarchical netlist for Cell fa_top ...
***** UseNewTieNetMode *****.
**WARN: (IMPECO-560):	The netlist is not unique, because the module 'bmux_5_36' is instantiated multiple times. Make the netlist unique by running 'set_db init_design_uniquify true' before loading the design to avoid the problem.
Type 'man IMPECO-560' for more detail.
*** Netlist is NOT unique.
** info: there are 651 modules.
** info: there are 550213 stdCell insts.
** info: there are 550213 stdCell insts with at least one signal pin.
** info: there are 87 macros.
** info: there are 92 multi-height stdCell insts (1 stdCells)

*** Memory Usage v#3 (Current mem = 2304.789M, initial mem = 972.648M) ***
**WARN: (IMPFP-3961):	The techSite 'unitdbl' has no related standard cells in the LEF/OA library. The calculations for this site type cannot be made unless standard cell models of this type exist in the LEF/OA library. Ignore this warning if the SITE is not used by the library. Alternatively, remove the SITE definition for the LEF/OA library to avoid this message.
Type 'man IMPFP-3961' for more detail.
**WARN: (IMPFP-3961):	The techSite 'unit' has no related standard cells in the LEF/OA library. The calculations for this site type cannot be made unless standard cell models of this type exist in the LEF/OA library. Ignore this warning if the SITE is not used by the library. Alternatively, remove the SITE definition for the LEF/OA library to avoid this message.
Type 'man IMPFP-3961' for more detail.
**WARN: (IMPFP-3961):	The techSite 'unitdbl' has no related standard cells in the LEF/OA library. The calculations for this site type cannot be made unless standard cell models of this type exist in the LEF/OA library. Ignore this warning if the SITE is not used by the library. Alternatively, remove the SITE definition for the LEF/OA library to avoid this message.
Type 'man IMPFP-3961' for more detail.
**WARN: (IMPFP-3961):	The techSite 'unit' has no related standard cells in the LEF/OA library. The calculations for this site type cannot be made unless standard cell models of this type exist in the LEF/OA library. Ignore this warning if the SITE is not used by the library. Alternatively, remove the SITE definition for the LEF/OA library to avoid this message.
Type 'man IMPFP-3961' for more detail.
Horizontal Layer M2 offset = 185 (derived)
Vertical Layer M1 offset = 240 (derived)
Start create_tracks
Generated pitch 3.66 in met5 is different from 3.33 defined in technology file in preferred direction.
Generated pitch 0.72 in met4 is different from 0.96 defined in technology file in preferred direction.
Generated pitch 0.61 in met3 is different from 0.74 defined in technology file in preferred direction.
Extraction setup Started for TopCell fa_top 
Initializing multi-corner RC extraction with 1 active RC Corners ...
**WARN: (IMPEXT-2773):	The via resistance between layers POLY and M1 could not be determined from the LEF technology file because the via resistance specification is missing. A default of 4 Ohms will be used as via resistance between these layers.
Type 'man IMPEXT-2773' for more detail.
**WARN: (IMPEXT-2773):	The via resistance between layers M1 and M2 could not be determined from the LEF technology file because the via resistance specification is missing. A default of 4 Ohms will be used as via resistance between these layers.
Type 'man IMPEXT-2773' for more detail.
**WARN: (IMPEXT-2773):	The via resistance between layers M2 and M3 could not be determined from the LEF technology file because the via resistance specification is missing. A default of 4 Ohms will be used as via resistance between these layers.
Type 'man IMPEXT-2773' for more detail.
**WARN: (IMPEXT-2773):	The via resistance between layers M3 and M4 could not be determined from the LEF technology file because the via resistance specification is missing. A default of 4 Ohms will be used as via resistance between these layers.
Type 'man IMPEXT-2773' for more detail.
**WARN: (IMPEXT-2773):	The via resistance between layers M4 and M5 could not be determined from the LEF technology file because the via resistance specification is missing. A default of 4 Ohms will be used as via resistance between these layers.
Type 'man IMPEXT-2773' for more detail.
**WARN: (IMPEXT-2773):	The via resistance between layers M5 and M6 could not be determined from the LEF technology file because the via resistance specification is missing. A default of 4 Ohms will be used as via resistance between these layers.
Type 'man IMPEXT-2773' for more detail.
**WARN: (IMPEXT-2766):	The sheet resistance for layer M1 is not defined in the cap table. Therefore, the LEF value 12.8 will be used instead. To avoid this message, update the relevant cap table to include the sheet resistance for the specified layer and read it back in.
**WARN: (IMPEXT-2766):	The sheet resistance for layer M2 is not defined in the cap table. Therefore, the LEF value 0.125 will be used instead. To avoid this message, update the relevant cap table to include the sheet resistance for the specified layer and read it back in.
**WARN: (IMPEXT-2766):	The sheet resistance for layer M3 is not defined in the cap table. Therefore, the LEF value 0.125 will be used instead. To avoid this message, update the relevant cap table to include the sheet resistance for the specified layer and read it back in.
**WARN: (IMPEXT-2766):	The sheet resistance for layer M4 is not defined in the cap table. Therefore, the LEF value 0.047 will be used instead. To avoid this message, update the relevant cap table to include the sheet resistance for the specified layer and read it back in.
**WARN: (IMPEXT-2766):	The sheet resistance for layer M5 is not defined in the cap table. Therefore, the LEF value 0.047 will be used instead. To avoid this message, update the relevant cap table to include the sheet resistance for the specified layer and read it back in.
**WARN: (IMPEXT-2766):	The sheet resistance for layer M6 is not defined in the cap table. Therefore, the LEF value 0.0285 will be used instead. To avoid this message, update the relevant cap table to include the sheet resistance for the specified layer and read it back in.
Summary of Active RC-Corners : 
 
 Analysis View: default_emulate_view
    RC-Corner Name        : default_emulate_rc_corner
    RC-Corner Index       : 0
    RC-Corner Temperature : 25 Celsius
    RC-Corner Cap Table   : ''
    RC-Corner PreRoute Res Factor         : 1
    RC-Corner PreRoute Cap Factor         : 1
    RC-Corner PostRoute Res Factor        : 1 {1 1 1}
    RC-Corner PostRoute Cap Factor        : 1 {1 1 1}
    RC-Corner PostRoute XCap Factor       : 1 {1 1 1}
    RC-Corner PreRoute Clock Res Factor   : 1	[Derived from Cap Table]
    RC-Corner PreRoute Clock Cap Factor   : 1	[Derived from Cap Table]
    RC-Corner PostRoute Clock Cap Factor  : 1 {1 1 1} 
    RC-Corner PostRoute Clock Res Factor  : 1 {1 1 1} 
    RC-Corner PostRoute Clock coupling capacitance Factor : 1 {1 1 1} 
Updating RC Grid density data for preRoute extraction ...
Initializing multi-corner resistance tables ...
*Info: initialize multi-corner CTS.
Total number of combinational cells: 324
Total number of sequential cells: 77
Total number of tristate cells: 12
Total number of level shifter cells: 0
Total number of power gating cells: 0
Total number of isolation cells: 0
Total number of power switch cells: 0
Total number of pulse generator cells: 0
Total number of always on buffers: 0
Total number of retention cells: 0
Total number of physical cells: 2
List of usable buffers: sky130_fd_sc_hs__clkbuf_2 sky130_fd_sc_hs__clkbuf_1 sky130_fd_sc_hs__buf_1 sky130_fd_sc_hs__buf_2 sky130_fd_sc_hs__clkbuf_4 sky130_fd_sc_hs__buf_4 sky130_fd_sc_hs__dlymetal6s2s_1 sky130_fd_sc_hs__clkbuf_8 sky130_fd_sc_hs__buf_8 sky130_fd_sc_hs__clkbuf_16 sky130_fd_sc_hs__buf_16
Total number of usable buffers: 11
List of unusable buffers:
Total number of unusable buffers: 0
List of usable inverters: sky130_fd_sc_hs__inv_2 sky130_fd_sc_hs__inv_1 sky130_fd_sc_hs__clkinv_1 sky130_fd_sc_hs__clkinv_2 sky130_fd_sc_hs__inv_4 sky130_fd_sc_hs__clkdlyinv3sd3_1 sky130_fd_sc_hs__clkdlyinv3sd2_1 sky130_fd_sc_hs__clkdlyinv3sd1_1 sky130_fd_sc_hs__clkinv_4 sky130_fd_sc_hs__inv_8 sky130_fd_sc_hs__clkdlyinv5sd3_1 sky130_fd_sc_hs__clkdlyinv5sd2_1 sky130_fd_sc_hs__clkdlyinv5sd1_1 sky130_fd_sc_hs__clkinv_8 sky130_fd_sc_hs__bufinv_8 sky130_fd_sc_hs__inv_16 sky130_fd_sc_hs__clkinv_16 sky130_fd_sc_hs__bufinv_16 not1
Total number of usable inverters: 19
List of unusable inverters:
Total number of unusable inverters: 0
List of identified usable delay cells: sky130_fd_sc_hs__dlygate4sd3_1 sky130_fd_sc_hs__dlygate4sd2_1 sky130_fd_sc_hs__dlygate4sd1_1 sky130_fd_sc_hs__dlymetal6s6s_1 sky130_fd_sc_hs__dlymetal6s4s_1 sky130_fd_sc_hs__bufbuf_8 sky130_fd_sc_hs__bufbuf_16
Total number of identified usable delay cells: 7
List of identified unusable delay cells:
Total number of identified unusable delay cells: 0
Multithreaded Timing Analysis is initialized with 8 threads

Reading timing constraints file './genus2invs__2656251_e6bfadfa-0138-4e05-a668-8ad36fa2dd9afa_top/genus2invs.default_emulate_constraint_mode.sdc' ...
Current (total cpu=0:00:40.7, real=0:00:34.0, peak res=2999.6M, current mem=2999.6M)
fa_top
INFO (CTE): Constraints read successfully.
Ending "Constraint file reading stats" (total cpu=0:00:00.2, real=0:00:00.0, peak res=3021.2M, current mem=3021.2M)
Current (total cpu=0:00:41.0, real=0:00:34.0, peak res=3021.2M, current mem=3021.2M)
@file 49:
@file 50: # Reading metrics file
@file 51: ################################################################################
@@file 52: read_metric -id current ./genus2invs__2656251_e6bfadfa-0138-4e05-a668-8ad36fa2dd9afa_top/genus2invs.metrics.json
@file 53:
@file 54: ## Reading common preserve file for dont_touch and dont_use preserve settings
@file 55: source -quiet ./genus2invs__2656251_e6bfadfa-0138-4e05-a668-8ad36fa2dd9afa_top/genus2invs.preserve.tcl
@file 56:
@file 57: ## Reading Innovus Mode attributes file
@file 58: pqos_eval {rcp::read_taf ./genus2invs__2656251_e6bfadfa-0138-4e05-a668-8ad36fa2dd9afa_top/genus2invs.mode_attributes.taf.gz}
%# Begin ::rcp::silent_eval (07/03 11:31:11, mem=3040.66M)
%# End ::rcp::silent_eval (07/03 11:31:11, total cpu=16:00:00, real=16:00:00, peak res=3042.66M, current mem=3040.77M)
(genus2invs.mode_attributes.taf.gz): Summary count of attributes that could be applied
could_apply(design_bottom_routing_layer)       = 1
could_apply(extract_rc_assume_metal_fill)      = 1
could_apply(timing_report_enable_novus_header) = 1

[genus2invs.mode_attributes.taf.gz]: applied 3 attributes with 0 problems.
@file 59:
@file 60:
@file 61: # Mode Setup
@file 62: ################################################################################
@file 63: source ./genus2invs__2656251_e6bfadfa-0138-4e05-a668-8ad36fa2dd9afa_top/genus2invs.mode
@file 64:
@file 65:
@file 66: # MSV Setup
@file 67: ################################################################################
@file 68:
@file 69: # Reading NDR file
@file 70: source ./genus2invs__2656251_e6bfadfa-0138-4e05-a668-8ad36fa2dd9afa_top/genus2invs.ndr.tcl
@file 71:
@file 72: # Reading Safety file
@file 73: pqos_eval { rcp::read_taf ./genus2invs__2656251_e6bfadfa-0138-4e05-a668-8ad36fa2dd9afa_top/genus2invs.safety.taf.gz}
[genus2invs.safety.taf.gz]: empty.
@file 74:
@file 75: # Reading Instance Attributes file
@file 76: pqos_eval { rcp::read_taf ./genus2invs__2656251_e6bfadfa-0138-4e05-a668-8ad36fa2dd9afa_top/genus2invs.inst_attributes.taf.gz}
[genus2invs.inst_attributes.taf.gz]: empty.
@file 77:
@file 78: # Reading subdesign attributes file
@file 79: pqos_eval { rcp::read_taf ./genus2invs__2656251_e6bfadfa-0138-4e05-a668-8ad36fa2dd9afa_top/genus2invs.subdesign_attributes.taf.gz}
%# Begin ::rcp::silent_eval (07/03 11:31:12, mem=3046.69M)
%# End ::rcp::silent_eval (07/03 11:31:12, total cpu=16:00:00, real=16:00:00, peak res=3046.73M, current mem=3046.73M)
(genus2invs.subdesign_attributes.taf.gz): Summary count of attributes that could be applied
could_apply(comp_builder_info)        = 178
could_apply(gb_gdef_type)             = 188
could_apply(super_thread_speed_grade) = 178

[genus2invs.subdesign_attributes.taf.gz]: applied 544 attributes with 0 problems.
@file 80:
@file 81: # Reading minimum routing layer data file
@file 82: ################################################################################
@file 83: pqos_eval {rcp::load_min_layer_file ./genus2invs__2656251_e6bfadfa-0138-4e05-a668-8ad36fa2dd9afa_top/genus2invs.min_layer {li1 met1 met2 met3 met4 met5} {1 2 3 4 5 6}}
%# Begin rcp::load_min_layer_file (07/03 11:31:12, mem=3046.73M)
Read 0 nets
%# End rcp::load_min_layer_file (07/03 11:31:12, total cpu=16:00:00, real=16:00:00, peak res=3046.76M, current mem=3046.76M)
@@file 84: eval_legacy {set edi_pe::pegConsiderMacroLayersUnblocked 1}
@@file 85: eval_legacy {set edi_pe::pegPreRouteWireWidthBasedDensityCalModel 1}
@file 86:
@file 87: set _t1 [clock seconds]
@file 88: puts [format  {%%%s End Genus to Innovus Setup (%s, real=%s)} \# [clock format $_t1 -format {%m/%d %H:%M:%S}] [clock format [expr {28800 + $_t1 - $_t0}] -format {%H:%M:%S}]]
%# End Genus to Innovus Setup (07/03 11:31:12, real=16:00:06)
@file 89:
#@ End verbose source ./genus2invs__2656251_e6bfadfa-0138-4e05-a668-8ad36fa2dd9afa_top/genus2invs.invs_setup.tcl
UM:   flow.cputime  flow.realtime  timing.setup.tns  timing.setup.wns  snapshot
UM:*                                                                   genus2invs_setup
%# Design Import Complete (07/03 11:31:12, mem=3046.97M)
%# Begin ::rcp::predict_floorplan_control (07/03 11:31:12, mem=3047.05M)
Configuring predict_floorplan control settings
%# End ::rcp::predict_floorplan_control (07/03 11:31:12, total cpu=16:00:00, real=16:00:00, peak res=3047.93M, current mem=3047.05M)
**WARN: (IMPTCM-77):	Option "-fixPlacedMacros" for command setPlanDesignMode is obsolete and will be removed in a future release. The obsolete option still works in this release but to avoid this warning and to ensure compatibility with future releases, remove the obsolete option from your script.
**WARN: (IMPDBTCL-321):	The attribute 'plan_design_fix_placed_macros' still works but will be obsolete in a future major release. You should remove it from your script before the next major release to avoid errors.
**WARN: (IMPAFP-9024):	This command is hidden and will be obsolete in the next major release. For module placement, use proto_design instead. For macro placement, use place_design -concurrent_macros to place both standard cells and macros together.
**WARN: (IMPAFP-9024):	This command is hidden and will be obsolete in the next major release. For module placement, use proto_design instead. For macro placement, use place_design -concurrent_macros to place both standard cells and macros together.
**WARN: (IMPAFP-9024):	This command is hidden and will be obsolete in the next major release. For module placement, use proto_design instead. For macro placement, use place_design -concurrent_macros to place both standard cells and macros together.
**WARN: (IMPTCM-77):	Option "-honorOrientation" for command getPlanDesignMode is obsolete and will be removed in a future release. The obsolete option still works in this release but to avoid this warning and to ensure compatibility with future releases, remove the obsolete option from your script.
**WARN: (IMPAFP-9024):	This command is hidden and will be obsolete in the next major release. For module placement, use proto_design instead. For macro placement, use place_design -concurrent_macros to place both standard cells and macros together.
**WARN: (IMPTCM-77):	Option "-savePlacement" for command getPlanDesignMode is obsolete and will be removed in a future release. The obsolete option still works in this release but to avoid this warning and to ensure compatibility with future releases, remove the obsolete option from your script.
**WARN: (IMPAFP-9024):	This command is hidden and will be obsolete in the next major release. For module placement, use proto_design instead. For macro placement, use place_design -concurrent_macros to place both standard cells and macros together.
**WARN: (IMPTCM-77):	Option "-moduleAware" for command getPlanDesignMode is obsolete and will be removed in a future release. The obsolete option still works in this release but to avoid this warning and to ensure compatibility with future releases, remove the obsolete option from your script.
 *** Starting placeMacroHigh flow *** 
***** New seed flow = 1. *****  
Auto Seed: u_core/u_dot
Auto Seed: u_core/u_update
Auto Macro Seed: u_core/u_update/u_acc_sram
Auto Macro Seed: u_core/u_update/u_v_sram
Auto Macro Seed: u_core/u_update
Auto Macro Seed: u_core/u_dot/u_k_sram
Auto Macro Seed: u_core/u_dot/u_q_sram
Ignore PD Guides: numIgnoredGuide = 0 
INFO: #ExclusiveGroups=0
INFO: There are no Exclusive Groups.
Extracting standard cell pins and blockage ...... 
Pin and blockage extraction finished
Extracting macro/IO cell pins and blockage ...... 
Pin and blockage extraction finished
*** Starting "NanoPlace(TM) placement v#12 (mem=3052.5M)" ...
Estimated loop count for BSM: 39710
*** Build Buffered Sizing Timing Model
(cpu=0:00:01.3 mem=3070.1M) ***
*** Build Virtual Sizing Timing Model
(cpu=0:00:01.5 mem=3084.2M) ***
No user-set net weight.
Net fanout histogram:
2		: 363112 (65.6%) nets
3		: 87794 (15.9%) nets
4     -	14	: 98510 (17.8%) nets
15    -	39	: 2815 (0.5%) nets
40    -	79	: 817 (0.1%) nets
80    -	159	: 329 (0.1%) nets
160   -	319	: 38 (0.0%) nets
320   -	639	: 4 (0.0%) nets
640   -	1279	: 5 (0.0%) nets
1280  -	2559	: 11 (0.0%) nets
2560  -	5119	: 1 (0.0%) nets
5120+		: 2 (0.0%) nets
#std cell=550213 (0 fixed + 550213 movable) #buf cell=0 #inv cell=84900 #block=87 (87 floating + 0 preplaced)
#ioInst=0 #net=553438 #term=1628012 #term/net=2.94, #fixedIo=0, #floatIo=0, #fixedPin=0, #floatPin=525
stdCell: 550121 single + 0 double + 92 multi
Total standard cell length = 1243.2893 (mm), area = 4.2156 (mm^2)
Average module density = 0.700.
Density for the design = 0.700.
       = (stdcell_area 2637382 sites (4215591 um^2) + block_area 4923260 sites (7869338 um^2)) / alloc_area 10796526 sites (17257167 um^2).
Pin Density = 0.1508.
            = total # of pins 1628012 / total area 10796526.
Fence Initialization: numPrefixFence = 0,  numAutoFence = 0, numPrefixGuide = 0  numAutoGuide = 0 numNoCon = 0 
Enabling multi-CPU acceleration with 8 CPU(s) for placement
=== lastAutoLevel = 12 
[spp] 0
Iteration  1: Total net bbox = 3.109e+06 (4.51e+05 2.66e+06)
              Est.  stn bbox = 3.252e+06 (4.71e+05 2.78e+06)
              cpu = 0:00:08.5 real = 0:00:04.0 mem = 4182.9M
User specified -module_cluster_mode =  0 

Iteration  2: Total net bbox = 3.109e+06 (4.51e+05 2.66e+06)
              Est.  stn bbox = 3.254e+06 (4.72e+05 2.78e+06)
              cpu = 0:00:00.4 real = 0:00:00.0 mem = 4436.2M
Iteration  3: Total net bbox = 5.292e+06 (1.83e+06 3.46e+06)
              Est.  stn bbox = 5.595e+06 (1.93e+06 3.66e+06)
              cpu = 0:00:01.7 real = 0:00:01.0 mem = 5304.3M


Iteration  4: Total net bbox = 1.516e+07 (3.21e+06 1.20e+07)
              Est.  stn bbox = 1.768e+07 (3.88e+06 1.38e+07)
              cpu = 0:01:46 real = 0:00:17.0 mem = 5317.1M


Iteration  5: Total net bbox = 1.842e+07 (8.47e+06 9.96e+06)
              Est.  stn bbox = 2.123e+07 (9.80e+06 1.14e+07)
              cpu = 0:01:11 real = 0:00:11.0 mem = 5314.1M


Iteration  6: Total net bbox = 2.057e+07 (9.91e+06 1.07e+07)
              Est.  stn bbox = 2.351e+07 (1.13e+07 1.22e+07)
              cpu = 0:03:28 real = 0:00:47.0 mem = 4513.7M
Iteration  7: Total net bbox = 1.953e+07 (1.00e+07 9.54e+06)
              Est.  stn bbox = 2.358e+07 (1.20e+07 1.16e+07)
              cpu = 0:03:11 real = 0:00:32.0 mem = 5553.6M
Iteration  8: Total net bbox = 1.953e+07 (1.00e+07 9.54e+06)
              Est.  stn bbox = 2.358e+07 (1.20e+07 1.16e+07)
              cpu = 0:01:12 real = 0:00:43.0 mem = 4061.9M
Iteration  9: Total net bbox = 1.798e+07 (9.58e+06 8.40e+06)
              Est.  stn bbox = 2.206e+07 (1.17e+07 1.04e+07)
              cpu = 0:03:12 real = 0:00:32.0 mem = 5496.8M
 RelinkConst: Total constraint = 2, Relinked 2 constraints . 
User specified -fenceSpacing =  -1.0000 
User specified fence spacing: -1.0000 um
===== HInst FP constraint u_core/u_update HInst utilization 1.000001, conUtil 0.738563 
===== HInst FP constraint u_core/u_dot HInst utilization 1.000001, conUtil 0.738563 
*** The nonConstraint instance area ratio is 0.700227 
*** The prefixed-fenceArea/coreBoxArea is 0.000000, The auto-ConstraintArea/coreBoxArea is 0.888704 
*** Total utilization of core box is 1.588931 
Start Auto fence creation, hasNoConInst = 1  .

================== Start Auto-Fence Creation ==================
User define fence spacing: -1.0000 um
Number of Movable Guide      : 0
Number of Movable Region     : 0
Number of Movable Fence      : 0
Number of Movable Soft Guide : 0
Total Movable Objects        : 0 (non-group: 0, group: 0)
Total Prefixed Objects       : 0
Total Partition Cut Objects  : 0



Number of Nested Objects    : 0
Number of Non-Nested Objects: 0
Number of Nested Sets       : 0
Number of Master&Clone Pairs: 0

Fence Spacing: 2.0000 um
Snap Spacing: X(0.4800 um), Y(3.3300 um)
Fence2Core Spaceing: 0.0000 um

==== Design Information ====
Core site: (0, 0) - (4156180, 4152510)
Design Whitespace: 100.00%
Maximum Logical Level: 0
Has Non-constraint Instance: 1
Allow Disjoint Whitespace: 0

==To Place Non-Nested Objects==
Targets: 
Number of Total Targets: 0

================== Finished Auto-Fence Creation ===============
*** Done Auto-Fence Creation, (cpu = 0:00:00.0, mem = 5496.8M, mem_delta = 0.1M) ***
End Auto fence creation 1.
New Seed Flow: add u_core/u_dot as hinst seed
New Seed Flow: add u_core/u_dot/u_q_sram as hinst seed
New Seed Flow: add u_core/u_dot/u_k_sram as hinst seed
New Seed Flow: add u_core/u_update as hinst seed
New Seed Flow: add u_core/u_update/u_v_sram as hinst seed
New Seed Flow: add u_core/u_update/u_acc_sram as hinst seed
MacroPlacer: Options: -pathConnWeight 1.000000 -bp 6 
MacroPlacer: Reading Data for Block Placer
MacroPlacer: total number of seeds contain macros: 5
MacroPlacer: total number of seeds:                6
MacroPlacer: total number of macros:               87
MacroPlacer: total number of clusters:             7
MacroPlacer: total number of std::ios:                  551
MacroPlacer: total number of nets:                 8762
MacroPlacer: total number of keepouts:             0
MacroPlacer: total number of fences:               0
MacroPlacer: total number of fixed macros:         0
MacroPlacer:           8168 2-pins nets
MacroPlacer:             73 3-pins nets
MacroPlacer:             78 4-pins nets
MacroPlacer:            400 5-pins nets
MacroPlacer: Merging nets.
MacroPlacer: total number of merged nets: 316
-maxRouteLayer is specified which turned on auto macro spacing estimation.
Macro spacing is determined by auto spacing estimation, ..., see documentation for details.
MacroPlacer: Finished data reading for Block Placer
... in Multi-Level Module Mode...
Start generating contour.
Completed data preparation.

================== Start to Place This Module ===============

==== Design Information ====
Core site: (0, 0) - (4156180, 4152510)
Num of Blocks 87 (M: 87, F: 0, O: 0)
 Generating virtual wall for each modules
...
Calling Macro Packer
...
	 Packing whole design.

== Macro Placement Stage 0 (17)==

== Macro Placement Stage 0 (4)==

== Macro Placement Stage 1 (4)==

== Macro Placement Stage 1 (1)==

== Macro Placement Stage 2 (1)==

---Succeed on placing blocks!
*** Done Macro Placing, (cpu = 0:00:00.1, mem = 5501.2M, mem_delta = 1.0M) ***
Num of placed blocks:   87 / 87
Num of unplaced blocks: 0

================== Done Placing This Module ===============
Placing Macro with -bp mode 6.
*** Done refineMacro, (cpu = 0:00:01.3, mem = 5501.2M, mem_delta = 4.4M) ***
$$$$ RefineAll 87  macros
Iteration 10: Total net bbox = 4.391e+07 (1.87e+07 2.52e+07)
              Est.  stn bbox = 4.812e+07 (2.08e+07 2.73e+07)
              cpu = 0:11:07 real = 0:02:39 mem = 5501.3M
*** cost = 4.391e+07 (1.87e+07 2.52e+07) (cpu for global=0:11:07) real=495291:33:58***
Placement multithread real runtime: 495291:33:58 with 8 threads.
Solver runtime cpu: 0:08:56 real: 0:01:17
Core Placement runtime cpu: 0:09:44 real: 0:01:45
*** Free Virtual Timing Model ...(mem=5501.2M)
      flow.cputime  flow.realtime  timing.setup.tns  timing.setup.wns  snapshot
UM:*                                                                   final
      flow.cputime  flow.realtime  timing.setup.tns  timing.setup.wns  snapshot
UM:*                                                                   global_place
*** Finishing placeMacroHigh flow ***
***** runMacroHigh mode(initial) =   0 
checkFence: found no fence violation.
Checking routing tracks.....
Checking other grids.....
Checking FINFET Grid is on Manufacture Grid.....
Checking core/die box is on Grid.....
**WARN: (IMPFP-7235):	DIE's corner: (4156.1800000000 , 4152.5100000000) is NOT on PlacementGrid,  Please use command get_db to check current Grid settings, use command set_db to change which grid to snap to. And use command get_db floorplan_*_grid to get grids' offset and pitch. Command create_floorplan can be used to fix this issue.
**WARN: (IMPFP-7237):	CORE's corner: (4156.1800000000 , 4152.5100000000) is NOT on PlacementGrid,  Please use command get_db to check current Grid settings, use command set_db to change which grid to snap to. And use command get_db floorplan_*_grid to get grids' offset and pitch. Command create_floorplan can be used to fix this issue.
Checking snap rule ......
Checking Row is on grid......
Checking AreaIO row.....
Checking row out of die ...
Checking row across power domain ...
Checking routing blockage.....
Checking placement blockage.....
placeBlkGrid grid_type = 1 
Checking components.....
**WARN: (IMPFP-10013):	Halo should be created around block u_core/u_dot/u_q_sram/g_bank[0].u_bank/u_lo and snapping rules are not checked since it's width is not multiple of default tech site's width.
**WARN: (IMPFP-10013):	Halo should be created around block u_core/u_dot/u_q_sram/g_bank[0].u_bank/u_lo and snapping rules are not checked since it's height is not multiple of default tech site's height.
**WARN: (IMPFP-10013):	Halo should be created around block u_core/u_dot/u_q_sram/g_bank[0].u_bank/u_hi and snapping rules are not checked since it's width is not multiple of default tech site's width.
**WARN: (IMPFP-10013):	Halo should be created around block u_core/u_dot/u_q_sram/g_bank[0].u_bank/u_hi and snapping rules are not checked since it's height is not multiple of default tech site's height.
**WARN: (IMPFP-10013):	Halo should be created around block u_core/u_dot/u_q_sram/g_bank[1].u_bank/u_lo and snapping rules are not checked since it's width is not multiple of default tech site's width.
**WARN: (IMPFP-10013):	Halo should be created around block u_core/u_dot/u_q_sram/g_bank[1].u_bank/u_lo and snapping rules are not checked since it's height is not multiple of default tech site's height.
**WARN: (IMPFP-10013):	Halo should be created around block u_core/u_dot/u_q_sram/g_bank[1].u_bank/u_hi and snapping rules are not checked since it's width is not multiple of default tech site's width.
**WARN: (IMPFP-10013):	Halo should be created around block u_core/u_dot/u_q_sram/g_bank[1].u_bank/u_hi and snapping rules are not checked since it's height is not multiple of default tech site's height.
**WARN: (IMPFP-10013):	Halo should be created around block u_core/u_dot/u_q_sram/g_bank[2].u_bank/u_lo and snapping rules are not checked since it's width is not multiple of default tech site's width.
**WARN: (IMPFP-10013):	Halo should be created around block u_core/u_dot/u_q_sram/g_bank[2].u_bank/u_lo and snapping rules are not checked since it's height is not multiple of default tech site's height.
**WARN: (IMPFP-10013):	Halo should be created around block u_core/u_dot/u_q_sram/g_bank[2].u_bank/u_hi and snapping rules are not checked since it's width is not multiple of default tech site's width.
**WARN: (IMPFP-10013):	Halo should be created around block u_core/u_dot/u_q_sram/g_bank[2].u_bank/u_hi and snapping rules are not checked since it's height is not multiple of default tech site's height.
**WARN: (IMPFP-10013):	Halo should be created around block u_core/u_dot/u_q_sram/g_bank[3].u_bank/u_lo and snapping rules are not checked since it's width is not multiple of default tech site's width.
**WARN: (IMPFP-10013):	Halo should be created around block u_core/u_dot/u_q_sram/g_bank[3].u_bank/u_lo and snapping rules are not checked since it's height is not multiple of default tech site's height.
**WARN: (IMPFP-10013):	Halo should be created around block u_core/u_dot/u_q_sram/g_bank[3].u_bank/u_hi and snapping rules are not checked since it's width is not multiple of default tech site's width.
**WARN: (IMPFP-10013):	Halo should be created around block u_core/u_dot/u_q_sram/g_bank[3].u_bank/u_hi and snapping rules are not checked since it's height is not multiple of default tech site's height.
**WARN: (IMPFP-10013):	Halo should be created around block u_core/u_dot/u_q_sram/g_bank[4].u_bank/u_lo and snapping rules are not checked since it's width is not multiple of default tech site's width.
**WARN: (IMPFP-10013):	Halo should be created around block u_core/u_dot/u_q_sram/g_bank[4].u_bank/u_lo and snapping rules are not checked since it's height is not multiple of default tech site's height.
**WARN: (IMPFP-10013):	Halo should be created around block u_core/u_dot/u_q_sram/g_bank[4].u_bank/u_hi and snapping rules are not checked since it's width is not multiple of default tech site's width.
**WARN: (IMPFP-10013):	Halo should be created around block u_core/u_dot/u_q_sram/g_bank[4].u_bank/u_hi and snapping rules are not checked since it's height is not multiple of default tech site's height.
**WARN: (EMS-27):	Message (IMPFP-10013) has exceeded the current message display limit of 20.
To increase the message display limit, refer to the product command reference manual.
Checking IO Pads out of die...
Checking constraints (guide/region/fence).....

Checking Preroutes.....
No. of regular pre-routes not on tracks : 0 

Reporting Utilizations.....

Core utilization  = 69.913706
Effective Utilizations
Average macro density = 0.000.
Average module density = 0.453.
Pure std cell Density 0.452697
 Density for the design = 0.453.
       = stdcell_area 2637382 sites (4215591 um^2) / alloc_area 5825929 sites (9312165 um^2).
Pin Density = 0.1512.
            = total # of pins 1631982 / total area 10796526.

*** Summary of all messages that are not suppressed in this session:
Severity  ID               Count  Summary                                  
WARNING   IMPFP-7237           1  CORE's corner: %s is NOT on %s,  Please ...
WARNING   IMPFP-7235           1  DIE's corner: %s is NOT on %s,  Please u...
WARNING   IMPFP-10013        174  Halo should be created around block %s a...
WARNING   IMPAFP-9024          3  This command is hidden and will be obsol...
WARNING   IMPTCM-77            3  Option "%s" for command %s is obsolete a...
*** Message Summary: 182 warning(s), 0 error(s)

Starting IO pin assignment...
The design is not placed. Using create_floorplan based method for pin assignment.
**WARN: (IMPPTN-1754):	89.95% of possible pin-positions on layer [3] on the top side of partition [fa_top] from (2532.24, 4152.51) to (2794.32, 4152.51) are blocked due to an instance [u_core/u_dot/u_q_sram/g_bank[2].u_bank/u_hi] at [1.20] microns from partition boundary. This may affect the quality of pin assignment. Use set_db assign_pins_restricted_boundary_macro_distance and set_db assign_pins_blocked_boundary_macro_distance with smaller distance to remove influence of this modes in pin assignment.
**WARN: (IMPPTN-1754):	89.95% of possible pin-positions on layer [3] on the top side of partition [fa_top] from (2803.44, 4152.51) to (3065.52, 4152.51) are blocked due to an instance [u_core/u_dot/u_q_sram/g_bank[3].u_bank/u_lo] at [1.20] microns from partition boundary. This may affect the quality of pin assignment. Use set_db assign_pins_restricted_boundary_macro_distance and set_db assign_pins_blocked_boundary_macro_distance with smaller distance to remove influence of this modes in pin assignment.
**WARN: (IMPPTN-1754):	89.96% of possible pin-positions on layer [3] on the top side of partition [fa_top] from (3074.16, 4152.51) to (3336.72, 4152.51) are blocked due to an instance [u_core/u_dot/u_q_sram/g_bank[3].u_bank/u_hi] at [1.20] microns from partition boundary. This may affect the quality of pin assignment. Use set_db assign_pins_restricted_boundary_macro_distance and set_db assign_pins_blocked_boundary_macro_distance with smaller distance to remove influence of this modes in pin assignment.
**WARN: (IMPPTN-1754):	89.94% of possible pin-positions on layer [2] on the right side of partition [fa_top] from (4156.18, 3128.53) to (4156.18, 3503.35) are blocked due to an instance [u_core/u_dot/u_q_sram/g_bank[5].u_bank/u_lo] at [6.08] microns from partition boundary. This may affect the quality of pin assignment. Use set_db assign_pins_restricted_boundary_macro_distance and set_db assign_pins_blocked_boundary_macro_distance with smaller distance to remove influence of this modes in pin assignment.
**WARN: (IMPPTN-1754):	89.94% of possible pin-positions on layer [4] on the right side of partition [fa_top] from (4156.18, 3128.26) to (4156.18, 3503.41) are blocked due to an instance [u_core/u_dot/u_q_sram/g_bank[5].u_bank/u_lo] at [6.08] microns from partition boundary. This may affect the quality of pin assignment. Use set_db assign_pins_restricted_boundary_macro_distance and set_db assign_pins_blocked_boundary_macro_distance with smaller distance to remove influence of this modes in pin assignment.
**WARN: (IMPPTN-1754):	89.96% of possible pin-positions on layer [3] on the top side of partition [fa_top] from (3345.36, 4152.51) to (3607.92, 4152.51) are blocked due to an instance [u_core/u_dot/u_q_sram/g_bank[6].u_bank/u_hi] at [1.20] microns from partition boundary. This may affect the quality of pin assignment. Use set_db assign_pins_restricted_boundary_macro_distance and set_db assign_pins_blocked_boundary_macro_distance with smaller distance to remove influence of this modes in pin assignment.
**WARN: (IMPPTN-1754):	89.96% of possible pin-positions on layer [3] on the top side of partition [fa_top] from (3616.56, 4152.51) to (3879.12, 4152.51) are blocked due to an instance [u_core/u_dot/u_q_sram/g_bank[7].u_bank/u_lo] at [1.20] microns from partition boundary. This may affect the quality of pin assignment. Use set_db assign_pins_restricted_boundary_macro_distance and set_db assign_pins_blocked_boundary_macro_distance with smaller distance to remove influence of this modes in pin assignment.
**WARN: (IMPPTN-1754):	89.96% of possible pin-positions on layer [3] on the top side of partition [fa_top] from (3887.76, 4152.51) to (4150.32, 4152.51) are blocked due to an instance [u_core/u_dot/u_q_sram/g_bank[7].u_bank/u_hi] at [1.20] microns from partition boundary. This may affect the quality of pin assignment. Use set_db assign_pins_restricted_boundary_macro_distance and set_db assign_pins_blocked_boundary_macro_distance with smaller distance to remove influence of this modes in pin assignment.
**WARN: (IMPPTN-1754):	89.94% of possible pin-positions on layer [2] on the right side of partition [fa_top] from (4156.18, 3776.41) to (4156.18, 4151.22) are blocked due to an instance [u_core/u_dot/u_q_sram/g_bank[7].u_bank/u_hi] at [6.08] microns from partition boundary. This may affect the quality of pin assignment. Use set_db assign_pins_restricted_boundary_macro_distance and set_db assign_pins_blocked_boundary_macro_distance with smaller distance to remove influence of this modes in pin assignment.
**WARN: (IMPPTN-1754):	89.92% of possible pin-positions on layer [4] on the right side of partition [fa_top] from (4156.18, 3776.70) to (4156.18, 4151.23) are blocked due to an instance [u_core/u_dot/u_q_sram/g_bank[7].u_bank/u_hi] at [6.08] microns from partition boundary. This may affect the quality of pin assignment. Use set_db assign_pins_restricted_boundary_macro_distance and set_db assign_pins_blocked_boundary_macro_distance with smaller distance to remove influence of this modes in pin assignment.
**WARN: (IMPPTN-1754):	100.00% of possible pin-positions on layer [3] on the bottom side of partition [fa_top] from (2.64, 0.00) to (265.20, 0.00) are blocked due to an instance [u_core/u_dot/u_k_sram/g_bank[4].u_bank/u_lo] at [0.64] microns from partition boundary. This may affect the quality of pin assignment. Use set_db assign_pins_restricted_boundary_macro_distance and set_db assign_pins_blocked_boundary_macro_distance with smaller distance to remove influence of this modes in pin assignment.
**WARN: (IMPPTN-1754):	89.95% of possible pin-positions on layer [2] on the left side of partition [fa_top] from (0.00, 0.56) to (0.00, 375.74) are blocked due to an instance [u_core/u_dot/u_k_sram/g_bank[4].u_bank/u_lo] at [2.72] microns from partition boundary. This may affect the quality of pin assignment. Use set_db assign_pins_restricted_boundary_macro_distance and set_db assign_pins_blocked_boundary_macro_distance with smaller distance to remove influence of this modes in pin assignment.
**WARN: (IMPPTN-1754):	89.92% of possible pin-positions on layer [4] on the left side of partition [fa_top] from (0.00, 0.80) to (0.00, 375.33) are blocked due to an instance [u_core/u_dot/u_k_sram/g_bank[4].u_bank/u_lo] at [2.72] microns from partition boundary. This may affect the quality of pin assignment. Use set_db assign_pins_restricted_boundary_macro_distance and set_db assign_pins_blocked_boundary_macro_distance with smaller distance to remove influence of this modes in pin assignment.
**WARN: (IMPPTN-1754):	89.94% of possible pin-positions on layer [2] on the left side of partition [fa_top] from (0.00, 377.58) to (0.00, 752.39) are blocked due to an instance [u_core/u_dot/u_k_sram/g_bank[4].u_bank/u_hi] at [2.72] microns from partition boundary. This may affect the quality of pin assignment. Use set_db assign_pins_restricted_boundary_macro_distance and set_db assign_pins_blocked_boundary_macro_distance with smaller distance to remove influence of this modes in pin assignment.
**WARN: (IMPPTN-1754):	89.94% of possible pin-positions on layer [4] on the left side of partition [fa_top] from (0.00, 377.17) to (0.00, 752.32) are blocked due to an instance [u_core/u_dot/u_k_sram/g_bank[4].u_bank/u_hi] at [2.72] microns from partition boundary. This may affect the quality of pin assignment. Use set_db assign_pins_restricted_boundary_macro_distance and set_db assign_pins_blocked_boundary_macro_distance with smaller distance to remove influence of this modes in pin assignment.
**WARN: (IMPPTN-1754):	89.94% of possible pin-positions on layer [2] on the left side of partition [fa_top] from (0.00, 754.25) to (0.00, 1129.06) are blocked due to an instance [u_core/u_dot/u_k_sram/g_bank[5].u_bank/u_lo] at [2.72] microns from partition boundary. This may affect the quality of pin assignment. Use set_db assign_pins_restricted_boundary_macro_distance and set_db assign_pins_blocked_boundary_macro_distance with smaller distance to remove influence of this modes in pin assignment.
**WARN: (IMPPTN-1754):	89.94% of possible pin-positions on layer [4] on the left side of partition [fa_top] from (0.00, 754.14) to (0.00, 1129.30) are blocked due to an instance [u_core/u_dot/u_k_sram/g_bank[5].u_bank/u_lo] at [2.72] microns from partition boundary. This may affect the quality of pin assignment. Use set_db assign_pins_restricted_boundary_macro_distance and set_db assign_pins_blocked_boundary_macro_distance with smaller distance to remove influence of this modes in pin assignment.
**WARN: (IMPPTN-1754):	89.94% of possible pin-positions on layer [2] on the left side of partition [fa_top] from (0.00, 1130.90) to (0.00, 1505.71) are blocked due to an instance [u_core/u_dot/u_k_sram/g_bank[5].u_bank/u_hi] at [2.72] microns from partition boundary. This may affect the quality of pin assignment. Use set_db assign_pins_restricted_boundary_macro_distance and set_db assign_pins_blocked_boundary_macro_distance with smaller distance to remove influence of this modes in pin assignment.
**WARN: (IMPPTN-1754):	89.92% of possible pin-positions on layer [4] on the left side of partition [fa_top] from (0.00, 1131.12) to (0.00, 1505.66) are blocked due to an instance [u_core/u_dot/u_k_sram/g_bank[5].u_bank/u_hi] at [2.72] microns from partition boundary. This may affect the quality of pin assignment. Use set_db assign_pins_restricted_boundary_macro_distance and set_db assign_pins_blocked_boundary_macro_distance with smaller distance to remove influence of this modes in pin assignment.
**WARN: (IMPPTN-1754):	89.95% of possible pin-positions on layer [2] on the left side of partition [fa_top] from (0.00, 1507.57) to (0.00, 1882.75) are blocked due to an instance [u_core/u_dot/u_k_sram/g_bank[6].u_bank/u_lo] at [2.72] microns from partition boundary. This may affect the quality of pin assignment. Use set_db assign_pins_restricted_boundary_macro_distance and set_db assign_pins_blocked_boundary_macro_distance with smaller distance to remove influence of this modes in pin assignment.
**WARN: (EMS-27):	Message (IMPPTN-1754) has exceeded the current message display limit of 20.
To increase the message display limit, refer to the product command reference manual.
Completed IO pin assignment.
There are 0 path_groups defined before optimization.
save_interface_files ...
%# Begin ::rcp_cui::save_interface_files (07/03 11:34:07, mem=3811.43M)
Writing Reduced outputs for Spatial High Effort
Info: Syncronize Metrics ...
UM: Running design category ...
      flow.cputime  flow.realtime  timing.setup.tns  timing.setup.wns  snapshot
UM:          15.96             16                                      invs2genus
rcp_cui::save_interface_file:  flow == 'fplan'
rcp_cui::save_interface_file:  fe_view_list == 'default_emulate_view'
rcp_cui::save_interface_file:  wnm_flow == '0'
rcp_cui::save_interface_file:  shep_write_congestion == '0'
rcp_cui::save_interface_file:  x2def_mode == '0'
rcp_cui::save_interface_file:  iprefix == 'genus2invs'
rcp_cui::save_interface_file:  idir == './genus2invs__2656251_e6bfadfa-0138-4e05-a668-8ad36fa2dd9afa_top'
rcp_cui::save_interface_file:  design == 'design:fa_top'
rcp_cui::save_interface_file:  congestion_include_blockage == '0'
rcp_cui::save_interface_file:  chk_fp == '0'
rcp_cui::save_interface_file:  shep_save_only_db == '0'
rcp_cui::save_interface_file:  fe_colorized == '1'
rcp_cui::save_interface_file:  ndr_only == '1'
rcp_cui::save_interface_file:  innovus_constraint_interface == 'mmmc2'
rcp_cui::save_interface_file:  tim_mode == ''
rcp_cui::save_interface_file:  do_fp == '1'
rcp_cui::save_interface_file:  des_str == 'fa_top'
rcp_cui::save_interface_file:  spatial == '1'
rcp_cui::save_interface_file:  congestion_3d == '0'
rcp_cui::save_interface_file:  cts_effort == ''
rcp_cui::save_interface_file:  fe_use_um == '1'
rcp_cui::save_interface_file:  odir == './genus2invs__2656251_e6bfadfa-0138-4e05-a668-8ad36fa2dd9afa_top'
rcp_cui::save_interface_file:  2d_compression == '0'
rcp_cui::save_interface_file:  do_fe_pd == '0'
rcp_cui::save_interface_file:  fp_mode == '1'
rcp_cui::save_interface_file:  incr_plc == '0'
rcp_cui::save_interface_file:  eco_mode == '0'
rcp_cui::save_interface_file:  cts_clk == ''
rcp_cui::save_interface_file:  oprefix == 'invs2genus'
rcp_cui::save_interface_file:  no_mmmc == '0'
rcp_cui::save_interface_file:  genus_constraint_interface == 'smsc'
rcp_cui::save_interface_file:  no_update == '0'
rcp_cui::save_interface_file:  do_sdp == '0'
rcp_cui::save_interface_file:  invs_ld_pd == '1'
rcp_cui::save_interface_file:  no_msv == '1'
rcp_cui::save_interface_file:  no_spef == '0'
rcp_cui::save_interface_file:  place_effort == ''
rcp_cui::save_interface_file:  tdrc_valid == '0'
rcp_cui::save_interface_file:  save_fe_db == '0'
rcp_cui::save_interface_file:  ispatial == '0'
rcp_cui::save_interface_file:  opt_effort == 'none'
rcp_cui::save_interface_file:  fe_consistency_check == '0'
rcp_cui::save_interface_file:  no_scan == '1'
rcp_cui::save_interface_file:  mem_mode == '0'
rcp_cui::save_interface_file:  del_corner == ''
rcp_cui::save_interface_file:  write_pin_properties == '0'
rcp_cui::save_interface_file:  qos_mode == '0'
rcp_cui::save_interface_file:  hdl_name_flow == '0'
rcp_cui::save_interface_file:  fe_wnm_file == ''
rcp_cui::save_interface_file:  fe_mcmd == './genus2invs__2656251_e6bfadfa-0138-4e05-a668-8ad36fa2dd9afa_top/invs2genus.cmdWarn'
rcp_cui::save_interface_file:  fe_pwr == ''
rcp_cui::save_interface_file:  fe_1801 == ''
rcp_cui::save_interface_file:  fe_flag == './genus2invs__2656251_e6bfadfa-0138-4e05-a668-8ad36fa2dd9afa_top/.invs2genus.encDone'
rcp_cui::save_interface_file:  fe_xdata == './genus2invs__2656251_e6bfadfa-0138-4e05-a668-8ad36fa2dd9afa_top/invs2genus.xdata'
rcp_cui::save_interface_file:  fe_fcmd == './genus2invs__2656251_e6bfadfa-0138-4e05-a668-8ad36fa2dd9afa_top/invs2genus.cmdFail'
rcp_cui::save_interface_file:  fe_sdef == './genus2invs__2656251_e6bfadfa-0138-4e05-a668-8ad36fa2dd9afa_top/invs2genus.scan.def'
rcp_cui::save_interface_file:  fe_load_stat == './genus2invs__2656251_e6bfadfa-0138-4e05-a668-8ad36fa2dd9afa_top/invs2genus_load.stat'
rcp_cui::save_interface_file:  fe_def_lnk == './genus2invs__2656251_e6bfadfa-0138-4e05-a668-8ad36fa2dd9afa_top/invs2genus.def.gz'
rcp_cui::save_interface_file:  fe_ndr == './genus2invs__2656251_e6bfadfa-0138-4e05-a668-8ad36fa2dd9afa_top/invs2genus.ndr.tcl'
rcp_cui::save_interface_file:  fe_pd == ''
rcp_cui::save_interface_file:  fe_globals == './genus2invs__2656251_e6bfadfa-0138-4e05-a668-8ad36fa2dd9afa_top/invs2genus.globals'
rcp_cui::save_interface_file:  fe_tcf == ''
rcp_cui::save_interface_file:  fe_rc == './genus2invs__2656251_e6bfadfa-0138-4e05-a668-8ad36fa2dd9afa_top/invs2genus_final.avgRC'
rcp_cui::save_interface_file:  fe_load_rpt == './genus2invs__2656251_e6bfadfa-0138-4e05-a668-8ad36fa2dd9afa_top/invs2genus_load'
rcp_cui::save_interface_file:  fe_db == './genus2invs__2656251_e6bfadfa-0138-4e05-a668-8ad36fa2dd9afa_top/invs2genus_db'
rcp_cui::save_interface_file:  fe_subdesign_taf == './genus2invs__2656251_e6bfadfa-0138-4e05-a668-8ad36fa2dd9afa_top/invs2genus.subdesign_attributes.taf.gz'
rcp_cui::save_interface_file:  fe_rpt == './genus2invs__2656251_e6bfadfa-0138-4e05-a668-8ad36fa2dd9afa_top/invs2genus_final'
rcp_cui::save_interface_file:  fe_metrics == './genus2invs__2656251_e6bfadfa-0138-4e05-a668-8ad36fa2dd9afa_top/invs2genus.metrics.json'
rcp_cui::save_interface_file:  fe_sdp == ''
rcp_cui::save_interface_file:  fe_def == './genus2invs__2656251_e6bfadfa-0138-4e05-a668-8ad36fa2dd9afa_top/invs2genus.def.gz'
rcp_cui::save_interface_file:  fe_vflag == './genus2invs__2656251_e6bfadfa-0138-4e05-a668-8ad36fa2dd9afa_top/.invs2genus.encVerFail'
rcp_cui::save_interface_file:  fe_inst_taf == './genus2invs__2656251_e6bfadfa-0138-4e05-a668-8ad36fa2dd9afa_top/invs2genus.inst_attributes.taf.gz'
rcp_cui::save_interface_file:  fe_con == './genus2invs__2656251_e6bfadfa-0138-4e05-a668-8ad36fa2dd9afa_top/invs2genus.sdc'
rcp_cui::save_interface_file:  fe_cpf == ''
rcp_cui::save_interface_file:  fe_mmmc == './genus2invs__2656251_e6bfadfa-0138-4e05-a668-8ad36fa2dd9afa_top/invs2genus.mmmc.tcl'
rcp_cui::save_interface_file:  fe_gridinfo == './genus2invs__2656251_e6bfadfa-0138-4e05-a668-8ad36fa2dd9afa_top/invs2genus.gridinfo'
rcp_cui::save_interface_file:  fe_log == './genus2invs__2656251_e6bfadfa-0138-4e05-a668-8ad36fa2dd9afa_top/innovus'
rcp_cui::save_interface_file:  fe_cts == './genus2invs__2656251_e6bfadfa-0138-4e05-a668-8ad36fa2dd9afa_top/invs2genus.ctstch'
rcp_cui::save_interface_file:  fe_nl == './genus2invs__2656251_e6bfadfa-0138-4e05-a668-8ad36fa2dd9afa_top/invs2genus.v.gz'
rcp_cui::save_interface_file:  fe_reportwire == './genus2invs__2656251_e6bfadfa-0138-4e05-a668-8ad36fa2dd9afa_top/invs2genus.reportwire.txt'
rcp_cui::save_interface_file:  fe_svr == './genus2invs__2656251_e6bfadfa-0138-4e05-a668-8ad36fa2dd9afa_top/invs2genus.svr.tcl'
rcp_cui::save_interface_file:  fe_lec == './genus2invs__2656251_e6bfadfa-0138-4e05-a668-8ad36fa2dd9afa_top/invs2genus.lec.taf.gz'
rcp_cui::save_interface_file:  fe_stat == './genus2invs__2656251_e6bfadfa-0138-4e05-a668-8ad36fa2dd9afa_top/invs2genus_final.stat'
rcp_cui::save_interface_file:  fe_basename == './genus2invs__2656251_e6bfadfa-0138-4e05-a668-8ad36fa2dd9afa_top/invs2genus'
rcp_cui::save_interface_file:  fe_lflag == './genus2invs__2656251_e6bfadfa-0138-4e05-a668-8ad36fa2dd9afa_top/.invs2genus.encLicFail'
rcp_cui::save_interface_file:  fe_spef == ''
rcp_cui::save_interface_file:  fe_dotg == './genus2invs__2656251_e6bfadfa-0138-4e05-a668-8ad36fa2dd9afa_top/invs2genus.g.gz'
rcp_cui::save_interface_file:  fe_ndr_taf == './genus2invs__2656251_e6bfadfa-0138-4e05-a668-8ad36fa2dd9afa_top/invs2genus.ndr.taf.gz'
rcp_cui::save_interface_file:  fe_final_db == ''
rcp_cui::save_interface_file:  fe_route_cmap == ''
rcp_cui::save_interface_file:  fe_aae == './genus2invs__2656251_e6bfadfa-0138-4e05-a668-8ad36fa2dd9afa_top/invs2genus.aae_globals.tcl'
STATS: Capture
Writing DEF file './genus2invs__2656251_e6bfadfa-0138-4e05-a668-8ad36fa2dd9afa_top/invs2genus.def.gz', current time is Fri Jul  3 11:34:17 2026 ...
unitPerMicron=1000, dbgMicronPerDBU=0.001000, unitPerDBU=1.000000
DEF file './genus2invs__2656251_e6bfadfa-0138-4e05-a668-8ad36fa2dd9afa_top/invs2genus.def.gz' is written, current time is Fri Jul  3 11:34:18 2026 ...
      flow.cputime  flow.realtime  timing.setup.tns  timing.setup.wns  snapshot
UM:*                                                                   write_def
Resetting transient modes.
%# Begin ::rcp::wait_for_children (07/03 11:34:18, mem=3858.91M)
Starting parallel execution of queued child processes.
%# End ::rcp::wait_for_children (07/03 11:34:18, total cpu=16:00:00, real=16:00:00, peak res=6154.82M, current mem=3858.92M)

Writing out Metrics file - ./genus2invs__2656251_e6bfadfa-0138-4e05-a668-8ad36fa2dd9afa_top/invs2genus.metrics.json
      flow.cputime  flow.realtime  timing.setup.tns  timing.setup.wns  snapshot
UM:*                                                                   invs2genus_export
%# Begin rcp::final_db (07/03 11:34:18, mem=3861.30M)
%# End rcp::final_db (07/03 11:34:18, total cpu=16:00:00, real=16:00:00, peak res=6154.82M, current mem=3861.30M)
%# End ::rcp_cui::save_interface_files (07/03 11:34:18, total cpu=16:00:10, real=16:00:11, peak res=6154.82M, current mem=3861.30M)
Writing extraction data from Innovus to ./genus2invs__2656251_e6bfadfa-0138-4e05-a668-8ad36fa2dd9afa_top/invs2genus.xdata
{125,125}
*** Message Summary: 1977 warning(s), 198020 error(s)


*** Memory Usage v#3 (Current mem = 3862.324M, initial mem = 972.648M) ***
--- Ending "Innovus" (totcpu=0:12:17, real=0:03:42, mem=3862.3M) ---


Finished batch session (command execution time: real mm:ss 03:47).
%# End launch_innovus (07/03 11:34:23, total cpu=16:00:02, real=16:03:48, peak res=7389.80M, current mem=3258.37M)
Updating database...
%# Begin phys_update_database (07/03 11:34:23, mem=3258.37M)
%# Begin preload_script (07/03 11:34:23, mem=3258.37M)
%# End preload_script (07/03 11:34:23, total cpu=16:00:00, real=16:00:00, peak res=7389.80M, current mem=3258.37M)
      flow.cputime  flow.realtime  timing.setup.tns  timing.setup.wns  snapshot
UM:*                                                                   preload_script
%# Begin read_metric (07/03 11:34:23, mem=3258.37M)
%# End read_metric (07/03 11:34:23, total cpu=16:00:00, real=16:00:00, peak res=7389.80M, current mem=3258.37M)
      flow.cputime  flow.realtime  timing.setup.tns  timing.setup.wns  snapshot
UM:*                                                                   read_metric
  Resetting attribute of root '/': 'init_state' = uninitialized
Warning : This attribute will be obsolete in a next major release. [TUI-32]
        : attribute: 'enc_statistics', object type: 'design'
Warning : This attribute will be obsolete in a next major release. [TUI-32]
        : attribute: 'enc_version', object type: 'design'
%# Begin read_sdc (07/03 11:34:23, mem=3258.37M)
%# End read_sdc (07/03 11:34:23, total cpu=16:00:00, real=16:00:00, peak res=7389.80M, current mem=3258.37M)
      flow.cputime  flow.realtime  timing.setup.tns  timing.setup.wns  snapshot
UM:*                                                                   read_sdc
%# Begin read_def (07/03 11:34:23, mem=3258.37M)

Reading and processing DEF file './genus2invs__2656251_e6bfadfa-0138-4e05-a668-8ad36fa2dd9afa_top/invs2genus.def.gz'...
Warning : Enabling message severity downgrade. [TUI-82]
        : Enabling message severity downgrade can result in unexpected tool behavior.
Parsing DEF file...


Done parsing DEF file (wall time: 4s, CPU time: 3383ms).
Processing DEF file...

Creating gcells from DEF (count: 269136)
  Summary report for DEF file './genus2invs__2656251_e6bfadfa-0138-4e05-a668-8ad36fa2dd9afa_top/invs2genus.def.gz'

    Components
    ----------
        Cover:  0
        Fixed: 87
   Soft Fixed:  0
     Physical:  0
         Bump:  0
       Placed:  0
     Unplaced:  0
        TOTAL: 87 (87 are class macro)
   
          Pins
          ----
        Cover:   0
        Fixed: 551
     Physical:   0
       Placed:   0
     Unplaced:   0
        TOTAL: 551
   
          Nets
          ----
         Read: 0
      Skipped: 0
        TOTAL: 0
   
   SpecialNets
   -----------
         Read: 0
      Skipped: 0
        TOTAL: 0
   
       Fences: 0
       Guides: 0
      Regions: 0

Done processing DEF file (wall time: 0s, CPU time: 239ms).
   
  ========================
  Physical Message Summary
  ========================
   
  87 / 0  I  PHYS-181  Full preserve set on instance.
   
Info : Initializing 2-D Early Global router engine...
Info : Installing 2-D Early Global router...
Info : Early Global router engine is using 8 threads.
Info : 2-D Early Global router initialization complete.
Info : 2-D Early Global router installation complete.
Info : Installing 3-D Early Global router...
Info : 3-D Early Global router installation complete.
Warning : Enabling message severity downgrade. [TUI-82]
        : Enabling message severity downgrade can result in unexpected tool behavior.
Done reading and processing DEF file './genus2invs__2656251_e6bfadfa-0138-4e05-a668-8ad36fa2dd9afa_top/invs2genus.def.gz' (wall time: 7s, CPU time: 6130ms).

%# End read_def (07/03 11:34:30, total cpu=16:00:06, real=16:00:07, peak res=7389.80M, current mem=3967.78M)
      flow.cputime  flow.realtime  timing.setup.tns  timing.setup.wns  snapshot
UM:*                                                                   read_def
%# End phys_update_database (07/03 11:34:30, total cpu=16:00:07, real=16:00:07, peak res=7389.80M, current mem=3967.78M)
      flow.cputime  flow.realtime  timing.setup.tns  timing.setup.wns  snapshot
UM:*                                                                   phys_update_database




Finished floorplan prediction (command execution time mm:ss (real) = 06:30).

INFO: predict_floorplan succeeded.
INFO: Running physical-aware synthesis stages.

=============================================================================
  Generated by: Cadence Genus(TM) Synthesis Solution 25.12-s067_1
  Generated on: Jul  3 2026 11:34:40
  Module:       fa_top
=============================================================================

=========================
  check_floorplan SUMMARY
=========================
--------------------------------------------------------------------------------------------------------------
        Floorplan Object  |  Status  | #Violations |   #Total    |    ID     |  Violation Reason 
--------------------------------------------------------------------------------------------------------------
Core/Die Box              |   PASS   |          0  |          1  |           |                                                             
ROW Definitions           |   PASS   |          0  |          1  |           |                                                             
ROW Site References       |   PASS   |          0  |       1247  |           |                                                             
Primary Port Placement    |   PASS   |          0  |        551  |           |                                                             
Hard Macro Placement      |   PASS   |          0  |         87  |           |                                                             
Macro Pin Outside Die     |   PASS   |          0  |      12321  |           |                                                             
Sites With No Rows        |   PASS   |          0  |          1  |           |                                                             
--------------------------------------------------------------------------------------------------------------

There is no error or warning detected for the floorplan.

Done checking floorplan - Elapsed time 1s, CPU time: 0.07s

Checking routing resources.

Done checking routing resources.
stamp 'PBS_Generic-Start' being created for table 'pbs_debug'

  Total Time (Wall) |  Stage Time (Wall)  |   % (Wall)   |    Date - Time     |  Memory   | Stage
--------------------+---------------------+--------------+--------------------+-----------+----------------------
 00:03:49(00:07:38) |  00:00:00(00:00:00) |   0.0(  0.0) |   11:34:41 (Jul03) |   2.76 GB | PBS_Generic-Start
--------------------+---------------------+--------------+--------------------+-----------+----------------------
Number of threads: 8 * 2   (id: pbs_debug, time_info v1.57)
Info: (*N*) indicates data that was populated from previously saved time_info database
Info: CPU time includes time of parent + longest thread
Info    : Deleting instances not driving any primary outputs. [GLO-34]
        : Deleting 1942 sequential instances.
        : Optimizations such as constant propagation or redundancy removal could change the connections so a hierarchical instance does not drive any primary outputs anymore. To see the list of deleted hierarchical instances, set the 'information_level' attribute to 2 or above. If the message is truncated set the message attribute 'truncate' to false to see the complete list. To prevent this optimization, set the 'delete_unloaded_insts' root/subdesign attribute to 'false' or 'preserve' instance attribute to 'true'.
Info    : Deleting instances not driving any primary outputs. [GLO-34]
        : Deleting 17 hierarchical instances.

Stage: pre_early_cg
-----------------------------------------------
| Transform | Accepts | Rejects | Runtime (s) | 
-----------------------------------------------
-----------------------------------------------
Mapping ChipWare ICG instances in fa_top
Found 0 unmapped ChipWare ICG instances
Mapped 0 of 0 ChipWare ICG instances
##Generic Timing Info: typical gate delay  114.5 ps   std_slew:   16.0 ps   std_load:  4.8 fF  for library domain _default_
Starting mux data reorder optimization [v1.0] (stage: pre_to_gen_setup, startdef: fa_top, recur: true)
Completed mux data reorder optimization (accepts: 0, rejects: 0, runtime: 0.005s)

Stage: pre_to_gen_setup
-----------------------------------------------------
| Transform       | Accepts | Rejects | Runtime (s) | 
-----------------------------------------------------
| hlo_mux_reorder |       0 |       0 |        0.00 | 
-----------------------------------------------------
Running DP early constant propagation (netlist fa_top)...
Running DP early redundancy removal
Completed DP early redundancy removal on fa_top (runtime = 1.3s)
Multi-threaded constant propagation [4|0] ...
Info    : Replacing the synchronous part of an always feeding back flip-flop with a logic constant. [GLO-45]
        : The instance is 'u_page/prefetch_expect_tag_reg_reg[5]'. The constant is '0'.
        : To prevent this optimization, set 'optimize_constant_feedback_seqs' root attribute to 'false'. The instance attribute 'optimize_constant_feedback_seq' controls this optimization. 
Info    : Replacing the synchronous part of an always feeding back flip-flop with a logic constant. [GLO-45]
        : The instance is 'u_page/cmd_tag_reg[5]'. The constant is '0'.
Info    : Replacing the synchronous part of an always feeding back flip-flop with a logic constant. [GLO-45]
        : The instance is 'u_page/cmd_bytes_reg[15]'. The constant is '0'.
Info    : Replacing the synchronous part of an always feeding back flip-flop with a logic constant. [GLO-45]
        : The instance is 'u_page/cmd_bytes_reg[14]'. The constant is '0'.
Info    : Replacing the synchronous part of an always feeding back flip-flop with a logic constant. [GLO-45]
        : The instance is 'u_page/cmd_bytes_reg[13]'. The constant is '0'.
Info    : Replacing the synchronous part of an always feeding back flip-flop with a logic constant. [GLO-45]
        : The instance is 'u_page/cmd_bytes_reg[12]'. The constant is '0'.
Info    : Replacing the synchronous part of an always feeding back flip-flop with a logic constant. [GLO-45]
        : The instance is 'u_page/cmd_bytes_reg[11]'. The constant is '0'.
Info    : Replacing the synchronous part of an always feeding back flip-flop with a logic constant. [GLO-45]
        : The instance is 'u_page/cmd_bytes_reg[10]'. The constant is '1'.
Info    : Replacing the synchronous part of an always feeding back flip-flop with a logic constant. [GLO-45]
        : The instance is 'u_page/cmd_bytes_reg[9]'. The constant is '0'.
Info    : Replacing the synchronous part of an always feeding back flip-flop with a logic constant. [GLO-45]
        : The instance is 'u_page/cmd_bytes_reg[8]'. The constant is '0'.
Info    : Replacing the synchronous part of an always feeding back flip-flop with a logic constant. [GLO-45]
        : The instance is 'u_page/cmd_bytes_reg[7]'. The constant is '0'.
Info    : Replacing the synchronous part of an always feeding back flip-flop with a logic constant. [GLO-45]
        : The instance is 'u_page/cmd_bytes_reg[6]'. The constant is '0'.
Info    : Replacing the synchronous part of an always feeding back flip-flop with a logic constant. [GLO-45]
        : The instance is 'u_page/cmd_bytes_reg[5]'. The constant is '0'.
Info    : Replacing the synchronous part of an always feeding back flip-flop with a logic constant. [GLO-45]
        : The instance is 'u_page/cmd_bytes_reg[4]'. The constant is '0'.
Info    : Replacing the synchronous part of an always feeding back flip-flop with a logic constant. [GLO-45]
        : The instance is 'u_page/expect_tag_reg_reg[5]'. The constant is '0'.
Info    : Replacing a flip-flop with a logic constant 0. [GLO-12]
        : The instance is 'u_page/cmd_bytes_reg[4]'.
        : To prevent this optimization, set the 'optimize_constant_0_flops' root attribute to 'false' or 'optimize_constant_0_seq' instance attribute to 'false'. You can also see the complete list of deleted sequential with command "report sequential -deleted" (on Reason "constant0").
Info    : Replacing a flip-flop with a logic constant 0. [GLO-12]
        : The instance is 'u_page/cmd_bytes_reg[5]'.
Info    : Replacing a flip-flop with a logic constant 0. [GLO-12]
        : The instance is 'u_page/cmd_bytes_reg[6]'.
Info    : Replacing a flip-flop with a logic constant 0. [GLO-12]
        : The instance is 'u_page/cmd_bytes_reg[7]'.
Info    : Replacing a flip-flop with a logic constant 0. [GLO-12]
        : The instance is 'u_page/cmd_bytes_reg[8]'.
Info    : Replacing a flip-flop with a logic constant 0. [GLO-12]
        : The instance is 'u_page/cmd_bytes_reg[9]'.
Info    : Replacing a flip-flop with a logic constant 1. [GLO-13]
        : The instance is 'u_page/cmd_bytes_reg[10]'.
        : To prevent this optimization, set the 'optimize_constant_1_flops' root attribute to 'false' or 'optimize_constant_1_seq' instance attribute to 'false'.
Info    : Replacing a flip-flop with a logic constant 0. [GLO-12]
        : The instance is 'u_page/cmd_bytes_reg[11]'.
Info    : Replacing a flip-flop with a logic constant 0. [GLO-12]
        : The instance is 'u_page/cmd_bytes_reg[12]'.
Info    : Replacing a flip-flop with a logic constant 0. [GLO-12]
        : The instance is 'u_page/cmd_bytes_reg[13]'.
Info    : Replacing a flip-flop with a logic constant 0. [GLO-12]
        : The instance is 'u_page/cmd_bytes_reg[14]'.
Info    : Replacing a flip-flop with a logic constant 0. [GLO-12]
        : The instance is 'u_page/cmd_bytes_reg[15]'.
Info    : Replacing a flip-flop with a logic constant 0. [GLO-12]
        : The instance is 'u_page/cmd_tag_reg[5]'.
Info    : Replacing a flip-flop with a logic constant 0. [GLO-12]
        : The instance is 'u_page/expect_tag_reg_reg[5]'.
Info    : Replacing a flip-flop with a logic constant 0. [GLO-12]
        : The instance is 'u_page/prefetch_expect_tag_reg_reg[5]'.
Info    : Replacing the synchronous part of an always feeding back flip-flop with a logic constant. [GLO-45]
        : The instance is 'u_dma/u_read/tag_reg_reg[5]'. The constant is '0'.
Info    : Replacing a flip-flop with a logic constant 0. [GLO-12]
        : The instance is 'u_dma/u_read/tag_reg_reg[5]'.
Info    : Replacing the synchronous part of an always feeding back flip-flop with a logic constant. [GLO-45]
        : The instance is 'u_dma/u_write/tag_reg_reg[5]'. The constant is '0'.
Info    : Replacing a flip-flop with a logic constant 0. [GLO-12]
        : The instance is 'u_dma/u_write/tag_reg_reg[5]'.
Info    : Replacing the synchronous part of an always feeding back flip-flop with a logic constant. [GLO-45]
        : The instance is 'u_q_adapter/q_rw_wmask_reg[15]'. The constant is '1'.
Info    : Replacing the synchronous part of an always feeding back flip-flop with a logic constant. [GLO-45]
        : The instance is 'u_q_adapter/q_rw_wmask_reg[14]'. The constant is '1'.
Info    : Replacing the synchronous part of an always feeding back flip-flop with a logic constant. [GLO-45]
        : The instance is 'u_q_adapter/q_rw_wmask_reg[13]'. The constant is '1'.
Warning : Maximum message print count reached. [MESG-11]
        : Maximum print count of '20' reached for message 'GLO-45'.
Info    : Replacing a flip-flop with a logic constant 1. [GLO-13]
        : The instance is 'u_q_adapter/q_rw_wmask_reg[0]'.
Info    : Replacing a flip-flop with a logic constant 1. [GLO-13]
        : The instance is 'u_q_adapter/q_rw_wmask_reg[1]'.
Info    : Replacing a flip-flop with a logic constant 1. [GLO-13]
        : The instance is 'u_q_adapter/q_rw_wmask_reg[2]'.
Info    : Replacing a flip-flop with a logic constant 1. [GLO-13]
        : The instance is 'u_q_adapter/q_rw_wmask_reg[3]'.
Info    : Replacing a flip-flop with a logic constant 1. [GLO-13]
        : The instance is 'u_q_adapter/q_rw_wmask_reg[4]'.
Info    : Replacing a flip-flop with a logic constant 1. [GLO-13]
        : The instance is 'u_q_adapter/q_rw_wmask_reg[5]'.
Info    : Replacing a flip-flop with a logic constant 1. [GLO-13]
        : The instance is 'u_q_adapter/q_rw_wmask_reg[6]'.
Info    : Replacing a flip-flop with a logic constant 1. [GLO-13]
        : The instance is 'u_q_adapter/q_rw_wmask_reg[7]'.
Info    : Replacing a flip-flop with a logic constant 1. [GLO-13]
        : The instance is 'u_q_adapter/q_rw_wmask_reg[8]'.
Info    : Replacing a flip-flop with a logic constant 1. [GLO-13]
        : The instance is 'u_q_adapter/q_rw_wmask_reg[9]'.
Info    : Replacing a flip-flop with a logic constant 1. [GLO-13]
        : The instance is 'u_q_adapter/q_rw_wmask_reg[10]'.
Info    : Replacing a flip-flop with a logic constant 1. [GLO-13]
        : The instance is 'u_q_adapter/q_rw_wmask_reg[11]'.
Info    : Replacing a flip-flop with a logic constant 1. [GLO-13]
        : The instance is 'u_q_adapter/q_rw_wmask_reg[12]'.
Info    : Replacing a flip-flop with a logic constant 1. [GLO-13]
        : The instance is 'u_q_adapter/q_rw_wmask_reg[13]'.
Info    : Replacing a flip-flop with a logic constant 1. [GLO-13]
        : The instance is 'u_q_adapter/q_rw_wmask_reg[14]'.
Info    : Replacing a flip-flop with a logic constant 1. [GLO-13]
        : The instance is 'u_q_adapter/q_rw_wmask_reg[15]'.
Info    : Replacing a flip-flop with a logic constant 0. [GLO-12]
        : The instance is 'u_core/u_score_exp/u_exp_rom/bank1_data_s0_reg[14]'.
Info    : Replacing a flip-flop with a logic constant 0. [GLO-12]
        : The instance is 'u_core/u_score_exp/u_exp_rom/bank1_data_s0_reg[15]'.
Info    : Replacing a flip-flop with a logic constant 0. [GLO-12]
        : The instance is 'u_core/u_score_exp/u_exp_rom/bank2_data_s0_reg[13]'.
Info    : Replacing a flip-flop with a logic constant 0. [GLO-12]
        : The instance is 'u_core/u_score_exp/u_exp_rom/bank2_data_s0_reg[14]'.
Info    : Replacing a flip-flop with a logic constant 0. [GLO-12]
        : The instance is 'u_core/u_score_exp/u_exp_rom/bank2_data_s0_reg[15]'.
Info    : Replacing a flip-flop with a logic constant 0. [GLO-12]
        : The instance is 'u_core/u_score_exp/u_exp_rom/bank3_data_s0_reg[11]'.
Info    : Replacing a flip-flop with a logic constant 0. [GLO-12]
        : The instance is 'u_core/u_score_exp/u_exp_rom/bank3_data_s0_reg[12]'.
Info    : Replacing a flip-flop with a logic constant 0. [GLO-12]
        : The instance is 'u_core/u_score_exp/u_exp_rom/bank3_data_s0_reg[13]'.
Info    : Replacing a flip-flop with a logic constant 0. [GLO-12]
        : The instance is 'u_core/u_score_exp/u_exp_rom/bank3_data_s0_reg[14]'.
Info    : Replacing a flip-flop with a logic constant 0. [GLO-12]
        : The instance is 'u_core/u_score_exp/u_exp_rom/bank3_data_s0_reg[15]'.
Info    : Replacing a flip-flop with a logic constant 0. [GLO-12]
        : The instance is 'u_core/u_score_exp/u_exp_rom/bank4_data_s0_reg[10]'.
Info    : Replacing a flip-flop with a logic constant 0. [GLO-12]
        : The instance is 'u_core/u_score_exp/u_exp_rom/bank4_data_s0_reg[11]'.
Info    : Replacing a flip-flop with a logic constant 0. [GLO-12]
        : The instance is 'u_core/u_score_exp/u_exp_rom/bank4_data_s0_reg[12]'.
Info    : Replacing a flip-flop with a logic constant 0. [GLO-12]
        : The instance is 'u_core/u_score_exp/u_exp_rom/bank4_data_s0_reg[13]'.
Info    : Replacing a flip-flop with a logic constant 0. [GLO-12]
        : The instance is 'u_core/u_score_exp/u_exp_rom/bank4_data_s0_reg[14]'.
Info    : Replacing a flip-flop with a logic constant 0. [GLO-12]
        : The instance is 'u_core/u_score_exp/u_exp_rom/bank4_data_s0_reg[15]'.
Info    : Replacing a flip-flop with a logic constant 0. [GLO-12]
        : The instance is 'u_core/u_score_exp/u_exp_rom/bank5_data_s0_reg[8]'.
Info    : Replacing a flip-flop with a logic constant 0. [GLO-12]
        : The instance is 'u_core/u_score_exp/u_exp_rom/bank5_data_s0_reg[9]'.
Info    : Replacing a flip-flop with a logic constant 0. [GLO-12]
        : The instance is 'u_core/u_score_exp/u_exp_rom/bank5_data_s0_reg[10]'.
Info    : Replacing a flip-flop with a logic constant 0. [GLO-12]
        : The instance is 'u_core/u_score_exp/u_exp_rom/bank5_data_s0_reg[11]'.
Info    : Replacing a flip-flop with a logic constant 0. [GLO-12]
        : The instance is 'u_core/u_score_exp/u_exp_rom/bank5_data_s0_reg[12]'.
Info    : Replacing a flip-flop with a logic constant 0. [GLO-12]
        : The instance is 'u_core/u_score_exp/u_exp_rom/bank5_data_s0_reg[13]'.
Info    : Replacing a flip-flop with a logic constant 0. [GLO-12]
        : The instance is 'u_core/u_score_exp/u_exp_rom/bank5_data_s0_reg[14]'.
Info    : Replacing a flip-flop with a logic constant 0. [GLO-12]
        : The instance is 'u_core/u_score_exp/u_exp_rom/bank5_data_s0_reg[15]'.
Info    : Replacing a flip-flop with a logic constant 0. [GLO-12]
        : The instance is 'u_core/u_score_exp/u_exp_rom/bank6_data_s0_reg[7]'.
Info    : Replacing a flip-flop with a logic constant 0. [GLO-12]
        : The instance is 'u_core/u_score_exp/u_exp_rom/bank6_data_s0_reg[8]'.
Info    : Replacing a flip-flop with a logic constant 0. [GLO-12]
        : The instance is 'u_core/u_score_exp/u_exp_rom/bank6_data_s0_reg[9]'.
Info    : Replacing a flip-flop with a logic constant 0. [GLO-12]
        : The instance is 'u_core/u_score_exp/u_exp_rom/bank6_data_s0_reg[10]'.
Info    : Replacing a flip-flop with a logic constant 0. [GLO-12]
        : The instance is 'u_core/u_score_exp/u_exp_rom/bank6_data_s0_reg[11]'.
Info    : Replacing a flip-flop with a logic constant 0. [GLO-12]
        : The instance is 'u_core/u_score_exp/u_exp_rom/bank6_data_s0_reg[12]'.
Info    : Replacing a flip-flop with a logic constant 0. [GLO-12]
        : The instance is 'u_core/u_score_exp/u_exp_rom/bank6_data_s0_reg[13]'.
Info    : Replacing a flip-flop with a logic constant 0. [GLO-12]
        : The instance is 'u_core/u_score_exp/u_exp_rom/bank6_data_s0_reg[14]'.
Info    : Replacing a flip-flop with a logic constant 0. [GLO-12]
        : The instance is 'u_core/u_score_exp/u_exp_rom/bank6_data_s0_reg[15]'.
Info    : Replacing a flip-flop with a logic constant 0. [GLO-12]
        : The instance is 'u_core/u_score_exp/u_exp_rom/bank7_data_s0_reg[5]'.
Info    : Replacing a flip-flop with a logic constant 0. [GLO-12]
        : The instance is 'u_core/u_score_exp/u_exp_rom/bank7_data_s0_reg[6]'.
Info    : Replacing a flip-flop with a logic constant 0. [GLO-12]
        : The instance is 'u_core/u_score_exp/u_exp_rom/bank7_data_s0_reg[7]'.
Info    : Replacing a flip-flop with a logic constant 0. [GLO-12]
        : The instance is 'u_core/u_score_exp/u_exp_rom/bank7_data_s0_reg[8]'.
Info    : Replacing a flip-flop with a logic constant 0. [GLO-12]
        : The instance is 'u_core/u_score_exp/u_exp_rom/bank7_data_s0_reg[9]'.
Info    : Replacing a flip-flop with a logic constant 0. [GLO-12]
        : The instance is 'u_core/u_score_exp/u_exp_rom/bank7_data_s0_reg[10]'.
Info    : Replacing a flip-flop with a logic constant 0. [GLO-12]
        : The instance is 'u_core/u_score_exp/u_exp_rom/bank7_data_s0_reg[11]'.
Info    : Replacing a flip-flop with a logic constant 0. [GLO-12]
        : The instance is 'u_core/u_score_exp/u_exp_rom/bank7_data_s0_reg[12]'.
Info    : Replacing a flip-flop with a logic constant 0. [GLO-12]
        : The instance is 'u_core/u_score_exp/u_exp_rom/bank7_data_s0_reg[13]'.
Info    : Replacing a flip-flop with a logic constant 0. [GLO-12]
        : The instance is 'u_core/u_score_exp/u_exp_rom/bank7_data_s0_reg[14]'.
Info    : Replacing a flip-flop with a logic constant 0. [GLO-12]
        : The instance is 'u_core/u_score_exp/u_exp_rom/bank7_data_s0_reg[15]'.
Info    : Replacing a flip-flop with a logic constant 0. [GLO-12]
        : The instance is 'u_core/u_score_exp/u_exp_rom/bank8_data_s0_reg[4]'.
Info    : Replacing a flip-flop with a logic constant 0. [GLO-12]
        : The instance is 'u_core/u_score_exp/u_exp_rom/bank8_data_s0_reg[5]'.
Info    : Replacing a flip-flop with a logic constant 0. [GLO-12]
        : The instance is 'u_core/u_score_exp/u_exp_rom/bank8_data_s0_reg[6]'.
Info    : Replacing a flip-flop with a logic constant 0. [GLO-12]
        : The instance is 'u_core/u_score_exp/u_exp_rom/bank8_data_s0_reg[7]'.
Info    : Replacing a flip-flop with a logic constant 0. [GLO-12]
        : The instance is 'u_core/u_score_exp/u_exp_rom/bank8_data_s0_reg[8]'.
Info    : Replacing a flip-flop with a logic constant 0. [GLO-12]
        : The instance is 'u_core/u_score_exp/u_exp_rom/bank8_data_s0_reg[9]'.
Info    : Replacing a flip-flop with a logic constant 0. [GLO-12]
        : The instance is 'u_core/u_score_exp/u_exp_rom/bank8_data_s0_reg[10]'.
Info    : Replacing a flip-flop with a logic constant 0. [GLO-12]
        : The instance is 'u_core/u_score_exp/u_exp_rom/bank8_data_s0_reg[11]'.
Info    : Replacing a flip-flop with a logic constant 0. [GLO-12]
        : The instance is 'u_core/u_score_exp/u_exp_rom/bank8_data_s0_reg[12]'.
Info    : Replacing a flip-flop with a logic constant 0. [GLO-12]
        : The instance is 'u_core/u_score_exp/u_exp_rom/bank8_data_s0_reg[13]'.
Info    : Replacing a flip-flop with a logic constant 0. [GLO-12]
        : The instance is 'u_core/u_score_exp/u_exp_rom/bank8_data_s0_reg[14]'.
Info    : Replacing a flip-flop with a logic constant 0. [GLO-12]
        : The instance is 'u_core/u_score_exp/u_exp_rom/bank8_data_s0_reg[15]'.
Info    : Replacing a flip-flop with a logic constant 0. [GLO-12]
        : The instance is 'u_core/u_score_exp/u_exp_rom/bank9_data_s0_reg[3]'.
Info    : Replacing a flip-flop with a logic constant 0. [GLO-12]
        : The instance is 'u_core/u_score_exp/u_exp_rom/bank9_data_s0_reg[4]'.
Info    : Replacing a flip-flop with a logic constant 0. [GLO-12]
        : The instance is 'u_core/u_score_exp/u_exp_rom/bank9_data_s0_reg[5]'.
Info    : Replacing a flip-flop with a logic constant 0. [GLO-12]
        : The instance is 'u_core/u_score_exp/u_exp_rom/bank9_data_s0_reg[6]'.
Info    : Replacing a flip-flop with a logic constant 0. [GLO-12]
        : The instance is 'u_core/u_score_exp/u_exp_rom/bank9_data_s0_reg[7]'.
Info    : Replacing a flip-flop with a logic constant 0. [GLO-12]
        : The instance is 'u_core/u_score_exp/u_exp_rom/bank9_data_s0_reg[8]'.
Info    : Replacing a flip-flop with a logic constant 0. [GLO-12]
        : The instance is 'u_core/u_score_exp/u_exp_rom/bank9_data_s0_reg[9]'.
Info    : Replacing a flip-flop with a logic constant 0. [GLO-12]
        : The instance is 'u_core/u_score_exp/u_exp_rom/bank9_data_s0_reg[10]'.
Info    : Replacing a flip-flop with a logic constant 0. [GLO-12]
        : The instance is 'u_core/u_score_exp/u_exp_rom/bank9_data_s0_reg[11]'.
Info    : Replacing a flip-flop with a logic constant 0. [GLO-12]
        : The instance is 'u_core/u_score_exp/u_exp_rom/bank9_data_s0_reg[12]'.
Info    : Replacing a flip-flop with a logic constant 0. [GLO-12]
        : The instance is 'u_core/u_score_exp/u_exp_rom/bank9_data_s0_reg[13]'.
Info    : Replacing a flip-flop with a logic constant 0. [GLO-12]
        : The instance is 'u_core/u_score_exp/u_exp_rom/bank9_data_s0_reg[14]'.
Info    : Replacing a flip-flop with a logic constant 0. [GLO-12]
        : The instance is 'u_core/u_score_exp/u_exp_rom/bank9_data_s0_reg[15]'.
Info    : Replacing a flip-flop with a logic constant 0. [GLO-12]
        : The instance is 'u_core/u_score_exp/u_exp_rom/bank10_data_s0_reg[1]'.
Info    : Replacing a flip-flop with a logic constant 0. [GLO-12]
        : The instance is 'u_core/u_score_exp/u_exp_rom/bank10_data_s0_reg[2]'.
Info    : Replacing a flip-flop with a logic constant 0. [GLO-12]
        : The instance is 'u_core/u_score_exp/u_exp_rom/bank10_data_s0_reg[3]'.
Info    : Replacing a flip-flop with a logic constant 0. [GLO-12]
        : The instance is 'u_core/u_score_exp/u_exp_rom/bank10_data_s0_reg[4]'.
Info    : Replacing a flip-flop with a logic constant 0. [GLO-12]
        : The instance is 'u_core/u_score_exp/u_exp_rom/bank10_data_s0_reg[5]'.
Info    : Replacing a flip-flop with a logic constant 0. [GLO-12]
        : The instance is 'u_core/u_score_exp/u_exp_rom/bank10_data_s0_reg[6]'.
Info    : Replacing a flip-flop with a logic constant 0. [GLO-12]
        : The instance is 'u_core/u_score_exp/u_exp_rom/bank10_data_s0_reg[7]'.
Info    : Replacing a flip-flop with a logic constant 0. [GLO-12]
        : The instance is 'u_core/u_score_exp/u_exp_rom/bank10_data_s0_reg[8]'.
Info    : Replacing a flip-flop with a logic constant 0. [GLO-12]
        : The instance is 'u_core/u_score_exp/u_exp_rom/bank10_data_s0_reg[9]'.
Info    : Replacing a flip-flop with a logic constant 0. [GLO-12]
        : The instance is 'u_core/u_score_exp/u_exp_rom/bank10_data_s0_reg[10]'.
Info    : Replacing a flip-flop with a logic constant 0. [GLO-12]
        : The instance is 'u_core/u_score_exp/u_exp_rom/bank10_data_s0_reg[11]'.
Info    : Replacing a flip-flop with a logic constant 0. [GLO-12]
        : The instance is 'u_core/u_score_exp/u_exp_rom/bank10_data_s0_reg[12]'.
Info    : Replacing a flip-flop with a logic constant 0. [GLO-12]
        : The instance is 'u_core/u_score_exp/u_exp_rom/bank10_data_s0_reg[13]'.
Info    : Replacing a flip-flop with a logic constant 0. [GLO-12]
        : The instance is 'u_core/u_score_exp/u_exp_rom/bank10_data_s0_reg[14]'.
Info    : Replacing a flip-flop with a logic constant 0. [GLO-12]
        : The instance is 'u_core/u_score_exp/u_exp_rom/bank10_data_s0_reg[15]'.
Info    : Replacing a flip-flop with a logic constant 0. [GLO-12]
        : The instance is 'u_core/u_score_exp/u_exp_rom/bank11_data_s0_reg[1]'.
Info    : Replacing a flip-flop with a logic constant 0. [GLO-12]
        : The instance is 'u_core/u_score_exp/u_exp_rom/bank11_data_s0_reg[2]'.
Info    : Replacing a flip-flop with a logic constant 0. [GLO-12]
        : The instance is 'u_core/u_score_exp/u_exp_rom/bank11_data_s0_reg[3]'.
Info    : Replacing a flip-flop with a logic constant 0. [GLO-12]
        : The instance is 'u_core/u_score_exp/u_exp_rom/bank11_data_s0_reg[4]'.
Info    : Replacing a flip-flop with a logic constant 0. [GLO-12]
        : The instance is 'u_core/u_score_exp/u_exp_rom/bank11_data_s0_reg[5]'.
Info    : Replacing a flip-flop with a logic constant 0. [GLO-12]
        : The instance is 'u_core/u_score_exp/u_exp_rom/bank11_data_s0_reg[6]'.
Info    : Replacing a flip-flop with a logic constant 0. [GLO-12]
        : The instance is 'u_core/u_score_exp/u_exp_rom/bank11_data_s0_reg[7]'.
Info    : Replacing a flip-flop with a logic constant 0. [GLO-12]
        : The instance is 'u_core/u_score_exp/u_exp_rom/bank11_data_s0_reg[8]'.
Info    : Replacing a flip-flop with a logic constant 0. [GLO-12]
        : The instance is 'u_core/u_score_exp/u_exp_rom/bank11_data_s0_reg[9]'.
Info    : Replacing a flip-flop with a logic constant 0. [GLO-12]
        : The instance is 'u_core/u_score_exp/u_exp_rom/bank11_data_s0_reg[10]'.
Info    : Replacing a flip-flop with a logic constant 0. [GLO-12]
        : The instance is 'u_core/u_score_exp/u_exp_rom/bank11_data_s0_reg[11]'.
Info    : Replacing a flip-flop with a logic constant 0. [GLO-12]
        : The instance is 'u_core/u_score_exp/u_exp_rom/bank11_data_s0_reg[12]'.
Info    : Replacing a flip-flop with a logic constant 0. [GLO-12]
        : The instance is 'u_core/u_score_exp/u_exp_rom/bank11_data_s0_reg[13]'.
Info    : Replacing a flip-flop with a logic constant 0. [GLO-12]
        : The instance is 'u_core/u_score_exp/u_exp_rom/bank11_data_s0_reg[14]'.
Info    : Replacing a flip-flop with a logic constant 0. [GLO-12]
        : The instance is 'u_core/u_score_exp/u_exp_rom/bank11_data_s0_reg[15]'.
Info    : Replacing a flip-flop with a logic constant 0. [GLO-12]
        : The instance is 'u_core/u_score_exp/u_exp_rom/bank12_data_s0_reg[0]'.
Info    : Replacing a flip-flop with a logic constant 0. [GLO-12]
        : The instance is 'u_core/u_score_exp/u_exp_rom/bank12_data_s0_reg[1]'.
Info    : Replacing a flip-flop with a logic constant 0. [GLO-12]
        : The instance is 'u_core/u_score_exp/u_exp_rom/bank12_data_s0_reg[2]'.
Info    : Replacing a flip-flop with a logic constant 0. [GLO-12]
        : The instance is 'u_core/u_score_exp/u_exp_rom/bank12_data_s0_reg[3]'.
Info    : Replacing a flip-flop with a logic constant 0. [GLO-12]
        : The instance is 'u_core/u_score_exp/u_exp_rom/bank12_data_s0_reg[4]'.
Info    : Replacing a flip-flop with a logic constant 0. [GLO-12]
        : The instance is 'u_core/u_score_exp/u_exp_rom/bank12_data_s0_reg[5]'.
Info    : Replacing a flip-flop with a logic constant 0. [GLO-12]
        : The instance is 'u_core/u_score_exp/u_exp_rom/bank12_data_s0_reg[6]'.
Info    : Replacing a flip-flop with a logic constant 0. [GLO-12]
        : The instance is 'u_core/u_score_exp/u_exp_rom/bank12_data_s0_reg[7]'.
Info    : Replacing a flip-flop with a logic constant 0. [GLO-12]
        : The instance is 'u_core/u_score_exp/u_exp_rom/bank12_data_s0_reg[8]'.
Info    : Replacing a flip-flop with a logic constant 0. [GLO-12]
        : The instance is 'u_core/u_score_exp/u_exp_rom/bank12_data_s0_reg[9]'.
Info    : Replacing a flip-flop with a logic constant 0. [GLO-12]
        : The instance is 'u_core/u_score_exp/u_exp_rom/bank12_data_s0_reg[10]'.
Info    : Replacing a flip-flop with a logic constant 0. [GLO-12]
        : The instance is 'u_core/u_score_exp/u_exp_rom/bank12_data_s0_reg[11]'.
Info    : Replacing a flip-flop with a logic constant 0. [GLO-12]
        : The instance is 'u_core/u_score_exp/u_exp_rom/bank12_data_s0_reg[12]'.
Info    : Replacing a flip-flop with a logic constant 0. [GLO-12]
        : The instance is 'u_core/u_score_exp/u_exp_rom/bank12_data_s0_reg[13]'.
Info    : Replacing a flip-flop with a logic constant 0. [GLO-12]
        : The instance is 'u_core/u_score_exp/u_exp_rom/bank12_data_s0_reg[14]'.
Info    : Replacing a flip-flop with a logic constant 0. [GLO-12]
        : The instance is 'u_core/u_score_exp/u_exp_rom/bank12_data_s0_reg[15]'.
Info    : Replacing a flip-flop with a logic constant 0. [GLO-12]
        : The instance is 'u_core/u_score_exp/u_exp_rom/bank13_data_s0_reg[0]'.
Info    : Replacing a flip-flop with a logic constant 0. [GLO-12]
        : The instance is 'u_core/u_score_exp/u_exp_rom/bank13_data_s0_reg[1]'.
Info    : Replacing a flip-flop with a logic constant 0. [GLO-12]
        : The instance is 'u_core/u_score_exp/u_exp_rom/bank13_data_s0_reg[2]'.
Info    : Replacing a flip-flop with a logic constant 0. [GLO-12]
        : The instance is 'u_core/u_score_exp/u_exp_rom/bank13_data_s0_reg[3]'.
Info    : Replacing a flip-flop with a logic constant 0. [GLO-12]
        : The instance is 'u_core/u_score_exp/u_exp_rom/bank13_data_s0_reg[4]'.
Info    : Replacing a flip-flop with a logic constant 0. [GLO-12]
        : The instance is 'u_core/u_score_exp/u_exp_rom/bank13_data_s0_reg[5]'.
Info    : Replacing a flip-flop with a logic constant 0. [GLO-12]
        : The instance is 'u_core/u_score_exp/u_exp_rom/bank13_data_s0_reg[6]'.
Info    : Replacing a flip-flop with a logic constant 0. [GLO-12]
        : The instance is 'u_core/u_score_exp/u_exp_rom/bank13_data_s0_reg[7]'.
Info    : Replacing a flip-flop with a logic constant 0. [GLO-12]
        : The instance is 'u_core/u_score_exp/u_exp_rom/bank13_data_s0_reg[8]'.
Info    : Replacing a flip-flop with a logic constant 0. [GLO-12]
        : The instance is 'u_core/u_score_exp/u_exp_rom/bank13_data_s0_reg[9]'.
Info    : Replacing a flip-flop with a logic constant 0. [GLO-12]
        : The instance is 'u_core/u_score_exp/u_exp_rom/bank13_data_s0_reg[10]'.
Info    : Replacing a flip-flop with a logic constant 0. [GLO-12]
        : The instance is 'u_core/u_score_exp/u_exp_rom/bank13_data_s0_reg[11]'.
Info    : Replacing a flip-flop with a logic constant 0. [GLO-12]
        : The instance is 'u_core/u_score_exp/u_exp_rom/bank13_data_s0_reg[12]'.
Info    : Replacing a flip-flop with a logic constant 0. [GLO-12]
        : The instance is 'u_core/u_score_exp/u_exp_rom/bank13_data_s0_reg[13]'.
Info    : Replacing a flip-flop with a logic constant 0. [GLO-12]
        : The instance is 'u_core/u_score_exp/u_exp_rom/bank13_data_s0_reg[14]'.
Info    : Replacing a flip-flop with a logic constant 0. [GLO-12]
        : The instance is 'u_core/u_score_exp/u_exp_rom/bank13_data_s0_reg[15]'.
Info    : Replacing a flip-flop with a logic constant 0. [GLO-12]
        : The instance is 'u_core/u_score_exp/u_exp_rom/bank14_data_s0_reg[0]'.
Info    : Replacing a flip-flop with a logic constant 0. [GLO-12]
        : The instance is 'u_core/u_score_exp/u_exp_rom/bank14_data_s0_reg[1]'.
Info    : Replacing a flip-flop with a logic constant 0. [GLO-12]
        : The instance is 'u_core/u_score_exp/u_exp_rom/bank14_data_s0_reg[2]'.
Info    : Replacing a flip-flop with a logic constant 0. [GLO-12]
        : The instance is 'u_core/u_score_exp/u_exp_rom/bank14_data_s0_reg[3]'.
Info    : Replacing a flip-flop with a logic constant 0. [GLO-12]
        : The instance is 'u_core/u_score_exp/u_exp_rom/bank14_data_s0_reg[4]'.
Info    : Replacing a flip-flop with a logic constant 0. [GLO-12]
        : The instance is 'u_core/u_score_exp/u_exp_rom/bank14_data_s0_reg[5]'.
Info    : Replacing a flip-flop with a logic constant 0. [GLO-12]
        : The instance is 'u_core/u_score_exp/u_exp_rom/bank14_data_s0_reg[6]'.
Info    : Replacing a flip-flop with a logic constant 0. [GLO-12]
        : The instance is 'u_core/u_score_exp/u_exp_rom/bank14_data_s0_reg[7]'.
Info    : Replacing a flip-flop with a logic constant 0. [GLO-12]
        : The instance is 'u_core/u_score_exp/u_exp_rom/bank14_data_s0_reg[8]'.
Info    : Replacing a flip-flop with a logic constant 0. [GLO-12]
        : The instance is 'u_core/u_score_exp/u_exp_rom/bank14_data_s0_reg[9]'.
Info    : Replacing a flip-flop with a logic constant 0. [GLO-12]
        : The instance is 'u_core/u_score_exp/u_exp_rom/bank14_data_s0_reg[10]'.
Info    : Replacing a flip-flop with a logic constant 0. [GLO-12]
        : The instance is 'u_core/u_score_exp/u_exp_rom/bank14_data_s0_reg[11]'.
Info    : Replacing a flip-flop with a logic constant 0. [GLO-12]
        : The instance is 'u_core/u_score_exp/u_exp_rom/bank14_data_s0_reg[12]'.
Info    : Replacing a flip-flop with a logic constant 0. [GLO-12]
        : The instance is 'u_core/u_score_exp/u_exp_rom/bank14_data_s0_reg[13]'.
Info    : Replacing a flip-flop with a logic constant 0. [GLO-12]
        : The instance is 'u_core/u_score_exp/u_exp_rom/bank14_data_s0_reg[14]'.
Info    : Replacing a flip-flop with a logic constant 0. [GLO-12]
        : The instance is 'u_core/u_score_exp/u_exp_rom/bank14_data_s0_reg[15]'.
Info    : Replacing a flip-flop with a logic constant 0. [GLO-12]
        : The instance is 'u_core/u_score_exp/u_exp_rom/bank15_data_s0_reg[0]'.
Info    : Replacing a flip-flop with a logic constant 0. [GLO-12]
        : The instance is 'u_core/u_score_exp/u_exp_rom/bank15_data_s0_reg[1]'.
Info    : Replacing a flip-flop with a logic constant 0. [GLO-12]
        : The instance is 'u_core/u_score_exp/u_exp_rom/bank15_data_s0_reg[2]'.
Info    : Replacing a flip-flop with a logic constant 0. [GLO-12]
        : The instance is 'u_core/u_score_exp/u_exp_rom/bank15_data_s0_reg[3]'.
Info    : Replacing a flip-flop with a logic constant 0. [GLO-12]
        : The instance is 'u_core/u_score_exp/u_exp_rom/bank15_data_s0_reg[4]'.
Info    : Replacing a flip-flop with a logic constant 0. [GLO-12]
        : The instance is 'u_core/u_score_exp/u_exp_rom/bank15_data_s0_reg[5]'.
Info    : Replacing a flip-flop with a logic constant 0. [GLO-12]
        : The instance is 'u_core/u_score_exp/u_exp_rom/bank15_data_s0_reg[6]'.
Info    : Replacing a flip-flop with a logic constant 0. [GLO-12]
        : The instance is 'u_core/u_score_exp/u_exp_rom/bank15_data_s0_reg[7]'.
Info    : Replacing a flip-flop with a logic constant 0. [GLO-12]
        : The instance is 'u_core/u_score_exp/u_exp_rom/bank15_data_s0_reg[8]'.
Info    : Replacing a flip-flop with a logic constant 0. [GLO-12]
        : The instance is 'u_core/u_score_exp/u_exp_rom/bank15_data_s0_reg[9]'.
Info    : Replacing a flip-flop with a logic constant 0. [GLO-12]
        : The instance is 'u_core/u_score_exp/u_exp_rom/bank15_data_s0_reg[10]'.
Info    : Replacing a flip-flop with a logic constant 0. [GLO-12]
        : The instance is 'u_core/u_score_exp/u_exp_rom/bank15_data_s0_reg[11]'.
Info    : Replacing a flip-flop with a logic constant 0. [GLO-12]
        : The instance is 'u_core/u_score_exp/u_exp_rom/bank15_data_s0_reg[12]'.
Info    : Replacing a flip-flop with a logic constant 0. [GLO-12]
        : The instance is 'u_core/u_score_exp/u_exp_rom/bank15_data_s0_reg[13]'.
Info    : Replacing a flip-flop with a logic constant 0. [GLO-12]
        : The instance is 'u_core/u_score_exp/u_exp_rom/bank15_data_s0_reg[14]'.
Info    : Replacing a flip-flop with a logic constant 0. [GLO-12]
        : The instance is 'u_core/u_score_exp/u_exp_rom/bank15_data_s0_reg[15]'.
Info    : Replacing a flip-flop with a logic constant 0. [GLO-12]
        : The instance is 'u_finalize/u_recip/dividend_reg_reg[0]'.
Info    : Replacing a flip-flop with a logic constant 0. [GLO-12]
        : The instance is 'u_core/u_update/meta_wr_addr_reg[3]'.
Info    : Replacing a flip-flop with a logic constant 0. [GLO-12]
        : The instance is 'u_core/u_update/meta_wr_data_reg[80]'.
Info    : Replacing a flip-flop with a logic constant 0. [GLO-12]
        : The instance is 'u_core/u_update/meta_wr_data_reg[81]'.
Info    : Replacing a flip-flop with a logic constant 0. [GLO-12]
        : The instance is 'u_core/u_update/meta_wr_data_reg[82]'.
Info    : Replacing a flip-flop with a logic constant 0. [GLO-12]
        : The instance is 'u_core/u_update/meta_wr_data_reg[83]'.
Info    : Replacing a flip-flop with a logic constant 0. [GLO-12]
        : The instance is 'u_core/u_update/meta_wr_data_reg[84]'.
Info    : Replacing a flip-flop with a logic constant 0. [GLO-12]
        : The instance is 'u_core/u_update/meta_wr_data_reg[85]'.
Info    : Replacing a flip-flop with a logic constant 0. [GLO-12]
        : The instance is 'u_core/u_update/meta_wr_data_reg[86]'.
Info    : Replacing a flip-flop with a logic constant 0. [GLO-12]
        : The instance is 'u_core/u_update/meta_wr_data_reg[87]'.
Info    : Replacing a flip-flop with a logic constant 0. [GLO-12]
        : The instance is 'u_core/u_update/meta_wr_data_reg[88]'.
Info    : Replacing a flip-flop with a logic constant 0. [GLO-12]
        : The instance is 'u_core/u_update/meta_wr_data_reg[89]'.
Info    : Replacing a flip-flop with a logic constant 0. [GLO-12]
        : The instance is 'u_core/u_update/meta_wr_data_reg[90]'.
Info    : Replacing a flip-flop with a logic constant 0. [GLO-12]
        : The instance is 'u_core/u_update/meta_wr_data_reg[91]'.
Info    : Replacing a flip-flop with a logic constant 0. [GLO-12]
        : The instance is 'u_core/u_update/meta_wr_data_reg[92]'.
Info    : Replacing a flip-flop with a logic constant 0. [GLO-12]
        : The instance is 'u_core/u_update/meta_wr_data_reg[93]'.
Info    : Replacing a flip-flop with a logic constant 0. [GLO-12]
        : The instance is 'u_core/u_update/meta_wr_data_reg[94]'.
Info    : Replacing a flip-flop with a logic constant 0. [GLO-12]
        : The instance is 'u_core/u_update/meta_wr_data_reg[95]'.
Info    : Replacing a flip-flop with a logic constant 0. [GLO-12]
        : The instance is 'u_core/u_update/meta_wr_data_reg[96]'.
Info    : Replacing a flip-flop with a logic constant 0. [GLO-12]
        : The instance is 'u_core/u_update/meta_wr_data_reg[97]'.
Info    : Replacing a flip-flop with a logic constant 0. [GLO-12]
        : The instance is 'u_core/u_update/meta_wr_data_reg[98]'.
Info    : Replacing a flip-flop with a logic constant 0. [GLO-12]
        : The instance is 'u_core/u_update/meta_wr_data_reg[99]'.
Info    : Replacing a flip-flop with a logic constant 0. [GLO-12]
        : The instance is 'u_core/u_update/meta_wr_data_reg[100]'.
Info    : Replacing a flip-flop with a logic constant 0. [GLO-12]
        : The instance is 'u_core/u_update/meta_wr_data_reg[101]'.
Info    : Replacing a flip-flop with a logic constant 0. [GLO-12]
        : The instance is 'u_core/u_update/meta_wr_data_reg[102]'.
Info    : Replacing a flip-flop with a logic constant 0. [GLO-12]
        : The instance is 'u_core/u_update/meta_wr_data_reg[103]'.
Info    : Replacing a flip-flop with a logic constant 0. [GLO-12]
        : The instance is 'u_core/u_update/meta_wr_data_reg[104]'.
Info    : Replacing a flip-flop with a logic constant 0. [GLO-12]
        : The instance is 'u_core/u_update/meta_wr_data_reg[105]'.
Info    : Replacing a flip-flop with a logic constant 0. [GLO-12]
        : The instance is 'u_core/u_update/meta_wr_data_reg[106]'.
Info    : Replacing a flip-flop with a logic constant 0. [GLO-12]
        : The instance is 'u_core/u_update/meta_wr_data_reg[107]'.
Info    : Replacing a flip-flop with a logic constant 0. [GLO-12]
        : The instance is 'u_core/u_update/meta_wr_data_reg[108]'.
Info    : Replacing a flip-flop with a logic constant 0. [GLO-12]
        : The instance is 'u_core/u_update/meta_wr_data_reg[109]'.
Info    : Replacing a flip-flop with a logic constant 0. [GLO-12]
        : The instance is 'u_core/u_update/meta_wr_data_reg[110]'.
Info    : Replacing a flip-flop with a logic constant 0. [GLO-12]
        : The instance is 'u_core/u_update/meta_wr_data_reg[111]'.
Info    : Replacing a flip-flop with a logic constant 0. [GLO-12]
        : The instance is 'u_core/u_update/meta_wr_data_reg[112]'.
Info    : Replacing a flip-flop with a logic constant 0. [GLO-12]
        : The instance is 'u_core/u_update/meta_wr_data_reg[113]'.
Info    : Replacing a flip-flop with a logic constant 0. [GLO-12]
        : The instance is 'u_core/u_update/meta_wr_data_reg[114]'.
Info    : Replacing a flip-flop with a logic constant 0. [GLO-12]
        : The instance is 'u_core/u_update/meta_wr_data_reg[115]'.
Info    : Replacing a flip-flop with a logic constant 0. [GLO-12]
        : The instance is 'u_core/u_update/meta_wr_data_reg[116]'.
Info    : Replacing a flip-flop with a logic constant 0. [GLO-12]
        : The instance is 'u_core/u_update/meta_wr_data_reg[117]'.
Info    : Replacing a flip-flop with a logic constant 0. [GLO-12]
        : The instance is 'u_core/u_update/meta_wr_data_reg[118]'.
Info    : Replacing a flip-flop with a logic constant 0. [GLO-12]
        : The instance is 'u_core/u_update/meta_wr_data_reg[119]'.
Info    : Replacing a flip-flop with a logic constant 0. [GLO-12]
        : The instance is 'u_core/u_update/meta_wr_data_reg[120]'.
Info    : Replacing a flip-flop with a logic constant 0. [GLO-12]
        : The instance is 'u_core/u_update/meta_wr_data_reg[121]'.
Info    : Replacing a flip-flop with a logic constant 0. [GLO-12]
        : The instance is 'u_core/u_update/meta_wr_data_reg[122]'.
Info    : Replacing a flip-flop with a logic constant 0. [GLO-12]
        : The instance is 'u_core/u_update/meta_wr_data_reg[123]'.
Info    : Replacing a flip-flop with a logic constant 0. [GLO-12]
        : The instance is 'u_core/u_update/meta_wr_data_reg[124]'.
Info    : Replacing a flip-flop with a logic constant 0. [GLO-12]
        : The instance is 'u_core/u_update/meta_wr_data_reg[125]'.
Info    : Replacing a flip-flop with a logic constant 0. [GLO-12]
        : The instance is 'u_core/u_update/meta_wr_data_reg[126]'.
Info    : Replacing a flip-flop with a logic constant 0. [GLO-12]
        : The instance is 'u_core/u_update/meta_wr_data_reg[127]'.
Info    : Replacing a flip-flop with a logic constant 0. [GLO-12]
        : The instance is 'u_perf/update_quarter_count_reg[0]'.
Info    : Replacing a flip-flop with a logic constant 0. [GLO-12]
        : The instance is 'u_perf/update_quarter_count_reg[1]'.
Info    : Replacing a flip-flop with a logic constant 0. [GLO-12]
        : The instance is 'u_perf/update_quarter_count_reg[2]'.
Info    : Replacing a flip-flop with a logic constant 0. [GLO-12]
        : The instance is 'u_perf/update_quarter_count_reg[3]'.
Info    : Replacing a flip-flop with a logic constant 0. [GLO-12]
        : The instance is 'u_perf/update_quarter_count_reg[4]'.
Info    : Replacing a flip-flop with a logic constant 0. [GLO-12]
        : The instance is 'u_perf/update_quarter_count_reg[5]'.
Info    : Replacing a flip-flop with a logic constant 0. [GLO-12]
        : The instance is 'u_perf/update_quarter_count_reg[6]'.
Info    : Replacing a flip-flop with a logic constant 0. [GLO-12]
        : The instance is 'u_perf/update_quarter_count_reg[7]'.
Info    : Replacing a flip-flop with a logic constant 0. [GLO-12]
        : The instance is 'u_perf/update_quarter_count_reg[8]'.
Info    : Replacing a flip-flop with a logic constant 0. [GLO-12]
        : The instance is 'u_perf/update_quarter_count_reg[9]'.
Info    : Replacing a flip-flop with a logic constant 0. [GLO-12]
        : The instance is 'u_perf/update_quarter_count_reg[10]'.
Info    : Replacing a flip-flop with a logic constant 0. [GLO-12]
        : The instance is 'u_perf/update_quarter_count_reg[11]'.
Info    : Replacing a flip-flop with a logic constant 0. [GLO-12]
        : The instance is 'u_perf/update_quarter_count_reg[12]'.
Info    : Replacing a flip-flop with a logic constant 0. [GLO-12]
        : The instance is 'u_perf/update_quarter_count_reg[13]'.
Info    : Replacing a flip-flop with a logic constant 0. [GLO-12]
        : The instance is 'u_perf/update_quarter_count_reg[14]'.
Info    : Replacing a flip-flop with a logic constant 0. [GLO-12]
        : The instance is 'u_perf/update_quarter_count_reg[15]'.
Info    : Replacing a flip-flop with a logic constant 0. [GLO-12]
        : The instance is 'u_perf/update_quarter_count_reg[16]'.
Info    : Replacing a flip-flop with a logic constant 0. [GLO-12]
        : The instance is 'u_perf/update_quarter_count_reg[17]'.
Info    : Replacing a flip-flop with a logic constant 0. [GLO-12]
        : The instance is 'u_perf/update_quarter_count_reg[18]'.
Info    : Replacing a flip-flop with a logic constant 0. [GLO-12]
        : The instance is 'u_perf/update_quarter_count_reg[19]'.
Info    : Replacing a flip-flop with a logic constant 0. [GLO-12]
        : The instance is 'u_perf/update_quarter_count_reg[20]'.
Info    : Replacing a flip-flop with a logic constant 0. [GLO-12]
        : The instance is 'u_perf/update_quarter_count_reg[21]'.
Info    : Replacing a flip-flop with a logic constant 0. [GLO-12]
        : The instance is 'u_perf/update_quarter_count_reg[22]'.
Info    : Replacing a flip-flop with a logic constant 0. [GLO-12]
        : The instance is 'u_perf/update_quarter_count_reg[23]'.
Info    : Replacing a flip-flop with a logic constant 0. [GLO-12]
        : The instance is 'u_perf/update_quarter_count_reg[24]'.
Info    : Replacing a flip-flop with a logic constant 0. [GLO-12]
        : The instance is 'u_perf/update_quarter_count_reg[25]'.
Info    : Replacing a flip-flop with a logic constant 0. [GLO-12]
        : The instance is 'u_perf/update_quarter_count_reg[26]'.
Info    : Replacing a flip-flop with a logic constant 0. [GLO-12]
        : The instance is 'u_perf/update_quarter_count_reg[27]'.
Info    : Replacing a flip-flop with a logic constant 0. [GLO-12]
        : The instance is 'u_perf/update_quarter_count_reg[28]'.
Info    : Replacing a flip-flop with a logic constant 0. [GLO-12]
        : The instance is 'u_perf/update_quarter_count_reg[29]'.
Info    : Replacing a flip-flop with a logic constant 0. [GLO-12]
        : The instance is 'u_perf/update_quarter_count_reg[30]'.
Info    : Replacing a flip-flop with a logic constant 0. [GLO-12]
        : The instance is 'u_perf/update_quarter_count_reg[31]'.
Info    : Replacing a flip-flop with a logic constant 0. [GLO-12]
        : The instance is 'u_perf/update_quarter_count_reg[32]'.
Info    : Replacing a flip-flop with a logic constant 0. [GLO-12]
        : The instance is 'u_perf/update_quarter_count_reg[33]'.
Info    : Replacing a flip-flop with a logic constant 0. [GLO-12]
        : The instance is 'u_perf/update_quarter_count_reg[34]'.
Info    : Replacing a flip-flop with a logic constant 0. [GLO-12]
        : The instance is 'u_perf/update_quarter_count_reg[35]'.
Info    : Replacing a flip-flop with a logic constant 0. [GLO-12]
        : The instance is 'u_perf/update_quarter_count_reg[36]'.
Info    : Replacing a flip-flop with a logic constant 0. [GLO-12]
        : The instance is 'u_perf/update_quarter_count_reg[37]'.
Info    : Replacing a flip-flop with a logic constant 0. [GLO-12]
        : The instance is 'u_perf/update_quarter_count_reg[38]'.
Info    : Replacing a flip-flop with a logic constant 0. [GLO-12]
        : The instance is 'u_perf/update_quarter_count_reg[39]'.
Info    : Replacing a flip-flop with a logic constant 0. [GLO-12]
        : The instance is 'u_perf/update_quarter_count_reg[40]'.
Info    : Replacing a flip-flop with a logic constant 0. [GLO-12]
        : The instance is 'u_perf/update_quarter_count_reg[41]'.
Info    : Replacing a flip-flop with a logic constant 0. [GLO-12]
        : The instance is 'u_perf/update_quarter_count_reg[42]'.
Info    : Replacing a flip-flop with a logic constant 0. [GLO-12]
        : The instance is 'u_perf/update_quarter_count_reg[43]'.
Info    : Replacing a flip-flop with a logic constant 0. [GLO-12]
        : The instance is 'u_perf/update_quarter_count_reg[44]'.
Info    : Replacing a flip-flop with a logic constant 0. [GLO-12]
        : The instance is 'u_perf/update_quarter_count_reg[45]'.
Info    : Replacing a flip-flop with a logic constant 0. [GLO-12]
        : The instance is 'u_perf/update_quarter_count_reg[46]'.
Info    : Replacing a flip-flop with a logic constant 0. [GLO-12]
        : The instance is 'u_perf/update_quarter_count_reg[47]'.
Info    : Replacing a flip-flop with a logic constant 0. [GLO-12]
        : The instance is 'u_perf/update_quarter_count_reg[48]'.
Info    : Replacing a flip-flop with a logic constant 0. [GLO-12]
        : The instance is 'u_perf/update_quarter_count_reg[49]'.
Info    : Replacing a flip-flop with a logic constant 0. [GLO-12]
        : The instance is 'u_perf/update_quarter_count_reg[50]'.
Info    : Replacing a flip-flop with a logic constant 0. [GLO-12]
        : The instance is 'u_perf/update_quarter_count_reg[51]'.
Info    : Replacing a flip-flop with a logic constant 0. [GLO-12]
        : The instance is 'u_perf/update_quarter_count_reg[52]'.
Info    : Replacing a flip-flop with a logic constant 0. [GLO-12]
        : The instance is 'u_perf/update_quarter_count_reg[53]'.
Info    : Replacing a flip-flop with a logic constant 0. [GLO-12]
        : The instance is 'u_perf/update_quarter_count_reg[54]'.
Info    : Replacing a flip-flop with a logic constant 0. [GLO-12]
        : The instance is 'u_perf/update_quarter_count_reg[55]'.
Info    : Replacing a flip-flop with a logic constant 0. [GLO-12]
        : The instance is 'u_perf/update_quarter_count_reg[56]'.
Info    : Replacing a flip-flop with a logic constant 0. [GLO-12]
        : The instance is 'u_perf/update_quarter_count_reg[57]'.
Info    : Replacing a flip-flop with a logic constant 0. [GLO-12]
        : The instance is 'u_perf/update_quarter_count_reg[58]'.
Info    : Replacing a flip-flop with a logic constant 0. [GLO-12]
        : The instance is 'u_perf/update_quarter_count_reg[59]'.
Info    : Replacing a flip-flop with a logic constant 0. [GLO-12]
        : The instance is 'u_perf/update_quarter_count_reg[60]'.
Info    : Replacing a flip-flop with a logic constant 0. [GLO-12]
        : The instance is 'u_perf/update_quarter_count_reg[61]'.
Info    : Replacing a flip-flop with a logic constant 0. [GLO-12]
        : The instance is 'u_perf/update_quarter_count_reg[62]'.
Info    : Replacing a flip-flop with a logic constant 0. [GLO-12]
        : The instance is 'u_perf/update_quarter_count_reg[63]'.
Info    : Replacing a flip-flop with a logic constant 0. [GLO-12]
        : The instance is 'u_regs/s_bresp_reg[0]'.
Info    : Replacing a flip-flop with a logic constant 0. [GLO-12]
        : The instance is 'u_regs/s_bresp_reg[1]'.
Info    : Replacing a flip-flop with a logic constant 0. [GLO-12]
        : The instance is 'u_regs/s_rresp_reg[0]'.
Info    : Replacing a flip-flop with a logic constant 0. [GLO-12]
        : The instance is 'u_regs/s_rresp_reg[1]'.
Info    : Replacing a flip-flop with a logic constant 0. [GLO-12]
        : The instance is 'u_dma/u_read/done_tag_reg[5]'.
Info    : Replacing a flip-flop with a logic constant 0. [GLO-12]
        : The instance is 'u_dma/u_write/done_tag_reg[5]'.
Info    : Replacing a flip-flop with a logic constant 0. [GLO-12]
        : The instance is 'u_finalize/u_recip/dividend_reg_reg[1]'.
Info    : Replacing a flip-flop with a logic constant 0. [GLO-12]
        : The instance is 'u_finalize/u_recip/dividend_reg_reg[2]'.
Info    : Replacing a flip-flop with a logic constant 0. [GLO-12]
        : The instance is 'u_finalize/u_recip/dividend_reg_reg[3]'.
Info    : Replacing a flip-flop with a logic constant 0. [GLO-12]
        : The instance is 'u_finalize/u_recip/dividend_reg_reg[4]'.
Info    : Replacing a flip-flop with a logic constant 0. [GLO-12]
        : The instance is 'u_finalize/u_recip/dividend_reg_reg[5]'.
Info    : Replacing a flip-flop with a logic constant 0. [GLO-12]
        : The instance is 'u_finalize/u_recip/dividend_reg_reg[6]'.
Info    : Replacing a flip-flop with a logic constant 0. [GLO-12]
        : The instance is 'u_finalize/u_recip/dividend_reg_reg[7]'.
Info    : Replacing a flip-flop with a logic constant 0. [GLO-12]
        : The instance is 'u_finalize/u_recip/dividend_reg_reg[8]'.
Info    : Replacing a flip-flop with a logic constant 0. [GLO-12]
        : The instance is 'u_finalize/u_recip/dividend_reg_reg[9]'.
Info    : Replacing a flip-flop with a logic constant 0. [GLO-12]
        : The instance is 'u_finalize/u_recip/dividend_reg_reg[10]'.
Info    : Replacing a flip-flop with a logic constant 0. [GLO-12]
        : The instance is 'u_finalize/u_recip/dividend_reg_reg[11]'.
Info    : Replacing a flip-flop with a logic constant 0. [GLO-12]
        : The instance is 'u_finalize/u_recip/dividend_reg_reg[12]'.
Info    : Replacing a flip-flop with a logic constant 0. [GLO-12]
        : The instance is 'u_finalize/u_recip/dividend_reg_reg[13]'.
Info    : Replacing a flip-flop with a logic constant 0. [GLO-12]
        : The instance is 'u_finalize/u_recip/dividend_reg_reg[14]'.
Info    : Replacing a flip-flop with a logic constant 0. [GLO-12]
        : The instance is 'u_finalize/u_recip/dividend_reg_reg[15]'.
Info    : Replacing a flip-flop with a logic constant 0. [GLO-12]
        : The instance is 'u_finalize/u_recip/dividend_reg_reg[16]'.
Info    : Replacing a flip-flop with a logic constant 0. [GLO-12]
        : The instance is 'u_finalize/u_recip/dividend_reg_reg[17]'.
Info    : Replacing a flip-flop with a logic constant 0. [GLO-12]
        : The instance is 'u_finalize/u_recip/dividend_reg_reg[18]'.
Info    : Replacing a flip-flop with a logic constant 0. [GLO-12]
        : The instance is 'u_finalize/u_recip/dividend_reg_reg[19]'.
Info    : Replacing a flip-flop with a logic constant 0. [GLO-12]
        : The instance is 'u_finalize/u_recip/dividend_reg_reg[20]'.
Info    : Replacing a flip-flop with a logic constant 0. [GLO-12]
        : The instance is 'u_finalize/u_recip/dividend_reg_reg[21]'.
Info    : Replacing a flip-flop with a logic constant 0. [GLO-12]
        : The instance is 'u_finalize/u_recip/dividend_reg_reg[22]'.
Info    : Replacing a flip-flop with a logic constant 0. [GLO-12]
        : The instance is 'u_finalize/u_recip/dividend_reg_reg[23]'.
Info    : Replacing a flip-flop with a logic constant 0. [GLO-12]
        : The instance is 'u_finalize/u_recip/dividend_reg_reg[24]'.
Info    : Replacing a flip-flop with a logic constant 0. [GLO-12]
        : The instance is 'u_finalize/u_recip/dividend_reg_reg[25]'.
Info    : Replacing a flip-flop with a logic constant 0. [GLO-12]
        : The instance is 'u_finalize/u_recip/dividend_reg_reg[26]'.
Info    : Replacing a flip-flop with a logic constant 0. [GLO-12]
        : The instance is 'u_finalize/u_recip/dividend_reg_reg[27]'.
Info    : Replacing a flip-flop with a logic constant 0. [GLO-12]
        : The instance is 'u_finalize/u_recip/dividend_reg_reg[28]'.
Info    : Replacing a flip-flop with a logic constant 0. [GLO-12]
        : The instance is 'u_finalize/u_recip/dividend_reg_reg[29]'.
Info    : Replacing a flip-flop with a logic constant 0. [GLO-12]
        : The instance is 'u_finalize/u_recip/dividend_reg_reg[30]'.
Info    : Replacing a flip-flop with a logic constant 0. [GLO-12]
        : The instance is 'u_finalize/u_recip/dividend_reg_reg[31]'.
Info    : Replacing a flip-flop with a logic constant 0. [GLO-12]
        : The instance is 'u_finalize/u_recip/dividend_reg_reg[32]'.
Info    : Replacing a flip-flop with a logic constant 0. [GLO-12]
        : The instance is 'u_finalize/u_recip/dividend_reg_reg[33]'.
Info    : Replacing a flip-flop with a logic constant 0. [GLO-12]
        : The instance is 'u_finalize/u_recip/dividend_reg_reg[34]'.
Info    : Replacing a flip-flop with a logic constant 0. [GLO-12]
        : The instance is 'u_finalize/u_recip/dividend_reg_reg[35]'.
Info    : Replacing a flip-flop with a logic constant 0. [GLO-12]
        : The instance is 'u_finalize/u_recip/dividend_reg_reg[36]'.
Info    : Replacing a flip-flop with a logic constant 0. [GLO-12]
        : The instance is 'u_finalize/u_recip/dividend_reg_reg[37]'.
Info    : Replacing a flip-flop with a logic constant 0. [GLO-12]
        : The instance is 'u_finalize/u_recip/dividend_reg_reg[38]'.
Info    : Replacing a flip-flop with a logic constant 0. [GLO-12]
        : The instance is 'u_finalize/u_recip/dividend_reg_reg[39]'.
Info    : Replacing a flip-flop with a logic constant 0. [GLO-12]
        : The instance is 'u_finalize/u_recip/dividend_reg_reg[40]'.
Info    : Replacing a flip-flop with a logic constant 0. [GLO-12]
        : The instance is 'u_finalize/u_recip/dividend_reg_reg[41]'.
Info    : Replacing a flip-flop with a logic constant 0. [GLO-12]
        : The instance is 'u_finalize/u_recip/dividend_reg_reg[42]'.
Info    : Replacing a flip-flop with a logic constant 0. [GLO-12]
        : The instance is 'u_finalize/u_recip/dividend_reg_reg[43]'.
Info    : Replacing a flip-flop with a logic constant 0. [GLO-12]
        : The instance is 'u_finalize/u_recip/dividend_reg_reg[44]'.
Info    : Replacing a flip-flop with a logic constant 0. [GLO-12]
        : The instance is 'u_finalize/u_recip/dividend_reg_reg[45]'.
Info    : Replacing a flip-flop with a logic constant 0. [GLO-12]
        : The instance is 'u_finalize/u_recip/dividend_reg_reg[46]'.
Info    : Replacing a flip-flop with a logic constant 0. [GLO-12]
        : The instance is 'u_finalize/u_recip/dividend_reg_reg[47]'.
Info    : Replacing a flip-flop with a logic constant 0. [GLO-12]
        : The instance is 'u_finalize/u_recip/dividend_reg_reg[48]'.
Info    : Replacing a flip-flop with a logic constant 0. [GLO-12]
        : The instance is 'u_finalize/u_recip/dividend_reg_reg[49]'.
Info    : Replacing a flip-flop with a logic constant 0. [GLO-12]
        : The instance is 'u_finalize/u_recip/dividend_reg_reg[50]'.
Info    : Replacing a flip-flop with a logic constant 0. [GLO-12]
        : The instance is 'u_finalize/u_recip/dividend_reg_reg[51]'.
Info    : Replacing a flip-flop with a logic constant 0. [GLO-12]
        : The instance is 'u_finalize/u_recip/dividend_reg_reg[52]'.
Info    : Replacing a flip-flop with a logic constant 0. [GLO-12]
        : The instance is 'u_finalize/u_recip/dividend_reg_reg[53]'.
Info    : Replacing a flip-flop with a logic constant 0. [GLO-12]
        : The instance is 'u_finalize/u_recip/dividend_reg_reg[54]'.
Info    : Replacing a flip-flop with a logic constant 0. [GLO-12]
        : The instance is 'u_finalize/u_recip/dividend_reg_reg[55]'.
Info    : Replacing a flip-flop with a logic constant 0. [GLO-12]
        : The instance is 'u_finalize/u_recip/dividend_reg_reg[56]'.
Info    : Replacing a flip-flop with a logic constant 0. [GLO-12]
        : The instance is 'u_finalize/u_recip/dividend_reg_reg[57]'.
Info    : Replacing a flip-flop with a logic constant 0. [GLO-12]
        : The instance is 'u_finalize/u_recip/dividend_reg_reg[58]'.
Info    : Replacing a flip-flop with a logic constant 0. [GLO-12]
        : The instance is 'u_finalize/u_recip/dividend_reg_reg[59]'.
Info    : Replacing a flip-flop with a logic constant 0. [GLO-12]
        : The instance is 'u_core/u_dot/u_k_sram/rw_read_d1_reg'.
Info    : Replacing a flip-flop with a logic constant 0. [GLO-12]
        : The instance is 'u_core/u_dot/u_k_sram/rw_read_d2_reg'.
Info    : Replacing a flip-flop with a logic constant 0. [GLO-12]
        : The instance is 'u_core/u_dot/u_k_sram/g_bank[0].u_bank/rw_rvalid_d1_reg'.
Info    : Replacing a flip-flop with a logic constant 0. [GLO-12]
        : The instance is 'u_core/u_dot/u_k_sram/g_bank[1].u_bank/rw_rvalid_d1_reg'.
Info    : Replacing a flip-flop with a logic constant 0. [GLO-12]
        : The instance is 'u_core/u_dot/u_k_sram/g_bank[2].u_bank/rw_rvalid_d1_reg'.
Info    : Replacing a flip-flop with a logic constant 0. [GLO-12]
        : The instance is 'u_core/u_dot/u_k_sram/g_bank[3].u_bank/rw_rvalid_d1_reg'.
Info    : Replacing a flip-flop with a logic constant 0. [GLO-12]
        : The instance is 'u_core/u_dot/u_k_sram/g_bank[4].u_bank/rw_rvalid_d1_reg'.
Info    : Replacing a flip-flop with a logic constant 0. [GLO-12]
        : The instance is 'u_core/u_dot/u_k_sram/g_bank[5].u_bank/rw_rvalid_d1_reg'.
Info    : Replacing a flip-flop with a logic constant 0. [GLO-12]
        : The instance is 'u_core/u_dot/u_k_sram/g_bank[6].u_bank/rw_rvalid_d1_reg'.
Info    : Replacing a flip-flop with a logic constant 0. [GLO-12]
        : The instance is 'u_core/u_dot/u_k_sram/g_bank[7].u_bank/rw_rvalid_d1_reg'.
Info    : Replacing a flip-flop with a logic constant 0. [GLO-12]
        : The instance is 'u_core/u_dot/u_k_sram/g_bank[0].u_bank/rw_rvalid_reg'.
Info    : Replacing a flip-flop with a logic constant 0. [GLO-12]
        : The instance is 'u_core/u_dot/u_k_sram/g_bank[1].u_bank/rw_rvalid_reg'.
Info    : Replacing a flip-flop with a logic constant 0. [GLO-12]
        : The instance is 'u_core/u_dot/u_k_sram/g_bank[2].u_bank/rw_rvalid_reg'.
Info    : Replacing a flip-flop with a logic constant 0. [GLO-12]
        : The instance is 'u_core/u_dot/u_k_sram/g_bank[3].u_bank/rw_rvalid_reg'.
Info    : Replacing a flip-flop with a logic constant 0. [GLO-12]
        : The instance is 'u_core/u_dot/u_k_sram/g_bank[4].u_bank/rw_rvalid_reg'.
Info    : Replacing a flip-flop with a logic constant 0. [GLO-12]
        : The instance is 'u_core/u_dot/u_k_sram/g_bank[5].u_bank/rw_rvalid_reg'.
Info    : Replacing a flip-flop with a logic constant 0. [GLO-12]
        : The instance is 'u_core/u_dot/u_k_sram/g_bank[6].u_bank/rw_rvalid_reg'.
Info    : Replacing a flip-flop with a logic constant 0. [GLO-12]
        : The instance is 'u_core/u_dot/u_k_sram/g_bank[7].u_bank/rw_rvalid_reg'.
Info    : Replacing a flip-flop with a logic constant 0. [GLO-12]
        : The instance is 'u_finalize/pack_slot_reg_reg[2]'.
Info    : Replacing a flip-flop with a logic constant 0. [GLO-12]
        : The instance is 'u_dma/u_read/burst_beats_reg_reg[7]'.
...done running DP early constant propagation (81 seconds CPU time, 73 seconds wall time, netlist fa_top).
Info    : Deleting instances not driving any primary outputs. [GLO-34]
        : Deleting 991 sequential instances.
Info    : Deleting instances not driving any primary outputs. [GLO-34]
        : Deleting 18 hierarchical instances.
Current PLE settings:

Aspect ratio        : 0.999
Shrink factor       : 1.000
Scale of res/length : 1.000
Scale of cap/length : 1.000
Net derating factor : 1.000
Thermal factor      : 1.000
Via Resistance      : 0.000 ohm (from default)
Site size           : 3.810 um (from lef [tech+cell])

                                   Capacitance  
  Layer                             / Length         Data source:
Name        Direction Utilization  (pF/micron)       lef_library
------------------------------------------------
li1             V         0.00        0.000088  
met1            H         1.00        0.000085  
met2            V         1.00        0.000078  
met3            H         1.00        0.000086  
met4            V         1.00        0.000076  
met5            H         1.00        0.000088  

                                    Resistance   
  Layer                              / Length         Data source:
Name        Direction Utilization  (ohm/micron)       lef_library
-------------------------------------------------
li1             V         0.00        75.294118  
met1            H         1.00         0.892857  
met2            V         1.00         0.892857  
met3            H         1.00         0.156667  
met4            V         1.00         0.156667  
met5            H         1.00         0.017812  

                                        Area     
  Layer                               / Length        Data source:
Name        Direction Utilization     (micron)        lef_library
-------------------------------------------------
li1             V         0.00         0.170000  
met1            H         1.00         0.140000  
met2            V         1.00         0.140000  
met3            H         1.00         0.300000  
met4            V         1.00         0.300000  
met5            H         1.00         1.600000  

Info    : Synthesizing. [SYNTH-1]
        : Synthesizing 'fa_top' to generic gates using 'medium' effort.
Warning : This attribute will be obsolete in a next major release. [TUI-32]
        : attribute: 'pam_cone_opt_global_buffering', object type: 'root'
Warning : This attribute will be obsolete in a next major release. [TUI-32]
        : attribute: 'pam_cone_opt_skip_annotation', object type: 'root'
Warning : This attribute will be obsolete in a next major release. [TUI-32]
        : attribute: 'pam_cone_opt_zero_pa', object type: 'root'
Running Synthesis Turbo Flow Version 4.
Info    : Enabling Partition Based Synthesis. [PBS-1]
        : Starting distributed generic optimization.
Processing pre-genopt PAS flow...
Info    : Attempting to launch a super-threading server. [ST-120]
        : Attempting to Launch server 1 of 16.
        : The tool is entering super-threading mode and is launching a CPU server process.  This is enabled by the root attribute 'super_thread_servers' or 'auto_super_thread'.
Info    : Connection established with super-threading server. [ST-110]
        : The server '8_1_0' is forked process '3254235' on machine 'sh02lo01'.
        : The tool is entering super-threading mode and has established a connection with a CPU server process.  This is enabled by the root attributes 'super_thread_servers' or 'auto_super_thread'.
Info    : Attempting to launch a super-threading server. [ST-120]
        : Attempting to Launch server 2 of 16.
Info    : Connection established with super-threading server. [ST-110]
        : The server 'localhost_1_1' is forked process '3254239' on this host.
Info    : Connection established with super-threading server. [ST-110]
        : The server 'localhost_1_2' is forked process '3254388' on this host.
Info    : Connection established with super-threading server. [ST-110]
        : The server 'localhost_1_3' is forked process '3254390' on this host.
Info    : Connection established with super-threading server. [ST-110]
        : The server 'localhost_1_4' is forked process '3254392' on this host.
Info    : Connection established with super-threading server. [ST-110]
        : The server 'localhost_1_5' is forked process '3254394' on this host.
Info    : Connection established with super-threading server. [ST-110]
        : The server 'localhost_1_6' is forked process '3254396' on this host.
Info    : Connection established with super-threading server. [ST-110]
        : The server 'localhost_1_7' is forked process '3254398' on this host.
Checking out license: Genus_CPU_Opt
[11:36:20.227690] Periodic Lic check successful
[11:36:20.752017] Feature usage summary:
[11:36:20.752018] Genus_Synthesis  
[11:36:20.752019] Genus_CPU_Opt  
[11:36:20.752024] Genus_Physical_Opt  
License checkout complete (0 seconds elapsed).
Info    : Connection established with super-threading server. [ST-110]
        : The server 'localhost_1_8' is forked process '3254400' on this host.
Info    : Connection established with super-threading server. [ST-110]
        : The server '8_1_9' is forked process '3254402' on machine 'sh02lo01'.
Info    : Connection established with super-threading server. [ST-110]
        : The server '8_1_10' is forked process '3254404' on machine 'sh02lo01'.
Info    : Connection established with super-threading server. [ST-110]
        : The server '8_1_11' is forked process '3254406' on machine 'sh02lo01'.
Info    : Connection established with super-threading server. [ST-110]
        : The server '8_1_12' is forked process '3254408' on machine 'sh02lo01'.
Info    : Connection established with super-threading server. [ST-110]
        : The server '8_1_13' is forked process '3254410' on machine 'sh02lo01'.
Info    : Connection established with super-threading server. [ST-110]
        : The server '8_1_14' is forked process '3254412' on machine 'sh02lo01'.
Info    : Connection established with super-threading server. [ST-110]
        : The server '8_1_15' is forked process '3254414' on machine 'sh02lo01'.
Start partitioning.  Summary: MEM {curr: 4.3G, peak: 4.5G, phys curr: 3.4G, phys peak: 7.2G}
Start partitioning design fa_top for generic optimization.
Total generic instances for partitioning: 546575
	Generic partition 0: size 47919
	Generic partition 1: size 82041
	Generic partition 2: size 416615
Done partitioning.  Summary: RT {elapsed: 0s, ST: 1s}, MEM {curr: 4.3G, peak: 4.5G, phys curr: 3.4G, phys peak: 7.2G}
Start creating partition netlists.  Summary: MEM {curr: 4.3G, peak: 4.5G, phys curr: 3.4G, phys peak: 7.2G}
Done creating partition netlists.  Summary: RT {elapsed: 10s, ST: 9s}, MEM {curr: 4.3G, peak: 4.5G, phys curr: 4.0G, phys peak: 7.2G}
Start budgeting timing for partitions.  Summary: MEM {curr: 4.3G, peak: 4.5G, phys curr: 4.0G, phys peak: 7.2G}
Done budgeting timing for partitions.  Summary: RT {elapsed: 26s, ST: 30s}, MEM {curr: 5.0G, peak: 5.0G, phys curr: 4.9G, phys peak: 7.2G}
Start deriving partition netlists.  Summary: MEM {curr: 5.0G, peak: 5.0G, phys curr: 4.9G, phys peak: 7.2G}
The inst 'pbs_genopt_0' is selected as pbs candidate. The instance cnt is: '47919'.
The inst 'pbs_genopt_1' is selected as pbs candidate. The instance cnt is: '82041'.
The inst 'pbs_genopt_2' is selected as pbs candidate. The instance cnt is: '416615'.
Done deriving partition netlists.  Summary: RT {elapsed: 33s, ST: 33s}, MEM {curr: 5.0G, peak: 5.0G, phys curr: 5.0G, phys peak: 7.2G}
Wait for super-thread servers to finish loading libraries.
Start super thread servers forking.  Summary: MEM {curr: 5.0G, peak: 5.0G, phys curr: 5.0G, phys peak: 7.2G}
Done super thread servers forking.  Summary: RT {elapsed: 0s, ST: 0s}, MEM {curr: 5.0G, peak: 5.0G, phys curr: 5.0G, phys peak: 7.2G}
        Distributing super-thread jobs: {pbs_genopt_2 ./.pbs_sh02lo01_2656251/pbs_genopt_2.etf} {pbs_genopt_1 ./.pbs_sh02lo01_2656251/pbs_genopt_1.etf} {pbs_genopt_0 ./.pbs_sh02lo01_2656251/pbs_genopt_0.etf}
          Sending 'pbs_genopt_2 ./.pbs_sh02lo01_2656251/pbs_genopt_2.etf' to server 'localhost_1_7'...
            Sent 'pbs_genopt_2 ./.pbs_sh02lo01_2656251/pbs_genopt_2.etf' to server 'localhost_1_7'.
          Sending 'pbs_genopt_1 ./.pbs_sh02lo01_2656251/pbs_genopt_1.etf' to server '8_1_14'...
            Sent 'pbs_genopt_1 ./.pbs_sh02lo01_2656251/pbs_genopt_1.etf' to server '8_1_14'.
          Sending 'pbs_genopt_0 ./.pbs_sh02lo01_2656251/pbs_genopt_0.etf' to server '8_1_11'...
            Sent 'pbs_genopt_0 ./.pbs_sh02lo01_2656251/pbs_genopt_0.etf' to server '8_1_11'.
          Received 'pbs_genopt_1 ./.pbs_sh02lo01_2656251/pbs_genopt_1.etf' from server '8_1_14'. (316839 ms elapsed)
          Received 'pbs_genopt_0 ./.pbs_sh02lo01_2656251/pbs_genopt_0.etf' from server '8_1_11'. (483145 ms elapsed)
       Partition:  pbs_genopt_0 - PBS_Generic_Opt-Distributed_Read_DB - Elapsed_Time 1.00, CPU_Time 1.00
       Partition:  pbs_genopt_0 - PBS_Generic_Opt-Distributed_Generic - Elapsed_Time 473.00, CPU_Time 465.70
       Partition:  pbs_genopt_0 - PBS_Generic_Opt-Distributed_Prop_Const - Elapsed_Time 4.00, CPU_Time 4.00
       Partition:  pbs_genopt_0 - PBS_Generic_Opt-Distributed_Gobble - Elapsed_Time 0.00, CPU_Time 0.00
       Partition:  pbs_genopt_0 - PBS_Generic_Opt-Distributed_Report - Elapsed_Time 0.00, CPU_Time 0.00
       Start - Partition: pbs_genopt_0 Slack: 799.2 TNS: 0.0 Cell-Count: 47918 Cell-Area: 690792 
Init-Memory: 3053.28
       Done  - Partition: pbs_genopt_0 Slack: 799.2 TNS: 0.0 Cell-Count: 32578 Cell-Area: 542847 
Peak-Memory: 3149.32 Elapsed: 478
       Partition:  pbs_genopt_0 - PBS_Generic_Opt-Distributed_Write_DB - Elapsed_Time 5.00, CPU_Time 4.92
       pbs_genopt_0 - PBS_Generic_Opt-Assembly - Elapsed_Time 2, CPU_Time 2.0
       Partition:  pbs_genopt_0 - Runtime taken by the partition - Elapsed_Time 483.00, CPU_Time 475.62
       Partition:  pbs_genopt_1 - PBS_Generic_Opt-Distributed_Read_DB - Elapsed_Time 1.00, CPU_Time 1.00
       Partition:  pbs_genopt_1 - PBS_Generic_Opt-Distributed_Generic - Elapsed_Time 303.00, CPU_Time 298.30
       Partition:  pbs_genopt_1 - PBS_Generic_Opt-Distributed_Prop_Const - Elapsed_Time 3.00, CPU_Time 3.00
       Partition:  pbs_genopt_1 - PBS_Generic_Opt-Distributed_Gobble - Elapsed_Time 0.00, CPU_Time 0.00
       Partition:  pbs_genopt_1 - PBS_Generic_Opt-Distributed_Report - Elapsed_Time 0.00, CPU_Time 0.00
       Start - Partition: pbs_genopt_1 Slack: 412.0 TNS: 0.0 Cell-Count: 82041 Cell-Area: 4295038 
Init-Memory: 3053.28
       Done  - Partition: pbs_genopt_1 Slack: 412.0 TNS: 0.0 Cell-Count: 76380 Cell-Area: 4112872 
Peak-Memory: 3627.32 Elapsed: 307
       Partition:  pbs_genopt_1 - PBS_Generic_Opt-Distributed_Write_DB - Elapsed_Time 9.00, CPU_Time 9.84
       pbs_genopt_1 - PBS_Generic_Opt-Assembly - Elapsed_Time 3, CPU_Time 3.0
       Partition:  pbs_genopt_1 - Runtime taken by the partition - Elapsed_Time 316.00, CPU_Time 312.15
          Received 'pbs_genopt_2 ./.pbs_sh02lo01_2656251/pbs_genopt_2.etf' from server 'localhost_1_7'. (2128094 ms elapsed)
       Partition:  pbs_genopt_2 - PBS_Generic_Opt-Distributed_Read_DB - Elapsed_Time 3.00, CPU_Time 3.00
       Partition:  pbs_genopt_2 - PBS_Generic_Opt-Distributed_Generic - Elapsed_Time 2064.00, CPU_Time 2030.63
       Partition:  pbs_genopt_2 - PBS_Generic_Opt-Distributed_Prop_Const - Elapsed_Time 25.00, CPU_Time 25.00
       Partition:  pbs_genopt_2 - PBS_Generic_Opt-Distributed_Gobble - Elapsed_Time 1.00, CPU_Time 1.00
       Partition:  pbs_genopt_2 - PBS_Generic_Opt-Distributed_Report - Elapsed_Time 0.00, CPU_Time 0.00
       Start - Partition: pbs_genopt_2 Slack: -545.3 TNS: 767884.8 Cell-Count: 416615 Cell-Area: 9325491 
Init-Memory: 2789.64
       Done  - Partition: pbs_genopt_2 Slack: 412.0 TNS: 0.0 Cell-Count: 269588 Cell-Area: 7928929 
Peak-Memory: 6926.36 Elapsed: 2093
       Partition:  pbs_genopt_2 - PBS_Generic_Opt-Distributed_Write_DB - Elapsed_Time 29.00, CPU_Time 29.95
       pbs_genopt_2 - PBS_Generic_Opt-Assembly - Elapsed_Time 19, CPU_Time 18.0
       Partition:  pbs_genopt_2 - Runtime taken by the partition - Elapsed_Time 2122.00, CPU_Time 2089.58
Assembled design in-time
Background Table : HLO::pre_to_gen_setup 
--------------------------------------------------------------------
| Transform       | Accepts | Rejects | Runtime (s) | Netlist ID   | 
--------------------------------------------------------------------
| hlo_mux_reorder |       0 |       0 |        0.68 | pbs_genopt_2 | 
| hlo_mux_reorder |       0 |       0 |        0.18 | pbs_genopt_1 | 
| hlo_mux_reorder |       0 |       0 |        0.16 | pbs_genopt_0 | 
--------------------------------------------------------------------
 
Background Table : HLO::post_to_gen_setup 
--------------------------------------------------------------------
| Transform       | Accepts | Rejects | Runtime (s) | Netlist ID   | 
--------------------------------------------------------------------
| hlo_mux_reorder |       0 |       0 |        0.01 | pbs_genopt_2 | 
| hlo_mux_reorder |       0 |       0 |        0.00 | pbs_genopt_1 | 
| hlo_mux_reorder |       0 |       0 |        0.00 | pbs_genopt_0 | 
--------------------------------------------------------------------
 
Background Table : UME::pre_hlo_rtlopt 
--------------------------------------------------------------
| Trick     | Accepts | Rejects | Runtime (s) | Netlist ID   | 
--------------------------------------------------------------
| ume_share |       0 |       0 |        0.01 | pbs_genopt_2 | 
| ume_sweep |       0 |       0 |        0.01 |              |
| ume_ssm   |       0 |       0 |        0.01 |              |
| ume_share |       0 |       0 |        0.00 | pbs_genopt_1 | 
| ume_sweep |       0 |       0 |        0.00 |              |
| ume_ssm   |       0 |       0 |        0.00 |              |
| ume_share |       0 |       0 |        0.00 | pbs_genopt_0 | 
| ume_sweep |       0 |       0 |        0.00 |              |
| ume_ssm   |       0 |       0 |        0.00 |              |
--------------------------------------------------------------
 
Background Table : HLO::pre_rtlopt 
--------------------------------------------------------------------------------
| Transform                   | Accepts | Rejects | Runtime (s) | Netlist ID   | 
--------------------------------------------------------------------------------
| hlo_cleanup                 |       0 |       0 |        0.01 | pbs_genopt_2 | 
| hlo_clip                    |       0 |       0 |        0.01 |              |
| hlo_clip_mux_input          |       0 |       0 |        0.01 |              |
| hlo_redundancy_removal_word |       0 |       0 |      108.06 |              |
| hlo_datapath_recast         |       0 |       0 |        0.01 |              |
| hlo_optimize_datapath       |       0 |       0 |        0.01 |              |
| hlo_mux_consolidation       |       0 |       0 |        0.02 |              |
| hlo_mux_cascade_opt         |       0 |       0 |        0.01 |              |
| hlo_reduce_operator_chain   |       0 |       0 |        0.02 |              |
| hlo_identity_transform      |       0 |       0 |        0.03 |              |
| hlo_restructure             |       0 |       0 |        0.06 |              |
| hlo_reconv_opt              |       0 |       0 |        0.01 |              |
| hlo_inequality_transform    |       0 |       0 |        1.00 |              |
| hlo_constant_mux_opt        |       0 |       0 |        0.02 |              |
| hlo_mux_consolidation       |       0 |       0 |        0.02 |              |
| hlo_mux_cascade_opt         |       0 |       0 |        0.01 |              |
| hlo_chop_mux                |       0 |       0 |        0.01 |              |
| hlo_mux_decode              |       0 |       0 |        0.01 |              |
| hlo_decode_mux_sandwich     |       0 |       0 |        0.01 |              |
| hlo_infer_macro             |       0 |       0 |        0.98 |              |
| hlo_recase_casebox          |       0 |       0 |        0.57 |              |
| hlo_timing_reorder          |       0 |       0 |        7.96 |              |
| hlo_cleanup                 |       0 |       0 |        0.00 | pbs_genopt_1 | 
| hlo_clip                    |       0 |       0 |        0.00 |              |
| hlo_clip_mux_input          |       0 |       0 |        0.00 |              |
| hlo_redundancy_removal_word |       0 |       0 |        9.75 |              |
| hlo_datapath_recast         |       0 |       0 |        0.00 |              |
| hlo_optimize_datapath       |       0 |       0 |        0.00 |              |
| hlo_mux_consolidation       |       0 |       0 |        0.00 |              |
| hlo_mux_cascade_opt         |       0 |       0 |        0.00 |              |
| hlo_reduce_operator_chain   |       0 |       0 |        0.00 |              |
| hlo_identity_transform      |       0 |       0 |        0.01 |              |
| hlo_restructure             |       0 |       0 |        0.02 |              |
| hlo_reconv_opt              |       0 |       0 |        0.00 |              |
| hlo_inequality_transform    |       0 |       0 |        0.17 |              |
| hlo_constant_mux_opt        |       0 |       0 |        0.00 |              |
| hlo_mux_consolidation       |       0 |       0 |        0.00 |              |
| hlo_mux_cascade_opt         |       0 |       0 |        0.00 |              |
| hlo_chop_mux                |       0 |       0 |        0.00 |              |
| hlo_mux_decode              |       0 |       0 |        0.00 |              |
| hlo_decode_mux_sandwich     |       0 |       0 |        0.00 |              |
| hlo_infer_macro             |       0 |       4 |        0.17 |              |
| hlo_recase_casebox          |       0 |       0 |        0.16 |              |
| hlo_timing_reorder          |       0 |       0 |        1.87 |              |
| hlo_cleanup                 |       0 |       0 |        0.00 | pbs_genopt_0 | 
| hlo_clip                    |       0 |       0 |        0.00 |              |
| hlo_clip_mux_input          |       3 |       0 |        0.01 |              |
| hlo_redundancy_removal_word |       4 |       0 |        5.37 |              |
| hlo_datapath_recast         |       0 |       0 |        0.00 |              |
| hlo_optimize_datapath       |       0 |       0 |        0.00 |              |
| hlo_mux_consolidation       |       0 |       0 |        0.00 |              |
| hlo_mux_cascade_opt         |       0 |       0 |        0.00 |              |
| hlo_reduce_operator_chain   |       0 |       0 |        0.00 |              |
| hlo_identity_transform      |       0 |       1 |        0.01 |              |
| hlo_restructure             |       0 |       0 |        0.02 |              |
| hlo_reconv_opt              |       0 |       0 |        0.00 |              |
| hlo_inequality_transform    |       0 |       0 |        0.11 |              |
| hlo_constant_mux_opt        |       0 |       0 |        0.00 |              |
| hlo_mux_consolidation       |       0 |       0 |        0.00 |              |
| hlo_mux_cascade_opt         |       0 |       0 |        0.00 |              |
| hlo_chop_mux                |       0 |       0 |        0.00 |              |
| hlo_mux_decode              |       0 |       0 |        0.00 |              |
| hlo_decode_mux_sandwich     |       0 |       0 |        0.00 |              |
| hlo_infer_macro             |       1 |     102 |        0.10 |              |
| hlo_recase_casebox          |       0 |       0 |        0.10 |              |
| hlo_timing_reorder          |       0 |       0 |        1.22 |              |
--------------------------------------------------------------------------------
 
Background Table : UME::post_hlo_rtlopt 
-------------------------------------------------------------------------
| Trick                | Accepts | Rejects | Runtime (s) | Netlist ID   | 
-------------------------------------------------------------------------
| ume_runtime          |       0 |       0 |        0.01 | pbs_genopt_2 | 
| ume_sweep_aggressive |       0 |       0 |        0.01 |              |
| ume_runtime          |       0 |       0 |        0.00 | pbs_genopt_1 | 
| ume_sweep_aggressive |       0 |       0 |        0.00 |              |
| ume_runtime          |       0 |       0 |        0.00 | pbs_genopt_0 | 
| ume_sweep_aggressive |       0 |       0 |        0.00 |              |
-------------------------------------------------------------------------
 
Background Table : HLO::post_rtlopt 
-------------------------------------------------------------------------------
| Transform                  | Accepts | Rejects | Runtime (s) | Netlist ID   | 
-------------------------------------------------------------------------------
| hlo_timing_reorder         |       0 |       0 |        5.53 | pbs_genopt_2 | 
| hlo_mux_reorder            |       0 |       0 |        0.00 |              |
| hlo_logic_reduction        |       0 |       0 |        0.00 |              |
| hlo_redundancy_removal_bit |       0 |       0 |       45.39 |              |
| hlo_timing_reorder         |       0 |       0 |        1.48 | pbs_genopt_1 | 
| hlo_mux_reorder            |       0 |       0 |        0.00 |              |
| hlo_logic_reduction        |       0 |       0 |        0.00 |              |
| hlo_redundancy_removal_bit |       0 |       0 |        8.28 |              |
| hlo_timing_reorder         |       0 |       0 |        0.90 | pbs_genopt_0 | 
| hlo_mux_reorder            |       0 |       0 |        0.00 |              |
| hlo_logic_reduction        |       0 |       0 |        0.00 |              |
| hlo_redundancy_removal_bit |       1 |       0 |        4.34 |              |
-------------------------------------------------------------------------------
 
Background Table : HLO::post_muxopt 
-----------------------------------------------------------------------
| Transform          | Accepts | Rejects | Runtime (s) | Netlist ID   | 
-----------------------------------------------------------------------
| hlo_timing_reorder |       0 |       0 |        5.85 | pbs_genopt_2 | 
| hlo_speculation    |       0 |       0 |        7.32 |              |
| hlo_timing_reorder |       0 |       0 |        1.44 | pbs_genopt_1 | 
| hlo_speculation    |       0 |       0 |        1.75 |              |
| hlo_timing_reorder |       0 |       0 |        0.78 | pbs_genopt_0 | 
| hlo_speculation    |       0 |       0 |        0.94 |              |
-----------------------------------------------------------------------
 

+-----------+----------+-----+----------------------+---------------------------+
|   Host    | Machine  | CPU | Physical Memory (MB) | Peak Physical Memory (MB) |
+-----------+----------+-----+----------------------+---------------------------+
|     8     | sh02lo01 |  8  |        2792.2        |          2792.2           |
| localhost | sh02lo01 |  8  |        7732.6        |          11265.4          |
+-----------+----------+-----+----------------------+---------------------------+

+---------------+----------------------+---------------------------+
|    Server     | Physical Memory (MB) | Peak Physical Memory (MB) |
+---------------+----------------------+---------------------------+
| localhost_1_8 |      110.7 [1]       |          [1] [2]          |
|    8_1_12     |      157.6 [3]       |          [3] [2]          |
|    8_1_15     |      157.6 [3]       |          [3] [2]          |
| localhost_1_3 |      110.7 [1]       |          [1] [2]          |
| localhost_1_6 |      110.7 [1]       |          [1] [2]          |
|    8_1_10     |      157.7 [3]       |          [3] [2]          |
|    8_1_13     |      157.6 [3]       |          [3] [2]          |
| localhost_1_2 |      110.7 [1]       |          [1] [2]          |
| localhost_1_4 |      110.7 [1]       |          [1] [2]          |
| localhost_1_7 |      1477.2 [1]      |          [1] [2]          |
|    8_1_11     |      1037.0 [3]      |          [3] [2]          |
|    8_1_14     |      807.8 [3]       |          [3] [2]          |
| localhost_1_5 |      110.7 [1]       |          [1] [2]          |
| localhost_1_1 |    2254.6 [4] [5]    |        [4] [2] [5]        |
|     8_1_9     |      157.6 [3]       |          [3] [2]          |
|     8_1_0     |    2792.2 [4] [5]    |        [4] [2] [5]        |
+---------------+----------------------+---------------------------+
[1] Memory is included in parent localhost_1_1.
[2] Peak physical memory is not available for forked background servers.
[3] Memory is included in parent 8_1_0.
[4] Memory is included in main process.
[5] Memory of child processes is included.

Info : Deleting 2-D Early Global router data...
Info : 2-D Early Global router data deletion complete.
Info : Initializing 2-D Early Global router engine...
Info : Installing 2-D Early Global router...
Info : Early Global router engine is using 8 threads.
Info : 2-D Early Global router initialization complete.
Info : 2-D Early Global router installation complete.
Info : Installing 3-D Early Global router...
Info : 3-D Early Global router installation complete.
	387	 u_q_adapter/u_store/CDN_PAS_CONNECTED_MUXi
	129	 u_core/u_dot/u_q_sram/CDN_PAS_CONNECTED_MUXi
	735	 u_sched/CDN_PAS_CONNECTED_MUXi
	739	 u_core/u_update/CDN_PAS_CONNECTED_MUXi
	666	 u_core/u_update/CDN_PAS_CONNECTED_MUXi67304
	160	 u_core/u_update/CDN_PAS_CONNECTED_MUXi67305
	3168	 u_core/u_update/CDN_PAS_CONNECTED_MUXi67306
	513	 u_core/u_update/CDN_PAS_CONNECTED_MUXi67307
	497	 u_core/u_fifo/CDN_PAS_CONNECTED_MUXi
	418	 CDN_PAS_CONNECTED_MUXi
Ungrouping: u_core/u_dot/u_q_sram/CDN_PAS_CONNECTED_MUXi count=903 ratio=1.0
Ungrouping: u_core/u_dot/CDN_PAS_CONNECTED_MUXi count=104 ratio=1.0
Ungrouping: u_core/u_fifo/CDN_PAS_CONNECTED_MUXi count=1491 ratio=1.0
Ungrouping: u_core/u_score_exp_u_exp_rom/CDN_PAS_CONNECTED_MUXi count=196 ratio=1.0
Ungrouping: u_core/u_update/CDN_PAS_CONNECTED_MUXi count=2313 ratio=1.0
Ungrouping: u_core/u_update/CDN_PAS_CONNECTED_MUXi67304 count=5088 ratio=1.0
Ungrouping: u_core/u_update/CDN_PAS_CONNECTED_MUXi67305 count=480 ratio=1.0
Ungrouping: u_core/u_update/CDN_PAS_CONNECTED_MUXi67306 count=15648 ratio=1.0
Ungrouping: u_core/u_update/CDN_PAS_CONNECTED_MUXi67307 count=1539 ratio=1.0
Ungrouping: u_core/CDN_PAS_CONNECTED_MUXi count=51 ratio=1.0
Ungrouping: u_core/CDN_PAS_CONNECTED_MUXi1325 count=96 ratio=1.0
Ungrouping: u_core/CDN_PAS_CONNECTED_MUXi1326 count=186 ratio=1.0
Ungrouping: u_core/CDN_PAS_CONNECTED_MUXi1327 count=285 ratio=1.0
Ungrouping: u_core/CDN_PAS_CONNECTED_MUXi1328 count=544 ratio=1.0
Ungrouping: u_core/CDN_PAS_CONNECTED_MUXi1329 count=240 ratio=1.0
Ungrouping: u_core/CDN_PAS_CONNECTED_MUXi1330 count=90 ratio=1.0
Ungrouping: u_dma/u_read/CDN_PAS_CONNECTED_MUXi count=559 ratio=1.0
Ungrouping: u_dma/u_read/CDN_PAS_CONNECTED_MUXi2619 count=40 ratio=1.0
Ungrouping: u_dma/u_write/CDN_PAS_CONNECTED_MUXi count=580 ratio=1.0
Ungrouping: u_finalize/u_norm/CDN_PAS_CONNECTED_MUXi count=45 ratio=1.0
Ungrouping: u_finalize/u_norm/CDN_PAS_CONNECTED_MUXi2494 count=180 ratio=1.0
Ungrouping: u_finalize/u_norm/CDN_PAS_CONNECTED_MUXi2495 count=45 ratio=1.0
Ungrouping: u_finalize/u_norm/CDN_PAS_CONNECTED_MUXi2496 count=182 ratio=1.0
Ungrouping: u_finalize/u_recip/CDN_PAS_CONNECTED_MUXi count=539 ratio=1.0
Ungrouping: u_finalize/u_recip/CDN_PAS_CONNECTED_MUXi3555 count=757 ratio=1.0
Ungrouping: u_finalize/CDN_PAS_CONNECTED_MUXi count=45 ratio=1.0
Ungrouping: u_finalize/CDN_PAS_CONNECTED_MUXi10793 count=1707 ratio=1.0
Ungrouping: u_finalize/CDN_PAS_CONNECTED_MUXi10794 count=73 ratio=1.0
Ungrouping: u_finalize/CDN_PAS_CONNECTED_MUXi10795 count=480 ratio=1.0
Ungrouping: u_page/CDN_PAS_CONNECTED_MUXi count=448 ratio=1.0
Ungrouping: u_page/CDN_PAS_CONNECTED_MUXi5056 count=283 ratio=1.0
Ungrouping: u_q_adapter/u_store/CDN_PAS_CONNECTED_MUXi count=1161 ratio=1.0
Ungrouping: u_q_adapter/u_store/CDN_PAS_CONNECTED_MUXi2736 count=45 ratio=1.0
Ungrouping: u_q_adapter/u_store/CDN_PAS_CONNECTED_MUXi2737 count=42 ratio=1.0
Ungrouping: u_sched/CDN_PAS_CONNECTED_MUXi count=4795 ratio=1.0
Ungrouping: u_sched/CDN_PAS_CONNECTED_MUXi16803 count=55 ratio=1.0
Ungrouping: u_sched/CDN_PAS_CONNECTED_MUXi16804 count=76 ratio=1.0
Ungrouping: CDN_PAS_CONNECTED_MUXi count=2866 ratio=1.0
Processing post-genopt PAS flow...
PBS_Generic-Post_Genopt - Elapsed_Time 2314, CPU_Time 2270.5525260000004
stamp 'PBS_Generic-Post_Genopt' being created for table 'pbs_debug'

  Total Time (Wall) |  Stage Time (Wall)  |   % (Wall)   |    Date - Time     |  Memory   | Stage
--------------------+---------------------+--------------+--------------------+-----------+----------------------
 00:03:49(00:07:38) |  00:00:00(00:00:00) |   0.0(  0.0) |   11:34:41 (Jul03) |   2.76 GB | PBS_Generic-Start
--------------------+---------------------+--------------+--------------------+-----------+----------------------
 00:43:05(00:47:39) |  00:39:15(00:40:01) | 100.0(100.0) |   12:14:42 (Jul03) |   5.08 GB | PBS_Generic-Post_Genopt
--------------------+---------------------+--------------+--------------------+-----------+----------------------
Number of threads: 8 * 2   (id: pbs_debug, time_info v1.57)
Info: (*N*) indicates data that was populated from previously saved time_info database
Info: CPU time includes time of parent + longest thread
Info    : Attempting to launch a super-threading server. [ST-120]
        : Attempting to Launch server 1 of 16.
Info    : Connection established with super-threading server. [ST-110]
        : The server '8_2_0' is forked process '3301395' on machine 'sh02lo01'.
Info    : Attempting to launch a super-threading server. [ST-120]
        : Attempting to Launch server 2 of 16.
Info    : Connection established with super-threading server. [ST-110]
        : The server 'localhost_2_1' is forked process '3301449' on this host.
Info    : Connection established with super-threading server. [ST-110]
        : The server '8_2_2' is forked process '3301781' on machine 'sh02lo01'.
Info    : Connection established with super-threading server. [ST-110]
        : The server '8_2_3' is forked process '3301783' on machine 'sh02lo01'.
Warning : Maximum message print count reached. [MESG-11]
        : Maximum print count of '20' reached for message 'ST-110'.
Start partitioning.  Summary: MEM {curr: 6.1G, peak: 6.1G, phys curr: 5.0G, phys peak: 11.0G}
Start partitioning design fa_top for generic optimization.
Total generic instances for partitioning: 396181
	Generic partition 0: size 35972
	Generic partition 1: size 81156
	Generic partition 2: size 5441
	Generic partition 3: size 117522
	Generic partition 4: size 156090
Done partitioning.  Summary: RT {elapsed: 2s, ST: 2s}, MEM {curr: 6.1G, peak: 6.1G, phys curr: 5.6G, phys peak: 11.0G}
Start creating partition netlists.  Summary: MEM {curr: 6.1G, peak: 6.1G, phys curr: 5.6G, phys peak: 11.0G}
Done creating partition netlists.  Summary: RT {elapsed: 15s, ST: 14s}, MEM {curr: 6.1G, peak: 6.1G, phys curr: 5.8G, phys peak: 11.0G}
Start budgeting timing for partitions.  Summary: MEM {curr: 6.1G, peak: 6.1G, phys curr: 5.8G, phys peak: 11.0G}
Done budgeting timing for partitions.  Summary: RT {elapsed: 25s, ST: 28s}, MEM {curr: 4.6G, peak: 6.1G, phys curr: 4.4G, phys peak: 11.0G}
Start deriving partition netlists.  Summary: MEM {curr: 4.6G, peak: 6.1G, phys curr: 4.4G, phys peak: 11.0G}
The inst 'pbs_fcopt_0' is selected as pbs candidate. The instance cnt is: '35972'.
The inst 'pbs_fcopt_1' is selected as pbs candidate. The instance cnt is: '81156'.
The inst 'pbs_fcopt_2' is selected as pbs candidate. The instance cnt is: '5441'.
The inst 'pbs_fcopt_3' is selected as pbs candidate. The instance cnt is: '117522'.
The inst 'pbs_fcopt_4' is selected as pbs candidate. The instance cnt is: '156090'.
Done deriving partition netlists.  Summary: RT {elapsed: 14s, ST: 14s}, MEM {curr: 4.6G, peak: 6.1G, phys curr: 4.5G, phys peak: 11.0G}
Wait for super-thread servers to finish loading libraries.
Start super thread servers forking.  Summary: MEM {curr: 4.5G, peak: 6.1G, phys curr: 4.5G, phys peak: 11.0G}
Done super thread servers forking.  Summary: RT {elapsed: 0s, ST: 0s}, MEM {curr: 4.5G, peak: 6.1G, phys curr: 4.5G, phys peak: 11.0G}
        Distributing super-thread jobs: {pbs_fcopt_4 ./.pbs_sh02lo01_2656251/pbs_fcopt_4.etf} {pbs_fcopt_3 ./.pbs_sh02lo01_2656251/pbs_fcopt_3.etf} {pbs_fcopt_1 ./.pbs_sh02lo01_2656251/pbs_fcopt_1.etf} {pbs_fcopt_0 ./.pbs_sh02lo01_2656251/pbs_fcopt_0.etf} {pbs_fcopt_2 ./.pbs_sh02lo01_2656251/pbs_fcopt_2.etf}
          Sending 'pbs_fcopt_4 ./.pbs_sh02lo01_2656251/pbs_fcopt_4.etf' to server 'localhost_2_11'...
            Sent 'pbs_fcopt_4 ./.pbs_sh02lo01_2656251/pbs_fcopt_4.etf' to server 'localhost_2_11'.
          Sending 'pbs_fcopt_3 ./.pbs_sh02lo01_2656251/pbs_fcopt_3.etf' to server '8_2_3'...
            Sent 'pbs_fcopt_3 ./.pbs_sh02lo01_2656251/pbs_fcopt_3.etf' to server '8_2_3'.
          Sending 'pbs_fcopt_1 ./.pbs_sh02lo01_2656251/pbs_fcopt_1.etf' to server '8_2_0'...
            Sent 'pbs_fcopt_1 ./.pbs_sh02lo01_2656251/pbs_fcopt_1.etf' to server '8_2_0'.
          Sending 'pbs_fcopt_0 ./.pbs_sh02lo01_2656251/pbs_fcopt_0.etf' to server 'localhost_2_15'...
            Sent 'pbs_fcopt_0 ./.pbs_sh02lo01_2656251/pbs_fcopt_0.etf' to server 'localhost_2_15'.
          Sending 'pbs_fcopt_2 ./.pbs_sh02lo01_2656251/pbs_fcopt_2.etf' to server 'localhost_2_12'...
            Sent 'pbs_fcopt_2 ./.pbs_sh02lo01_2656251/pbs_fcopt_2.etf' to server 'localhost_2_12'.
          Received 'pbs_fcopt_2 ./.pbs_sh02lo01_2656251/pbs_fcopt_2.etf' from server 'localhost_2_12'. (50528 ms elapsed)
       Partition:  pbs_fcopt_2 - PBS_Generic_Opt-Distributed_Read_DB - Elapsed_Time 1.00, CPU_Time 1.00
       Partition:  pbs_fcopt_2 - PBS_Generic_Opt-Distributed_Generic - Elapsed_Time 1.00, CPU_Time 1.00
       Partition:  pbs_fcopt_2 - PBS_Generic_Opt-First_Cond - Elapsed_Time 46.00, CPU_Time -2051.49
       Partition:  pbs_fcopt_2 - PBS_Generic_Opt-Distributed_Prop_Const - Elapsed_Time 0.00, CPU_Time 0.00
       Partition:  pbs_fcopt_2 - PBS_Generic_Opt-Distributed_Gobble - Elapsed_Time 0.00, CPU_Time 0.00
       Partition:  pbs_fcopt_2 - PBS_Generic_Opt-Distributed_Report - Elapsed_Time 0.00, CPU_Time 0.00
       Start - Partition: pbs_fcopt_2 Slack: 160.5 TNS: 0.0 Cell-Count: 5441 Cell-Area: 4834921 
Init-Memory: 3036.30
       Done  - Partition: pbs_fcopt_2 Slack: 160.5 TNS: 0.0 Cell-Count: 5315 Cell-Area: 4832518 
Peak-Memory: 3163.68 Elapsed: 48
       Partition:  pbs_fcopt_2 - PBS_Generic_Opt-Distributed_Write_DB - Elapsed_Time 2.00, CPU_Time 1.99
       pbs_fcopt_2 - PBS_Generic_Opt-Assembly - Elapsed_Time 1, CPU_Time 1.0
       Partition:  pbs_fcopt_2 - Runtime taken by the partition - Elapsed_Time 50.00, CPU_Time -2047.50
          Received 'pbs_fcopt_0 ./.pbs_sh02lo01_2656251/pbs_fcopt_0.etf' from server 'localhost_2_15'. (262716 ms elapsed)
       Partition:  pbs_fcopt_0 - PBS_Generic_Opt-Distributed_Read_DB - Elapsed_Time 1.00, CPU_Time 1.00
       Partition:  pbs_fcopt_0 - PBS_Generic_Opt-Distributed_Generic - Elapsed_Time 5.00, CPU_Time 3.76
       Partition:  pbs_fcopt_0 - PBS_Generic_Opt-First_Cond - Elapsed_Time 249.00, CPU_Time -1855.41
       Partition:  pbs_fcopt_0 - PBS_Generic_Opt-Distributed_Prop_Const - Elapsed_Time 3.00, CPU_Time 3.00
       Partition:  pbs_fcopt_0 - PBS_Generic_Opt-Distributed_Gobble - Elapsed_Time 0.00, CPU_Time 0.00
       Partition:  pbs_fcopt_0 - PBS_Generic_Opt-Distributed_Report - Elapsed_Time 0.00, CPU_Time 0.00
       Start - Partition: pbs_fcopt_0 Slack: 823.2 TNS: 0.0 Cell-Count: 35972 Cell-Area: 605263 
Init-Memory: 3036.30
       Done  - Partition: pbs_fcopt_0 Slack: 361.4 TNS: 0.0 Cell-Count: 23863 Cell-Area: 481290 
Peak-Memory: 3157.48 Elapsed: 258
       Partition:  pbs_fcopt_0 - PBS_Generic_Opt-Distributed_Write_DB - Elapsed_Time 4.00, CPU_Time 3.96
       pbs_fcopt_0 - PBS_Generic_Opt-Assembly - Elapsed_Time 2, CPU_Time 2.0
       Partition:  pbs_fcopt_0 - Runtime taken by the partition - Elapsed_Time 262.00, CPU_Time -1843.69
          Received 'pbs_fcopt_1 ./.pbs_sh02lo01_2656251/pbs_fcopt_1.etf' from server '8_2_0'. (583660 ms elapsed)
       Partition:  pbs_fcopt_1 - PBS_Generic_Opt-Distributed_Read_DB - Elapsed_Time 1.00, CPU_Time 1.00
       Partition:  pbs_fcopt_1 - PBS_Generic_Opt-Distributed_Generic - Elapsed_Time 8.00, CPU_Time 6.92
       Partition:  pbs_fcopt_1 - PBS_Generic_Opt-First_Cond - Elapsed_Time 559.00, CPU_Time -1567.87
       Partition:  pbs_fcopt_1 - PBS_Generic_Opt-Distributed_Prop_Const - Elapsed_Time 7.00, CPU_Time 6.00
       Partition:  pbs_fcopt_1 - PBS_Generic_Opt-Distributed_Gobble - Elapsed_Time 0.00, CPU_Time 0.00
       Partition:  pbs_fcopt_1 - PBS_Generic_Opt-Distributed_Report - Elapsed_Time 0.00, CPU_Time 0.00
       Start - Partition: pbs_fcopt_1 Slack: 412.0 TNS: 0.0 Cell-Count: 81156 Cell-Area: 4197564 
Init-Memory: 3036.30
       Done  - Partition: pbs_fcopt_1 Slack: 241.3 TNS: 0.0 Cell-Count: 47539 Cell-Area: 3944851 
Peak-Memory: 6280.32 Elapsed: 575
       Partition:  pbs_fcopt_1 - PBS_Generic_Opt-Distributed_Write_DB - Elapsed_Time 8.00, CPU_Time 7.99
       pbs_fcopt_1 - PBS_Generic_Opt-Assembly - Elapsed_Time 4, CPU_Time 4.0
       Partition:  pbs_fcopt_1 - Runtime taken by the partition - Elapsed_Time 583.00, CPU_Time -1545.95
          Received 'pbs_fcopt_4 ./.pbs_sh02lo01_2656251/pbs_fcopt_4.etf' from server 'localhost_2_11'. (597245 ms elapsed)
          Received 'pbs_fcopt_3 ./.pbs_sh02lo01_2656251/pbs_fcopt_3.etf' from server '8_2_3'. (642542 ms elapsed)
       Partition:  pbs_fcopt_3 - PBS_Generic_Opt-Distributed_Read_DB - Elapsed_Time 2.00, CPU_Time 2.00
       Partition:  pbs_fcopt_3 - PBS_Generic_Opt-Distributed_Generic - Elapsed_Time 10.00, CPU_Time 9.94
       Partition:  pbs_fcopt_3 - PBS_Generic_Opt-First_Cond - Elapsed_Time 601.00, CPU_Time -1508.75
       Partition:  pbs_fcopt_3 - PBS_Generic_Opt-Distributed_Prop_Const - Elapsed_Time 17.00, CPU_Time 16.00
       Partition:  pbs_fcopt_3 - PBS_Generic_Opt-Distributed_Gobble - Elapsed_Time 0.00, CPU_Time 1.00
       Partition:  pbs_fcopt_3 - PBS_Generic_Opt-Distributed_Report - Elapsed_Time 0.00, CPU_Time 0.00
       Start - Partition: pbs_fcopt_3 Slack: 131.0 TNS: 0.0 Cell-Count: 117522 Cell-Area: 1527243 
Init-Memory: 3036.30
       Done  - Partition: pbs_fcopt_3 Slack: 200.8 TNS: 0.0 Cell-Count: 62886 Cell-Area: 1057941 
Peak-Memory: 3385.43 Elapsed: 630
       Partition:  pbs_fcopt_3 - PBS_Generic_Opt-Distributed_Write_DB - Elapsed_Time 11.00, CPU_Time 9.98
       pbs_fcopt_3 - PBS_Generic_Opt-Assembly - Elapsed_Time 6, CPU_Time 5.0
       Partition:  pbs_fcopt_3 - Runtime taken by the partition - Elapsed_Time 641.00, CPU_Time -1469.83
       Partition:  pbs_fcopt_4 - PBS_Generic_Opt-Distributed_Read_DB - Elapsed_Time 2.00, CPU_Time 2.00
       Partition:  pbs_fcopt_4 - PBS_Generic_Opt-Distributed_Generic - Elapsed_Time 9.00, CPU_Time 9.00
       Partition:  pbs_fcopt_4 - PBS_Generic_Opt-First_Cond - Elapsed_Time 568.00, CPU_Time -1513.05
       Partition:  pbs_fcopt_4 - PBS_Generic_Opt-Distributed_Prop_Const - Elapsed_Time 6.00, CPU_Time 6.00
       Partition:  pbs_fcopt_4 - PBS_Generic_Opt-Distributed_Gobble - Elapsed_Time 0.00, CPU_Time 0.00
       Partition:  pbs_fcopt_4 - PBS_Generic_Opt-Distributed_Report - Elapsed_Time 0.00, CPU_Time 0.00
       Start - Partition: pbs_fcopt_4 Slack: 1219.5 TNS: 0.0 Cell-Count: 156090 Cell-Area: 1706908 
Init-Memory: 3036.30
       Done  - Partition: pbs_fcopt_4 Slack: -3.6 TNS: 221.1 Cell-Count: 84579 Cell-Area: 1208901 
Peak-Memory: 3145.81 Elapsed: 585
       Partition:  pbs_fcopt_4 - PBS_Generic_Opt-Distributed_Write_DB - Elapsed_Time 11.00, CPU_Time 10.99
       pbs_fcopt_4 - PBS_Generic_Opt-Assembly - Elapsed_Time 6, CPU_Time 6.0
       Partition:  pbs_fcopt_4 - Runtime taken by the partition - Elapsed_Time 596.00, CPU_Time -1485.06
Assembled design in-time

+-----------+----------+-----+----------------------+---------------------------+
|   Host    | Machine  | CPU | Physical Memory (MB) | Peak Physical Memory (MB) |
+-----------+----------+-----+----------------------+---------------------------+
|     8     | sh02lo01 |  8  |        1800.8        |          1800.8           |
| localhost | sh02lo01 |  8  |        6373.7        |          11265.4          |
+-----------+----------+-----+----------------------+---------------------------+

+----------------+----------------------+---------------------------+
|     Server     | Physical Memory (MB) | Peak Physical Memory (MB) |
+----------------+----------------------+---------------------------+
| localhost_2_9  |      134.4 [1]       |          [1] [2]          |
| localhost_2_12 |      382.7 [1]       |          [1] [2]          |
|     8_2_2      |      130.0 [3]       |          [3] [2]          |
|     8_2_6      |      130.0 [3]       |          [3] [2]          |
| localhost_2_14 |      134.4 [1]       |          [1] [2]          |
|     8_2_4      |      130.0 [3]       |          [3] [2]          |
| localhost_2_11 |      497.2 [1]       |          [1] [2]          |
|     8_2_8      |      130.0 [3]       |          [3] [2]          |
|     8_2_5      |      130.0 [3]       |          [3] [2]          |
| localhost_2_1  |    1886.7 [4] [5]    |        [4] [2] [5]        |
| localhost_2_13 |      134.4 [1]       |          [1] [2]          |
| localhost_2_10 |      134.4 [1]       |          [1] [2]          |
|     8_2_3      |      590.8 [3]       |          [3] [2]          |
|     8_2_0      |    1800.8 [4] [5]    |        [4] [2] [5]        |
| localhost_2_15 |      333.0 [1]       |          [1] [2]          |
|     8_2_7      |      130.0 [3]       |          [3] [2]          |
+----------------+----------------------+---------------------------+
[1] Memory is included in parent localhost_2_1.
[2] Peak physical memory is not available for forked background servers.
[3] Memory is included in parent 8_2_0.
[4] Memory is included in main process.
[5] Memory of child processes is included.

Info : Deleting 2-D Early Global router data...
Info : 2-D Early Global router data deletion complete.
Info : Initializing 2-D Early Global router engine...
Info : Installing 2-D Early Global router...
Info : Early Global router engine is using 8 threads.
Info : 2-D Early Global router initialization complete.
Info : 2-D Early Global router installation complete.
Info : Installing 3-D Early Global router...
Info : 3-D Early Global router installation complete.
Advanced structuring report (syn_gen):
-------------------------------------------------------------------------------------------------------------------------------------------------------------------------------
|                                                                             | Graph                | Opt. Graph           | Result           |                              | 
|-----------------------------------------------------------------------------+----------------------+----------------------+------------------+------------------------------|
| Name                                                                | Tag   | #nodes | #and | #lvl | #nodes | #and | #lvl | Acc | Time       | Netlist ID                   | 
-------------------------------------------------------------------------------------------------------------------------------------------------------------------------------
| cb_part_3732                                                        | FCOPT |  65779 | 7214 |  112 |  65679 | 7114 |    6 | N   |      32.14 | cb_part_3732                 | 
| cb_part_661                                                         | FCOPT |  34730 | 2371 |   93 |  34654 | 2295 |   18 | Y   |      13.68 | cb_part_661                  | 
| mux_ctl_0x                                                          | FCOPT |  28867 | 2628 |  101 |  28863 | 2624 |    2 | N   |      11.51 | mux_ctl_0x                   | 
| score_exp_banked_rom                                                | FCOPT |   3636 | 2460 |   85 |   3196 | 2020 |   14 | Y   |     208.65 | score_exp_banked_rom         | 
| cb_oseq_2177                                                        | FCOPT |   9931 |  624 |   89 |   9829 |  522 |   11 | Y   |       4.14 | cb_oseq_2177                 | 
| cb_part_2185                                                        | FCOPT |   7712 |  817 |   96 |   7559 |  664 |   10 | Y   |      14.91 | cb_part_2185                 | 
| cb_oseq_2179                                                        | FCOPT |   8875 |  549 |   94 |   8704 |  378 |   12 | Y   |       8.87 | cb_oseq_2179                 | 
| cb_oseq                                                             | FCOPT |   5312 |  198 |   93 |   5271 |  157 |    7 | Y   |       1.65 | cb_oseq                      | 
| cb_oseq_2153                                                        | FCOPT |   3574 |   14 |   89 |   3573 |   13 |    4 | Y   |       1.92 | cb_oseq_2153                 | 
| add_signed_20174_2170                                               | FCOPT |    829 |  656 |   76 |    827 |  654 |   76 | N   |       0.85 | add_signed_20174_2170        | 
| add_signed_20174_2191                                               | FCOPT |    829 |  656 |   76 |    827 |  654 |   76 | N   |       0.84 | add_signed_20174_2191        | 
| add_signed_20174_2185                                               | FCOPT |    829 |  656 |   76 |    827 |  654 |   76 | N   |       0.86 | add_signed_20174_2185        | 
| add_signed_20174_2196                                               | FCOPT |    829 |  656 |   76 |    827 |  654 |   76 | N   |       0.85 | add_signed_20174_2196        | 
| add_signed_20174_2180                                               | FCOPT |    829 |  656 |   76 |    827 |  654 |   76 | N   |       0.85 | add_signed_20174_2180        | 
| add_signed_20174_2178                                               | FCOPT |    829 |  656 |   76 |    827 |  654 |   76 | N   |       0.85 | add_signed_20174_2178        | 
| add_signed_20174_2189                                               | FCOPT |    829 |  656 |   76 |    827 |  654 |   76 | N   |       0.86 | add_signed_20174_2189        | 
| add_signed_20174_2169                                               | FCOPT |    829 |  656 |   76 |    827 |  654 |   76 | N   |       0.86 | add_signed_20174_2169        | 
| add_signed_20174_2176                                               | FCOPT |    829 |  656 |   76 |    827 |  654 |   76 | N   |       0.85 | add_signed_20174_2176        | 
| add_signed_20174                                                    | FCOPT |    829 |  656 |   76 |    827 |  654 |   76 | N   |       0.82 | add_signed_20174             | 
| add_signed_20174_2190                                               | FCOPT |    829 |  656 |   76 |    827 |  654 |   76 | N   |       0.85 | add_signed_20174_2190        | 
| add_signed_20174_2168                                               | FCOPT |    829 |  656 |   76 |    827 |  654 |   76 | N   |       0.84 | add_signed_20174_2168        | 
| add_signed_20174_2183                                               | FCOPT |    829 |  656 |   76 |    827 |  654 |   76 | N   |       0.83 | add_signed_20174_2183        | 
| add_signed_20174_2171                                               | FCOPT |    829 |  656 |   76 |    827 |  654 |   76 | N   |       0.85 | add_signed_20174_2171        | 
| add_signed_20174_2193                                               | FCOPT |    829 |  656 |   76 |    827 |  654 |   76 | N   |       0.84 | add_signed_20174_2193        | 
| add_signed_20174_2173                                               | FCOPT |    829 |  656 |   76 |    827 |  654 |   76 | N   |       0.86 | add_signed_20174_2173        | 
| add_signed_20174_2188                                               | FCOPT |    829 |  656 |   76 |    827 |  654 |   76 | N   |       0.85 | add_signed_20174_2188        | 
| add_signed_20174_2177                                               | FCOPT |    829 |  656 |   76 |    827 |  654 |   76 | N   |       0.84 | add_signed_20174_2177        | 
| add_signed_20174_2198                                               | FCOPT |    829 |  656 |   76 |    827 |  654 |   76 | N   |       0.86 | add_signed_20174_2198        | 
| add_signed_20174_2179                                               | FCOPT |    829 |  656 |   76 |    827 |  654 |   76 | N   |       0.94 | add_signed_20174_2179        | 
| add_signed_20174_2187                                               | FCOPT |    829 |  656 |   76 |    827 |  654 |   76 | N   |       0.85 | add_signed_20174_2187        | 
| add_signed_20174_2174                                               | FCOPT |    829 |  656 |   76 |    827 |  654 |   76 | N   |       0.88 | add_signed_20174_2174        | 
| add_signed_20174_2182                                               | FCOPT |    829 |  656 |   76 |    827 |  654 |   76 | N   |       0.85 | add_signed_20174_2182        | 
| add_signed_20174_2197                                               | FCOPT |    829 |  656 |   76 |    827 |  654 |   76 | N   |       0.85 | add_signed_20174_2197        | 
| add_signed_20174_2181                                               | FCOPT |    829 |  656 |   76 |    827 |  654 |   76 | N   |       0.85 | add_signed_20174_2181        | 
| add_signed_20174_2184                                               | FCOPT |    829 |  656 |   76 |    827 |  654 |   76 | N   |       0.85 | add_signed_20174_2184        | 
| add_signed_20174_2192                                               | FCOPT |    829 |  656 |   76 |    827 |  654 |   76 | N   |       0.85 | add_signed_20174_2192        | 
| add_signed_20174_2194                                               | FCOPT |    829 |  656 |   76 |    827 |  654 |   76 | N   |       0.85 | add_signed_20174_2194        | 
| add_signed_20174_2195                                               | FCOPT |    829 |  656 |   76 |    827 |  654 |   76 | N   |       0.86 | add_signed_20174_2195        | 
| add_signed_20174_2186                                               | FCOPT |    829 |  656 |   76 |    827 |  654 |   76 | N   |       0.86 | add_signed_20174_2186        | 
| add_signed_20174_2175                                               | FCOPT |    829 |  656 |   76 |    827 |  654 |   76 | N   |       0.86 | add_signed_20174_2175        | 
| add_signed_20174_2172                                               | FCOPT |    829 |  656 |   76 |    827 |  654 |   76 | N   |       1.01 | add_signed_20174_2172        | 
| cb_oseq_2155                                                        | FCOPT |   3216 |  243 |   94 |   3203 |  230 |   10 | Y   |       1.85 | cb_oseq_2155                 | 
| cb_oseq_2163                                                        | FCOPT |   2519 |   19 |   88 |   2516 |   16 |    4 | Y   |       2.16 | cb_oseq_2163                 | 
| sub_unsigned_20890                                                  | FCOPT |    828 |  381 |  112 |    713 |  266 |  112 | Y   |       1.55 | sub_unsigned_20890           | 
| add_signed_625                                                      | FCOPT |    640 |  527 |   44 |    640 |  527 |   44 | N   |       0.94 | add_signed_625               | 
-------------------------------------------------------------------------------------------------------------------------------------------------------------------------------
Number of LFLHs filtered from table: 127
Runtime accepts/rejects/total =   272.84 /    84.02 /   356.87
Accepts/rejects/total = 21 / 151 / 172
Sum of reduced nodes/levels = 1765 / 1190
PBS_Generic_Opt-Post - Elapsed_Time 3101, CPU_Time 3026.34113
stamp 'PBS_Generic_Opt-Post' being created for table 'pbs_debug'

  Total Time (Wall) |  Stage Time (Wall)  |   % (Wall)   |    Date - Time     |  Memory   | Stage
--------------------+---------------------+--------------+--------------------+-----------+----------------------
 00:03:49(00:07:38) |  00:00:00(00:00:00) |   0.0(  0.0) |   11:34:41 (Jul03) |   2.76 GB | PBS_Generic-Start
--------------------+---------------------+--------------+--------------------+-----------+----------------------
 00:43:05(00:47:39) |  00:39:15(00:40:01) |  75.7( 75.3) |   12:14:42 (Jul03) |   5.08 GB | PBS_Generic-Post_Genopt
--------------------+---------------------+--------------+--------------------+-----------+----------------------
 00:55:41(01:00:46) |  00:12:35(00:13:07) |  24.3( 24.7) |   12:27:49 (Jul03) |   3.41 GB | PBS_Generic_Opt-Post
--------------------+---------------------+--------------+--------------------+-----------+----------------------
Number of threads: 8 * 2   (id: pbs_debug, time_info v1.57)
Info: (*N*) indicates data that was populated from previously saved time_info database
Info: CPU time includes time of parent + longest thread
PBS_Generic-Postgen HBO Optimizations - Elapsed_Time 9, CPU_Time 7.0
stamp 'PBS_Generic-Postgen HBO Optimizations' being created for table 'pbs_debug'

  Total Time (Wall) |  Stage Time (Wall)  |   % (Wall)   |    Date - Time     |  Memory   | Stage
--------------------+---------------------+--------------+--------------------+-----------+----------------------
 00:03:49(00:07:38) |  00:00:00(00:00:00) |   0.0(  0.0) |   11:34:41 (Jul03) |   2.76 GB | PBS_Generic-Start
--------------------+---------------------+--------------+--------------------+-----------+----------------------
 00:43:05(00:47:39) |  00:39:15(00:40:01) |  75.5( 75.1) |   12:14:42 (Jul03) |   5.08 GB | PBS_Generic-Post_Genopt
--------------------+---------------------+--------------+--------------------+-----------+----------------------
 00:55:41(01:00:46) |  00:12:35(00:13:07) |  24.2( 24.6) |   12:27:49 (Jul03) |   3.41 GB | PBS_Generic_Opt-Post
--------------------+---------------------+--------------+--------------------+-----------+----------------------
 00:55:48(01:00:55) |  00:00:07(00:00:09) |   0.2(  0.3) |   12:27:58 (Jul03) |   3.12 GB | PBS_Generic-Postgen HBO Optimizations
--------------------+---------------------+--------------+--------------------+-----------+----------------------
Number of threads: 8 * 2   (id: pbs_debug, time_info v1.57)
Info: (*N*) indicates data that was populated from previously saved time_info database
Info: CPU time includes time of parent + longest thread
Starting post syn_generic ultra-effort Boolean optimization
Redundancy removal succeeded.
Done post syn_generic ultra-effort Boolean optimization (9.00 cpu seconds) (9.00 elapsed cpu seconds)
Warning : Non-monotonic wireload model found. [LBR-81]
        : 'Length' table in wireload model 'Huge' is non-monotonic.
Warning : Non-monotonic wireload model found. [LBR-81]
        : 'Length' table in wireload model 'Huge' is non-monotonic.
Warning : Non-monotonic wireload model found. [LBR-81]
        : 'Length' table in wireload model 'Huge' is non-monotonic.
Warning : Non-monotonic wireload model found. [LBR-81]
        : 'Length' table in wireload model 'Large' is non-monotonic.
Warning : Non-monotonic wireload model found. [LBR-81]
        : 'Length' table in wireload model 'Large' is non-monotonic.
Warning : Non-monotonic wireload model found. [LBR-81]
        : 'Length' table in wireload model 'Large' is non-monotonic.
Warning : Non-monotonic wireload model found. [LBR-81]
        : 'Length' table in wireload model 'Medium' is non-monotonic.
Warning : Non-monotonic wireload model found. [LBR-81]
        : 'Length' table in wireload model 'Medium' is non-monotonic.
Warning : Maximum message print count reached. [MESG-11]
        : Maximum print count of '20' reached for message 'LBR-81'.
Skipping gbf_eliminate ...
NP info: starts enhanced cluster placement for def 'fa_top' in netlist 'fa_top'
NP info: ple wire load mode: cluster
NP info:  configuring NP to use 8 threads
Info : Deleting 2-D Early Global router data...
Info : 2-D Early Global router data deletion complete.
Info : Initializing 2-D Early Global router engine...
Info : Installing 2-D Early Global router...
Info : Early Global router engine is using 8 threads.
Info : 2-D Early Global router initialization complete.
Info : 2-D Early Global router installation complete.
Info : Installing 3-D Early Global router...
Info : 3-D Early Global router installation complete.
NP info: #insts: 0
NP info: instances: 224164  util: 13.4%
NP info: #iterations: 12
NP info: iteration #1 overlap: 0.274  net_length: 1.3961e+07
NP info: iteration #2 overlap: 0.257  net_length: 1.4357e+07
NP info: iteration #3 overlap: 0.261  net_length: 1.3727e+07
NP info: iteration #4 overlap: 0.265  net_length: 1.3426e+07
NP info: iteration #5 overlap: 0.237  net_length: 1.4373e+07
Info : Deleting 2-D Early Global router data...
Info : Early 2-D Global router data deletion complete.
NP info: using new CDP
Info : Deleting 2-D Early Global router data...
Info : Early 2-D Global router data deletion complete.
NP info: using new CDP
NP info: iteration #6 overlap: 0.231  net_length: 1.4588e+07
Info : Deleting 2-D Early Global router data...
Info : Early 2-D Global router data deletion complete.
NP info: using new CDP
Info : Deleting 2-D Early Global router data...
Info : Early 2-D Global router data deletion complete.
NP info: using new CDP
NP info: iteration #7 overlap: 0.186  net_length: 1.5226e+07
Info : Deleting 2-D Early Global router data...
Info : Early 2-D Global router data deletion complete.
NP info: using new CDP
Info : Deleting 2-D Early Global router data...
Info : Early 2-D Global router data deletion complete.
NP info: using new CDP
NP info: iteration #8 overlap: 0.158  net_length: 1.5384e+07
Info : Deleting 2-D Early Global router data...
Info : Early 2-D Global router data deletion complete.
NP info: using new CDP
Info : Deleting 2-D Early Global router data...
Info : Early 2-D Global router data deletion complete.
NP info: using new CDP
NP info: iteration #9 overlap: 0.092  net_length: 1.7376e+07
NP info: iteration #10 overlap: 0.051  net_length: 1.7349e+07
NP info: iteration #11 overlap: 0.008  net_length: 1.7487e+07
NP info: iteration #12 overlap: 0.007  net_length: 1.7569e+07
NP info: record placement result to RC db.
Info : Deleting 2-D Early Global router data...
Info : 2-D Early Global router data deletion complete.
Info : Initializing 2-D Early Global router engine...
Info : Installing 2-D Early Global router...
Info : Early Global router engine is using 8 threads.
Info : 2-D Early Global router initialization complete.
Info : 2-D Early Global router installation complete.
NP info: plc_global runtime  elapsed: 553 seconds (9.2 minutes), CPU: 2170 seconds (36.2 minutes)
NP info: ends cluster placement for def 'fa_top' in netlist 'fa_top'

Info : Deleting 2-D Early Global router data...
Info : 2-D Early Global router data deletion complete.
Info : Initializing 2-D Early Global router engine...
Info : Installing 2-D Early Global router...
Info : Early Global router engine is using 8 threads.
Info : 2-D Early Global router initialization complete.
Info : 2-D Early Global router installation complete.
============================================================
  Generated by:           Genus(TM) Synthesis Solution 25.12-s067_1
  Generated on:           Jul 03 2026  12:37:31 pm
  Module:                 fa_top
  Technology libraries:   sky130_fd_sc_hs__tt_025C_1v80 1.0000000000
                          sky130_sram_0kbytes_1rw1r_32x64_8_TT_1p8V_25C_lib 
                          sky130_sram_0kbytes_1rw1r_48x16_8_TT_1p8V_25C_lib 
                          physical_cells 
  Operating conditions:   typ 
  Interconnect mode:      global
  Area mode:              physical library
============================================================

Aspect ratio        : 0.999
Shrink factor       : 1.000
Scale of res/length : 1.000
Scale of cap/length : 1.000
Net derating factor : 1.000
Thermal factor      : 1.000
Via Resistance      : 0.000 ohm (from default)
Site size           : 3.810 um (from lef [tech+cell])

                                   Capacitance  
  Layer                             / Length         Data source:
Name        Direction Utilization  (pF/micron)       lef_library
------------------------------------------------
li1             V         0.00        0.000088  
met1            H         1.00        0.000085  
met2            V         1.00        0.000078  
met3            H         1.00        0.000086  
met4            V         1.00        0.000076  
met5            H         1.00        0.000088  

                                    Resistance   
  Layer                              / Length         Data source:
Name        Direction Utilization  (ohm/micron)       lef_library
-------------------------------------------------
li1             V         0.00        75.294118  
met1            H         1.00         0.892857  
met2            V         1.00         0.892857  
met3            H         1.00         0.156667  
met4            V         1.00         0.156667  
met5            H         1.00         0.017812  

                                        Area     
  Layer                               / Length        Data source:
Name        Direction Utilization     (micron)        lef_library
-------------------------------------------------
li1             V         0.00         0.170000  
met1            H         1.00         0.140000  
met2            V         1.00         0.140000  
met3            H         1.00         0.300000  
met4            V         1.00         0.300000  
met5            H         1.00         1.600000  

Design already placed...
Updating congestion map...
  Calculating total tracks...
  Calculating obstructed tracks...
  Calculating overflow...

 ======= Starting initializing CRLP Router ===========================

 ======= Finished running CRLP routing, Time taken: 5 seconds =========
  Calculating congestion data...
Done updating congestion map (time: 5s).

 ======= Starting creating route type bins =========

 ======= Finished creating route type bins, Time taken: 0 seconds =========


Resistance and Capacitance data generated.

Generating data to compare PLE estimates with placement based R and C..
Total sampled nets = 208068
Data generated.

Generating correlation factors for PLE..
Done.

Completed PLE correlation.

PBS_Generic_Opt-Physical - Elapsed_Time 635, CPU_Time 2231.5022480000007
stamp 'PBS_Generic_Opt-Physical' being created for table 'pbs_debug'

  Total Time (Wall) |  Stage Time (Wall)  |   % (Wall)   |    Date - Time     |  Memory   | Stage
--------------------+---------------------+--------------+--------------------+-----------+----------------------
 00:03:49(00:07:38) |  00:00:00(00:00:00) |   0.0(  0.0) |   11:34:41 (Jul03) |   2.76 GB | PBS_Generic-Start
--------------------+---------------------+--------------+--------------------+-----------+----------------------
 00:43:05(00:47:39) |  00:39:15(00:40:01) |  44.0( 62.7) |   12:14:42 (Jul03) |   5.08 GB | PBS_Generic-Post_Genopt
--------------------+---------------------+--------------+--------------------+-----------+----------------------
 00:55:41(01:00:46) |  00:12:35(00:13:07) |  14.1( 20.5) |   12:27:49 (Jul03) |   3.41 GB | PBS_Generic_Opt-Post
--------------------+---------------------+--------------+--------------------+-----------+----------------------
 00:55:48(01:00:55) |  00:00:07(00:00:09) |   0.1(  0.2) |   12:27:58 (Jul03) |   3.12 GB | PBS_Generic-Postgen HBO Optimizations
--------------------+---------------------+--------------+--------------------+-----------+----------------------
 01:32:59(01:11:30) |  00:37:11(00:10:35) |  41.7( 16.6) |   12:38:33 (Jul03) |   3.29 GB | PBS_Generic_Opt-Physical
--------------------+---------------------+--------------+--------------------+-----------+----------------------
Number of threads: 8 * 2   (id: pbs_debug, time_info v1.57)
Info: (*N*) indicates data that was populated from previously saved time_info database
Info: CPU time includes time of parent + longest thread
Updating congestion map...
  Calculating total tracks...
  Calculating obstructed tracks...
  Calculating overflow...

 ======= Starting initializing HUM Router ============================

 ======= Skipped registering nets to HUM router  ===
Info : Deleting 2-D Early Global router data...
Info : Early 2-D Global router data deletion complete.

 ======= Finished running HUM routing, Time taken: 4 seconds =========
  Calculating congestion data...
Done updating congestion map (time: 6s).

 ======= Starting creating route type bins =========

 ======= Finished creating route type bins, Time taken: 0 seconds =========
Warning : This attribute will be obsolete in a next major release. [TUI-32]
        : attribute: 'phys_pam_pas_reset_list', object type: 'design'
==================================
Stage : PBS_Generic_Opt-PAM_PAS 
==================================
  =================
   Message Summary
  =================
----------------------------------------------------------------------------------------------------------------------------------------------------------------------------------------------------------------------------------------
|    Id     |  Sev  |Count|                                                                                                Message Text                                                                                                |
----------------------------------------------------------------------------------------------------------------------------------------------------------------------------------------------------------------------------------------
|CDFG-250   |Info   |   59|Processing multi-dimensional arrays.                                                                                                                                                                        |
|CDFG-372   |Info   |  105|Bitwidth mismatch in assignment.                                                                                                                                                                            |
|           |       |     |Review and make sure the mismatch is intentional. Genus can possibly issue bitwidth mismatch warning for explicit assignments present in RTL as-well-as for implicit assignments inferred by the tool. For  |
|           |       |     | example, in case of enum declaration without value, the tool will implicitly assign value to the enum variables. It also issues the warning for any bitwidth mismatch that appears in this implicit        |
|           |       |     | assignment.                                                                                                                                                                                                |
|CDFG-373   |Info   |    1|Sign mismatch in assignment.                                                                                                                                                                                |
|CDFG-466   |Warning|    6|Connected signal is wider than libpin.                                                                                                                                                                      |
|           |       |     |This may cause simulation mismatches between the original and synthesized designs.                                                                                                                          |
|CDFG-472   |Warning|   19|Unreachable statements for case item.                                                                                                                                                                       |
|CDFG-500   |Info   |    5|Unused module input port.                                                                                                                                                                                   |
|           |       |     |(In port definition within the module, the input port is not used in any assignment statements or conditional expressions for decision statements.                                                          |
|CDFG-508   |Warning|    3|Removing unused register.                                                                                                                                                                                   |
|           |       |     |Genus removes the flip-flop or latch inferred for an unused signal or variable. To preserve the flip-flop or latch, set the hdl_preserve_unused_registers attribute to true or use a pragma in the RTL.     |
|CDFG-567   |Info   |   55|Instantiating Subdesign.                                                                                                                                                                                    |
|CDFG-738   |Info   |  143|Common subexpression eliminated.                                                                                                                                                                            |
|CDFG-739   |Info   |  143|Common subexpression kept.                                                                                                                                                                                  |
|CDFG-769   |Info   |   15|Identified sum-of-products logic to be optimized during syn_generic.                                                                                                                                        |
|CDFG-771   |Info   |    1|Replaced logic with a constant value.                                                                                                                                                                       |
|CDFG-911   |Info   |    9|Ignored bit merge logic with shifter implementation.                                                                                                                                                        |
|CWD-19     |Info   |  310|An implementation was inferred.                                                                                                                                                                             |
|ELAB-1     |Info   |    1|Elaborating Design.                                                                                                                                                                                         |
|ELAB-2     |Info   |   27|Elaborating Subdesign.                                                                                                                                                                                      |
|ELAB-3     |Info   |    1|Done Elaborating Design.                                                                                                                                                                                    |
|ELABUTL-132|Info   |   11|Unused instance port.                                                                                                                                                                                       |
|           |       |     |Please check the reported scenario of unconnected instance port to ensure that it matches the design intent.                                                                                                |
|GLO-12     |Info   |  378|Replacing a flip-flop with a logic constant 0.                                                                                                                                                              |
|           |       |     |To prevent this optimization, set the 'optimize_constant_0_flops' root attribute to 'false' or 'optimize_constant_0_seq' instance attribute to 'false'. You can also see the complete list of deleted       |
|           |       |     | sequential with command 'report sequential -deleted' (on Reason 'constant0').                                                                                                                              |
|GLO-13     |Info   |   17|Replacing a flip-flop with a logic constant 1.                                                                                                                                                              |
|           |       |     |To prevent this optimization, set the 'optimize_constant_1_flops' root attribute to 'false' or 'optimize_constant_1_seq' instance attribute to 'false'.                                                     |
|GLO-34     |Info   |    4|Deleting instances not driving any primary outputs.                                                                                                                                                         |
|           |       |     |Optimizations such as constant propagation or redundancy removal could change the connections so a hierarchical instance does not drive any primary outputs anymore. To see the list of deleted hierarchical|
|           |       |     | instances, set the 'information_level' attribute to 2 or above. If the message is truncated set the message attribute 'truncate' to false to see the complete list. To prevent this optimization, set the  |
|           |       |     | 'delete_unloaded_insts' root/subdesign attribute to 'false' or 'preserve' instance attribute to 'true'.                                                                                                    |
|GLO-40     |Info   |   30|Combinational hierarchical blocks with identical inputs have been merged.                                                                                                                                   |
|           |       |     |This optimization usually reduces design area. To prevent merging of combinational hierarchical blocks, set the 'merge_combinational_hier_instances' root attribute to 'false' or the                       |
|           |       |     | 'merge_combinational_hier_instance' instance attribute to 'false'.                                                                                                                                         |
|GLO-45     |Info   |  281|Replacing the synchronous part of an always feeding back flip-flop with a logic constant.                                                                                                                   |
|           |       |     |To prevent this optimization, set 'optimize_constant_feedback_seqs' root attribute to 'false'. The instance attribute 'optimize_constant_feedback_seq' controls this optimization.                          |
|GLO-46     |Info   |    1|Combinational hierarchical instances are merged.                                                                                                                                                            |
|GLO-62     |Info   |  634|On tool_generated instance/module 'strict_no' is set.                                                                                                                                                       |
|           |       |     |This shall only be used for special purposes like formal verification.                                                                                                                                      |
|INVS-8     |Info   |    1|Innovus executable found.                                                                                                                                                                                   |
|           |       |     |The specified Innovus executable will be used for the Innovus batch jobs.                                                                                                                                   |
|INVS-18    |Info   |    1|The following executable version was used for the Innovus session.                                                                                                                                          |
|           |       |     |The specified Innovus version was used for the Innovus batch job.                                                                                                                                           |
|LBR-9      |Warning|    4|Library cell has no output pins defined.                                                                                                                                                                    |
|           |       |     |Add the missing output pin(s)                                                                                                                                                                               |
|           |       |     | , then reload the library. Else the library cell will be marked as timing model i.e. unusable. Timing_model means that the cell does not have any defined function. If there is no output pin, Genus will  |
|           |       |     | mark library cell as unusable i.e. the attribute 'usable' will be marked to 'false' on the libcell. Therefore, the cell is not used for mapping and it will not be picked up from the library for          |
|           |       |     | synthesis. If you query the attribute 'unusable_reason' on the libcell; result will be: 'Library cell has no output pins.'Note: The message LBR-9 is only for the logical pins and not for the power_ground|
|           |       |     | pins. Genus will depend upon the output function defined in the pin group (output pin) of the cell, to use it for mapping. The pg_pin will not have any function defined.                                  |
|LBR-40     |Info   |    5|An unsupported construct was detected in this library.                                                                                                                                                      |
|           |       |     |Check to see if this construct is really needed for synthesis. Many liberty constructs are not actually required.                                                                                           |
|LBR-41     |Info   |  164|An output library pin lacks a function attribute.                                                                                                                                                           |
|           |       |     |If the remainder of this library cell's semantic checks are successful, it will be considered as a timing-model (because one of its outputs does not have a valid function.                                 |
|LBR-81     |Warning|   96|Non-monotonic wireload model found.                                                                                                                                                                         |
|           |       |     |Non-monotonic wireload models can cause problems during synthesis and/or mapping.  Raising some of the points in the curve to give it a monotonic shape.                                                    |
|LBR-162    |Info   |   72|Both 'pos_unate' and 'neg_unate' timing_sense arcs have been processed.                                                                                                                                     |
|           |       |     |Setting the 'timing_sense' to non_unate.                                                                                                                                                                    |
|LBR-412    |Info   |    3|Created nominal operating condition.                                                                                                                                                                        |
|           |       |     |The nominal operating condition is represented, either by the nominal PVT values specified in the library source (via nom_process,nom_voltage and nom_temperature respectively)                             |
|           |       |     | , or by the default PVT values (1.0,1.0,1.0).                                                                                                                                                              |
|LBR-516    |Info   |    2|Missing library level attribute.                                                                                                                                                                            |
|LBR-517    |Error  |96732|Could not find the look-up table definition.                                                                                                                                                                |
|           |       |     |Add the look-up table definition, then reload the library.                                                                                                                                                  |
|LBR-709    |Warning|96732|Ignoring the timing group.                                                                                                                                                                                  |
|           |       |     |Fix the library cell error and then reload the library.                                                                                                                                                     |
|LIC-2      |Info   |    1|Beta feature.                                                                                                                                                                                               |
|           |       |     |Final production licensing of this beta feature has not been determined and is subject to change. Usage and support of this beta feature are subject to prior agreement with Cadence. In addition, Cadence  |
|           |       |     | assumes you understand the feature limitations and expected results. Contact your Cadence representative if you have any questions.                                                                        |
|PBS-1      |Info   |    1|Enabling Partition Based Synthesis.                                                                                                                                                                         |
|PHYS-12    |Warning|    3|The variant range of wire parameters is too large. An example of wire parameters are, a WIDTH for layer, PITCH for layer, MINSPACING for layers, etc.                                                       |
|           |       |     |Check the consistency of the parameters, and see if you can ignore this message or you're using different LEF file with wrong parameters.                                                                   |
|PHYS-13    |Warning|    1|The value of the wire parameter is too big.                                                                                                                                                                 |
|           |       |     |Check the consistency of the specified wire parameter.                                                                                                                                                      |
|PHYS-58    |Warning|    2|Option ignored.                                                                                                                                                                                             |
|           |       |     |The specified option will be treated as indicated above.                                                                                                                                                    |
|PHYS-61    |Warning|    1|Recommended data is not found.                                                                                                                                                                              |
|           |       |     |The recommended data is not given and the tool uses the default value. Although the data is not mandatory, it is highly recommended to provide it in order to achieve the best result. Rerun the command    |
|           |       |     | after supplying the data.                                                                                                                                                                                  |
|PHYS-90    |Info   |   13|Generating design database.                                                                                                                                                                                 |
|           |       |     |The database contains all the files required to restore the design in the specified application.                                                                                                            |
|PHYS-128   |Warning|  752|Library cell pin 'use' attribute is inconsistent between lib and LEF.                                                                                                                                       |
|           |       |     |Overriding lib value with LEF value. To use .lib as golden do: '::legacy::set_attribute use_power_ground_pin_from_lef false'.                                                                               |
|PHYS-129   |Info   |   25|Via with no resistance will have a value of '0.0' assigned for resistance value.                                                                                                                            |
|           |       |     |If this is the expected behavior, this message can be ignored.                                                                                                                                              |
|PHYS-181   |Info   |   87|Full preserve set on instance.                                                                                                                                                                              |
|           |       |     |This message has a default max print count of '10', which can be changed by setting the 'max_print' attribute.                                                                                              |
|PHYS-279   |Warning|   17|Physical cell not defined in library.                                                                                                                                                                       |
|           |       |     |Ensure that the proper library files are available and have been imported.                                                                                                                                  |
|PHYS-1011  |Warning|    1|Attribute design_process_node is not set for this design.                                                                                                                                                   |
|           |       |     |When attribute design_process_node is not set to an appropriate integer value >=1 and <=250, then Innovus will assume its own default value for the design process node. See the Innovus setDesignMode      |
|           |       |     | -process <> command for more information about what this setting does.                                                                                                                                     |
|ST-110     |Info   |   32|Connection established with super-threading server.                                                                                                                                                         |
|           |       |     |The tool is entering super-threading mode and has established a connection with a CPU server process.  This is enabled by the root attributes 'super_thread_servers' or 'auto_super_thread'.                |
|ST-112     |Info   |   32|A super-threading server has been shut down normally.                                                                                                                                                       |
|           |       |     |A super-threaded optimization is complete and a CPU server was successfully shut down.                                                                                                                      |
|ST-120     |Info   |    4|Attempting to launch a super-threading server.                                                                                                                                                              |
|           |       |     |The tool is entering super-threading mode and is launching a CPU server process.  This is enabled by the root attribute 'super_thread_servers' or 'auto_super_thread'.                                      |
|ST-128     |Info   |    4|Super thread servers are launched successfully.                                                                                                                                                             |
|SYNTH-1    |Info   |    1|Synthesizing.                                                                                                                                                                                               |
|TUI-32     |Warning|    7|This attribute will be obsolete in a next major release.                                                                                                                                                    |
|TUI-82     |Warning|    2|Enabling message severity downgrade.                                                                                                                                                                        |
|TUI-204    |Error  |    2|An invalid option was specified.                                                                                                                                                                            |
|           |       |     |Run 'command_name -help' to check all valid options. To correct the option and rerun the command.                                                                                                           |
|TUI-280    |Info   |    1|An additional product license has been checked out.                                                                                                                                                         |
|VLOGPT-692 |Warning|   26|Usage of non-static tasks or functions might result in simulation-synthesis mismatch.                                                                                                                       |
|           |       |     |Use the 'automatic' keyword for declaring functions and tasks.                                                                                                                                              |
----------------------------------------------------------------------------------------------------------------------------------------------------------------------------------------------------------------------------------------
PBS_Generic_Opt-PAM_PAS - Elapsed_Time 13, CPU_Time 14.0
stamp 'PBS_Generic_Opt-PAM_PAS' being created for table 'pbs_debug'

  Total Time (Wall) |  Stage Time (Wall)  |   % (Wall)   |    Date - Time     |  Memory   | Stage
--------------------+---------------------+--------------+--------------------+-----------+----------------------
 00:03:49(00:07:38) |  00:00:00(00:00:00) |   0.0(  0.0) |   11:34:41 (Jul03) |   2.76 GB | PBS_Generic-Start
--------------------+---------------------+--------------+--------------------+-----------+----------------------
 00:43:05(00:47:39) |  00:39:15(00:40:01) |  43.9( 62.4) |   12:14:42 (Jul03) |   5.08 GB | PBS_Generic-Post_Genopt
--------------------+---------------------+--------------+--------------------+-----------+----------------------
 00:55:41(01:00:46) |  00:12:35(00:13:07) |  14.1( 20.5) |   12:27:49 (Jul03) |   3.41 GB | PBS_Generic_Opt-Post
--------------------+---------------------+--------------+--------------------+-----------+----------------------
 00:55:48(01:00:55) |  00:00:07(00:00:09) |   0.1(  0.2) |   12:27:58 (Jul03) |   3.12 GB | PBS_Generic-Postgen HBO Optimizations
--------------------+---------------------+--------------+--------------------+-----------+----------------------
 01:32:59(01:11:30) |  00:37:11(00:10:35) |  41.6( 16.5) |   12:38:33 (Jul03) |   3.29 GB | PBS_Generic_Opt-Physical
--------------------+---------------------+--------------+--------------------+-----------+----------------------
 01:33:13(01:11:43) |  00:00:14(00:00:13) |   0.3(  0.3) |   12:38:46 (Jul03) |   3.29 GB | PBS_Generic_Opt-PAM_PAS
--------------------+---------------------+--------------+--------------------+-----------+----------------------
Number of threads: 8 * 2   (id: pbs_debug, time_info v1.57)
Info: (*N*) indicates data that was populated from previously saved time_info database
Info: CPU time includes time of parent + longest thread
Info    : Done synthesizing. [SYNTH-2]
        : Done synthesizing 'fa_top' to generic gates.
Warning : Non-monotonic wireload model found. [LBR-81]
        : 'Length' table in wireload model 'Huge' is non-monotonic.
Warning : Non-monotonic wireload model found. [LBR-81]
        : 'Length' table in wireload model 'Huge' is non-monotonic.
Warning : Non-monotonic wireload model found. [LBR-81]
        : 'Length' table in wireload model 'Huge' is non-monotonic.
Warning : Non-monotonic wireload model found. [LBR-81]
        : 'Length' table in wireload model 'Large' is non-monotonic.
Warning : Non-monotonic wireload model found. [LBR-81]
        : 'Length' table in wireload model 'Large' is non-monotonic.
Warning : Non-monotonic wireload model found. [LBR-81]
        : 'Length' table in wireload model 'Large' is non-monotonic.
Warning : Non-monotonic wireload model found. [LBR-81]
        : 'Length' table in wireload model 'Medium' is non-monotonic.
Warning : Non-monotonic wireload model found. [LBR-81]
        : 'Length' table in wireload model 'Medium' is non-monotonic.
Warning : Non-monotonic wireload model found. [LBR-81]
        : 'Length' table in wireload model 'Medium' is non-monotonic.
Warning : Non-monotonic wireload model found. [LBR-81]
        : 'Length' table in wireload model 'Small' is non-monotonic.
Warning : Non-monotonic wireload model found. [LBR-81]
        : 'Length' table in wireload model 'Small' is non-monotonic.
Warning : Non-monotonic wireload model found. [LBR-81]
        : 'Length' table in wireload model 'Small' is non-monotonic.
Info : Deleting 2-D Early Global router data...
Info : 2-D Early Global router data deletion complete.
Info : Initializing 2-D Early Global router engine...
Info : Installing 2-D Early Global router...
Info : Early Global router engine is using 8 threads.
Info : 2-D Early Global router initialization complete.
Info : 2-D Early Global router installation complete.
##>===== Cadence Confidential (Generic-Physical) =====
##>ST Summary (3 partitions in total):
##>----------------------------------------------
##>PARTITION                2         0         1
##>----------------------------------------------
##>PRE_WNS               -545       799       412
##>PRE_TNS             767884         0         0
##>PRE_CNT             416615     47918     82041
##>PRE_PORT_CNT           406      1332       555
##>PRE_AREA           9325491    690792   4295038
##>PRE_LEAK_PWR         36287      5821      8560
##>PRE_EX_DEL_CNT         407      1333       556
##>----------------------------------------------
##>POST_WNS               412       799       412
##>POST_TNS                 0         0         0
##>POST_CNT            269588     32578     76380
##>POST_PORT_CNT          406      1332       555
##>POST_AREA          7928929    542847   4112872
##>POST_LEAK_PWR        23726      4132      7667
##>POST_EX_DEL_CNT        407      1333       556
##>----------------------------------------------
##>R:Read DB                3         1         1
##>R:Mux Opto              24        14         5
##>R:Generic             2039       458       297
##>R:Retime                 0         0         0
##>R:Clk Gate               0         0         0
##>R:Const Prop            25         4         3
##>R:Gobble                 1         0         0
##>R:Set Targets            0         0         0
##>R:Write DB              29         5         9
##>R:Misc                   0         0         0
##>Total Elapsed         2122       483       316
##>==============================================
##>============ Cadence Confidential (Generic-Physical) =============
##>ST Summary (5 partitions in total):
##>------------------------------------------------------------------
##>PARTITION                3         4         1         0         2
##>------------------------------------------------------------------
##>PRE_WNS                131      1219       412       823       160
##>PRE_TNS                  0         0         0         0         0
##>PRE_CNT             117522    156090     81156     35972      5441
##>PRE_PORT_CNT          6671      3745       544      1319      4410
##>PRE_AREA           1527243   1706908   4197564    605263   4834921
##>PRE_LEAK_PWR         11683     11643      8160      4468      1494
##>PRE_EX_DEL_CNT        6672      3745       545      1320      4411
##>------------------------------------------------------------------
##>POST_WNS               200        -3       241       361       160
##>POST_TNS                 0       221         0         0         0
##>POST_CNT             62886     84579     47539     23863      5315
##>POST_PORT_CNT         6671      3745       544      1319      4410
##>POST_AREA          1057941   1208901   3944851    481290   4832518
##>POST_LEAK_PWR         4550      3687      3848      2404      1465
##>POST_EX_DEL_CNT       6672      3745       545      1320      4411
##>------------------------------------------------------------------
##>F:Read DB                2         2         1         1         1
##>F:Mux Opto               0         0         0         0         0
##>F:Generic               10         9         8         5         1
##>F:Retime                 0         0         0         0         0
##>F:Clk Gate               0         0         0         0         0
##>F:Const Prop            17         6         7         3         0
##>F:Gobble                 0         0         0         0         0
##>F:Set Targets          601       568       559       249        46
##>F:Write DB              11        11         8         4         2
##>F:Misc                   0         0         0         0         0
##>Total Elapsed          641       596       583       262        50
##>==================================================================
##>Main Thread Summary:
##>----------------------------------------------------------------------------------------
##>STEP                           Elapsed       WNS       TNS     Insts      Area    Memory
##>----------------------------------------------------------------------------------------
##>G:Initial                           85         -         -    546574  14311321      3430
##>G:Early Clock Gating                 0         -         -         -         -         -
##>G:Setup                              4         -         -         -         -      6281
##>G:Launch ST                         16         -         -         -         -      6281
##>G:Design Partition                   2         -         -         -         -      6281
##>G:Create Partition Netlists         25         -         -         -         -      6281
##>G:Init Power                         0         -         -         -         -      6281
##>G:Budgeting                         31         -         -         -         -      6281
##>G:Derenv-DB                         47         -         -         -         -      6281
##>G:Debug Outputs                      0         -         -         -         -         -
##>G:ST loading                         0         -         -         -         -      6281
##>G:Distributed                     2770         -         -         -         -      6281
##>G:Timer                             20         -         -         -         -      6281
##>G:Assembly                          31         -         -         -         -      6281
##>G:DFT                                6         -         -         -         -      6281
##>G:Const Prop                         9         -         -    224174  11525416      3118
##>G:Placement                        635         -         -    224164  11525323      3291
##>G:Physical Opt                      13         -         -    224164  11525323      3293
##>G:PostGen Opt                       32       241         0    224174  11525416      3409
##>G:Early Clock Gating Cleanup         0         -         -         -         -         -
##>G:Misc                             133
##>----------------------------------------------------------------------------------------
##>Total Elapsed                     3859
##>========================================================================================
      flow.cputime  flow.realtime  timing.setup.tns  timing.setup.wns  snapshot
UM:*                                                                   syn_gen_physical
#----------------------------------------------------------------------------------------
# Root attributes for category: opt
#----------------------------------------------------------------------------------------
# Feature                           | Attribute                    | Value            
#----------------------------------------------------------------------------------------
# Avoid tied inputs                 | avoid_tied_inputs            | false (default)  
# Allow floating outputs            | opt_allow_floating_outputs   | false (default)  
# Power optimization effort         | design_power_effort          | none (default)   
# Do not use qbar sequential pins   | dont_use_qbar_seq_pins       | false (default)  
#----------------------------------------------------------------------------------------

##Generic Timing Info: typical gate delay  111.8 ps   std_slew:   16.0 ps   std_load:  4.8 fF  for library domain _default_
Mapping ChipWare ICG instances in fa_top
Found 0 unmapped ChipWare ICG instances
Mapped 0 of 0 ChipWare ICG instances

=============================================================================
  Generated by: Cadence Genus(TM) Synthesis Solution 25.12-s067_1
  Generated on: Jul  3 2026 12:39:20
  Module:       fa_top
=============================================================================

=========================
  check_floorplan SUMMARY
=========================
--------------------------------------------------------------------------------------------------------------
        Floorplan Object  |  Status  | #Violations |   #Total    |    ID     |  Violation Reason 
--------------------------------------------------------------------------------------------------------------
Core/Die Box              |   PASS   |          0  |          1  |           |                                                             
ROW Definitions           |   PASS   |          0  |          1  |           |                                                             
ROW Site References       |   PASS   |          0  |       1247  |           |                                                             
Primary Port Placement    |   PASS   |          0  |        551  |           |                                                             
Hard Macro Placement      |   PASS   |          0  |         87  |           |                                                             
Abnormal Utilization      |   PASS   |          0  |          1  |           |                                                             
Excessive Utilization     |   PASS   |          0  |          1  |           |                                                             
Macro Pin Outside Die     |   PASS   |          0  |      12321  |           |                                                             
Sites With No Rows        |   PASS   |          0  |          1  |           |                                                             
--------------------------------------------------------------------------------------------------------------

There is no error or warning detected for the floorplan.

Done checking floorplan - Elapsed time 0s, CPU time: 0.86s
Ultra global mapping function is enabled as part of physical-aware mapping/structuring.
Current PLE settings:

Aspect ratio        : 0.999
Shrink factor       : 1.000
Scale of res/length : 1.000
Scale of cap/length : 1.000
Net derating factor : 1.000
Thermal factor      : 1.000
Via Resistance      : 0.000 ohm (from default)
Site size           : 3.810 um (from lef [tech+cell])

                                   Capacitance  
  Layer                             / Length         Data source:
Name        Direction Utilization  (pF/micron)       lef_library
------------------------------------------------
li1             V         0.00        0.000088  
met1            H         1.00        0.000085  
met2            V         1.00        0.000078  
met3            H         1.00        0.000086  
met4            V         1.00        0.000076  
met5            H         1.00        0.000088  

                                    Resistance   
  Layer                              / Length         Data source:
Name        Direction Utilization  (ohm/micron)       lef_library
-------------------------------------------------
li1             V         0.00        75.294118  
met1            H         1.00         0.892857  
met2            V         1.00         0.892857  
met3            H         1.00         0.156667  
met4            V         1.00         0.156667  
met5            H         1.00         0.017812  

                                        Area     
  Layer                               / Length        Data source:
Name        Direction Utilization     (micron)        lef_library
-------------------------------------------------
li1             V         0.00         0.170000  
met1            H         1.00         0.140000  
met2            V         1.00         0.140000  
met3            H         1.00         0.300000  
met4            V         1.00         0.300000  
met5            H         1.00         1.600000  

Info    : Mapping. [SYNTH-4]
        : Mapping 'fa_top' using 'high' effort.
Mapper: Libraries have:
	domain _default_: 305 combo usable cells and 62 sequential usable cells
PBS_TechMap-Start - Elapsed_Time 0, CPU_Time 0.0
stamp 'PBS_TechMap-Start' being created for table 'pbs_debug'

  Total Time (Wall) |  Stage Time (Wall)  |   % (Wall)   |    Date - Time     |  Memory   | Stage
--------------------+---------------------+--------------+--------------------+-----------+----------------------
 00:03:49(00:07:38) |  00:00:00(00:00:00) |   0.0(  0.0) |   11:34:41 (Jul03) |   2.76 GB | PBS_Generic-Start
--------------------+---------------------+--------------+--------------------+-----------+----------------------
 00:43:05(00:47:39) |  00:39:15(00:40:01) |  43.6( 61.8) |   12:14:42 (Jul03) |   5.08 GB | PBS_Generic-Post_Genopt
--------------------+---------------------+--------------+--------------------+-----------+----------------------
 00:55:41(01:00:46) |  00:12:35(00:13:07) |  14.0( 20.3) |   12:27:49 (Jul03) |   3.41 GB | PBS_Generic_Opt-Post
--------------------+---------------------+--------------+--------------------+-----------+----------------------
 00:55:48(01:00:55) |  00:00:07(00:00:09) |   0.1(  0.2) |   12:27:58 (Jul03) |   3.12 GB | PBS_Generic-Postgen HBO Optimizations
--------------------+---------------------+--------------+--------------------+-----------+----------------------
 01:32:59(01:11:30) |  00:37:11(00:10:35) |  41.3( 16.4) |   12:38:33 (Jul03) |   3.29 GB | PBS_Generic_Opt-Physical
--------------------+---------------------+--------------+--------------------+-----------+----------------------
 01:33:13(01:11:43) |  00:00:14(00:00:13) |   0.3(  0.3) |   12:38:46 (Jul03) |   3.29 GB | PBS_Generic_Opt-PAM_PAS
--------------------+---------------------+--------------+--------------------+-----------+----------------------
 01:33:52(01:12:20) |  00:00:39(00:00:37) |   0.7(  1.0) |   12:39:23 (Jul03) |   2.69 GB | PBS_TechMap-Start
--------------------+---------------------+--------------+--------------------+-----------+----------------------
Number of threads: 8 * 2   (id: pbs_debug, time_info v1.57)
Info: (*N*) indicates data that was populated from previously saved time_info database
Info: CPU time includes time of parent + longest thread
Finished constraining critical logic cones (command execution time mm:ss (real) = 00:00).

Warning : Non-monotonic wireload model found. [LBR-81]
        : 'Length' table in wireload model 'Huge' is non-monotonic.
Warning : Non-monotonic wireload model found. [LBR-81]
        : 'Length' table in wireload model 'Huge' is non-monotonic.
Warning : Non-monotonic wireload model found. [LBR-81]
        : 'Length' table in wireload model 'Huge' is non-monotonic.
Warning : Non-monotonic wireload model found. [LBR-81]
        : 'Length' table in wireload model 'Large' is non-monotonic.
Warning : Non-monotonic wireload model found. [LBR-81]
        : 'Length' table in wireload model 'Large' is non-monotonic.
Warning : Non-monotonic wireload model found. [LBR-81]
        : 'Length' table in wireload model 'Large' is non-monotonic.
Warning : Non-monotonic wireload model found. [LBR-81]
        : 'Length' table in wireload model 'Medium' is non-monotonic.
Warning : Non-monotonic wireload model found. [LBR-81]
        : 'Length' table in wireload model 'Medium' is non-monotonic.
PBS_TechMap-PAM_PAS - Elapsed_Time 4, CPU_Time 3.0
stamp 'PBS_TechMap-PAM_PAS' being created for table 'pbs_debug'

  Total Time (Wall) |  Stage Time (Wall)  |   % (Wall)   |    Date - Time     |  Memory   | Stage
--------------------+---------------------+--------------+--------------------+-----------+----------------------
 00:03:49(00:07:38) |  00:00:00(00:00:00) |   0.0(  0.0) |   11:34:41 (Jul03) |   2.76 GB | PBS_Generic-Start
--------------------+---------------------+--------------+--------------------+-----------+----------------------
 00:43:05(00:47:39) |  00:39:15(00:40:01) |  43.6( 61.8) |   12:14:42 (Jul03) |   5.08 GB | PBS_Generic-Post_Genopt
--------------------+---------------------+--------------+--------------------+-----------+----------------------
 00:55:41(01:00:46) |  00:12:35(00:13:07) |  14.0( 20.3) |   12:27:49 (Jul03) |   3.41 GB | PBS_Generic_Opt-Post
--------------------+---------------------+--------------+--------------------+-----------+----------------------
 00:55:48(01:00:55) |  00:00:07(00:00:09) |   0.1(  0.2) |   12:27:58 (Jul03) |   3.12 GB | PBS_Generic-Postgen HBO Optimizations
--------------------+---------------------+--------------+--------------------+-----------+----------------------
 01:32:59(01:11:30) |  00:37:11(00:10:35) |  41.3( 16.3) |   12:38:33 (Jul03) |   3.29 GB | PBS_Generic_Opt-Physical
--------------------+---------------------+--------------+--------------------+-----------+----------------------
 01:33:13(01:11:43) |  00:00:14(00:00:13) |   0.3(  0.3) |   12:38:46 (Jul03) |   3.29 GB | PBS_Generic_Opt-PAM_PAS
--------------------+---------------------+--------------+--------------------+-----------+----------------------
 01:33:52(01:12:20) |  00:00:39(00:00:37) |   0.7(  1.0) |   12:39:23 (Jul03) |   2.69 GB | PBS_TechMap-Start
--------------------+---------------------+--------------+--------------------+-----------+----------------------
 01:33:55(01:12:24) |  00:00:03(00:00:04) |   0.1(  0.1) |   12:39:27 (Jul03) |   2.69 GB | PBS_TechMap-PAM_PAS
--------------------+---------------------+--------------+--------------------+-----------+----------------------
Number of threads: 8 * 2   (id: pbs_debug, time_info v1.57)
Info: (*N*) indicates data that was populated from previously saved time_info database
Info: CPU time includes time of parent + longest thread
Info    : Partition Based Synthesis execution skipped. [PHYS-752]
        : Design size is less than the partition threshold '300000' for distributed mapping optimization to kick in.

=============================================================================
  Generated by: Cadence Genus(TM) Synthesis Solution 25.12-s067_1
  Generated on: Jul  3 2026 12:39:30
  Module:       fa_top
=============================================================================

=========================
  check_floorplan SUMMARY
=========================
--------------------------------------------------------------------------------------------------------------
        Floorplan Object  |  Status  | #Violations |   #Total    |    ID     |  Violation Reason 
--------------------------------------------------------------------------------------------------------------
Core/Die Box              |   PASS   |          0  |          1  |           |                                                             
ROW Definitions           |   PASS   |          0  |          1  |           |                                                             
ROW Site References       |   PASS   |          0  |       1247  |           |                                                             
Primary Port Placement    |   PASS   |          0  |        551  |           |                                                             
Hard Macro Placement      |   PASS   |          0  |         87  |           |                                                             
Abnormal Utilization      |   PASS   |          0  |          1  |           |                                                             
Excessive Utilization     |   PASS   |          0  |          1  |           |                                                             
Macro Pin Outside Die     |   PASS   |          0  |      12321  |           |                                                             
Sites With No Rows        |   PASS   |          0  |          1  |           |                                                             
--------------------------------------------------------------------------------------------------------------

There is no error or warning detected for the floorplan.

Done checking floorplan - Elapsed time 0s, CPU time: 0.33s
Ultra global mapping function is enabled as part of physical-aware mapping/structuring.
Current PLE settings:

Aspect ratio        : 0.999
Shrink factor       : 1.000
Scale of res/length : 1.000
Scale of cap/length : 1.000
Net derating factor : 1.000
Thermal factor      : 1.000
Via Resistance      : 0.000 ohm (from default)
Site size           : 3.810 um (from lef [tech+cell])

                                   Capacitance  
  Layer                             / Length         Data source:
Name        Direction Utilization  (pF/micron)       lef_library
------------------------------------------------
li1             V         0.00        0.000088  
met1            H         1.00        0.000085  
met2            V         1.00        0.000078  
met3            H         1.00        0.000086  
met4            V         1.00        0.000076  
met5            H         1.00        0.000088  

                                    Resistance   
  Layer                              / Length         Data source:
Name        Direction Utilization  (ohm/micron)       lef_library
-------------------------------------------------
li1             V         0.00        75.294118  
met1            H         1.00         0.892857  
met2            V         1.00         0.892857  
met3            H         1.00         0.156667  
met4            V         1.00         0.156667  
met5            H         1.00         0.017812  

                                        Area     
  Layer                               / Length        Data source:
Name        Direction Utilization     (micron)        lef_library
-------------------------------------------------
li1             V         0.00         0.170000  
met1            H         1.00         0.140000  
met2            V         1.00         0.140000  
met3            H         1.00         0.300000  
met4            V         1.00         0.300000  
met5            H         1.00         1.600000  

Mapper: Libraries have:
	domain _default_: 305 combo usable cells and 62 sequential usable cells
Info    : Attempting to launch a super-threading server. [ST-120]
        : Attempting to Launch server 1 of 16.
Info    : Connection established with super-threading server. [ST-110]
        : The server '8_3_0' is forked process '3344788' on machine 'sh02lo01'.
Info    : Attempting to launch a super-threading server. [ST-120]
        : Attempting to Launch server 2 of 16.
Info    : Connection established with super-threading server. [ST-110]
        : The server 'localhost_3_1' is forked process '3344790' on this host.
Info    : Connection established with super-threading server. [ST-110]
        : The server '8_3_2' is forked process '3345005' on machine 'sh02lo01'.
Info    : Connection established with super-threading server. [ST-110]
        : The server '8_3_3' is forked process '3345007' on machine 'sh02lo01'.
Info    : Connection established with super-threading server. [ST-110]
        : The server '8_3_4' is forked process '3345009' on machine 'sh02lo01'.
Info    : Connection established with super-threading server. [ST-110]
        : The server '8_3_5' is forked process '3345011' on machine 'sh02lo01'.
Info    : Connection established with super-threading server. [ST-110]
        : The server '8_3_6' is forked process '3345013' on machine 'sh02lo01'.
Info    : Connection established with super-threading server. [ST-110]
        : The server '8_3_7' is forked process '3345015' on machine 'sh02lo01'.
Info    : Connection established with super-threading server. [ST-110]
        : The server '8_3_8' is forked process '3345017' on machine 'sh02lo01'.
Info    : Connection established with super-threading server. [ST-110]
        : The server 'localhost_3_9' is forked process '3345019' on this host.
Info    : Connection established with super-threading server. [ST-110]
        : The server 'localhost_3_10' is forked process '3345021' on this host.
Info    : Connection established with super-threading server. [ST-110]
        : The server 'localhost_3_11' is forked process '3345027' on this host.
Info    : Connection established with super-threading server. [ST-110]
        : The server 'localhost_3_12' is forked process '3345030' on this host.
Info    : Connection established with super-threading server. [ST-110]
        : The server 'localhost_3_13' is forked process '3345032' on this host.
Info    : Connection established with super-threading server. [ST-110]
        : The server 'localhost_3_14' is forked process '3345035' on this host.
Info    : Connection established with super-threading server. [ST-110]
        : The server 'localhost_3_15' is forked process '3345037' on this host.
Info    : Attempting to launch a super-threading server. [ST-120]
        : Attempting to Launch server 1 of 16.
Info    : Connection established with super-threading server. [ST-110]
        : The server '8_4_0' is forked process '3346462' on machine 'sh02lo01'.
Info    : Attempting to launch a super-threading server. [ST-120]
        : Attempting to Launch server 2 of 16.
Info    : Connection established with super-threading server. [ST-110]
        : The server 'localhost_4_1' is forked process '3346464' on this host.
Info    : Connection established with super-threading server. [ST-110]
        : The server 'localhost_4_2' is forked process '3346682' on this host.
Info    : Connection established with super-threading server. [ST-110]
        : The server 'localhost_4_3' is forked process '3346684' on this host.
        Distributing super-thread jobs: cb_seq_2684 cb_oseq_2685
          Sending 'cb_seq_2684' to server 'localhost_4_1'...
            Sent 'cb_seq_2684' to server 'localhost_4_1'.
          Sending 'cb_oseq_2685' to server 'localhost_4_7'...
            Sent 'cb_oseq_2685' to server 'localhost_4_7'.
          Received 'cb_seq_2684' from server 'localhost_4_1'. (4386 ms elapsed)
          Received 'cb_oseq_2685' from server 'localhost_4_7'. (3096 ms elapsed)
Multi-threaded Virtual Mapping    (8 threads per ST process, 8 of 36 CPUs usable)
        Distributing super-thread jobs: mult_signed_21680 mult_signed_21680_1 cb_oseq_2693 csa_tree_ADD_TC_OP_2_group_2_7 add_signed_3985 add_signed_3985_3 add_signed_3985_2 add_signed_3985_1 add_signed_625 add_signed_3997 add_signed_3993 add_signed_3993_1 cb_part add_unsigned_97 add_unsigned_97_1
          Sending 'mult_signed_21680' to server 'localhost_4_1'...
            Sent 'mult_signed_21680' to server 'localhost_4_1'.
          Sending 'mult_signed_21680_1' to server 'localhost_4_7'...
            Sent 'mult_signed_21680_1' to server 'localhost_4_7'.
          Sending 'cb_oseq_2693' to server '8_4_15'...
            Sent 'cb_oseq_2693' to server '8_4_15'.
          Sending 'csa_tree_ADD_TC_OP_2_group_2_7' to server 'localhost_4_4'...
            Sent 'csa_tree_ADD_TC_OP_2_group_2_7' to server 'localhost_4_4'.
          Sending 'add_signed_3985' to server 'localhost_4_6'...
            Sent 'add_signed_3985' to server 'localhost_4_6'.
          Sending 'add_signed_3985_3' to server 'localhost_4_3'...
            Sent 'add_signed_3985_3' to server 'localhost_4_3'.
          Sending 'add_signed_3985_2' to server '8_4_14'...
            Sent 'add_signed_3985_2' to server '8_4_14'.
          Sending 'add_signed_3985_1' to server '8_4_13'...
            Sent 'add_signed_3985_1' to server '8_4_13'.
          Sending 'add_signed_625' to server '8_4_12'...
            Sent 'add_signed_625' to server '8_4_12'.
          Sending 'add_signed_3997' to server 'localhost_4_8'...
            Sent 'add_signed_3997' to server 'localhost_4_8'.
          Sending 'add_signed_3993' to server '8_4_11'...
            Sent 'add_signed_3993' to server '8_4_11'.
          Sending 'add_signed_3993_1' to server '8_4_0'...
            Sent 'add_signed_3993_1' to server '8_4_0'.
          Sending 'cb_part' to server '8_4_10'...
            Sent 'cb_part' to server '8_4_10'.
          Sending 'add_unsigned_97' to server 'localhost_4_2'...
            Sent 'add_unsigned_97' to server 'localhost_4_2'.
          Sending 'add_unsigned_97_1' to server '8_4_9'...
            Sent 'add_unsigned_97_1' to server '8_4_9'.
          Received 'add_signed_3985_3' from server 'localhost_4_3'. (1012 ms elapsed)
          Received 'add_signed_3985' from server 'localhost_4_6'. (1046 ms elapsed)
          Received 'add_signed_3985_2' from server '8_4_14'. (1181 ms elapsed)
          Received 'add_signed_3985_1' from server '8_4_13'. (1264 ms elapsed)
          Received 'csa_tree_ADD_TC_OP_2_group_2_7' from server 'localhost_4_4'. (1446 ms elapsed)
          Received 'add_signed_3993_1' from server '8_4_0'. (1878 ms elapsed)
          Received 'add_signed_3993' from server '8_4_11'. (2309 ms elapsed)
          Received 'add_signed_3997' from server 'localhost_4_8'. (2349 ms elapsed)
          Received 'add_signed_625' from server '8_4_12'. (2371 ms elapsed)
          Received 'add_unsigned_97' from server 'localhost_4_2'. (2661 ms elapsed)
          Received 'add_unsigned_97_1' from server '8_4_9'. (2710 ms elapsed)
          Received 'cb_oseq_2693' from server '8_4_15'. (3594 ms elapsed)
          Received 'mult_signed_21680_1' from server 'localhost_4_7'. (9126 ms elapsed)
          Received 'cb_part' from server '8_4_10'. (8771 ms elapsed)
          Received 'mult_signed_21680' from server 'localhost_4_1'. (10929 ms elapsed)
Normal Structuring mode def=mult_signed_21680
Normal Structuring mode def=mult_signed_21680_1
Normal Structuring mode def=cb_oseq_2693
Working on Hinst: CDN_PAS_SKIP_FFC_0i
[gig_analyze] should_ungroup = 0
[gig_analyze] should_ungroup = 0
[gig_analyze] should_ungroup = 0
[gig_analyze] should_ungroup = 0
[gig_analyze] should_ungroup = 0
[gig_analyze] should_ungroup = 0

INFO: Identified hierarchy for CAS: hinst:iopt_partition/CDN_PAS_SKIP_FFC_0i

Normal Structuring mode def=csa_tree_ADD_TC_OP_2_group_2_7
Normal Structuring mode def=add_signed_3985
Normal Structuring mode def=add_signed_3985_3
Normal Structuring mode def=add_signed_3985_2
Normal Structuring mode def=add_signed_3985_1
Normal Structuring mode def=add_signed_625
Normal Structuring mode def=add_signed_3997
Normal Structuring mode def=add_signed_3993
Normal Structuring mode def=add_signed_3993_1
Normal Structuring mode def=cb_part
Working on Hinst: CDN_PAS_SKIP_FFC_0i
[gig_analyze] should_ungroup = 0
[gig_analyze] should_ungroup = 0
[gig_analyze] should_ungroup = 1
Ungrouping hinst:hinst:iopt_partition/CDN_PAS_SKIP_FFC_0i
Normal Structuring mode def=add_unsigned_97
Normal Structuring mode def=add_unsigned_97_1
        Distributing super-thread jobs: cb_oseq_2695 sub_signed_4447
          Sending 'cb_oseq_2695' to server 'localhost_4_1'...
            Sent 'cb_oseq_2695' to server 'localhost_4_1'.
          Sending 'sub_signed_4447' to server 'localhost_4_7'...
            Sent 'sub_signed_4447' to server 'localhost_4_7'.
          Received 'sub_signed_4447' from server 'localhost_4_7'. (285 ms elapsed)
          Received 'cb_oseq_2695' from server 'localhost_4_1'. (3936 ms elapsed)
Normal Structuring mode def=csa_tree_SUB_TC_OP_2_rsh_pad_group_2_2062_32
Normal Structuring mode def=csa_tree_SUB_TC_OP_2_rsh_pad_group_2_2062_9
Normal Structuring mode def=cb_part_2697
Normal Structuring mode def=increment_signed_157_205
Normal Structuring mode def=increment_signed_157_9953
Normal Structuring mode def=cb_oseq_2695
Working on Hinst: CDN_PAS_SKIP_FFC_0i
[gig_analyze] should_ungroup = 0
[gig_analyze] should_ungroup = 0
[gig_analyze] should_ungroup = 0
[gig_analyze] should_ungroup = 0
[gig_analyze] should_ungroup = 0
[gig_analyze] should_ungroup = 0

INFO: Identified hierarchy for CAS: hinst:iopt_partition/CDN_PAS_SKIP_FFC_0i

Normal Structuring mode def=sub_signed_4447
        Distributing super-thread jobs: cb_oseq_2685 cb_part_2696 add_unsigned_4072
          Sending 'cb_oseq_2685' to server 'localhost_4_1'...
            Sent 'cb_oseq_2685' to server 'localhost_4_1'.
          Sending 'cb_part_2696' to server 'localhost_4_7'...
            Sent 'cb_part_2696' to server 'localhost_4_7'.
          Sending 'add_unsigned_4072' to server '8_4_15'...
            Sent 'add_unsigned_4072' to server '8_4_15'.
          Received 'add_unsigned_4072' from server '8_4_15'. (368 ms elapsed)
          Received 'cb_part_2696' from server 'localhost_4_7'. (22261 ms elapsed)
          Received 'cb_oseq_2685' from server 'localhost_4_1'. (80821 ms elapsed)
Normal Structuring mode def=increment_unsigned_1886_1888
Normal Structuring mode def=sub_signed_20887
Normal Structuring mode def=add_signed_1636_1
Normal Structuring mode def=increment_signed_1631_1778
Normal Structuring mode def=increment_signed_1631_1650
Normal Structuring mode def=cb_oseq_2689
Normal Structuring mode def=add_signed_1636
Normal Structuring mode def=cb_oseq_2685
Normal Structuring mode def=cb_part_2696
	129	 CDN_PAS_CONNECTED_FFCi220
Working on Hinst: CDN_PAS_SKIP_FFC_0i
[gig_analyze] should_ungroup = 0
[gig_analyze] should_ungroup = 0
[gig_analyze] should_ungroup = 0
[gig_analyze] should_ungroup = 0
[gig_analyze] should_ungroup = 0
[gig_analyze] should_ungroup = 0

INFO: Identified hierarchy for CAS: hinst:iopt_partition/CDN_PAS_SKIP_FFC_0i

Working on Hinst: CDN_PAS_SKIP_FFC_1i
[gig_analyze] should_ungroup = 0
[gig_analyze] should_ungroup = 0
[gig_analyze] should_ungroup = 0
[gig_analyze] should_ungroup = 0
[gig_analyze] should_ungroup = 0
[gig_analyze] should_ungroup = 0

INFO: Identified hierarchy for CAS: hinst:iopt_partition/CDN_PAS_SKIP_FFC_1i

Working on Hinst: CDN_PAS_SKIP_FFC_2i
[gig_analyze] should_ungroup = 0
[gig_analyze] should_ungroup = 0
[gig_analyze] should_ungroup = 0
[gig_analyze] should_ungroup = 0
[gig_analyze] should_ungroup = 0
[gig_analyze] should_ungroup = 0

INFO: Identified hierarchy for CAS: hinst:iopt_partition/CDN_PAS_SKIP_FFC_2i

Normal Structuring mode def=add_unsigned_4072
Normal Structuring mode def=cb_part_2698
        Distributing super-thread jobs: cb_seq_2694 cb_seq_2690 cb_seq_2692 mult_signed_4440_9 mult_signed_1002 cb_oseq cb_seq_2688 mult_signed_20437_9 mult_signed_9 add_signed_20174_2169 add_signed_20174_2168 add_signed_20174_2198 add_signed_20614
          Sending 'cb_seq_2694' to server 'localhost_4_1'...
            Sent 'cb_seq_2694' to server 'localhost_4_1'.
          Sending 'cb_seq_2690' to server 'localhost_4_7'...
            Sent 'cb_seq_2690' to server 'localhost_4_7'.
          Sending 'cb_seq_2692' to server '8_4_15'...
            Sent 'cb_seq_2692' to server '8_4_15'.
          Sending 'mult_signed_4440_9' to server 'localhost_4_4'...
            Sent 'mult_signed_4440_9' to server 'localhost_4_4'.
          Sending 'mult_signed_1002' to server 'localhost_4_6'...
            Sent 'mult_signed_1002' to server 'localhost_4_6'.
          Sending 'cb_oseq' to server 'localhost_4_3'...
            Sent 'cb_oseq' to server 'localhost_4_3'.
          Sending 'cb_seq_2688' to server '8_4_14'...
            Sent 'cb_seq_2688' to server '8_4_14'.
          Sending 'mult_signed_20437_9' to server '8_4_13'...
            Sent 'mult_signed_20437_9' to server '8_4_13'.
          Sending 'mult_signed_9' to server '8_4_12'...
            Sent 'mult_signed_9' to server '8_4_12'.
          Sending 'add_signed_20174_2169' to server 'localhost_4_8'...
            Sent 'add_signed_20174_2169' to server 'localhost_4_8'.
          Sending 'add_signed_20174_2168' to server '8_4_11'...
            Sent 'add_signed_20174_2168' to server '8_4_11'.
          Sending 'add_signed_20174_2198' to server '8_4_0'...
            Sent 'add_signed_20174_2198' to server '8_4_0'.
          Sending 'add_signed_20614' to server '8_4_10'...
            Sent 'add_signed_20614' to server '8_4_10'.
          Received 'mult_signed_20437_9' from server '8_4_13'. (2715 ms elapsed)
          Received 'mult_signed_1002' from server 'localhost_4_6'. (5109 ms elapsed)
          Received 'add_signed_20614' from server '8_4_10'. (5154 ms elapsed)
          Received 'add_signed_20174_2198' from server '8_4_0'. (5318 ms elapsed)
          Received 'mult_signed_4440_9' from server 'localhost_4_4'. (6695 ms elapsed)
          Received 'add_signed_20174_2169' from server 'localhost_4_8'. (6350 ms elapsed)
          Received 'cb_seq_2688' from server '8_4_14'. (6911 ms elapsed)
          Received 'mult_signed_9' from server '8_4_12'. (7064 ms elapsed)
          Received 'add_signed_20174_2168' from server '8_4_11'. (7542 ms elapsed)
          Received 'cb_seq_2692' from server '8_4_15'. (20749 ms elapsed)
          Received 'cb_seq_2690' from server 'localhost_4_7'. (30803 ms elapsed)
          Received 'cb_oseq' from server 'localhost_4_3'. (72107 ms elapsed)
          Received 'cb_seq_2694' from server 'localhost_4_1'. (123604 ms elapsed)
Normal Structuring mode def=csa_tree_SUB_TC_OP_2_rsh_pad_group_2
Normal Structuring mode def=increment_signed_14767_14783
Normal Structuring mode def=cb_seq_2694
	397	 CDN_PAS_CONNECTED_FFCi408
Working on Hinst: CDN_PAS_SKIP_FFC_0i
[gig_analyze] should_ungroup = 0
[gig_analyze] should_ungroup = 0
[gig_analyze] should_ungroup = 0
[gig_analyze] should_ungroup = 0
[gig_analyze] should_ungroup = 0
[gig_analyze] should_ungroup = 0

INFO: Identified hierarchy for CAS: hinst:iopt_partition/CDN_PAS_SKIP_FFC_0i

Normal Structuring mode def=cb_seq_2690
Working on Hinst: CDN_PAS_SKIP_FFC_0i
[gig_analyze] should_ungroup = 0
[gig_analyze] should_ungroup = 0
[gig_analyze] should_ungroup = 0
[gig_analyze] should_ungroup = 0
[gig_analyze] should_ungroup = 0
[gig_analyze] should_ungroup = 0

INFO: Identified hierarchy for CAS: hinst:iopt_partition/CDN_PAS_SKIP_FFC_0i

Working on Hinst: CDN_PAS_SKIP_FFC_1i
[gig_analyze] should_ungroup = 0
[gig_analyze] should_ungroup = 0
[gig_analyze] should_ungroup = 0
[gig_analyze] should_ungroup = 0
[gig_analyze] should_ungroup = 0
[gig_analyze] should_ungroup = 0

INFO: Identified hierarchy for CAS: hinst:iopt_partition/CDN_PAS_SKIP_FFC_1i

Working on Hinst: CDN_PAS_SKIP_FFC_2i
[gig_analyze] should_ungroup = 1
Ungrouping hinst:hinst:iopt_partition/CDN_PAS_SKIP_FFC_2i
Working on Hinst: CDN_PAS_SKIP_FFC_3i
[gig_analyze] should_ungroup = 0
[gig_analyze] should_ungroup = 0
[gig_analyze] should_ungroup = 0
[gig_analyze] should_ungroup = 0
[gig_analyze] should_ungroup = 0
[gig_analyze] should_ungroup = 0

INFO: Identified hierarchy for CAS: hinst:iopt_partition/CDN_PAS_SKIP_FFC_3i

Normal Structuring mode def=cb_seq_2692
	141	 CDN_PAS_CONNECTED_FFCi162
Working on Hinst: CDN_PAS_SKIP_FFC_0i
[gig_analyze] should_ungroup = 0
[gig_analyze] should_ungroup = 0
[gig_analyze] should_ungroup = 0
[gig_analyze] should_ungroup = 0
[gig_analyze] should_ungroup = 0
[gig_analyze] should_ungroup = 0

INFO: Identified hierarchy for CAS: hinst:iopt_partition/CDN_PAS_SKIP_FFC_0i

Working on Hinst: CDN_PAS_SKIP_FFC_1i
[gig_analyze] should_ungroup = 1
Ungrouping hinst:hinst:iopt_partition/CDN_PAS_SKIP_FFC_1i
Normal Structuring mode def=mult_signed_4440_9
Normal Structuring mode def=mult_signed_1002
Normal Structuring mode def=cb_oseq
Working on Hinst: CDN_PAS_SKIP_FFC_0i
[gig_analyze] should_ungroup = 0
[gig_analyze] should_ungroup = 0
[gig_analyze] should_ungroup = 0
[gig_analyze] should_ungroup = 0
[gig_analyze] should_ungroup = 0
[gig_analyze] should_ungroup = 1
Ungrouping hinst:hinst:iopt_partition/CDN_PAS_SKIP_FFC_0i
Working on Hinst: CDN_PAS_SKIP_FFC_1i
[gig_analyze] should_ungroup = 0
[gig_analyze] should_ungroup = 0
[gig_analyze] should_ungroup = 0
[gig_analyze] should_ungroup = 0
[gig_analyze] should_ungroup = 0
[gig_analyze] should_ungroup = 0

INFO: Identified hierarchy for CAS: hinst:iopt_partition/CDN_PAS_SKIP_FFC_1i

Normal Structuring mode def=cb_seq_2688
Working on Hinst: CDN_PAS_SKIP_FFC_0i
[gig_analyze] should_ungroup = 0
[gig_analyze] should_ungroup = 0
[gig_analyze] should_ungroup = 0
[gig_analyze] should_ungroup = 0
[gig_analyze] should_ungroup = 0
[gig_analyze] should_ungroup = 0

INFO: Identified hierarchy for CAS: hinst:iopt_partition/CDN_PAS_SKIP_FFC_0i

Normal Structuring mode def=mult_signed_20437_9
Normal Structuring mode def=mult_signed_9
Normal Structuring mode def=add_signed_20174_2169
Normal Structuring mode def=add_signed_20174_2168
Normal Structuring mode def=add_signed_20174_2198
Normal Structuring mode def=add_signed_20614
        Distributing super-thread jobs: cb_seq_2684 cb_seq_2686
          Sending 'cb_seq_2684' to server 'localhost_4_1'...
            Sent 'cb_seq_2684' to server 'localhost_4_1'.
          Sending 'cb_seq_2686' to server 'localhost_4_7'...
            Sent 'cb_seq_2686' to server 'localhost_4_7'.
          Received 'cb_seq_2686' from server 'localhost_4_7'. (90426 ms elapsed)
          Received 'cb_seq_2684' from server 'localhost_4_1'. (149570 ms elapsed)
Normal Structuring mode def=cb_seq
Normal Structuring mode def=cb_seq_2684
	1504	 CDN_PAS_CONNECTED_FFCi1776
Working on Hinst: CDN_PAS_CONNECTED_FFCi1778
[gig_analyze] should_ungroup = 0
[gig_analyze] should_ungroup = 0
[gig_analyze] should_ungroup = 0
[gig_analyze] should_ungroup = 0
[gig_analyze] should_ungroup = 0
[gig_analyze] should_ungroup = 0

INFO: Identified hierarchy for CAS: hinst:iopt_partition/CDN_PAS_CONNECTED_FFCi1778

Working on Hinst: CDN_PAS_SKIP_FFC_0i
[gig_analyze] should_ungroup = 0
[gig_analyze] should_ungroup = 0
[gig_analyze] should_ungroup = 0
[gig_analyze] should_ungroup = 0
[gig_analyze] should_ungroup = 0
[gig_analyze] should_ungroup = 0

INFO: Identified hierarchy for CAS: hinst:iopt_partition/CDN_PAS_SKIP_FFC_0i

Working on Hinst: CDN_PAS_SKIP_FFC_1i
[gig_analyze] should_ungroup = 0
[gig_analyze] should_ungroup = 0
[gig_analyze] should_ungroup = 0
[gig_analyze] should_ungroup = 0
[gig_analyze] should_ungroup = 0
[gig_analyze] should_ungroup = 0

INFO: Identified hierarchy for CAS: hinst:iopt_partition/CDN_PAS_SKIP_FFC_1i

Working on Hinst: CDN_PAS_SKIP_FFC_2i
[gig_analyze] should_ungroup = 0
[gig_analyze] should_ungroup = 0
[gig_analyze] should_ungroup = 0
[gig_analyze] should_ungroup = 0
[gig_analyze] should_ungroup = 0
[gig_analyze] should_ungroup = 0

INFO: Identified hierarchy for CAS: hinst:iopt_partition/CDN_PAS_SKIP_FFC_2i

Normal Structuring mode def=cb_seq_2686
Working on Hinst: CDN_PAS_SKIP_FFC_0i
[gig_analyze] should_ungroup = 0
[gig_analyze] should_ungroup = 0
[gig_analyze] should_ungroup = 0
[gig_analyze] should_ungroup = 0
[gig_analyze] should_ungroup = 0
[gig_analyze] should_ungroup = 0

INFO: Identified hierarchy for CAS: hinst:iopt_partition/CDN_PAS_SKIP_FFC_0i

Working on Hinst: CDN_PAS_SKIP_FFC_1i
[gig_analyze] should_ungroup = 0
[gig_analyze] should_ungroup = 0
[gig_analyze] should_ungroup = 0
[gig_analyze] should_ungroup = 0
[gig_analyze] should_ungroup = 0
[gig_analyze] should_ungroup = 0

INFO: Identified hierarchy for CAS: hinst:iopt_partition/CDN_PAS_SKIP_FFC_1i

Working on Hinst: CDN_PAS_SKIP_FFC_2i
[gig_analyze] should_ungroup = 0
[gig_analyze] should_ungroup = 0
[gig_analyze] should_ungroup = 0
[gig_analyze] should_ungroup = 0
[gig_analyze] should_ungroup = 0
[gig_analyze] should_ungroup = 0

INFO: Identified hierarchy for CAS: hinst:iopt_partition/CDN_PAS_SKIP_FFC_2i

 
Global mapping target info
==========================
Cost Group 'clk' target slack:   132 ps
Target path end-point (Pin: u_core/u_score_exp_u_exp_rom/bank3_data_s0_reg[4]/d)

Multi-threaded Technology Mapping (8 threads per ST process, 8 of 36 CPUs usable)
        Distributing super-thread jobs: cb_seq_2684 cb_seq_2686
          Sending 'cb_seq_2684' to server 'localhost_4_1'...
            Sent 'cb_seq_2684' to server 'localhost_4_1'.
          Sending 'cb_seq_2686' to server 'localhost_4_7'...
            Sent 'cb_seq_2686' to server 'localhost_4_7'.
          Received 'cb_seq_2686' from server 'localhost_4_7'. (60088 ms elapsed)
          Received 'cb_seq_2684' from server 'localhost_4_1'. (119459 ms elapsed)
Normal Structuring mode def=cb_seq
Normal Structuring mode def=cb_seq_2684
	3072	 CDN_PAS_CONNECTED_FFCi5701
	847	 CDN_PAS_CONNECTED_FFCi5702
	1600	 CDN_PAS_CONNECTED_FFCi5703
Working on Hinst: CDN_PAS_SKIP_FFC_0i
[gig_analyze] should_ungroup = 0
[gig_analyze] should_ungroup = 0
[gig_analyze] should_ungroup = 0
[gig_analyze] should_ungroup = 0
[gig_analyze] should_ungroup = 0
[gig_analyze] should_ungroup = 0

INFO: Identified hierarchy for CAS: hinst:iopt_partition/CDN_PAS_SKIP_FFC_0i

Working on Hinst: CDN_PAS_SKIP_FFC_1i
[gig_analyze] should_ungroup = 0
[gig_analyze] should_ungroup = 0
[gig_analyze] should_ungroup = 0
[gig_analyze] should_ungroup = 0
[gig_analyze] should_ungroup = 0
[gig_analyze] should_ungroup = 0

INFO: Identified hierarchy for CAS: hinst:iopt_partition/CDN_PAS_SKIP_FFC_1i

Working on Hinst: CDN_PAS_SKIP_FFC_2i
[gig_analyze] should_ungroup = 0
[gig_analyze] should_ungroup = 0
[gig_analyze] should_ungroup = 0
[gig_analyze] should_ungroup = 0
[gig_analyze] should_ungroup = 0
[gig_analyze] should_ungroup = 0

INFO: Identified hierarchy for CAS: hinst:iopt_partition/CDN_PAS_SKIP_FFC_2i

Working on Hinst: CDN_PAS_SKIP_FFC_3i
[gig_analyze] should_ungroup = 0
[gig_analyze] should_ungroup = 0
[gig_analyze] should_ungroup = 0
[gig_analyze] should_ungroup = 0
[gig_analyze] should_ungroup = 0
[gig_analyze] should_ungroup = 0

INFO: Identified hierarchy for CAS: hinst:iopt_partition/CDN_PAS_SKIP_FFC_3i

Working on Hinst: CDN_PAS_SKIP_FFC_4i
[gig_analyze] should_ungroup = 0
[gig_analyze] should_ungroup = 0
[gig_analyze] should_ungroup = 0
[gig_analyze] should_ungroup = 0
[gig_analyze] should_ungroup = 0
[gig_analyze] should_ungroup = 0

INFO: Identified hierarchy for CAS: hinst:iopt_partition/CDN_PAS_SKIP_FFC_4i

Normal Structuring mode def=cb_seq_2686
	1024	 CDN_PAS_CONNECTED_FFCi3133
	2105	 CDN_PAS_CONNECTED_FFCi
Working on Hinst: CDN_PAS_CONNECTED_FFCi3133
[gig_analyze] should_ungroup = 0
[gig_analyze] should_ungroup = 0
[gig_analyze] should_ungroup = 0
[gig_analyze] should_ungroup = 0
[gig_analyze] should_ungroup = 0
[gig_analyze] should_ungroup = 0

INFO: Identified hierarchy for CAS: hinst:iopt_partition/CDN_PAS_CONNECTED_FFCi3133

Working on Hinst: CDN_PAS_SKIP_FFC_0i
[gig_analyze] should_ungroup = 0
[gig_analyze] should_ungroup = 0
[gig_analyze] should_ungroup = 0
[gig_analyze] should_ungroup = 0
[gig_analyze] should_ungroup = 0
[gig_analyze] should_ungroup = 0

INFO: Identified hierarchy for CAS: hinst:iopt_partition/CDN_PAS_SKIP_FFC_0i

        Distributing super-thread jobs: cb_seq_2694 cb_seq_2690 cb_seq_2692 cb_seq_2688
          Sending 'cb_seq_2694' to server 'localhost_4_1'...
            Sent 'cb_seq_2694' to server 'localhost_4_1'.
          Sending 'cb_seq_2690' to server 'localhost_4_7'...
            Sent 'cb_seq_2690' to server 'localhost_4_7'.
          Sending 'cb_seq_2692' to server '8_4_15'...
            Sent 'cb_seq_2692' to server '8_4_15'.
          Sending 'cb_seq_2688' to server 'localhost_4_4'...
            Sent 'cb_seq_2688' to server 'localhost_4_4'.
          Received 'cb_seq_2688' from server 'localhost_4_4'. (4329 ms elapsed)
          Received 'cb_seq_2692' from server '8_4_15'. (11926 ms elapsed)
          Received 'cb_seq_2690' from server 'localhost_4_7'. (35356 ms elapsed)
          Received 'cb_seq_2694' from server 'localhost_4_1'. (57635 ms elapsed)
Normal Structuring mode def=cb_seq_2694
	2055	 CDN_PAS_CONNECTED_FFCi2055
Working on Hinst: CDN_PAS_SKIP_FFC_0i
[gig_analyze] should_ungroup = 0
[gig_analyze] should_ungroup = 0
[gig_analyze] should_ungroup = 0
[gig_analyze] should_ungroup = 0
[gig_analyze] should_ungroup = 0
[gig_analyze] should_ungroup = 0

INFO: Identified hierarchy for CAS: hinst:iopt_partition/CDN_PAS_SKIP_FFC_0i

Normal Structuring mode def=cb_seq_2690
	1382	 CDN_PAS_CONNECTED_FFCi1496
Working on Hinst: CDN_PAS_SKIP_FFC_0i
[gig_analyze] should_ungroup = 0
[gig_analyze] should_ungroup = 0
[gig_analyze] should_ungroup = 0
[gig_analyze] should_ungroup = 0
[gig_analyze] should_ungroup = 0
[gig_analyze] should_ungroup = 0

INFO: Identified hierarchy for CAS: hinst:iopt_partition/CDN_PAS_SKIP_FFC_0i

Working on Hinst: CDN_PAS_SKIP_FFC_1i
[gig_analyze] should_ungroup = 0
[gig_analyze] should_ungroup = 0
[gig_analyze] should_ungroup = 0
[gig_analyze] should_ungroup = 0
[gig_analyze] should_ungroup = 0
[gig_analyze] should_ungroup = 0

INFO: Identified hierarchy for CAS: hinst:iopt_partition/CDN_PAS_SKIP_FFC_1i

Normal Structuring mode def=cb_seq_2692
	528	 CDN_PAS_CONNECTED_FFCi685
	157	 CDN_PAS_CONNECTED_FFCi
Working on Hinst: CDN_PAS_SKIP_FFC_0i
[gig_analyze] should_ungroup = 0
[gig_analyze] should_ungroup = 0
[gig_analyze] should_ungroup = 0
[gig_analyze] should_ungroup = 0
[gig_analyze] should_ungroup = 0
[gig_analyze] should_ungroup = 0

INFO: Identified hierarchy for CAS: hinst:iopt_partition/CDN_PAS_SKIP_FFC_0i

Working on Hinst: CDN_PAS_SKIP_FFC_1i
[gig_analyze] should_ungroup = 0
[gig_analyze] should_ungroup = 0
[gig_analyze] should_ungroup = 0
[gig_analyze] should_ungroup = 0
[gig_analyze] should_ungroup = 0
[gig_analyze] should_ungroup = 0

INFO: Identified hierarchy for CAS: hinst:iopt_partition/CDN_PAS_SKIP_FFC_1i

Normal Structuring mode def=cb_seq_2688
	160	 CDN_PAS_CONNECTED_FFCi
Working on Hinst: CDN_PAS_SKIP_FFC_0i
[gig_analyze] should_ungroup = 0
[gig_analyze] should_ungroup = 0
[gig_analyze] should_ungroup = 0
[gig_analyze] should_ungroup = 0
[gig_analyze] should_ungroup = 0
[gig_analyze] should_ungroup = 0

INFO: Identified hierarchy for CAS: hinst:iopt_partition/CDN_PAS_SKIP_FFC_0i

Working on Hinst: CDN_PAS_SKIP_FFC_1i
[gig_analyze] should_ungroup = 0
[gig_analyze] should_ungroup = 0
[gig_analyze] should_ungroup = 0
[gig_analyze] should_ungroup = 0
[gig_analyze] should_ungroup = 0
[gig_analyze] should_ungroup = 0

INFO: Identified hierarchy for CAS: hinst:iopt_partition/CDN_PAS_SKIP_FFC_1i

        Distributing super-thread jobs: mult_signed_4440_9 mult_signed_1002 cb_oseq mult_signed_20437_9 mult_signed_9 add_signed_20174_2168 add_signed_20174_2198 add_signed_20174_2169 add_signed_20614 csa_tree_SUB_TC_OP_2_rsh_pad_group_2 increment_signed_14767_14783
          Sending 'mult_signed_4440_9' to server 'localhost_4_1'...
            Sent 'mult_signed_4440_9' to server 'localhost_4_1'.
          Sending 'mult_signed_1002' to server 'localhost_4_7'...
            Sent 'mult_signed_1002' to server 'localhost_4_7'.
          Sending 'cb_oseq' to server '8_4_15'...
            Sent 'cb_oseq' to server '8_4_15'.
          Sending 'mult_signed_20437_9' to server 'localhost_4_4'...
            Sent 'mult_signed_20437_9' to server 'localhost_4_4'.
          Sending 'mult_signed_9' to server 'localhost_4_6'...
            Sent 'mult_signed_9' to server 'localhost_4_6'.
          Sending 'add_signed_20174_2168' to server 'localhost_4_3'...
            Sent 'add_signed_20174_2168' to server 'localhost_4_3'.
          Sending 'add_signed_20174_2198' to server '8_4_14'...
            Sent 'add_signed_20174_2198' to server '8_4_14'.
          Sending 'add_signed_20174_2169' to server '8_4_13'...
            Sent 'add_signed_20174_2169' to server '8_4_13'.
          Sending 'add_signed_20614' to server '8_4_12'...
            Sent 'add_signed_20614' to server '8_4_12'.
          Sending 'csa_tree_SUB_TC_OP_2_rsh_pad_group_2' to server 'localhost_4_8'...
            Sent 'csa_tree_SUB_TC_OP_2_rsh_pad_group_2' to server 'localhost_4_8'.
          Sending 'increment_signed_14767_14783' to server '8_4_11'...
            Sent 'increment_signed_14767_14783' to server '8_4_11'.
          Received 'csa_tree_SUB_TC_OP_2_rsh_pad_group_2' from server 'localhost_4_8'. (4112 ms elapsed)
          Received 'add_signed_20174_2198' from server '8_4_14'. (19155 ms elapsed)
          Received 'add_signed_20174_2169' from server '8_4_13'. (19244 ms elapsed)
          Received 'mult_signed_20437_9' from server 'localhost_4_4'. (21296 ms elapsed)
          Received 'cb_oseq' from server '8_4_15'. (21660 ms elapsed)
          Received 'mult_signed_9' from server 'localhost_4_6'. (21580 ms elapsed)
          Received 'increment_signed_14767_14783' from server '8_4_11'. (23573 ms elapsed)
          Received 'add_signed_20614' from server '8_4_12'. (23802 ms elapsed)
          Received 'add_signed_20174_2168' from server 'localhost_4_3'. (36408 ms elapsed)
          Received 'mult_signed_1002' from server 'localhost_4_7'. (39178 ms elapsed)
          Received 'mult_signed_4440_9' from server 'localhost_4_1'. (42048 ms elapsed)
Normal Structuring mode def=mult_signed_4440_9
Normal Structuring mode def=mult_signed
Normal Structuring mode def=mult_signed
Normal Structuring mode def=mult_signed
Normal Structuring mode def=mult_signed
Normal Structuring mode def=mult_signed_1002
Normal Structuring mode def=mult_signed
Normal Structuring mode def=mult_signed
Normal Structuring mode def=mult_signed
Normal Structuring mode def=mult_signed
Normal Structuring mode def=cb_oseq
Working on Hinst: CDN_PAS_SKIP_FFC_0i
[gig_analyze] should_ungroup = 0
[gig_analyze] should_ungroup = 0
[gig_analyze] should_ungroup = 0
[gig_analyze] should_ungroup = 0
[gig_analyze] should_ungroup = 0
[gig_analyze] should_ungroup = 0

INFO: Identified hierarchy for CAS: hinst:iopt_partition/CDN_PAS_SKIP_FFC_0i

Working on Hinst: CDN_PAS_SKIP_FFC_1i
[gig_analyze] should_ungroup = 0
[gig_analyze] should_ungroup = 0
[gig_analyze] should_ungroup = 0
[gig_analyze] should_ungroup = 0
[gig_analyze] should_ungroup = 0
[gig_analyze] should_ungroup = 0

INFO: Identified hierarchy for CAS: hinst:iopt_partition/CDN_PAS_SKIP_FFC_1i

Normal Structuring mode def=mult_signed_20437_9
Normal Structuring mode def=mult_signed
Normal Structuring mode def=mult_signed
Normal Structuring mode def=mult_signed
Normal Structuring mode def=mult_signed
Normal Structuring mode def=mult_signed_9
Normal Structuring mode def=mult_signed
Normal Structuring mode def=mult_signed
Normal Structuring mode def=mult_signed
Normal Structuring mode def=mult_signed
Normal Structuring mode def=add_signed_20174_2168
Normal Structuring mode def=add_signed
Working on Hinst: CDN_PAS_SKIP_FFC_0i
[gig_analyze] should_ungroup = 1
Ungrouping hinst:hinst:iopt_partition/CDN_PAS_SKIP_FFC_0i
Normal Structuring mode def=add_signed
Normal Structuring mode def=add_signed_20174_2198
Normal Structuring mode def=add_signed
Working on Hinst: CDN_PAS_SKIP_FFC_0i
[gig_analyze] should_ungroup = 1
Ungrouping hinst:hinst:iopt_partition/CDN_PAS_SKIP_FFC_0i
Normal Structuring mode def=add_signed
Normal Structuring mode def=add_signed_20174_2169
Normal Structuring mode def=add_signed
Working on Hinst: CDN_PAS_SKIP_FFC_0i
[gig_analyze] should_ungroup = 1
Ungrouping hinst:hinst:iopt_partition/CDN_PAS_SKIP_FFC_0i
Normal Structuring mode def=add_signed
Normal Structuring mode def=add_signed_20614
Working on Hinst: CDN_PAS_SKIP_FFC_0i
[gig_analyze] should_ungroup = 0
[gig_analyze] should_ungroup = 0
[gig_analyze] should_ungroup = 0
[gig_analyze] should_ungroup = 0
[gig_analyze] should_ungroup = 0
[gig_analyze] should_ungroup = 1
Ungrouping hinst:hinst:iopt_partition/CDN_PAS_SKIP_FFC_0i
Normal Structuring mode def=add_signed
Normal Structuring mode def=add_signed
Normal Structuring mode def=csa_tree_SUB_TC_OP_2_rsh_pad_group_2
Normal Structuring mode def=csa_tree_SUB_TC_OP_2_rsh_pad_group
Normal Structuring mode def=csa_tree_SUB_TC_OP_2_rsh_pad_group
Normal Structuring mode def=csa_tree_SUB_TC_OP_2_rsh_pad_group
Normal Structuring mode def=increment_signed_14767_14783
Normal Structuring mode def=increment_signed
Normal Structuring mode def=increment_signed
Normal Structuring mode def=cb_part_2698
        Distributing super-thread jobs: cb_oseq_2685 cb_part_2696 add_unsigned_4072 add_signed_1636 add_signed_1636_1 sub_signed_20887 increment_unsigned_1886_1888 increment_signed_1631_1650 increment_signed_1631_1778
          Sending 'cb_oseq_2685' to server 'localhost_4_1'...
            Sent 'cb_oseq_2685' to server 'localhost_4_1'.
          Sending 'cb_part_2696' to server 'localhost_4_7'...
            Sent 'cb_part_2696' to server 'localhost_4_7'.
          Sending 'add_unsigned_4072' to server '8_4_15'...
            Sent 'add_unsigned_4072' to server '8_4_15'.
          Sending 'add_signed_1636' to server 'localhost_4_4'...
            Sent 'add_signed_1636' to server 'localhost_4_4'.
          Sending 'add_signed_1636_1' to server 'localhost_4_6'...
            Sent 'add_signed_1636_1' to server 'localhost_4_6'.
          Sending 'sub_signed_20887' to server 'localhost_4_3'...
            Sent 'sub_signed_20887' to server 'localhost_4_3'.
          Sending 'increment_unsigned_1886_1888' to server '8_4_14'...
            Sent 'increment_unsigned_1886_1888' to server '8_4_14'.
          Sending 'increment_signed_1631_1650' to server '8_4_13'...
            Sent 'increment_signed_1631_1650' to server '8_4_13'.
          Sending 'increment_signed_1631_1778' to server '8_4_12'...
            Sent 'increment_signed_1631_1778' to server '8_4_12'.
          Received 'increment_signed_1631_1650' from server '8_4_13'. (1473 ms elapsed)
          Received 'increment_unsigned_1886_1888' from server '8_4_14'. (1685 ms elapsed)
          Received 'increment_signed_1631_1778' from server '8_4_12'. (2946 ms elapsed)
          Received 'sub_signed_20887' from server 'localhost_4_3'. (4010 ms elapsed)
          Received 'add_unsigned_4072' from server '8_4_15'. (5925 ms elapsed)
          Received 'add_signed_1636' from server 'localhost_4_4'. (7655 ms elapsed)
          Received 'add_signed_1636_1' from server 'localhost_4_6'. (8023 ms elapsed)
          Received 'cb_part_2696' from server 'localhost_4_7'. (19737 ms elapsed)
          Received 'cb_oseq_2685' from server 'localhost_4_1'. (62776 ms elapsed)
Normal Structuring mode def=cb_oseq_2689
Normal Structuring mode def=cb_oseq_2685
	513	 CDN_PAS_CONNECTED_FFCi1975
Working on Hinst: CDN_PAS_CONNECTED_FFCi1973
[gig_analyze] should_ungroup = 0
[gig_analyze] should_ungroup = 0
[gig_analyze] should_ungroup = 0
[gig_analyze] should_ungroup = 0
[gig_analyze] should_ungroup = 0
[gig_analyze] should_ungroup = 0

INFO: Identified hierarchy for CAS: hinst:iopt_partition/CDN_PAS_CONNECTED_FFCi1973

Working on Hinst: CDN_PAS_CONNECTED_FFCi1974
[gig_analyze] should_ungroup = 0
[gig_analyze] should_ungroup = 0
[gig_analyze] should_ungroup = 0
[gig_analyze] should_ungroup = 0
[gig_analyze] should_ungroup = 0
[gig_analyze] should_ungroup = 0

INFO: Identified hierarchy for CAS: hinst:iopt_partition/CDN_PAS_CONNECTED_FFCi1974

Working on Hinst: CDN_PAS_CONNECTED_FFCi1975
[gig_analyze] should_ungroup = 0
[gig_analyze] should_ungroup = 0
[gig_analyze] should_ungroup = 0
[gig_analyze] should_ungroup = 0
[gig_analyze] should_ungroup = 0
[gig_analyze] should_ungroup = 0

INFO: Identified hierarchy for CAS: hinst:iopt_partition/CDN_PAS_CONNECTED_FFCi1975

Working on Hinst: CDN_PAS_CONNECTED_FFCi
[gig_analyze] should_ungroup = 0
[gig_analyze] should_ungroup = 0
[gig_analyze] should_ungroup = 0
[gig_analyze] should_ungroup = 0
[gig_analyze] should_ungroup = 0
[gig_analyze] should_ungroup = 0

INFO: Identified hierarchy for CAS: hinst:iopt_partition/CDN_PAS_CONNECTED_FFCi

Working on Hinst: CDN_PAS_CONNECTED_FFCi1976
[gig_analyze] should_ungroup = 0
[gig_analyze] should_ungroup = 0
[gig_analyze] should_ungroup = 0
[gig_analyze] should_ungroup = 0
[gig_analyze] should_ungroup = 0
[gig_analyze] should_ungroup = 0

INFO: Identified hierarchy for CAS: hinst:iopt_partition/CDN_PAS_CONNECTED_FFCi1976

Working on Hinst: CDN_PAS_CONNECTED_FFCi1977
[gig_analyze] should_ungroup = 0
[gig_analyze] should_ungroup = 0
[gig_analyze] should_ungroup = 0
[gig_analyze] should_ungroup = 0
[gig_analyze] should_ungroup = 0
[gig_analyze] should_ungroup = 0

INFO: Identified hierarchy for CAS: hinst:iopt_partition/CDN_PAS_CONNECTED_FFCi1977

Working on Hinst: CDN_PAS_CONNECTED_FFCi1978
[gig_analyze] should_ungroup = 0
[gig_analyze] should_ungroup = 0
[gig_analyze] should_ungroup = 0
[gig_analyze] should_ungroup = 0
[gig_analyze] should_ungroup = 0
[gig_analyze] should_ungroup = 0

INFO: Identified hierarchy for CAS: hinst:iopt_partition/CDN_PAS_CONNECTED_FFCi1978

Working on Hinst: CDN_PAS_CONNECTED_FFCi1979
[gig_analyze] should_ungroup = 0
[gig_analyze] should_ungroup = 0
[gig_analyze] should_ungroup = 0
[gig_analyze] should_ungroup = 0
[gig_analyze] should_ungroup = 0
[gig_analyze] should_ungroup = 0

INFO: Identified hierarchy for CAS: hinst:iopt_partition/CDN_PAS_CONNECTED_FFCi1979

Working on Hinst: CDN_PAS_CONNECTED_FFCi1980
[gig_analyze] should_ungroup = 0
[gig_analyze] should_ungroup = 0
[gig_analyze] should_ungroup = 0
[gig_analyze] should_ungroup = 0
[gig_analyze] should_ungroup = 0
[gig_analyze] should_ungroup = 0

INFO: Identified hierarchy for CAS: hinst:iopt_partition/CDN_PAS_CONNECTED_FFCi1980

Working on Hinst: CDN_PAS_CONNECTED_FFCi1981
[gig_analyze] should_ungroup = 0
[gig_analyze] should_ungroup = 0
[gig_analyze] should_ungroup = 0
[gig_analyze] should_ungroup = 0
[gig_analyze] should_ungroup = 0
[gig_analyze] should_ungroup = 0

INFO: Identified hierarchy for CAS: hinst:iopt_partition/CDN_PAS_CONNECTED_FFCi1981

Working on Hinst: CDN_PAS_CONNECTED_FFCi1982
[gig_analyze] should_ungroup = 0
[gig_analyze] should_ungroup = 0
[gig_analyze] should_ungroup = 0
[gig_analyze] should_ungroup = 0
[gig_analyze] should_ungroup = 0
[gig_analyze] should_ungroup = 0

INFO: Identified hierarchy for CAS: hinst:iopt_partition/CDN_PAS_CONNECTED_FFCi1982

Working on Hinst: CDN_PAS_CONNECTED_FFCi1983
[gig_analyze] should_ungroup = 0
[gig_analyze] should_ungroup = 0
[gig_analyze] should_ungroup = 0
[gig_analyze] should_ungroup = 0
[gig_analyze] should_ungroup = 0
[gig_analyze] should_ungroup = 0

INFO: Identified hierarchy for CAS: hinst:iopt_partition/CDN_PAS_CONNECTED_FFCi1983

Working on Hinst: CDN_PAS_CONNECTED_FFCi1984
[gig_analyze] should_ungroup = 0
[gig_analyze] should_ungroup = 0
[gig_analyze] should_ungroup = 0
[gig_analyze] should_ungroup = 0
[gig_analyze] should_ungroup = 0
[gig_analyze] should_ungroup = 0

INFO: Identified hierarchy for CAS: hinst:iopt_partition/CDN_PAS_CONNECTED_FFCi1984

Working on Hinst: CDN_PAS_CONNECTED_FFCi1986
[gig_analyze] should_ungroup = 0
[gig_analyze] should_ungroup = 0
[gig_analyze] should_ungroup = 0
[gig_analyze] should_ungroup = 0
[gig_analyze] should_ungroup = 0
[gig_analyze] should_ungroup = 0

INFO: Identified hierarchy for CAS: hinst:iopt_partition/CDN_PAS_CONNECTED_FFCi1986

Working on Hinst: CDN_PAS_CONNECTED_FFCi1987
[gig_analyze] should_ungroup = 0
[gig_analyze] should_ungroup = 0
[gig_analyze] should_ungroup = 0
[gig_analyze] should_ungroup = 0
[gig_analyze] should_ungroup = 0
[gig_analyze] should_ungroup = 0

INFO: Identified hierarchy for CAS: hinst:iopt_partition/CDN_PAS_CONNECTED_FFCi1987

Working on Hinst: CDN_PAS_CONNECTED_FFCi1988
[gig_analyze] should_ungroup = 0
[gig_analyze] should_ungroup = 0
[gig_analyze] should_ungroup = 0
[gig_analyze] should_ungroup = 0
[gig_analyze] should_ungroup = 0
[gig_analyze] should_ungroup = 0

INFO: Identified hierarchy for CAS: hinst:iopt_partition/CDN_PAS_CONNECTED_FFCi1988

Working on Hinst: CDN_PAS_CONNECTED_FFCi1989
[gig_analyze] should_ungroup = 0
[gig_analyze] should_ungroup = 0
[gig_analyze] should_ungroup = 0
[gig_analyze] should_ungroup = 0
[gig_analyze] should_ungroup = 0
[gig_analyze] should_ungroup = 0

INFO: Identified hierarchy for CAS: hinst:iopt_partition/CDN_PAS_CONNECTED_FFCi1989

Working on Hinst: CDN_PAS_CONNECTED_FFCi1990
[gig_analyze] should_ungroup = 0
[gig_analyze] should_ungroup = 0
[gig_analyze] should_ungroup = 0
[gig_analyze] should_ungroup = 0
[gig_analyze] should_ungroup = 0
[gig_analyze] should_ungroup = 0

INFO: Identified hierarchy for CAS: hinst:iopt_partition/CDN_PAS_CONNECTED_FFCi1990

Working on Hinst: CDN_PAS_CONNECTED_FFCi1991
[gig_analyze] should_ungroup = 0
[gig_analyze] should_ungroup = 0
[gig_analyze] should_ungroup = 0
[gig_analyze] should_ungroup = 0
[gig_analyze] should_ungroup = 0
[gig_analyze] should_ungroup = 0

INFO: Identified hierarchy for CAS: hinst:iopt_partition/CDN_PAS_CONNECTED_FFCi1991

Working on Hinst: CDN_PAS_CONNECTED_FFCi1992
[gig_analyze] should_ungroup = 0
[gig_analyze] should_ungroup = 0
[gig_analyze] should_ungroup = 0
[gig_analyze] should_ungroup = 0
[gig_analyze] should_ungroup = 0
[gig_analyze] should_ungroup = 0

INFO: Identified hierarchy for CAS: hinst:iopt_partition/CDN_PAS_CONNECTED_FFCi1992

Working on Hinst: CDN_PAS_CONNECTED_FFCi1993
[gig_analyze] should_ungroup = 0
[gig_analyze] should_ungroup = 0
[gig_analyze] should_ungroup = 0
[gig_analyze] should_ungroup = 0
[gig_analyze] should_ungroup = 0
[gig_analyze] should_ungroup = 0

INFO: Identified hierarchy for CAS: hinst:iopt_partition/CDN_PAS_CONNECTED_FFCi1993

Working on Hinst: CDN_PAS_CONNECTED_FFCi1994
[gig_analyze] should_ungroup = 0
[gig_analyze] should_ungroup = 0
[gig_analyze] should_ungroup = 0
[gig_analyze] should_ungroup = 0
[gig_analyze] should_ungroup = 0
[gig_analyze] should_ungroup = 0

INFO: Identified hierarchy for CAS: hinst:iopt_partition/CDN_PAS_CONNECTED_FFCi1994

Working on Hinst: CDN_PAS_CONNECTED_FFCi1995
[gig_analyze] should_ungroup = 0
[gig_analyze] should_ungroup = 0
[gig_analyze] should_ungroup = 0
[gig_analyze] should_ungroup = 0
[gig_analyze] should_ungroup = 0
[gig_analyze] should_ungroup = 0

INFO: Identified hierarchy for CAS: hinst:iopt_partition/CDN_PAS_CONNECTED_FFCi1995

Working on Hinst: CDN_PAS_CONNECTED_FFCi1996
[gig_analyze] should_ungroup = 0
[gig_analyze] should_ungroup = 0
[gig_analyze] should_ungroup = 0
[gig_analyze] should_ungroup = 0
[gig_analyze] should_ungroup = 0
[gig_analyze] should_ungroup = 0

INFO: Identified hierarchy for CAS: hinst:iopt_partition/CDN_PAS_CONNECTED_FFCi1996

Working on Hinst: CDN_PAS_CONNECTED_FFCi1997
[gig_analyze] should_ungroup = 0
[gig_analyze] should_ungroup = 0
[gig_analyze] should_ungroup = 0
[gig_analyze] should_ungroup = 0
[gig_analyze] should_ungroup = 0
[gig_analyze] should_ungroup = 0

INFO: Identified hierarchy for CAS: hinst:iopt_partition/CDN_PAS_CONNECTED_FFCi1997

Working on Hinst: CDN_PAS_CONNECTED_FFCi1998
[gig_analyze] should_ungroup = 0
[gig_analyze] should_ungroup = 0
[gig_analyze] should_ungroup = 0
[gig_analyze] should_ungroup = 0
[gig_analyze] should_ungroup = 0
[gig_analyze] should_ungroup = 0

INFO: Identified hierarchy for CAS: hinst:iopt_partition/CDN_PAS_CONNECTED_FFCi1998

Working on Hinst: CDN_PAS_CONNECTED_FFCi1999
[gig_analyze] should_ungroup = 0
[gig_analyze] should_ungroup = 0
[gig_analyze] should_ungroup = 0
[gig_analyze] should_ungroup = 0
[gig_analyze] should_ungroup = 0
[gig_analyze] should_ungroup = 0

INFO: Identified hierarchy for CAS: hinst:iopt_partition/CDN_PAS_CONNECTED_FFCi1999

Working on Hinst: CDN_PAS_CONNECTED_FFCi2001
[gig_analyze] should_ungroup = 0
[gig_analyze] should_ungroup = 0
[gig_analyze] should_ungroup = 0
[gig_analyze] should_ungroup = 0
[gig_analyze] should_ungroup = 0
[gig_analyze] should_ungroup = 0

INFO: Identified hierarchy for CAS: hinst:iopt_partition/CDN_PAS_CONNECTED_FFCi2001

Working on Hinst: CDN_PAS_CONNECTED_FFCi2002
[gig_analyze] should_ungroup = 0
[gig_analyze] should_ungroup = 0
[gig_analyze] should_ungroup = 0
[gig_analyze] should_ungroup = 0
[gig_analyze] should_ungroup = 0
[gig_analyze] should_ungroup = 0

INFO: Identified hierarchy for CAS: hinst:iopt_partition/CDN_PAS_CONNECTED_FFCi2002

Working on Hinst: CDN_PAS_CONNECTED_FFCi2003
[gig_analyze] should_ungroup = 0
[gig_analyze] should_ungroup = 0
[gig_analyze] should_ungroup = 0
[gig_analyze] should_ungroup = 0
[gig_analyze] should_ungroup = 0
[gig_analyze] should_ungroup = 0

INFO: Identified hierarchy for CAS: hinst:iopt_partition/CDN_PAS_CONNECTED_FFCi2003

Working on Hinst: CDN_PAS_CONNECTED_FFCi2004
[gig_analyze] should_ungroup = 0
[gig_analyze] should_ungroup = 0
[gig_analyze] should_ungroup = 0
[gig_analyze] should_ungroup = 0
[gig_analyze] should_ungroup = 0
[gig_analyze] should_ungroup = 0

INFO: Identified hierarchy for CAS: hinst:iopt_partition/CDN_PAS_CONNECTED_FFCi2004

Working on Hinst: CDN_PAS_CONNECTED_FFCi2005
[gig_analyze] should_ungroup = 0
[gig_analyze] should_ungroup = 0
[gig_analyze] should_ungroup = 0
[gig_analyze] should_ungroup = 0
[gig_analyze] should_ungroup = 0
[gig_analyze] should_ungroup = 0

INFO: Identified hierarchy for CAS: hinst:iopt_partition/CDN_PAS_CONNECTED_FFCi2005

Working on Hinst: CDN_PAS_CONNECTED_FFCi2006
[gig_analyze] should_ungroup = 0
[gig_analyze] should_ungroup = 0
[gig_analyze] should_ungroup = 0
[gig_analyze] should_ungroup = 0
[gig_analyze] should_ungroup = 0
[gig_analyze] should_ungroup = 0

INFO: Identified hierarchy for CAS: hinst:iopt_partition/CDN_PAS_CONNECTED_FFCi2006

Working on Hinst: CDN_PAS_CONNECTED_FFCi2007
[gig_analyze] should_ungroup = 0
[gig_analyze] should_ungroup = 0
[gig_analyze] should_ungroup = 0
[gig_analyze] should_ungroup = 0
[gig_analyze] should_ungroup = 0
[gig_analyze] should_ungroup = 0

INFO: Identified hierarchy for CAS: hinst:iopt_partition/CDN_PAS_CONNECTED_FFCi2007

Normal Structuring mode def=cb_part_2696
	129	 CDN_PAS_CONNECTED_FFCi257
Working on Hinst: CDN_PAS_SKIP_FFC_0i
[gig_analyze] should_ungroup = 0
[gig_analyze] should_ungroup = 0
[gig_analyze] should_ungroup = 0
[gig_analyze] should_ungroup = 0
[gig_analyze] should_ungroup = 0
[gig_analyze] should_ungroup = 0

INFO: Identified hierarchy for CAS: hinst:iopt_partition/CDN_PAS_SKIP_FFC_0i

Working on Hinst: CDN_PAS_SKIP_FFC_1i
[gig_analyze] should_ungroup = 0
[gig_analyze] should_ungroup = 0
[gig_analyze] should_ungroup = 0
[gig_analyze] should_ungroup = 0
[gig_analyze] should_ungroup = 0
[gig_analyze] should_ungroup = 1
Ungrouping hinst:hinst:iopt_partition/CDN_PAS_SKIP_FFC_1i
Working on Hinst: CDN_PAS_SKIP_FFC_2i
[gig_analyze] should_ungroup = 0
[gig_analyze] should_ungroup = 0
[gig_analyze] should_ungroup = 0
[gig_analyze] should_ungroup = 0
[gig_analyze] should_ungroup = 0
[gig_analyze] should_ungroup = 0

INFO: Identified hierarchy for CAS: hinst:iopt_partition/CDN_PAS_SKIP_FFC_2i

Working on Hinst: CDN_PAS_SKIP_FFC_3i
[gig_analyze] should_ungroup = 0
[gig_analyze] should_ungroup = 0
[gig_analyze] should_ungroup = 0
[gig_analyze] should_ungroup = 0
[gig_analyze] should_ungroup = 0
[gig_analyze] should_ungroup = 0

INFO: Identified hierarchy for CAS: hinst:iopt_partition/CDN_PAS_SKIP_FFC_3i

Normal Structuring mode def=add_unsigned_4072
Normal Structuring mode def=add_unsigned
Normal Structuring mode def=add_unsigned
Normal Structuring mode def=add_signed_1636
Normal Structuring mode def=add_signed
Normal Structuring mode def=add_signed
Normal Structuring mode def=add_signed_1636_1
Normal Structuring mode def=add_signed
Normal Structuring mode def=add_signed
Normal Structuring mode def=sub_signed_20887
Normal Structuring mode def=sub_signed
Normal Structuring mode def=sub_signed
Normal Structuring mode def=increment_unsigned_1886_1888
Normal Structuring mode def=increment_unsigned
Normal Structuring mode def=increment_unsigned
Normal Structuring mode def=increment_signed_1631_1650
Normal Structuring mode def=increment_signed
Normal Structuring mode def=increment_signed
Normal Structuring mode def=increment_signed_1631_1778
Normal Structuring mode def=increment_signed
Normal Structuring mode def=increment_signed
        Distributing super-thread jobs: cb_oseq_2695 sub_signed_4447 csa_tree_SUB_TC_OP_2_rsh_pad_group_2_2062_32 csa_tree_SUB_TC_OP_2_rsh_pad_group_2_2062_9_1 csa_tree_SUB_TC_OP_2_rsh_pad_group_2_2062_9_2 csa_tree_SUB_TC_OP_2_rsh_pad_group_2_2062_9 csa_tree_SUB_TC_OP_2_rsh_pad_group_2_2062_9_6 increment_signed_157_9953_16 increment_signed_157_9953 increment_signed_157_9953_17 increment_signed_157_9953_1 increment_signed_157_205
          Sending 'cb_oseq_2695' to server 'localhost_4_1'...
            Sent 'cb_oseq_2695' to server 'localhost_4_1'.
          Sending 'sub_signed_4447' to server 'localhost_4_7'...
            Sent 'sub_signed_4447' to server 'localhost_4_7'.
          Sending 'csa_tree_SUB_TC_OP_2_rsh_pad_group_2_2062_32' to server '8_4_15'...
            Sent 'csa_tree_SUB_TC_OP_2_rsh_pad_group_2_2062_32' to server '8_4_15'.
          Sending 'csa_tree_SUB_TC_OP_2_rsh_pad_group_2_2062_9_1' to server 'localhost_4_4'...
            Sent 'csa_tree_SUB_TC_OP_2_rsh_pad_group_2_2062_9_1' to server 'localhost_4_4'.
          Sending 'csa_tree_SUB_TC_OP_2_rsh_pad_group_2_2062_9_2' to server 'localhost_4_6'...
            Sent 'csa_tree_SUB_TC_OP_2_rsh_pad_group_2_2062_9_2' to server 'localhost_4_6'.
          Sending 'csa_tree_SUB_TC_OP_2_rsh_pad_group_2_2062_9' to server 'localhost_4_3'...
            Sent 'csa_tree_SUB_TC_OP_2_rsh_pad_group_2_2062_9' to server 'localhost_4_3'.
          Sending 'csa_tree_SUB_TC_OP_2_rsh_pad_group_2_2062_9_6' to server '8_4_14'...
            Sent 'csa_tree_SUB_TC_OP_2_rsh_pad_group_2_2062_9_6' to server '8_4_14'.
          Sending 'increment_signed_157_9953_16' to server '8_4_13'...
            Sent 'increment_signed_157_9953_16' to server '8_4_13'.
          Sending 'increment_signed_157_9953' to server '8_4_12'...
            Sent 'increment_signed_157_9953' to server '8_4_12'.
          Sending 'increment_signed_157_9953_17' to server 'localhost_4_8'...
            Sent 'increment_signed_157_9953_17' to server 'localhost_4_8'.
          Sending 'increment_signed_157_9953_1' to server '8_4_11'...
            Sent 'increment_signed_157_9953_1' to server '8_4_11'.
          Sending 'increment_signed_157_205' to server '8_4_0'...
            Sent 'increment_signed_157_205' to server '8_4_0'.
          Received 'increment_signed_157_9953_17' from server 'localhost_4_8'. (2921 ms elapsed)
          Received 'increment_signed_157_9953' from server '8_4_12'. (3034 ms elapsed)
          Received 'increment_signed_157_9953_16' from server '8_4_13'. (3070 ms elapsed)
          Received 'cb_oseq_2695' from server 'localhost_4_1'. (3644 ms elapsed)
          Received 'csa_tree_SUB_TC_OP_2_rsh_pad_group_2_2062_32' from server '8_4_15'. (4467 ms elapsed)
          Received 'csa_tree_SUB_TC_OP_2_rsh_pad_group_2_2062_9_6' from server '8_4_14'. (4536 ms elapsed)
          Received 'csa_tree_SUB_TC_OP_2_rsh_pad_group_2_2062_9_1' from server 'localhost_4_4'. (5624 ms elapsed)
          Received 'sub_signed_4447' from server 'localhost_4_7'. (6158 ms elapsed)
          Received 'increment_signed_157_9953_1' from server '8_4_11'. (6492 ms elapsed)
          Received 'csa_tree_SUB_TC_OP_2_rsh_pad_group_2_2062_9' from server 'localhost_4_3'. (7742 ms elapsed)
          Received 'csa_tree_SUB_TC_OP_2_rsh_pad_group_2_2062_9_2' from server 'localhost_4_6'. (8366 ms elapsed)
          Received 'increment_signed_157_205' from server '8_4_0'. (8775 ms elapsed)
Normal Structuring mode def=cb_part_2697
Normal Structuring mode def=cb_oseq_2695
Working on Hinst: CDN_PAS_SKIP_FFC_0i
[gig_analyze] should_ungroup = 0
[gig_analyze] should_ungroup = 0
[gig_analyze] should_ungroup = 0
[gig_analyze] should_ungroup = 0
[gig_analyze] should_ungroup = 0
[gig_analyze] should_ungroup = 0

INFO: Identified hierarchy for CAS: hinst:iopt_partition/CDN_PAS_SKIP_FFC_0i

Normal Structuring mode def=sub_signed_4447
Normal Structuring mode def=sub_signed
Normal Structuring mode def=sub_signed
Normal Structuring mode def=csa_tree_SUB_TC_OP_2_rsh_pad_group_2_2062_32
Normal Structuring mode def=csa_tree_SUB_TC_OP_2_rsh_pad_group
Normal Structuring mode def=csa_tree_SUB_TC_OP_2_rsh_pad_group
Normal Structuring mode def=csa_tree_SUB_TC_OP_2_rsh_pad_group
Normal Structuring mode def=csa_tree_SUB_TC_OP_2_rsh_pad_group_2_2062_9_1
Normal Structuring mode def=csa_tree_SUB_TC_OP_2_rsh_pad_group
Normal Structuring mode def=csa_tree_SUB_TC_OP_2_rsh_pad_group
Normal Structuring mode def=csa_tree_SUB_TC_OP_2_rsh_pad_group
Normal Structuring mode def=csa_tree_SUB_TC_OP_2_rsh_pad_group_2_2062_9_2
Normal Structuring mode def=csa_tree_SUB_TC_OP_2_rsh_pad_group
Normal Structuring mode def=csa_tree_SUB_TC_OP_2_rsh_pad_group
Normal Structuring mode def=csa_tree_SUB_TC_OP_2_rsh_pad_group
Normal Structuring mode def=csa_tree_SUB_TC_OP_2_rsh_pad_group_2_2062_9
Normal Structuring mode def=csa_tree_SUB_TC_OP_2_rsh_pad_group
Normal Structuring mode def=csa_tree_SUB_TC_OP_2_rsh_pad_group
Normal Structuring mode def=csa_tree_SUB_TC_OP_2_rsh_pad_group
Normal Structuring mode def=csa_tree_SUB_TC_OP_2_rsh_pad_group_2_2062_9_6
Normal Structuring mode def=csa_tree_SUB_TC_OP_2_rsh_pad_group
Normal Structuring mode def=csa_tree_SUB_TC_OP_2_rsh_pad_group
Normal Structuring mode def=csa_tree_SUB_TC_OP_2_rsh_pad_group
Normal Structuring mode def=increment_signed_157_9953_16
Normal Structuring mode def=increment_signed
Normal Structuring mode def=increment_signed
Normal Structuring mode def=increment_signed_157_9953
Normal Structuring mode def=increment_signed
Normal Structuring mode def=increment_signed
Normal Structuring mode def=increment_signed_157_9953_17
Normal Structuring mode def=increment_signed
Normal Structuring mode def=increment_signed
Normal Structuring mode def=increment_signed_157_9953_1
Normal Structuring mode def=increment_signed
Normal Structuring mode def=increment_signed
Normal Structuring mode def=increment_signed_157_205
Normal Structuring mode def=increment_signed
Normal Structuring mode def=increment_signed
        Distributing super-thread jobs: mult_signed_21680 mult_signed_21680_1 csa_tree_ADD_TC_OP_2_group_2_7 cb_oseq_2693 add_signed_3985_3 add_signed_3985_1 add_signed_3985_2 add_signed_3985 add_signed_3997 add_signed_625 cb_part add_signed_3993 add_signed_3993_1 add_unsigned_97_1 add_unsigned_97
          Sending 'mult_signed_21680' to server 'localhost_4_1'...
            Sent 'mult_signed_21680' to server 'localhost_4_1'.
          Sending 'mult_signed_21680_1' to server 'localhost_4_7'...
            Sent 'mult_signed_21680_1' to server 'localhost_4_7'.
          Sending 'csa_tree_ADD_TC_OP_2_group_2_7' to server '8_4_15'...
            Sent 'csa_tree_ADD_TC_OP_2_group_2_7' to server '8_4_15'.
          Sending 'cb_oseq_2693' to server 'localhost_4_4'...
            Sent 'cb_oseq_2693' to server 'localhost_4_4'.
          Sending 'add_signed_3985_3' to server 'localhost_4_6'...
            Sent 'add_signed_3985_3' to server 'localhost_4_6'.
          Sending 'add_signed_3985_1' to server 'localhost_4_3'...
            Sent 'add_signed_3985_1' to server 'localhost_4_3'.
          Sending 'add_signed_3985_2' to server '8_4_14'...
            Sent 'add_signed_3985_2' to server '8_4_14'.
          Sending 'add_signed_3985' to server '8_4_13'...
            Sent 'add_signed_3985' to server '8_4_13'.
          Sending 'add_signed_3997' to server '8_4_12'...
            Sent 'add_signed_3997' to server '8_4_12'.
          Sending 'add_signed_625' to server 'localhost_4_8'...
            Sent 'add_signed_625' to server 'localhost_4_8'.
          Sending 'cb_part' to server '8_4_11'...
            Sent 'cb_part' to server '8_4_11'.
          Sending 'add_signed_3993' to server '8_4_0'...
            Sent 'add_signed_3993' to server '8_4_0'.
          Sending 'add_signed_3993_1' to server '8_4_10'...
            Sent 'add_signed_3993_1' to server '8_4_10'.
          Sending 'add_unsigned_97_1' to server 'localhost_4_2'...
            Sent 'add_unsigned_97_1' to server 'localhost_4_2'.
          Sending 'add_unsigned_97' to server '8_4_9'...
            Sent 'add_unsigned_97' to server '8_4_9'.
          Received 'cb_part' from server '8_4_11'. (2783 ms elapsed)
          Received 'csa_tree_ADD_TC_OP_2_group_2_7' from server '8_4_15'. (4798 ms elapsed)
          Received 'add_unsigned_97_1' from server 'localhost_4_2'. (6625 ms elapsed)
          Received 'add_signed_3997' from server '8_4_12'. (7344 ms elapsed)
          Received 'cb_oseq_2693' from server 'localhost_4_4'. (10817 ms elapsed)
          Received 'add_signed_625' from server 'localhost_4_8'. (13226 ms elapsed)
          Received 'add_signed_3993_1' from server '8_4_10'. (13602 ms elapsed)
          Received 'add_signed_3985_1' from server 'localhost_4_3'. (14185 ms elapsed)
          Received 'add_signed_3985_3' from server 'localhost_4_6'. (14825 ms elapsed)
          Received 'add_signed_3993' from server '8_4_0'. (15414 ms elapsed)
          Received 'add_unsigned_97' from server '8_4_9'. (20551 ms elapsed)
          Received 'add_signed_3985' from server '8_4_13'. (24039 ms elapsed)
          Received 'add_signed_3985_2' from server '8_4_14'. (26579 ms elapsed)
          Received 'mult_signed_21680' from server 'localhost_4_1'. (80948 ms elapsed)
Normal Structuring mode def=mult_signed_21680
Normal Structuring mode def=mult_signed
Normal Structuring mode def=mult_signed
Normal Structuring mode def=mult_signed
          Received 'mult_signed_21680_1' from server 'localhost_4_7'. (84002 ms elapsed)
Normal Structuring mode def=mult_signed_21680_1
Normal Structuring mode def=mult_signed
Normal Structuring mode def=mult_signed
Normal Structuring mode def=mult_signed
Normal Structuring mode def=csa_tree_ADD_TC_OP_2_group_2_7
Normal Structuring mode def=csa_tree_ADD_TC_OP_2_group
Normal Structuring mode def=csa_tree_ADD_TC_OP_2_group
Normal Structuring mode def=csa_tree_ADD_TC_OP_2_group
Normal Structuring mode def=cb_oseq_2693
Working on Hinst: CDN_PAS_SKIP_FFC_0i
[gig_analyze] should_ungroup = 0
[gig_analyze] should_ungroup = 0
[gig_analyze] should_ungroup = 0
[gig_analyze] should_ungroup = 0
[gig_analyze] should_ungroup = 0
[gig_analyze] should_ungroup = 0

INFO: Identified hierarchy for CAS: hinst:iopt_partition/CDN_PAS_SKIP_FFC_0i

Normal Structuring mode def=add_signed_3985_3
Working on Hinst: CDN_PAS_SKIP_FFC_0i
[gig_analyze] should_ungroup = 1
Ungrouping hinst:hinst:iopt_partition/CDN_PAS_SKIP_FFC_0i
Normal Structuring mode def=add_signed
Normal Structuring mode def=add_signed
Normal Structuring mode def=add_signed_3985_1
Working on Hinst: CDN_PAS_SKIP_FFC_0i
[gig_analyze] should_ungroup = 1
Ungrouping hinst:hinst:iopt_partition/CDN_PAS_SKIP_FFC_0i
Normal Structuring mode def=add_signed
Normal Structuring mode def=add_signed
Normal Structuring mode def=add_signed_3985_2
Working on Hinst: CDN_PAS_SKIP_FFC_0i
[gig_analyze] should_ungroup = 1
Ungrouping hinst:hinst:iopt_partition/CDN_PAS_SKIP_FFC_0i
Normal Structuring mode def=add_signed
Normal Structuring mode def=add_signed
Normal Structuring mode def=add_signed_3985
Working on Hinst: CDN_PAS_SKIP_FFC_0i
[gig_analyze] should_ungroup = 1
Ungrouping hinst:hinst:iopt_partition/CDN_PAS_SKIP_FFC_0i
Normal Structuring mode def=add_signed
Normal Structuring mode def=add_signed
Normal Structuring mode def=add_signed_3997
Normal Structuring mode def=add_signed
Normal Structuring mode def=add_signed
Normal Structuring mode def=add_signed_625
Normal Structuring mode def=add_signed
Normal Structuring mode def=add_signed
Normal Structuring mode def=cb_part
Working on Hinst: CDN_PAS_CONNECTED_FFCi69
[gig_analyze] should_ungroup = 0
[gig_analyze] should_ungroup = 0
[gig_analyze] should_ungroup = 0
[gig_analyze] should_ungroup = 0
[gig_analyze] should_ungroup = 0
[gig_analyze] should_ungroup = 0

INFO: Identified hierarchy for CAS: hinst:iopt_partition/CDN_PAS_CONNECTED_FFCi69

Normal Structuring mode def=add_signed_3993
Normal Structuring mode def=add_signed
Normal Structuring mode def=add_signed
Normal Structuring mode def=add_signed_3993_1
Normal Structuring mode def=add_signed
Normal Structuring mode def=add_signed
Normal Structuring mode def=add_unsigned_97_1
Normal Structuring mode def=add_unsigned
Normal Structuring mode def=add_unsigned
Normal Structuring mode def=add_unsigned_97
Normal Structuring mode def=add_unsigned
Normal Structuring mode def=add_unsigned
 
Global mapping status
=====================
                                   Group   
                                  Tot Wrst 
                           Total  Weighted 
Operation                   Area   Slacks  
 global_map             11262892      -89 
            Worst cost_group: clk, WNS: -89.9
            Path: u_core/u_update/u_v_sram_wide_page_d2_reg/CLK -->
                    u_core/u_update/v_mul_reg_reg[4][31]/D

    Cost Group            Target    Slack    Diff.  Constr.
-----------------------------------------------------------
           clk               132      -90      -4%     5000 

 
Global incremental target info
==============================
Cost Group 'clk' target slack:   -88 ps
Target path end-point (Pin: u_core/u_update/v_mul_reg_reg[31][31]/D (sky130_fd_sc_hs__dfxtp_1/D))

              Distributing super-thread jobs: cb_seq_2684 cb_seq_2686
                Sending 'cb_seq_2684' to server 'localhost_4_1'...
                  Sent 'cb_seq_2684' to server 'localhost_4_1'.
                Sending 'cb_seq_2686' to server 'localhost_4_7'...
                  Sent 'cb_seq_2686' to server 'localhost_4_7'.
                Received 'cb_seq_2686' from server 'localhost_4_7'. (4558 ms elapsed)
                Received 'cb_seq_2684' from server 'localhost_4_1'. (28177 ms elapsed)
              Distributing super-thread jobs: cb_seq_2694 cb_seq_2690 cb_seq_2692 cb_seq_2688
                Sending 'cb_seq_2694' to server 'localhost_4_1'...
                  Sent 'cb_seq_2694' to server 'localhost_4_1'.
                Sending 'cb_seq_2690' to server 'localhost_4_7'...
                  Sent 'cb_seq_2690' to server 'localhost_4_7'.
                Sending 'cb_seq_2692' to server '8_4_15'...
                  Sent 'cb_seq_2692' to server '8_4_15'.
                Sending 'cb_seq_2688' to server 'localhost_4_4'...
                  Sent 'cb_seq_2688' to server 'localhost_4_4'.
                Received 'cb_seq_2688' from server 'localhost_4_4'. (613 ms elapsed)
                Received 'cb_seq_2692' from server '8_4_15'. (1066 ms elapsed)
                Received 'cb_seq_2690' from server 'localhost_4_7'. (2356 ms elapsed)
                Received 'cb_seq_2694' from server 'localhost_4_1'. (4109 ms elapsed)
              Distributing super-thread jobs: mult_signed_4440_9 cb_oseq mult_signed_1002 mult_signed_20437_9 mult_signed_9 add_signed_20174_2198 add_signed_20174_2198_1 add_signed_20174_2169 add_signed_20174_2168
                Sending 'mult_signed_4440_9' to server 'localhost_4_1'...
                  Sent 'mult_signed_4440_9' to server 'localhost_4_1'.
                Sending 'cb_oseq' to server 'localhost_4_7'...
                  Sent 'cb_oseq' to server 'localhost_4_7'.
                Sending 'mult_signed_1002' to server '8_4_15'...
                  Sent 'mult_signed_1002' to server '8_4_15'.
                Sending 'mult_signed_20437_9' to server 'localhost_4_4'...
                  Sent 'mult_signed_20437_9' to server 'localhost_4_4'.
                Sending 'mult_signed_9' to server 'localhost_4_6'...
                  Sent 'mult_signed_9' to server 'localhost_4_6'.
                Sending 'add_signed_20174_2198' to server 'localhost_4_3'...
                  Sent 'add_signed_20174_2198' to server 'localhost_4_3'.
                Sending 'add_signed_20174_2198_1' to server '8_4_14'...
                  Sent 'add_signed_20174_2198_1' to server '8_4_14'.
                Sending 'add_signed_20174_2169' to server '8_4_13'...
                  Sent 'add_signed_20174_2169' to server '8_4_13'.
                Sending 'add_signed_20174_2168' to server '8_4_12'...
                  Sent 'add_signed_20174_2168' to server '8_4_12'.
                Received 'mult_signed_9' from server 'localhost_4_6'. (386 ms elapsed)
                Received 'mult_signed_20437_9' from server 'localhost_4_4'. (461 ms elapsed)
                Received 'add_signed_20174_2198' from server 'localhost_4_3'. (329 ms elapsed)
                Received 'add_signed_20174_2198_1' from server '8_4_14'. (329 ms elapsed)
                Received 'add_signed_20174_2169' from server '8_4_13'. (295 ms elapsed)
                Received 'add_signed_20174_2168' from server '8_4_12'. (679 ms elapsed)
                Received 'mult_signed_1002' from server '8_4_15'. (1649 ms elapsed)
                Received 'mult_signed_4440_9' from server 'localhost_4_1'. (2250 ms elapsed)
                Received 'cb_oseq' from server 'localhost_4_7'. (2676 ms elapsed)
              Distributing super-thread jobs: cb_oseq_2685 cb_part_2696
                Sending 'cb_oseq_2685' to server 'localhost_4_1'...
                  Sent 'cb_oseq_2685' to server 'localhost_4_1'.
                Sending 'cb_part_2696' to server 'localhost_4_7'...
                  Sent 'cb_part_2696' to server 'localhost_4_7'.
                Received 'cb_part_2696' from server 'localhost_4_7'. (6277 ms elapsed)
                Received 'cb_oseq_2685' from server 'localhost_4_1'. (26133 ms elapsed)
              Distributing super-thread jobs: cb_oseq_2695 sub_signed_4447
                Sending 'cb_oseq_2695' to server 'localhost_4_1'...
                  Sent 'cb_oseq_2695' to server 'localhost_4_1'.
                Sending 'sub_signed_4447' to server 'localhost_4_7'...
                  Sent 'sub_signed_4447' to server 'localhost_4_7'.
                Received 'sub_signed_4447' from server 'localhost_4_7'. (246 ms elapsed)
                Received 'cb_oseq_2695' from server 'localhost_4_1'. (300 ms elapsed)
              Distributing super-thread jobs: mult_signed_21680 mult_signed_21680_1 cb_oseq_2693 csa_tree_ADD_TC_OP_2_group_2_7 cb_part
                Sending 'mult_signed_21680' to server 'localhost_4_1'...
                  Sent 'mult_signed_21680' to server 'localhost_4_1'.
                Sending 'mult_signed_21680_1' to server 'localhost_4_7'...
                  Sent 'mult_signed_21680_1' to server 'localhost_4_7'.
                Sending 'cb_oseq_2693' to server '8_4_15'...
                  Sent 'cb_oseq_2693' to server '8_4_15'.
                Sending 'csa_tree_ADD_TC_OP_2_group_2_7' to server 'localhost_4_4'...
                  Sent 'csa_tree_ADD_TC_OP_2_group_2_7' to server 'localhost_4_4'.
                Sending 'cb_part' to server 'localhost_4_6'...
                  Sent 'cb_part' to server 'localhost_4_6'.
                Received 'csa_tree_ADD_TC_OP_2_group_2_7' from server 'localhost_4_4'. (157 ms elapsed)
                Received 'cb_oseq_2693' from server '8_4_15'. (209 ms elapsed)
                Received 'cb_part' from server 'localhost_4_6'. (486 ms elapsed)
                Received 'mult_signed_21680' from server 'localhost_4_1'. (4603 ms elapsed)
                Received 'mult_signed_21680_1' from server 'localhost_4_7'. (4639 ms elapsed)
==================================
Stage : global_incr_map 
==================================
  =================
   Message Summary
  =================
---------------------------------------------------------------------------------------------------------------------------------------------------------------------------------------------------------------------
|   Id   |  Sev  |Count|                                                                                        Message Text                                                                                        |
---------------------------------------------------------------------------------------------------------------------------------------------------------------------------------------------------------------------
|LBR-81  |Warning|   36|Non-monotonic wireload model found.                                                                                                                                                         |
|        |       |     |Non-monotonic wireload models can cause problems during synthesis and/or mapping.  Raising some of the points in the curve to give it a monotonic shape.                                    |
|PA-7    |Info   |   68|Resetting power analysis results.                                                                                                                                                           |
|        |       |     |All computed switching activities are removed.                                                                                                                                              |
|PHYS-752|Info   |    1|Partition Based Synthesis execution skipped.                                                                                                                                                |
|ST-110  |Info   |   32|Connection established with super-threading server.                                                                                                                                         |
|        |       |     |The tool is entering super-threading mode and has established a connection with a CPU server process.  This is enabled by the root attributes 'super_thread_servers' or 'auto_super_thread'.|
|ST-112  |Info   |   16|A super-threading server has been shut down normally.                                                                                                                                       |
|        |       |     |A super-threaded optimization is complete and a CPU server was successfully shut down.                                                                                                      |
|ST-120  |Info   |    4|Attempting to launch a super-threading server.                                                                                                                                              |
|        |       |     |The tool is entering super-threading mode and is launching a CPU server process.  This is enabled by the root attribute 'super_thread_servers' or 'auto_super_thread'.                      |
|ST-128  |Info   |    4|Super thread servers are launched successfully.                                                                                                                                             |
|SYNTH-2 |Info   |    1|Done synthesizing.                                                                                                                                                                          |
|SYNTH-4 |Info   |    1|Mapping.                                                                                                                                                                                    |
---------------------------------------------------------------------------------------------------------------------------------------------------------------------------------------------------------------------
 
Global incremental optimization status
======================================
                                   Group   
                                  Tot Wrst 
                           Total  Weighted 
Operation                   Area   Slacks  
 global_incr            11093238     -123 
            Worst cost_group: clk, WNS: -123.0
            Path: u_core/u_update/meta_alpha_pipe_reg[1][5]/CLK -->
                    u_core/u_update/l_product_reg_reg[63]/D

    Cost Group            Target    Slack    Diff.  Constr.
-----------------------------------------------------------
           clk               -88     -123      -1%     5000 


+-----------+----------+-----+----------------------+---------------------------+
|   Host    | Machine  | CPU | Physical Memory (MB) | Peak Physical Memory (MB) |
+-----------+----------+-----+----------------------+---------------------------+
|     8     | sh02lo01 |  8  |        1533.1        |          1533.1           |
| localhost | sh02lo01 |  8  |        5420.9        |          11265.4          |
+-----------+----------+-----+----------------------+---------------------------+

+---------------+----------------------+---------------------------+
|    Server     | Physical Memory (MB) | Peak Physical Memory (MB) |
+---------------+----------------------+---------------------------+
|     8_4_9     |      186.0 [1]       |          [1] [2]          |
|    8_4_11     |      175.0 [1]       |          [1] [2]          |
| localhost_4_5 |      174.3 [3]       |          [3] [2]          |
|     8_4_0     |    1533.1 [4] [5]    |        [4] [2] [5]        |
|    8_4_13     |      177.2 [1]       |          [1] [2]          |
| localhost_4_6 |      194.5 [3]       |          [3] [2]          |
|    8_4_10     |      204.7 [1]       |          [1] [2]          |
| localhost_4_1 |    1972.9 [4] [5]    |        [4] [2] [5]        |
|    8_4_12     |      178.4 [1]       |          [1] [2]          |
| localhost_4_7 |      293.9 [3]       |          [3] [2]          |
| localhost_4_3 |      215.2 [3]       |          [3] [2]          |
| localhost_4_8 |      179.8 [3]       |          [3] [2]          |
|    8_4_15     |      230.7 [1]       |          [1] [2]          |
|    8_4_14     |      207.8 [1]       |          [1] [2]          |
| localhost_4_2 |      184.3 [3]       |          [3] [2]          |
| localhost_4_4 |      215.7 [3]       |          [3] [2]          |
+---------------+----------------------+---------------------------+
[1] Memory is included in parent 8_4_0.
[2] Peak physical memory is not available for forked background servers.
[3] Memory is included in parent localhost_4_1.
[4] Memory is included in main process.
[5] Memory of child processes is included.


State Retention Synthesis Status
================================

Category                        Flops   Percentage
--------------------------------------------------
Total instances                 17821        100.0
Excluded from State Retention   17821        100.0
    - Will not convert          17821        100.0
      - Preserved                   0          0.0
      - Power intent excluded   17821        100.0
    - Could not convert             0          0.0
      - Scan type                   0          0.0
      - No suitable cell            0          0.0
State Retention instances           0          0.0
--------------------------------------------------

INFO: skipping constant propagation
PBS_Techmap-Global Mapping - Elapsed_Time 1091, CPU_Time 1008.0683399999998
stamp 'PBS_Techmap-Global Mapping' being created for table 'pbs_debug'

  Total Time (Wall) |  Stage Time (Wall)  |   % (Wall)   |    Date - Time     |  Memory   | Stage
--------------------+---------------------+--------------+--------------------+-----------+----------------------
 00:03:49(00:07:38) |  00:00:00(00:00:00) |   0.0(  0.0) |   11:34:41 (Jul03) |   2.76 GB | PBS_Generic-Start
--------------------+---------------------+--------------+--------------------+-----------+----------------------
 00:43:05(00:47:39) |  00:39:15(00:40:01) |  36.7( 48.2) |   12:14:42 (Jul03) |   5.08 GB | PBS_Generic-Post_Genopt
--------------------+---------------------+--------------+--------------------+-----------+----------------------
 00:55:41(01:00:46) |  00:12:35(00:13:07) |  11.8( 15.8) |   12:27:49 (Jul03) |   3.41 GB | PBS_Generic_Opt-Post
--------------------+---------------------+--------------+--------------------+-----------+----------------------
 00:55:48(01:00:55) |  00:00:07(00:00:09) |   0.1(  0.2) |   12:27:58 (Jul03) |   3.12 GB | PBS_Generic-Postgen HBO Optimizations
--------------------+---------------------+--------------+--------------------+-----------+----------------------
 01:32:59(01:11:30) |  00:37:11(00:10:35) |  34.8( 12.8) |   12:38:33 (Jul03) |   3.29 GB | PBS_Generic_Opt-Physical
--------------------+---------------------+--------------+--------------------+-----------+----------------------
 01:33:13(01:11:43) |  00:00:14(00:00:13) |   0.2(  0.3) |   12:38:46 (Jul03) |   3.29 GB | PBS_Generic_Opt-PAM_PAS
--------------------+---------------------+--------------+--------------------+-----------+----------------------
 01:33:52(01:12:20) |  00:00:39(00:00:37) |   0.6(  0.7) |   12:39:23 (Jul03) |   2.69 GB | PBS_TechMap-Start
--------------------+---------------------+--------------+--------------------+-----------+----------------------
 01:33:55(01:12:24) |  00:00:03(00:00:04) |   0.0(  0.1) |   12:39:27 (Jul03) |   2.69 GB | PBS_TechMap-PAM_PAS
--------------------+---------------------+--------------+--------------------+-----------+----------------------
 01:50:43(01:30:35) |  00:16:48(00:18:11) |  15.7( 21.9) |   12:57:38 (Jul03) |   2.60 GB | PBS_Techmap-Global Mapping
--------------------+---------------------+--------------+--------------------+-----------+----------------------
Number of threads: 8 * 2   (id: pbs_debug, time_info v1.57)
Info: (*N*) indicates data that was populated from previously saved time_info database
Info: CPU time includes time of parent + longest thread
Advanced structuring report (syn_map):
----------------------------------------------------------------------------------------------------------------------------------------------------------------------------------
|                                                                             | Graph                 | Opt. Graph            | Result           |                               | 
|-----------------------------------------------------------------------------+-----------------------+-----------------------+------------------+-------------------------------|
| Name                                                                | Tag   | #nodes | #and  | #lvl | #nodes | #and  | #lvl | Acc | Time       | Netlist ID                    | 
----------------------------------------------------------------------------------------------------------------------------------------------------------------------------------
| cb_seq_2684                                                         | CONDE |  91781 | 12617 |   96 |  91769 | 12605 |    9 | N   |      83.00 | cb_seq_2684                   | 
| cb_oseq_2685                                                        | CONDE |  44951 | 10275 |   64 |  44947 | 10271 |    5 | N   |      30.37 | cb_oseq_2685                  | 
| cb_seq_2686                                                         | CONDE |  40625 |  9162 |   89 |  40605 |  9142 |    9 | N   |      51.67 | cb_seq_2686                   | 
| cb_seq_2694                                                         | CONDE |  30168 |  5638 |   77 |  30081 |  5551 |   13 | N   |      78.28 | cb_seq_2694                   | 
| cb_part_2696                                                        | CONDE |  22378 |  1917 |   66 |  22352 |  1891 |   18 | N   |      10.38 | cb_part_2696                  | 
| cb_seq_2690                                                         | CONDE |  20464 |  5179 |   93 |  20091 |  4806 |   93 | Y   |      13.18 | cb_seq_2690                   | 
| cb_seq_2692                                                         | CONDE |   9938 |  1776 |   51 |   9882 |  1720 |   11 | Y   |      10.08 | cb_seq_2692                   | 
| cb_oseq                                                             | CONDE |   3481 |  2242 |   91 |   3231 |  1992 |   15 | Y   |      58.73 | cb_oseq                       | 
| cb_seq_2688                                                         | CONDE |   4090 |   546 |   85 |   4090 |   546 |    5 | N   |       3.37 | cb_seq_2688                   | 
----------------------------------------------------------------------------------------------------------------------------------------------------------------------------------
Number of LFLHs filtered from table: 220
Runtime accepts/rejects/total =    87.23 /   259.36 /   346.59
Accepts/rejects/total = 5 / 11 / 16
Sum of reduced nodes/levels = 726 / 155
----------------------------------------------------------------------------------------------------------------------------------------------------------------------------------
|                                                                             | Graph                 | Opt. Graph            | Result           |                               | 
|-----------------------------------------------------------------------------+-----------------------+-----------------------+------------------+-------------------------------|
| Name                                                                | Tag   | #nodes | #and  | #lvl | #nodes | #and  | #lvl | Acc | Time       | Netlist ID                    | 
----------------------------------------------------------------------------------------------------------------------------------------------------------------------------------
| cb_seq_2684                                                         | REIFI | 128030 |   821 |   96 | 128026 |   817 |    4 | N   |      73.37 | cb_seq_2684                   | 
| cb_seq_2686                                                         | REIFI |  59994 |   142 |   90 |  59988 |   136 |    6 | Y   |      40.77 |                               |
| cb_oseq_2685                                                        | REIFI |  56703 |  4396 |   65 |  56704 |  4397 |    3 | N   |      38.20 | cb_oseq_2685                  | 
| cb_seq_2694                                                         | REIFI |  44861 |   650 |   78 |  44794 |   583 |   11 | Y   |      35.26 | cb_seq_2694                   | 
| cb_seq_2690                                                         | REIFI |  31189 |   520 |  105 |  31161 |   492 |   27 | Y   |      21.71 | cb_seq_2690                   | 
| cb_part_2696                                                        | REIFI |  25155 |  1920 |   65 |  25126 |  1891 |   18 | N   |      10.87 | cb_part_2696                  | 
| cb_seq_2692                                                         | REIFI |  13762 |    79 |   55 |  13752 |    69 |   10 | Y   |       6.55 | cb_seq_2692                   | 
| cb_oseq                                                             | REIFI |   6343 |   587 |  107 |   6324 |   568 |    8 | Y   |      12.81 | cb_oseq                       | 
| cb_seq_2688                                                         | REIFI |   5578 |    12 |   86 |   5578 |    12 |    3 | N   |       2.66 | cb_seq_2688                   | 
| cb_oseq_2693                                                        | REIFI |   3349 |     7 |   40 |   3349 |     7 |    2 | N   |       1.54 | cb_oseq_2693                  | 
| cb_oseq_2695                                                        | REIFI |   1950 |   232 |   38 |   1941 |   223 |    9 | Y   |       1.98 | cb_oseq_2695                  | 
----------------------------------------------------------------------------------------------------------------------------------------------------------------------------------
Number of LFLHs filtered from table: 218
Runtime accepts/rejects/total =   123.13 /   135.42 /   258.55
Accepts/rejects/total = 12 / 29 / 41
Sum of reduced nodes/levels = 775 / 383
Info    : Wrote formal verification information. [CFM-5]
        : Wrote 'fv/fa_top/fv_map.fv.json' for netlist 'fv/fa_top/fv_map.v.gz'.
Info    : Existing dofile found. Copied as fv/fa_top/rtl_to_fv_map.do~.
Info    : Wrote dofile. [CFM-1]
        : Dofile is 'fv/fa_top/rtl_to_fv_map.do'.
        : RTL names flow is enabled.
Info : Deleting 2-D Early Global router data...
Info : 2-D Early Global router data deletion complete.
Info : Initializing 2-D Early Global router engine...
Info : Installing 2-D Early Global router...
Info : Early Global router engine is using 8 threads.
Info : 2-D Early Global router initialization complete.
Info : 2-D Early Global router installation complete.
PBS_TechMap-Datapath Postmap Operations - Elapsed_Time 66, CPU_Time 66.90684799999963
stamp 'PBS_TechMap-Datapath Postmap Operations' being created for table 'pbs_debug'

  Total Time (Wall) |  Stage Time (Wall)  |   % (Wall)   |    Date - Time     |  Memory   | Stage
--------------------+---------------------+--------------+--------------------+-----------+----------------------
 00:03:49(00:07:38) |  00:00:00(00:00:00) |   0.0(  0.0) |   11:34:41 (Jul03) |   2.76 GB | PBS_Generic-Start
--------------------+---------------------+--------------+--------------------+-----------+----------------------
 00:43:05(00:47:39) |  00:39:15(00:40:01) |  36.3( 47.6) |   12:14:42 (Jul03) |   5.08 GB | PBS_Generic-Post_Genopt
--------------------+---------------------+--------------+--------------------+-----------+----------------------
 00:55:41(01:00:46) |  00:12:35(00:13:07) |  11.7( 15.6) |   12:27:49 (Jul03) |   3.41 GB | PBS_Generic_Opt-Post
--------------------+---------------------+--------------+--------------------+-----------+----------------------
 00:55:48(01:00:55) |  00:00:07(00:00:09) |   0.1(  0.2) |   12:27:58 (Jul03) |   3.12 GB | PBS_Generic-Postgen HBO Optimizations
--------------------+---------------------+--------------+--------------------+-----------+----------------------
 01:32:59(01:11:30) |  00:37:11(00:10:35) |  34.4( 12.6) |   12:38:33 (Jul03) |   3.29 GB | PBS_Generic_Opt-Physical
--------------------+---------------------+--------------+--------------------+-----------+----------------------
 01:33:13(01:11:43) |  00:00:14(00:00:13) |   0.2(  0.3) |   12:38:46 (Jul03) |   3.29 GB | PBS_Generic_Opt-PAM_PAS
--------------------+---------------------+--------------+--------------------+-----------+----------------------
 01:33:52(01:12:20) |  00:00:39(00:00:37) |   0.6(  0.7) |   12:39:23 (Jul03) |   2.69 GB | PBS_TechMap-Start
--------------------+---------------------+--------------+--------------------+-----------+----------------------
 01:33:55(01:12:24) |  00:00:03(00:00:04) |   0.0(  0.1) |   12:39:27 (Jul03) |   2.69 GB | PBS_TechMap-PAM_PAS
--------------------+---------------------+--------------+--------------------+-----------+----------------------
 01:50:43(01:30:35) |  00:16:48(00:18:11) |  15.6( 21.6) |   12:57:38 (Jul03) |   2.60 GB | PBS_Techmap-Global Mapping
--------------------+---------------------+--------------+--------------------+-----------+----------------------
 01:51:50(01:31:41) |  00:01:06(00:01:06) |   1.0(  1.3) |   12:58:44 (Jul03) |   2.67 GB | PBS_TechMap-Datapath Postmap Operations
--------------------+---------------------+--------------+--------------------+-----------+----------------------
Number of threads: 8 * 2   (id: pbs_debug, time_info v1.57)
Info: (*N*) indicates data that was populated from previously saved time_info database
Info: CPU time includes time of parent + longest thread
PBS_TechMap-Postmap HBO Optimizations - Elapsed_Time 6, CPU_Time 7.303066999999828
stamp 'PBS_TechMap-Postmap HBO Optimizations' being created for table 'pbs_debug'

  Total Time (Wall) |  Stage Time (Wall)  |   % (Wall)   |    Date - Time     |  Memory   | Stage
--------------------+---------------------+--------------+--------------------+-----------+----------------------
 00:03:49(00:07:38) |  00:00:00(00:00:00) |   0.0(  0.0) |   11:34:41 (Jul03) |   2.76 GB | PBS_Generic-Start
--------------------+---------------------+--------------+--------------------+-----------+----------------------
 00:43:05(00:47:39) |  00:39:15(00:40:01) |  36.3( 47.6) |   12:14:42 (Jul03) |   5.08 GB | PBS_Generic-Post_Genopt
--------------------+---------------------+--------------+--------------------+-----------+----------------------
 00:55:41(01:00:46) |  00:12:35(00:13:07) |  11.6( 15.6) |   12:27:49 (Jul03) |   3.41 GB | PBS_Generic_Opt-Post
--------------------+---------------------+--------------+--------------------+-----------+----------------------
 00:55:48(01:00:55) |  00:00:07(00:00:09) |   0.1(  0.2) |   12:27:58 (Jul03) |   3.12 GB | PBS_Generic-Postgen HBO Optimizations
--------------------+---------------------+--------------+--------------------+-----------+----------------------
 01:32:59(01:11:30) |  00:37:11(00:10:35) |  34.4( 12.6) |   12:38:33 (Jul03) |   3.29 GB | PBS_Generic_Opt-Physical
--------------------+---------------------+--------------+--------------------+-----------+----------------------
 01:33:13(01:11:43) |  00:00:14(00:00:13) |   0.2(  0.3) |   12:38:46 (Jul03) |   3.29 GB | PBS_Generic_Opt-PAM_PAS
--------------------+---------------------+--------------+--------------------+-----------+----------------------
 01:33:52(01:12:20) |  00:00:39(00:00:37) |   0.6(  0.7) |   12:39:23 (Jul03) |   2.69 GB | PBS_TechMap-Start
--------------------+---------------------+--------------+--------------------+-----------+----------------------
 01:33:55(01:12:24) |  00:00:03(00:00:04) |   0.0(  0.1) |   12:39:27 (Jul03) |   2.69 GB | PBS_TechMap-PAM_PAS
--------------------+---------------------+--------------+--------------------+-----------+----------------------
 01:50:43(01:30:35) |  00:16:48(00:18:11) |  15.5( 21.6) |   12:57:38 (Jul03) |   2.60 GB | PBS_Techmap-Global Mapping
--------------------+---------------------+--------------+--------------------+-----------+----------------------
 01:51:50(01:31:41) |  00:01:06(00:01:06) |   1.0(  1.3) |   12:58:44 (Jul03) |   2.67 GB | PBS_TechMap-Datapath Postmap Operations
--------------------+---------------------+--------------+--------------------+-----------+----------------------
 01:51:58(01:31:47) |  00:00:07(00:00:06) |   0.1(  0.1) |   12:58:50 (Jul03) |   2.67 GB | PBS_TechMap-Postmap HBO Optimizations
--------------------+---------------------+--------------+--------------------+-----------+----------------------
Number of threads: 8 * 2   (id: pbs_debug, time_info v1.57)
Info: (*N*) indicates data that was populated from previously saved time_info database
Info: CPU time includes time of parent + longest thread
PBS_TechMap-Postmap Physical Flow - Elapsed_Time 0, CPU_Time 0.0
stamp 'PBS_TechMap-Postmap Physical Flow' being created for table 'pbs_debug'

  Total Time (Wall) |  Stage Time (Wall)  |   % (Wall)   |    Date - Time     |  Memory   | Stage
--------------------+---------------------+--------------+--------------------+-----------+----------------------
 00:03:49(00:07:38) |  00:00:00(00:00:00) |   0.0(  0.0) |   11:34:41 (Jul03) |   2.76 GB | PBS_Generic-Start
--------------------+---------------------+--------------+--------------------+-----------+----------------------
 00:43:05(00:47:39) |  00:39:15(00:40:01) |  36.3( 47.6) |   12:14:42 (Jul03) |   5.08 GB | PBS_Generic-Post_Genopt
--------------------+---------------------+--------------+--------------------+-----------+----------------------
 00:55:41(01:00:46) |  00:12:35(00:13:07) |  11.6( 15.6) |   12:27:49 (Jul03) |   3.41 GB | PBS_Generic_Opt-Post
--------------------+---------------------+--------------+--------------------+-----------+----------------------
 00:55:48(01:00:55) |  00:00:07(00:00:09) |   0.1(  0.2) |   12:27:58 (Jul03) |   3.12 GB | PBS_Generic-Postgen HBO Optimizations
--------------------+---------------------+--------------+--------------------+-----------+----------------------
 01:32:59(01:11:30) |  00:37:11(00:10:35) |  34.4( 12.6) |   12:38:33 (Jul03) |   3.29 GB | PBS_Generic_Opt-Physical
--------------------+---------------------+--------------+--------------------+-----------+----------------------
 01:33:13(01:11:43) |  00:00:14(00:00:13) |   0.2(  0.3) |   12:38:46 (Jul03) |   3.29 GB | PBS_Generic_Opt-PAM_PAS
--------------------+---------------------+--------------+--------------------+-----------+----------------------
 01:33:52(01:12:20) |  00:00:39(00:00:37) |   0.6(  0.7) |   12:39:23 (Jul03) |   2.69 GB | PBS_TechMap-Start
--------------------+---------------------+--------------+--------------------+-----------+----------------------
 01:33:55(01:12:24) |  00:00:03(00:00:04) |   0.0(  0.1) |   12:39:27 (Jul03) |   2.69 GB | PBS_TechMap-PAM_PAS
--------------------+---------------------+--------------+--------------------+-----------+----------------------
 01:50:43(01:30:35) |  00:16:48(00:18:11) |  15.5( 21.6) |   12:57:38 (Jul03) |   2.60 GB | PBS_Techmap-Global Mapping
--------------------+---------------------+--------------+--------------------+-----------+----------------------
 01:51:50(01:31:41) |  00:01:06(00:01:06) |   1.0(  1.3) |   12:58:44 (Jul03) |   2.67 GB | PBS_TechMap-Datapath Postmap Operations
--------------------+---------------------+--------------+--------------------+-----------+----------------------
 01:51:58(01:31:47) |  00:00:07(00:00:06) |   0.1(  0.1) |   12:58:50 (Jul03) |   2.67 GB | PBS_TechMap-Postmap HBO Optimizations
--------------------+---------------------+--------------+--------------------+-----------+----------------------
 01:51:58(01:31:47) |  00:00:00(00:00:00) |   0.0(  0.0) |   12:58:50 (Jul03) |   2.67 GB | PBS_TechMap-Postmap Physical Flow
--------------------+---------------------+--------------+--------------------+-----------+----------------------
Number of threads: 8 * 2   (id: pbs_debug, time_info v1.57)
Info: (*N*) indicates data that was populated from previously saved time_info database
Info: CPU time includes time of parent + longest thread
 Doing ConstProp on design:fa_top ... 

Time taken by ConstProp Step: 00:00:13
PBS_TechMap-Postmap Clock Gating - Elapsed_Time 16, CPU_Time 16.0
stamp 'PBS_TechMap-Postmap Clock Gating' being created for table 'pbs_debug'

  Total Time (Wall) |  Stage Time (Wall)  |   % (Wall)   |    Date - Time     |  Memory   | Stage
--------------------+---------------------+--------------+--------------------+-----------+----------------------
 00:03:49(00:07:38) |  00:00:00(00:00:00) |   0.0(  0.0) |   11:34:41 (Jul03) |   2.76 GB | PBS_Generic-Start
--------------------+---------------------+--------------+--------------------+-----------+----------------------
 00:43:05(00:47:39) |  00:39:15(00:40:01) |  36.2( 47.4) |   12:14:42 (Jul03) |   5.08 GB | PBS_Generic-Post_Genopt
--------------------+---------------------+--------------+--------------------+-----------+----------------------
 00:55:41(01:00:46) |  00:12:35(00:13:07) |  11.6( 15.5) |   12:27:49 (Jul03) |   3.41 GB | PBS_Generic_Opt-Post
--------------------+---------------------+--------------+--------------------+-----------+----------------------
 00:55:48(01:00:55) |  00:00:07(00:00:09) |   0.1(  0.2) |   12:27:58 (Jul03) |   3.12 GB | PBS_Generic-Postgen HBO Optimizations
--------------------+---------------------+--------------+--------------------+-----------+----------------------
 01:32:59(01:11:30) |  00:37:11(00:10:35) |  34.3( 12.5) |   12:38:33 (Jul03) |   3.29 GB | PBS_Generic_Opt-Physical
--------------------+---------------------+--------------+--------------------+-----------+----------------------
 01:33:13(01:11:43) |  00:00:14(00:00:13) |   0.2(  0.3) |   12:38:46 (Jul03) |   3.29 GB | PBS_Generic_Opt-PAM_PAS
--------------------+---------------------+--------------+--------------------+-----------+----------------------
 01:33:52(01:12:20) |  00:00:39(00:00:37) |   0.6(  0.7) |   12:39:23 (Jul03) |   2.69 GB | PBS_TechMap-Start
--------------------+---------------------+--------------+--------------------+-----------+----------------------
 01:33:55(01:12:24) |  00:00:03(00:00:04) |   0.0(  0.1) |   12:39:27 (Jul03) |   2.69 GB | PBS_TechMap-PAM_PAS
--------------------+---------------------+--------------+--------------------+-----------+----------------------
 01:50:43(01:30:35) |  00:16:48(00:18:11) |  15.5( 21.5) |   12:57:38 (Jul03) |   2.60 GB | PBS_Techmap-Global Mapping
--------------------+---------------------+--------------+--------------------+-----------+----------------------
 01:51:50(01:31:41) |  00:01:06(00:01:06) |   1.0(  1.3) |   12:58:44 (Jul03) |   2.67 GB | PBS_TechMap-Datapath Postmap Operations
--------------------+---------------------+--------------+--------------------+-----------+----------------------
 01:51:58(01:31:47) |  00:00:07(00:00:06) |   0.1(  0.1) |   12:58:50 (Jul03) |   2.67 GB | PBS_TechMap-Postmap HBO Optimizations
--------------------+---------------------+--------------+--------------------+-----------+----------------------
 01:51:58(01:31:47) |  00:00:00(00:00:00) |   0.0(  0.0) |   12:58:50 (Jul03) |   2.67 GB | PBS_TechMap-Postmap Physical Flow
--------------------+---------------------+--------------+--------------------+-----------+----------------------
 01:52:14(01:32:03) |  00:00:16(00:00:16) |   0.2(  0.3) |   12:59:06 (Jul03) |   2.56 GB | PBS_TechMap-Postmap Clock Gating
--------------------+---------------------+--------------+--------------------+-----------+----------------------
Number of threads: 8 * 2   (id: pbs_debug, time_info v1.57)
Info: (*N*) indicates data that was populated from previously saved time_info database
Info: CPU time includes time of parent + longest thread
-------------------------------------------------------------------------------
 hi_fo_buf              11093619     -123     -9877    612768        0        0
            Worst cost_group: clk, WNS: -123.0
            Path: u_core_u_update/meta_alpha_pipe_reg[1][5]/CLK -->
                    u_core_u_update/l_product_reg_reg[63]/D

           Trick     Calls     Accepts   Attempts    Time(secs) 
-----------------------------------------------------------
       hi_fo_buf         7  (        7 /        7 )  0.89

 
Incremental optimization status
===============================
                                   Group   
                                  Tot Wrst     Total - - - - DRC Totals - - - -
                           Total  Weighted      Neg      Max       Max     Max  
Operation                   Area   Slacks      Slack    Trans      Cap   Fanout 
 init_delay             11093619     -123     -9877    612768        0        0
            Worst cost_group: clk, WNS: -123.0
            Path: u_core_u_update/meta_alpha_pipe_reg[1][5]/CLK -->
                    u_core_u_update/l_product_reg_reg[63]/D
 incr_delay             11097730        0         0    612768        0        0

           Trick     Calls     Accepts   Attempts    Time(secs) 
-----------------------------------------------------------
       crit_upsz       930  (      553 /      555 )  6.91
    plc_bal_star         0  (        0 /        0 )  0.00
     drc_buftimb         0  (        0 /        0 )  0.00
          plc_st         0  (        0 /        0 )  0.00
    plc_st_fence         0  (        0 /        0 )  0.00
        plc_star         0  (        0 /        0 )  0.00
      plc_laf_st         0  (        0 /        0 )  0.00
 plc_laf_st_fence         0  (        0 /        0 )  0.00
     drc_buftims         0  (        0 /        0 )  0.00
            fopt         0  (        0 /        0 )  0.00
   plc_laf_lo_st         0  (        0 /        0 )  0.00
       plc_lo_st         0  (        0 /        0 )  0.00
        mb_split         0  (        0 /        0 )  0.00

 
Local TNS optimization status
=============================
                                   Group   
                                  Tot Wrst     Total - - - - DRC Totals - - - -
                           Total  Weighted      Neg      Max       Max     Max  
Operation                   Area   Slacks      Slack    Trans      Cap   Fanout 
 init_tns               11097730        0         0    612768        0        0

           Trick     Calls     Accepts   Attempts    Time(secs) 
-----------------------------------------------------------
    plc_bal_star         0  (        0 /        0 )  0.00
     drc_buftimb         0  (        0 /        0 )  0.00
     drc_buftims         0  (        0 /        0 )  0.00
       crit_upsz         0  (        0 /        0 )  0.00
   plc_laf_lo_st         0  (        0 /        0 )  0.00
       plc_lo_st         0  (        0 /        0 )  0.00
            fopt         0  (        0 /        0 )  0.00
       crit_dnsz         0  (        0 /        0 )  0.00
             dup         0  (        0 /        0 )  0.00
        setup_dn         0  (        0 /        0 )  0.00
        mb_split         0  (        0 /        0 )  0.00

PBS_TechMap-Postmap Cleanup - Elapsed_Time 16, CPU_Time 18.073443000001134
stamp 'PBS_TechMap-Postmap Cleanup' being created for table 'pbs_debug'

  Total Time (Wall) |  Stage Time (Wall)  |   % (Wall)   |    Date - Time     |  Memory   | Stage
--------------------+---------------------+--------------+--------------------+-----------+----------------------
 00:03:49(00:07:38) |  00:00:00(00:00:00) |   0.0(  0.0) |   11:34:41 (Jul03) |   2.76 GB | PBS_Generic-Start
--------------------+---------------------+--------------+--------------------+-----------+----------------------
 00:43:05(00:47:39) |  00:39:15(00:40:01) |  36.1( 47.3) |   12:14:42 (Jul03) |   5.08 GB | PBS_Generic-Post_Genopt
--------------------+---------------------+--------------+--------------------+-----------+----------------------
 00:55:41(01:00:46) |  00:12:35(00:13:07) |  11.6( 15.5) |   12:27:49 (Jul03) |   3.41 GB | PBS_Generic_Opt-Post
--------------------+---------------------+--------------+--------------------+-----------+----------------------
 00:55:48(01:00:55) |  00:00:07(00:00:09) |   0.1(  0.2) |   12:27:58 (Jul03) |   3.12 GB | PBS_Generic-Postgen HBO Optimizations
--------------------+---------------------+--------------+--------------------+-----------+----------------------
 01:32:59(01:11:30) |  00:37:11(00:10:35) |  34.2( 12.5) |   12:38:33 (Jul03) |   3.29 GB | PBS_Generic_Opt-Physical
--------------------+---------------------+--------------+--------------------+-----------+----------------------
 01:33:13(01:11:43) |  00:00:14(00:00:13) |   0.2(  0.3) |   12:38:46 (Jul03) |   3.29 GB | PBS_Generic_Opt-PAM_PAS
--------------------+---------------------+--------------+--------------------+-----------+----------------------
 01:33:52(01:12:20) |  00:00:39(00:00:37) |   0.6(  0.7) |   12:39:23 (Jul03) |   2.69 GB | PBS_TechMap-Start
--------------------+---------------------+--------------+--------------------+-----------+----------------------
 01:33:55(01:12:24) |  00:00:03(00:00:04) |   0.0(  0.1) |   12:39:27 (Jul03) |   2.69 GB | PBS_TechMap-PAM_PAS
--------------------+---------------------+--------------+--------------------+-----------+----------------------
 01:50:43(01:30:35) |  00:16:48(00:18:11) |  15.5( 21.5) |   12:57:38 (Jul03) |   2.60 GB | PBS_Techmap-Global Mapping
--------------------+---------------------+--------------+--------------------+-----------+----------------------
 01:51:50(01:31:41) |  00:01:06(00:01:06) |   1.0(  1.3) |   12:58:44 (Jul03) |   2.67 GB | PBS_TechMap-Datapath Postmap Operations
--------------------+---------------------+--------------+--------------------+-----------+----------------------
 01:51:58(01:31:47) |  00:00:07(00:00:06) |   0.1(  0.1) |   12:58:50 (Jul03) |   2.67 GB | PBS_TechMap-Postmap HBO Optimizations
--------------------+---------------------+--------------+--------------------+-----------+----------------------
 01:51:58(01:31:47) |  00:00:00(00:00:00) |   0.0(  0.0) |   12:58:50 (Jul03) |   2.67 GB | PBS_TechMap-Postmap Physical Flow
--------------------+---------------------+--------------+--------------------+-----------+----------------------
 01:52:14(01:32:03) |  00:00:16(00:00:16) |   0.2(  0.3) |   12:59:06 (Jul03) |   2.56 GB | PBS_TechMap-Postmap Clock Gating
--------------------+---------------------+--------------+--------------------+-----------+----------------------
 01:52:32(01:32:19) |  00:00:18(00:00:16) |   0.3(  0.3) |   12:59:22 (Jul03) |   2.57 GB | PBS_TechMap-Postmap Cleanup
--------------------+---------------------+--------------+--------------------+-----------+----------------------
Number of threads: 8 * 2   (id: pbs_debug, time_info v1.57)
Info: (*N*) indicates data that was populated from previously saved time_info database
Info: CPU time includes time of parent + longest thread
PBS_Techmap-Post_MBCI - Elapsed_Time 1, CPU_Time 1.0
stamp 'PBS_Techmap-Post_MBCI' being created for table 'pbs_debug'

  Total Time (Wall) |  Stage Time (Wall)  |   % (Wall)   |    Date - Time     |  Memory   | Stage
--------------------+---------------------+--------------+--------------------+-----------+----------------------
 00:03:49(00:07:38) |  00:00:00(00:00:00) |   0.0(  0.0) |   11:34:41 (Jul03) |   2.76 GB | PBS_Generic-Start
--------------------+---------------------+--------------+--------------------+-----------+----------------------
 00:43:05(00:47:39) |  00:39:15(00:40:01) |  36.1( 47.2) |   12:14:42 (Jul03) |   5.08 GB | PBS_Generic-Post_Genopt
--------------------+---------------------+--------------+--------------------+-----------+----------------------
 00:55:41(01:00:46) |  00:12:35(00:13:07) |  11.6( 15.5) |   12:27:49 (Jul03) |   3.41 GB | PBS_Generic_Opt-Post
--------------------+---------------------+--------------+--------------------+-----------+----------------------
 00:55:48(01:00:55) |  00:00:07(00:00:09) |   0.1(  0.2) |   12:27:58 (Jul03) |   3.12 GB | PBS_Generic-Postgen HBO Optimizations
--------------------+---------------------+--------------+--------------------+-----------+----------------------
 01:32:59(01:11:30) |  00:37:11(00:10:35) |  34.2( 12.5) |   12:38:33 (Jul03) |   3.29 GB | PBS_Generic_Opt-Physical
--------------------+---------------------+--------------+--------------------+-----------+----------------------
 01:33:13(01:11:43) |  00:00:14(00:00:13) |   0.2(  0.3) |   12:38:46 (Jul03) |   3.29 GB | PBS_Generic_Opt-PAM_PAS
--------------------+---------------------+--------------+--------------------+-----------+----------------------
 01:33:52(01:12:20) |  00:00:39(00:00:37) |   0.6(  0.7) |   12:39:23 (Jul03) |   2.69 GB | PBS_TechMap-Start
--------------------+---------------------+--------------+--------------------+-----------+----------------------
 01:33:55(01:12:24) |  00:00:03(00:00:04) |   0.0(  0.1) |   12:39:27 (Jul03) |   2.69 GB | PBS_TechMap-PAM_PAS
--------------------+---------------------+--------------+--------------------+-----------+----------------------
 01:50:43(01:30:35) |  00:16:48(00:18:11) |  15.5( 21.5) |   12:57:38 (Jul03) |   2.60 GB | PBS_Techmap-Global Mapping
--------------------+---------------------+--------------+--------------------+-----------+----------------------
 01:51:50(01:31:41) |  00:01:06(00:01:06) |   1.0(  1.3) |   12:58:44 (Jul03) |   2.67 GB | PBS_TechMap-Datapath Postmap Operations
--------------------+---------------------+--------------+--------------------+-----------+----------------------
 01:51:58(01:31:47) |  00:00:07(00:00:06) |   0.1(  0.1) |   12:58:50 (Jul03) |   2.67 GB | PBS_TechMap-Postmap HBO Optimizations
--------------------+---------------------+--------------+--------------------+-----------+----------------------
 01:51:58(01:31:47) |  00:00:00(00:00:00) |   0.0(  0.0) |   12:58:50 (Jul03) |   2.67 GB | PBS_TechMap-Postmap Physical Flow
--------------------+---------------------+--------------+--------------------+-----------+----------------------
 01:52:14(01:32:03) |  00:00:16(00:00:16) |   0.2(  0.3) |   12:59:06 (Jul03) |   2.56 GB | PBS_TechMap-Postmap Clock Gating
--------------------+---------------------+--------------+--------------------+-----------+----------------------
 01:52:32(01:32:19) |  00:00:18(00:00:16) |   0.3(  0.3) |   12:59:22 (Jul03) |   2.57 GB | PBS_TechMap-Postmap Cleanup
--------------------+---------------------+--------------+--------------------+-----------+----------------------
 01:52:33(01:32:20) |  00:00:01(00:00:01) |   0.0(  0.0) |   12:59:23 (Jul03) |   2.57 GB | PBS_Techmap-Post_MBCI
--------------------+---------------------+--------------+--------------------+-----------+----------------------
Number of threads: 8 * 2   (id: pbs_debug, time_info v1.57)
Info: (*N*) indicates data that was populated from previously saved time_info database
Info: CPU time includes time of parent + longest thread
##>================== Cadence Confidential (Mapping-Physical) ===================
##>Main Thread Summary:
##>----------------------------------------------------------------------------------------
##>STEP                           Elapsed       WNS       TNS     Insts      Area    Memory
##>----------------------------------------------------------------------------------------
##>M:Initial                            4         -         -    224164  11525323      2694
##>M:Early Clock Gating                 0         -         -         -         -         -
##>M:Physical Opt                       4         -         -    224164  11525323      2694
##>M:Pre Cleanup                        3         -         -    224164  11525323      2540
##>M:Setup                              0         -         -         -         -         -
##>M:Launch ST                          0         -         -         -         -         -
##>M:Design Partition                   0         -         -         -         -         -
##>M:Create Partition Netlists          0         -         -         -         -         -
##>M:Init Power                         0         -         -         -         -         -
##>M:Budgeting                          0         -         -         -         -         -
##>M:Derenv-DB                          0         -         -         -         -         -
##>M:Debug Outputs                      0         -         -         -         -         -
##>M:ST loading                         0         -         -         -         -         -
##>M:Distributed                        0         -         -         -         -         -
##>M:Timer                              0         -         -         -         -         -
##>M:Assembly                           0         -         -         -         -         -
##>M:DFT                                0         -         -         -         -         -
##>M:DP Operations                     66         -         -    164868  10126273      2671
##>M:Const Prop                         0      -123      9938    164868  10126273      2671
##>M:Cleanup                           16         6         0    165042  10131439      2569
##>M:MBCI                               1         -         -    165042  10131439      2569
##>M:PostGen Opt                        0         -         -         -         -         -
##>M:Const Gate Removal                 0         -         -         -         -         -
##>M:Early Clock Gating Cleanup         0         -         -         -         -         -
##>M:Misc                            1109
##>----------------------------------------------------------------------------------------
##>Total Elapsed                     1203
##>========================================================================================
Info    : Done mapping. [SYNTH-5]
        : Done mapping 'fa_top'.
Info : Deleting 2-D Early Global router data...
Info : 2-D Early Global router data deletion complete.
Info : Initializing 2-D Early Global router engine...
Info : Installing 2-D Early Global router...
Info : Early Global router engine is using 8 threads.
Info : 2-D Early Global router initialization complete.
Info : 2-D Early Global router installation complete.
      flow.cputime  flow.realtime  timing.setup.tns  timing.setup.wns  snapshot
UM:*                                                                   syn_map_physical
Synthesis config is 'syn_opt_ispatial_standard'
Info    : Limited access feature. [LIC-1]
        : Limited access feature 'ispatial_single_corner' request.
        : Final production licensing of this limited access feature has not been determined and is subject to change. Usage and support of this limited access feature are subject to prior agreement with Cadence. In addition, Cadence assumes you understand the feature limitations and expected results. Contact your Cadence representative if you have any questions.
  Setting attribute of root '/': 'opt_spatial_power_driven' = false
Warning : There are settings for use of this physical process that should be reviewed as they are likely inappropriate. [PHYS-1019] [syn_opt -spatial]
        : Please update to use 'group_path' which is directly compatible with Innovus instead of 'path_group'.
        : Review associated messages in log file.
Warning : There are settings for use of this physical process that should be reviewed as they are likely inappropriate. [PHYS-1019] [syn_opt -spatial]
        : Please use 'set_path_group_options -effort_level high' to select high effort groups.
(ispatial): Updating setting for 'time_recovery_arcs' to match physical environment.
(syn_opt_placed): Activating iSpatial - opt_spatial_effort standard
  Setting attribute of design 'fa_top': 'syn_opt_lp_num_asserted_pins_before_placement' = 0
Percentage of placed cells (10.85%) is less than the required threshold (75.00%).
Running delete_buffer_tree pre iSpatial.
Warning : Non-monotonic wireload model found. [LBR-81]
        : 'Length' table in wireload model 'Huge' is non-monotonic.
Warning : Non-monotonic wireload model found. [LBR-81]
        : 'Length' table in wireload model 'Huge' is non-monotonic.
Warning : Non-monotonic wireload model found. [LBR-81]
        : 'Length' table in wireload model 'Huge' is non-monotonic.
Warning : Non-monotonic wireload model found. [LBR-81]
        : 'Length' table in wireload model 'Large' is non-monotonic.
Warning : Non-monotonic wireload model found. [LBR-81]
        : 'Length' table in wireload model 'Large' is non-monotonic.
Warning : Non-monotonic wireload model found. [LBR-81]
        : 'Length' table in wireload model 'Large' is non-monotonic.
Warning : Non-monotonic wireload model found. [LBR-81]
        : 'Length' table in wireload model 'Medium' is non-monotonic.
Warning : Non-monotonic wireload model found. [LBR-81]
        : 'Length' table in wireload model 'Medium' is non-monotonic.
Warning : Non-monotonic wireload model found. [LBR-81]
        : 'Length' table in wireload model 'Medium' is non-monotonic.
Warning : Non-monotonic wireload model found. [LBR-81]
        : 'Length' table in wireload model 'Small' is non-monotonic.
Warning : Non-monotonic wireload model found. [LBR-81]
        : 'Length' table in wireload model 'Small' is non-monotonic.
Warning : Non-monotonic wireload model found. [LBR-81]
        : 'Length' table in wireload model 'Small' is non-monotonic.
  Total number of drivers for buffer tree removal: 186788
  Total number of buffer/inverter removed: 3305
Starting QoS prediction for fa_top...
Warning : Recommended data is not found. [PHYS-61]
        : No capacitance table found.
  Setting attribute of root '/': 'invs_temp_dir' = ./genus2invs__2656251_e6bfadfa-0138-4e05-a668-8ad36fa2dd9afa_top
%# Begin stylus_db::write (07/03 13:00:08, mem=4075.95M)
(stylus_db): Argument checking
Warning : Saving 'Common-DB' of a design using non-MMMC timing configuration. [DATABASE-140]
        : Timing will likely be upgraded to use MMMC on read.
(stylus_db): Directory creation under './genus2invs__2656251_e6bfadfa-0138-4e05-a668-8ad36fa2dd9afa_top/genus2invs_db'
(stylus_db): Saving Verilog
(stylus_db): Saving SCANDEF
(stylus_db): No scan definition is present.
(stylus_db): Saving Latency
(stylus_db): Saving Derates
Writing compressed SDC constraint file ./genus2invs__2656251_e6bfadfa-0138-4e05-a668-8ad36fa2dd9afa_top/genus2invs_db/cmn/fa_top.mmmc/views/default_emulate_view/latency.sdc.gz
(stylus_db): Saving MMMC/SDC
**INFO: (stylus_db): Any loop-breaker instances will be included in SDC constraints.
File ./genus2invs__2656251_e6bfadfa-0138-4e05-a668-8ad36fa2dd9afa_top/genus2invs_db/cmn/fa_top.mmmc/fa_top.mmmc.tcl has been written.
Writing compressed SDC constraint file ./genus2invs__2656251_e6bfadfa-0138-4e05-a668-8ad36fa2dd9afa_top/genus2invs_db/cmn/fa_top.mmmc/modes/default_emulate_constraint_mode/default_emulate_constraint_mode.sdc.gz
Finished SDC export (command execution time mm:ss (real) = 00:04).
Info: file ./genus2invs__2656251_e6bfadfa-0138-4e05-a668-8ad36fa2dd9afa_top/genus2invs_db/cmn/fa_top.mmmc/modes/default_emulate_constraint_mode/default_emulate_constraint_mode.sdc.gz has been written
Info: file ./genus2invs__2656251_e6bfadfa-0138-4e05-a668-8ad36fa2dd9afa_top/genus2invs_db/cmn/fa_top.mmmc/modes/default_emulate_constraint_mode/default_emulate_constraint_mode.sdc.gz has been written
(stylus_db): Saving Path-Adjusts
(stylus_db): Saving User-Attribute Settings
Writing compressed SDC constraint file ./genus2invs__2656251_e6bfadfa-0138-4e05-a668-8ad36fa2dd9afa_top/genus2invs_db/cmn/fa_top.mmmc/pathadjust.sdc.gz
Finished SDC export (command execution time mm:ss (real) = 00:00).
(stylus_db): Saving Root Attribute Settings
(stylus_db): Saving Design and Library Attribute Settings
Finished SDC export (command execution time mm:ss (real) = 00:00).
(stylus_db): Saving Innovus Compatible Modes and Global Settings

(stylus_db): Writing instance attributes to SQL DB
(stylus_db): Saving NanoRoute Layer Assignments

Number of user defined NDR nets found: 0

Number of NDR nets found: 0
Number of nets with minimum layer assignments: 0

(stylus_db): Saving Flowkit Settings
(stylus_db): Saving Synthesis .g
(stylus_db): Saving Synthesis .g
(stylus_db): Saving Genus nonMMMC information
Writing GENUS setup file... Library
(stylus_db): Saving DEF
(stylus_db): Waiting for all child processes to complete
Writing compressed DEF file ./genus2invs__2656251_e6bfadfa-0138-4e05-a668-8ad36fa2dd9afa_top/genus2invs_db/cmn/fa_top.def.gz
Finished DEF export (command execution time mm:ss (real) = 00:07).
(stylus_db): Completing mmmc file
(stylus_db): Saving Native DB
Finished exporting design database to file '/home/hujinzhao/pro/genus_bs1/genus2invs__2656251_e6bfadfa-0138-4e05-a668-8ad36fa2dd9afa_top/genus2invs_db/syn/fa_top.db' for 'fa_top' (command execution time mm:ss cpu = 00:13, real = 00:14).
(stylus_db): Saving Unified Metrics
%# End stylus_db::write (07/03 13:01:50, total cpu=16:01:33, real=16:01:42, peak res=11265.40M, current mem=4115.97M)
Warning : Path-groups have been reset before iSpatial. [PHYS-1025] [syn_opt -spatial]
        : Recreation of path-groups is left to the user after iSpatial for reporting.
Info    : Beta feature. [LIC-2]
        : Beta feature 'do_not_encrypt_genus2invs.ispatial_setup.tcl' request.


Memory usage before design removal: 4115.97
Removing design...
Info : Deleting 2-D Early Global router data...
Info : 2-D Early Global router data deletion complete.
Removing library...
Memory usage after design removal: 3177.91


%# Begin launch_innovus (07/03 13:01:59, mem=3177.91M)
Info    : Beta feature. [LIC-2]
        : Beta feature 'do_not_encrypt_genus2invs.top.tcl' request.
Launching batch session (07/03/2026 13:01:59)...

Cadence Innovus(TM) Implementation System.
Copyright 2025 Cadence Design Systems, Inc. All rights reserved worldwide.

Version:	v25.12-s079_1, built Tue Nov 18 12:56:37 PST 2025
Options:	-init /home/hujinzhao/pro/genus_bs1/genus2invs__2656251_e6bfadfa-0138-4e05-a668-8ad36fa2dd9afa_top/genus2invs.top.tcl -nowin -log ./genus2invs__2656251_e6bfadfa-0138-4e05-a668-8ad36fa2dd9afa_top/innovus.log -cmd ./genus2invs__2656251_e6bfadfa-0138-4e05-a668-8ad36fa2dd9afa_top/innovus.cmd -overwrite -execute set_db source_verbose false -stylus -x 0001A72991... 
Date:		Fri Jul  3 13:02:00 2026
Host:		sh02lo01 (x86_64 w/Linux 4.18.0-477.10.1.el8_8.x86_64) (18cores*36cpus*Intel(R) Xeon(R) Gold 6140 CPU @ 2.30GHz 25344KB)
OS:		Red Hat Enterprise Linux 8.8 (Ootpa)

License:
		[13:02:00.060209] Configured Lic search path (25.01-s002): 5280@sh02lo01

		Running innovus (-x) with FE_GPS capability.
		Extra license Encounter_NG100
		Extra license Genus_Synthesis
		Extra license Genus_Physical_Opt
		Extra license Innovus_2nm_GAA_Opt
		8 CPU jobs allowed with the current license(s). Use set_multi_cpu_usage to set your required CPU count.


Create and set the environment variable TMPDIR to /tmp/genus_temp_2656251_e6bfadfa-0138-4e05-a668-8ad36fa2dd9a_sh02lo01_hujinzhao_uHa4UT/innovus_temp_3385776_64198410-ad36-4e87-9def-ed2a11695434_sh02lo01_hujinzhao_1cFPPR.

The soft stacksize limit is either up to the hard limit or larger than 0.2% of RAM. No change is needed.
Info: Process UID = 3385776 / 64198410-ad36-4e87-9def-ed2a11695434 / PFXoZKSLeJ

**INFO:  MMMC transition support version v31-84 

#@ Processing -execute option
@innovus 1> set_db source_verbose false
#@ Processing -files option
@innovus 2> source /home/hujinzhao/pro/genus_bs1/genus2invs__2656251_e6bfadfa-0138-4e05-a668-8ad36fa2dd9afa_top/genus2invs.top.tcl
Checking Innovus major version against Genus expectations ...
%# Design Import Start (07/03 13:02:29, mem=1932.33M)
(stylus_db): ::init_mmmc_version set to version 2 from SQL db.
(stylus_db): Load Metric file ...
#% Begin Load Metric file (date=07/03 13:02:29, mem=1936.2M)
#% End Load Metric file (date=07/03 13:02:29, total cpu=0:00:00.0, real=0:00:00.0, peak res=1940.7M, current mem=1938.8M)
#% Begin Load Common DB (date=07/03 13:02:29, mem=1938.8M)
(stylus_db): Begin loading Common DB 'genus2invs_db' (Created by Genus(TM) Synthesis Solution 25.12-s067_1) ...
(stylus_db): Initialized SQLite db version 0.2 ..
(stylus_db): Sourcing .globals file  ...
(stylus_db): setting init_mmmc_version to 2
(stylus_db): Setting Library Root attributes ...
(stylus_db): Set 7 timing library and user attributes of Root 
(stylus_db): Load Flow-Kit settings ...
% Begin Load Flow-Kit settings (date=07/03 13:02:30, mem=1941.4M)
% End Load Flow-Kit settings (date=07/03 13:02:30, total cpu=0:00:00.1, real=0:00:00.0, peak res=1941.4M, current mem=1941.4M)
% Begin Load MMMC data (date=07/03 13:02:30, mem=1941.4M)
(stylus_db): Reading MMMC file ...
Starting library reading in 'Multi-threaded flow' (with '8' threads)
Reading default_emulate_libset_max timing library /home/share/pdk/ciel/sky130/versions/e8294524e5f67c533c5d0c3afa0bcc5b2a5fa066/sky130A/libs.ref/sky130_fd_sc_hs/lib/sky130_fd_sc_hs__tt_025C_1v80.lib.
**ERROR: (TECHLIB-1175):	Template name 'ccsn_dc' used in group 'dc_current' on line 11380 is not defined in the library. To fix this issue, define the missing template in the library. (File /home/share/pdk/ciel/sky130/versions/e8294524e5f67c533c5d0c3afa0bcc5b2a5fa066/sky130A/libs.ref/sky130_fd_sc_hs/lib/sky130_fd_sc_hs__tt_025C_1v80.lib)
**ERROR: (TECHLIB-1256):	The dc_current group 'ccsn_dc' is being ignored due to errors in this group. This group will be excluded for any further library checks. Refer to the previous messages issued for dc_current group 'ccsn_dc' to find the details of the issues in this group. (File /home/share/pdk/ciel/sky130/versions/e8294524e5f67c533c5d0c3afa0bcc5b2a5fa066/sky130A/libs.ref/sky130_fd_sc_hs/lib/sky130_fd_sc_hs__tt_025C_1v80.lib, Line 11380)
**ERROR: (TECHLIB-1175):	Template name 'ccsn_ovrf' used in group 'vector' on line 11432 is not defined in the library. To fix this issue, define the missing template in the library. (File /home/share/pdk/ciel/sky130/versions/e8294524e5f67c533c5d0c3afa0bcc5b2a5fa066/sky130A/libs.ref/sky130_fd_sc_hs/lib/sky130_fd_sc_hs__tt_025C_1v80.lib)
**ERROR: (TECHLIB-1256):	The vector group 'ccsn_ovrf' is being ignored due to errors in this group. This group will be excluded for any further library checks. Refer to the previous messages issued for vector group 'ccsn_ovrf' to find the details of the issues in this group. (File /home/share/pdk/ciel/sky130/versions/e8294524e5f67c533c5d0c3afa0bcc5b2a5fa066/sky130A/libs.ref/sky130_fd_sc_hs/lib/sky130_fd_sc_hs__tt_025C_1v80.lib, Line 11432)
**ERROR: (TECHLIB-1175):	Template name 'ccsn_ovrf' used in group 'vector' on line 11438 is not defined in the library. To fix this issue, define the missing template in the library. (File /home/share/pdk/ciel/sky130/versions/e8294524e5f67c533c5d0c3afa0bcc5b2a5fa066/sky130A/libs.ref/sky130_fd_sc_hs/lib/sky130_fd_sc_hs__tt_025C_1v80.lib)
**ERROR: (TECHLIB-1256):	The vector group 'ccsn_ovrf' is being ignored due to errors in this group. This group will be excluded for any further library checks. Refer to the previous messages issued for vector group 'ccsn_ovrf' to find the details of the issues in this group. (File /home/share/pdk/ciel/sky130/versions/e8294524e5f67c533c5d0c3afa0bcc5b2a5fa066/sky130A/libs.ref/sky130_fd_sc_hs/lib/sky130_fd_sc_hs__tt_025C_1v80.lib, Line 11438)
**ERROR: (TECHLIB-1175):	Template name 'ccsn_ovrf' used in group 'vector' on line 11418 is not defined in the library. To fix this issue, define the missing template in the library. (File /home/share/pdk/ciel/sky130/versions/e8294524e5f67c533c5d0c3afa0bcc5b2a5fa066/sky130A/libs.ref/sky130_fd_sc_hs/lib/sky130_fd_sc_hs__tt_025C_1v80.lib)
**ERROR: (TECHLIB-1256):	The vector group 'ccsn_ovrf' is being ignored due to errors in this group. This group will be excluded for any further library checks. Refer to the previous messages issued for vector group 'ccsn_ovrf' to find the details of the issues in this group. (File /home/share/pdk/ciel/sky130/versions/e8294524e5f67c533c5d0c3afa0bcc5b2a5fa066/sky130A/libs.ref/sky130_fd_sc_hs/lib/sky130_fd_sc_hs__tt_025C_1v80.lib, Line 11418)
**ERROR: (TECHLIB-1175):	Template name 'ccsn_ovrf' used in group 'vector' on line 11424 is not defined in the library. To fix this issue, define the missing template in the library. (File /home/share/pdk/ciel/sky130/versions/e8294524e5f67c533c5d0c3afa0bcc5b2a5fa066/sky130A/libs.ref/sky130_fd_sc_hs/lib/sky130_fd_sc_hs__tt_025C_1v80.lib)
**ERROR: (TECHLIB-1256):	The vector group 'ccsn_ovrf' is being ignored due to errors in this group. This group will be excluded for any further library checks. Refer to the previous messages issued for vector group 'ccsn_ovrf' to find the details of the issues in this group. (File /home/share/pdk/ciel/sky130/versions/e8294524e5f67c533c5d0c3afa0bcc5b2a5fa066/sky130A/libs.ref/sky130_fd_sc_hs/lib/sky130_fd_sc_hs__tt_025C_1v80.lib, Line 11424)
**ERROR: (TECHLIB-1175):	Template name 'ccsn_pnlh' used in group 'vector' on line 11497 is not defined in the library. To fix this issue, define the missing template in the library. (File /home/share/pdk/ciel/sky130/versions/e8294524e5f67c533c5d0c3afa0bcc5b2a5fa066/sky130A/libs.ref/sky130_fd_sc_hs/lib/sky130_fd_sc_hs__tt_025C_1v80.lib)
**ERROR: (TECHLIB-1256):	The vector group 'ccsn_pnlh' is being ignored due to errors in this group. This group will be excluded for any further library checks. Refer to the previous messages issued for vector group 'ccsn_pnlh' to find the details of the issues in this group. (File /home/share/pdk/ciel/sky130/versions/e8294524e5f67c533c5d0c3afa0bcc5b2a5fa066/sky130A/libs.ref/sky130_fd_sc_hs/lib/sky130_fd_sc_hs__tt_025C_1v80.lib, Line 11497)
**ERROR: (TECHLIB-1175):	Template name 'ccsn_pnlh' used in group 'vector' on line 11504 is not defined in the library. To fix this issue, define the missing template in the library. (File /home/share/pdk/ciel/sky130/versions/e8294524e5f67c533c5d0c3afa0bcc5b2a5fa066/sky130A/libs.ref/sky130_fd_sc_hs/lib/sky130_fd_sc_hs__tt_025C_1v80.lib)
**ERROR: (TECHLIB-1256):	The vector group 'ccsn_pnlh' is being ignored due to errors in this group. This group will be excluded for any further library checks. Refer to the previous messages issued for vector group 'ccsn_pnlh' to find the details of the issues in this group. (File /home/share/pdk/ciel/sky130/versions/e8294524e5f67c533c5d0c3afa0bcc5b2a5fa066/sky130A/libs.ref/sky130_fd_sc_hs/lib/sky130_fd_sc_hs__tt_025C_1v80.lib, Line 11504)
**ERROR: (TECHLIB-1175):	Template name 'ccsn_pnlh' used in group 'vector' on line 11511 is not defined in the library. To fix this issue, define the missing template in the library. (File /home/share/pdk/ciel/sky130/versions/e8294524e5f67c533c5d0c3afa0bcc5b2a5fa066/sky130A/libs.ref/sky130_fd_sc_hs/lib/sky130_fd_sc_hs__tt_025C_1v80.lib)
**ERROR: (TECHLIB-1256):	The vector group 'ccsn_pnlh' is being ignored due to errors in this group. This group will be excluded for any further library checks. Refer to the previous messages issued for vector group 'ccsn_pnlh' to find the details of the issues in this group. (File /home/share/pdk/ciel/sky130/versions/e8294524e5f67c533c5d0c3afa0bcc5b2a5fa066/sky130A/libs.ref/sky130_fd_sc_hs/lib/sky130_fd_sc_hs__tt_025C_1v80.lib, Line 11511)
**ERROR: (TECHLIB-1175):	Template name 'ccsn_pnlh' used in group 'vector' on line 11518 is not defined in the library. To fix this issue, define the missing template in the library. (File /home/share/pdk/ciel/sky130/versions/e8294524e5f67c533c5d0c3afa0bcc5b2a5fa066/sky130A/libs.ref/sky130_fd_sc_hs/lib/sky130_fd_sc_hs__tt_025C_1v80.lib)
**ERROR: (TECHLIB-1256):	The vector group 'ccsn_pnlh' is being ignored due to errors in this group. This group will be excluded for any further library checks. Refer to the previous messages issued for vector group 'ccsn_pnlh' to find the details of the issues in this group. (File /home/share/pdk/ciel/sky130/versions/e8294524e5f67c533c5d0c3afa0bcc5b2a5fa066/sky130A/libs.ref/sky130_fd_sc_hs/lib/sky130_fd_sc_hs__tt_025C_1v80.lib, Line 11518)
**ERROR: (TECHLIB-1175):	Template name 'ccsn_pnlh' used in group 'vector' on line 11525 is not defined in the library. To fix this issue, define the missing template in the library. (File /home/share/pdk/ciel/sky130/versions/e8294524e5f67c533c5d0c3afa0bcc5b2a5fa066/sky130A/libs.ref/sky130_fd_sc_hs/lib/sky130_fd_sc_hs__tt_025C_1v80.lib)
**ERROR: (TECHLIB-1256):	The vector group 'ccsn_pnlh' is being ignored due to errors in this group. This group will be excluded for any further library checks. Refer to the previous messages issued for vector group 'ccsn_pnlh' to find the details of the issues in this group. (File /home/share/pdk/ciel/sky130/versions/e8294524e5f67c533c5d0c3afa0bcc5b2a5fa066/sky130A/libs.ref/sky130_fd_sc_hs/lib/sky130_fd_sc_hs__tt_025C_1v80.lib, Line 11525)
**ERROR: (TECHLIB-1175):	Template name 'ccsn_pnlh' used in group 'vector' on line 11532 is not defined in the library. To fix this issue, define the missing template in the library. (File /home/share/pdk/ciel/sky130/versions/e8294524e5f67c533c5d0c3afa0bcc5b2a5fa066/sky130A/libs.ref/sky130_fd_sc_hs/lib/sky130_fd_sc_hs__tt_025C_1v80.lib)
**ERROR: (TECHLIB-1256):	The vector group 'ccsn_pnlh' is being ignored due to errors in this group. This group will be excluded for any further library checks. Refer to the previous messages issued for vector group 'ccsn_pnlh' to find the details of the issues in this group. (File /home/share/pdk/ciel/sky130/versions/e8294524e5f67c533c5d0c3afa0bcc5b2a5fa066/sky130A/libs.ref/sky130_fd_sc_hs/lib/sky130_fd_sc_hs__tt_025C_1v80.lib, Line 11532)
**ERROR: (TECHLIB-1175):	Template name 'ccsn_pnlh' used in group 'vector' on line 11539 is not defined in the library. To fix this issue, define the missing template in the library. (File /home/share/pdk/ciel/sky130/versions/e8294524e5f67c533c5d0c3afa0bcc5b2a5fa066/sky130A/libs.ref/sky130_fd_sc_hs/lib/sky130_fd_sc_hs__tt_025C_1v80.lib)
**ERROR: (TECHLIB-1256):	The vector group 'ccsn_pnlh' is being ignored due to errors in this group. This group will be excluded for any further library checks. Refer to the previous messages issued for vector group 'ccsn_pnlh' to find the details of the issues in this group. (File /home/share/pdk/ciel/sky130/versions/e8294524e5f67c533c5d0c3afa0bcc5b2a5fa066/sky130A/libs.ref/sky130_fd_sc_hs/lib/sky130_fd_sc_hs__tt_025C_1v80.lib, Line 11539)
**ERROR: (TECHLIB-1175):	Template name 'ccsn_pnlh' used in group 'vector' on line 11446 is not defined in the library. To fix this issue, define the missing template in the library. (File /home/share/pdk/ciel/sky130/versions/e8294524e5f67c533c5d0c3afa0bcc5b2a5fa066/sky130A/libs.ref/sky130_fd_sc_hs/lib/sky130_fd_sc_hs__tt_025C_1v80.lib)
**ERROR: (TECHLIB-1256):	The vector group 'ccsn_pnlh' is being ignored due to errors in this group. This group will be excluded for any further library checks. Refer to the previous messages issued for vector group 'ccsn_pnlh' to find the details of the issues in this group. (File /home/share/pdk/ciel/sky130/versions/e8294524e5f67c533c5d0c3afa0bcc5b2a5fa066/sky130A/libs.ref/sky130_fd_sc_hs/lib/sky130_fd_sc_hs__tt_025C_1v80.lib, Line 11446)
**ERROR: (TECHLIB-1175):	Template name 'ccsn_pnlh' used in group 'vector' on line 11453 is not defined in the library. To fix this issue, define the missing template in the library. (File /home/share/pdk/ciel/sky130/versions/e8294524e5f67c533c5d0c3afa0bcc5b2a5fa066/sky130A/libs.ref/sky130_fd_sc_hs/lib/sky130_fd_sc_hs__tt_025C_1v80.lib)
**ERROR: (TECHLIB-1256):	The vector group 'ccsn_pnlh' is being ignored due to errors in this group. This group will be excluded for any further library checks. Refer to the previous messages issued for vector group 'ccsn_pnlh' to find the details of the issues in this group. (File /home/share/pdk/ciel/sky130/versions/e8294524e5f67c533c5d0c3afa0bcc5b2a5fa066/sky130A/libs.ref/sky130_fd_sc_hs/lib/sky130_fd_sc_hs__tt_025C_1v80.lib, Line 11453)
**ERROR: (TECHLIB-1175):	Template name 'ccsn_pnlh' used in group 'vector' on line 11460 is not defined in the library. To fix this issue, define the missing template in the library. (File /home/share/pdk/ciel/sky130/versions/e8294524e5f67c533c5d0c3afa0bcc5b2a5fa066/sky130A/libs.ref/sky130_fd_sc_hs/lib/sky130_fd_sc_hs__tt_025C_1v80.lib)
**ERROR: (TECHLIB-1256):	The vector group 'ccsn_pnlh' is being ignored due to errors in this group. This group will be excluded for any further library checks. Refer to the previous messages issued for vector group 'ccsn_pnlh' to find the details of the issues in this group. (File /home/share/pdk/ciel/sky130/versions/e8294524e5f67c533c5d0c3afa0bcc5b2a5fa066/sky130A/libs.ref/sky130_fd_sc_hs/lib/sky130_fd_sc_hs__tt_025C_1v80.lib, Line 11460)
**ERROR: (TECHLIB-1175):	Template name 'ccsn_pnlh' used in group 'vector' on line 11467 is not defined in the library. To fix this issue, define the missing template in the library. (File /home/share/pdk/ciel/sky130/versions/e8294524e5f67c533c5d0c3afa0bcc5b2a5fa066/sky130A/libs.ref/sky130_fd_sc_hs/lib/sky130_fd_sc_hs__tt_025C_1v80.lib)
**ERROR: (TECHLIB-1256):	The vector group 'ccsn_pnlh' is being ignored due to errors in this group. This group will be excluded for any further library checks. Refer to the previous messages issued for vector group 'ccsn_pnlh' to find the details of the issues in this group. (File /home/share/pdk/ciel/sky130/versions/e8294524e5f67c533c5d0c3afa0bcc5b2a5fa066/sky130A/libs.ref/sky130_fd_sc_hs/lib/sky130_fd_sc_hs__tt_025C_1v80.lib, Line 11467)
**ERROR: (TECHLIB-1175):	Template name 'ccsn_pnlh' used in group 'vector' on line 11474 is not defined in the library. To fix this issue, define the missing template in the library. (File /home/share/pdk/ciel/sky130/versions/e8294524e5f67c533c5d0c3afa0bcc5b2a5fa066/sky130A/libs.ref/sky130_fd_sc_hs/lib/sky130_fd_sc_hs__tt_025C_1v80.lib)
**ERROR: (TECHLIB-1256):	The vector group 'ccsn_pnlh' is being ignored due to errors in this group. This group will be excluded for any further library checks. Refer to the previous messages issued for vector group 'ccsn_pnlh' to find the details of the issues in this group. (File /home/share/pdk/ciel/sky130/versions/e8294524e5f67c533c5d0c3afa0bcc5b2a5fa066/sky130A/libs.ref/sky130_fd_sc_hs/lib/sky130_fd_sc_hs__tt_025C_1v80.lib, Line 11474)
**ERROR: (TECHLIB-1175):	Template name 'ccsn_pnlh' used in group 'vector' on line 11481 is not defined in the library. To fix this issue, define the missing template in the library. (File /home/share/pdk/ciel/sky130/versions/e8294524e5f67c533c5d0c3afa0bcc5b2a5fa066/sky130A/libs.ref/sky130_fd_sc_hs/lib/sky130_fd_sc_hs__tt_025C_1v80.lib)
**ERROR: (TECHLIB-1256):	The vector group 'ccsn_pnlh' is being ignored due to errors in this group. This group will be excluded for any further library checks. Refer to the previous messages issued for vector group 'ccsn_pnlh' to find the details of the issues in this group. (File /home/share/pdk/ciel/sky130/versions/e8294524e5f67c533c5d0c3afa0bcc5b2a5fa066/sky130A/libs.ref/sky130_fd_sc_hs/lib/sky130_fd_sc_hs__tt_025C_1v80.lib, Line 11481)
**ERROR: (TECHLIB-1175):	Template name 'ccsn_pnlh' used in group 'vector' on line 11488 is not defined in the library. To fix this issue, define the missing template in the library. (File /home/share/pdk/ciel/sky130/versions/e8294524e5f67c533c5d0c3afa0bcc5b2a5fa066/sky130A/libs.ref/sky130_fd_sc_hs/lib/sky130_fd_sc_hs__tt_025C_1v80.lib)
**ERROR: (TECHLIB-1256):	The vector group 'ccsn_pnlh' is being ignored due to errors in this group. This group will be excluded for any further library checks. Refer to the previous messages issued for vector group 'ccsn_pnlh' to find the details of the issues in this group. (File /home/share/pdk/ciel/sky130/versions/e8294524e5f67c533c5d0c3afa0bcc5b2a5fa066/sky130A/libs.ref/sky130_fd_sc_hs/lib/sky130_fd_sc_hs__tt_025C_1v80.lib, Line 11488)
**ERROR: (TECHLIB-1173):	The 'dc_current' attribute has not been defined for group 'ccsn_first_stage' on line 11379. This may lead to undesirable analysis results. To fix this issue, define the missing attribute in library. (File /home/share/pdk/ciel/sky130/versions/e8294524e5f67c533c5d0c3afa0bcc5b2a5fa066/sky130A/libs.ref/sky130_fd_sc_hs/lib/sky130_fd_sc_hs__tt_025C_1v80.lib)
**ERROR: (TECHLIB-1175):	Template name 'ccsn_dc' used in group 'dc_current' on line 11550 is not defined in the library. To fix this issue, define the missing template in the library. (File /home/share/pdk/ciel/sky130/versions/e8294524e5f67c533c5d0c3afa0bcc5b2a5fa066/sky130A/libs.ref/sky130_fd_sc_hs/lib/sky130_fd_sc_hs__tt_025C_1v80.lib)
**ERROR: (TECHLIB-1256):	The dc_current group 'ccsn_dc' is being ignored due to errors in this group. This group will be excluded for any further library checks. Refer to the previous messages issued for dc_current group 'ccsn_dc' to find the details of the issues in this group. (File /home/share/pdk/ciel/sky130/versions/e8294524e5f67c533c5d0c3afa0bcc5b2a5fa066/sky130A/libs.ref/sky130_fd_sc_hs/lib/sky130_fd_sc_hs__tt_025C_1v80.lib, Line 11550)
Message <TECHLIB-1175> has exceeded the message display limit of '20'. Use 'set_message -no_limit -id list_of_msgIDs' to reset the message limit.
Message <TECHLIB-1256> has exceeded the message display limit of '20'. Use 'set_message -no_limit -id list_of_msgIDs' to reset the message limit.
**ERROR: (TECHLIB-1173):	The 'dc_current' attribute has not been defined for group 'ccsn_last_stage' on line 11549. This may lead to undesirable analysis results. To fix this issue, define the missing attribute in library. (File /home/share/pdk/ciel/sky130/versions/e8294524e5f67c533c5d0c3afa0bcc5b2a5fa066/sky130A/libs.ref/sky130_fd_sc_hs/lib/sky130_fd_sc_hs__tt_025C_1v80.lib)
**ERROR: (TECHLIB-1173):	The 'dc_current' attribute has not been defined for group 'ccsn_first_stage' on line 11815. This may lead to undesirable analysis results. To fix this issue, define the missing attribute in library. (File /home/share/pdk/ciel/sky130/versions/e8294524e5f67c533c5d0c3afa0bcc5b2a5fa066/sky130A/libs.ref/sky130_fd_sc_hs/lib/sky130_fd_sc_hs__tt_025C_1v80.lib)
**ERROR: (TECHLIB-1173):	The 'dc_current' attribute has not been defined for group 'ccsn_last_stage' on line 11985. This may lead to undesirable analysis results. To fix this issue, define the missing attribute in library. (File /home/share/pdk/ciel/sky130/versions/e8294524e5f67c533c5d0c3afa0bcc5b2a5fa066/sky130A/libs.ref/sky130_fd_sc_hs/lib/sky130_fd_sc_hs__tt_025C_1v80.lib)
**ERROR: (TECHLIB-1173):	The 'dc_current' attribute has not been defined for group 'ccsn_first_stage' on line 12251. This may lead to undesirable analysis results. To fix this issue, define the missing attribute in library. (File /home/share/pdk/ciel/sky130/versions/e8294524e5f67c533c5d0c3afa0bcc5b2a5fa066/sky130A/libs.ref/sky130_fd_sc_hs/lib/sky130_fd_sc_hs__tt_025C_1v80.lib)
**ERROR: (TECHLIB-1173):	The 'dc_current' attribute has not been defined for group 'ccsn_last_stage' on line 12422. This may lead to undesirable analysis results. To fix this issue, define the missing attribute in library. (File /home/share/pdk/ciel/sky130/versions/e8294524e5f67c533c5d0c3afa0bcc5b2a5fa066/sky130A/libs.ref/sky130_fd_sc_hs/lib/sky130_fd_sc_hs__tt_025C_1v80.lib)
**ERROR: (TECHLIB-1173):	The 'dc_current' attribute has not been defined for group 'ccsn_first_stage' on line 12691. This may lead to undesirable analysis results. To fix this issue, define the missing attribute in library. (File /home/share/pdk/ciel/sky130/versions/e8294524e5f67c533c5d0c3afa0bcc5b2a5fa066/sky130A/libs.ref/sky130_fd_sc_hs/lib/sky130_fd_sc_hs__tt_025C_1v80.lib)
**ERROR: (TECHLIB-1173):	The 'dc_current' attribute has not been defined for group 'ccsn_last_stage' on line 12862. This may lead to undesirable analysis results. To fix this issue, define the missing attribute in library. (File /home/share/pdk/ciel/sky130/versions/e8294524e5f67c533c5d0c3afa0bcc5b2a5fa066/sky130A/libs.ref/sky130_fd_sc_hs/lib/sky130_fd_sc_hs__tt_025C_1v80.lib)
**ERROR: (TECHLIB-1173):	The 'dc_current' attribute has not been defined for group 'ccsn_first_stage' on line 13131. This may lead to undesirable analysis results. To fix this issue, define the missing attribute in library. (File /home/share/pdk/ciel/sky130/versions/e8294524e5f67c533c5d0c3afa0bcc5b2a5fa066/sky130A/libs.ref/sky130_fd_sc_hs/lib/sky130_fd_sc_hs__tt_025C_1v80.lib)
**ERROR: (TECHLIB-1173):	The 'dc_current' attribute has not been defined for group 'ccsn_last_stage' on line 13302. This may lead to undesirable analysis results. To fix this issue, define the missing attribute in library. (File /home/share/pdk/ciel/sky130/versions/e8294524e5f67c533c5d0c3afa0bcc5b2a5fa066/sky130A/libs.ref/sky130_fd_sc_hs/lib/sky130_fd_sc_hs__tt_025C_1v80.lib)
**ERROR: (TECHLIB-1173):	The 'dc_current' attribute has not been defined for group 'ccsn_first_stage' on line 13571. This may lead to undesirable analysis results. To fix this issue, define the missing attribute in library. (File /home/share/pdk/ciel/sky130/versions/e8294524e5f67c533c5d0c3afa0bcc5b2a5fa066/sky130A/libs.ref/sky130_fd_sc_hs/lib/sky130_fd_sc_hs__tt_025C_1v80.lib)
**ERROR: (TECHLIB-1173):	The 'dc_current' attribute has not been defined for group 'ccsn_last_stage' on line 13742. This may lead to undesirable analysis results. To fix this issue, define the missing attribute in library. (File /home/share/pdk/ciel/sky130/versions/e8294524e5f67c533c5d0c3afa0bcc5b2a5fa066/sky130A/libs.ref/sky130_fd_sc_hs/lib/sky130_fd_sc_hs__tt_025C_1v80.lib)
**ERROR: (TECHLIB-1173):	The 'dc_current' attribute has not been defined for group 'ccsn_first_stage' on line 14011. This may lead to undesirable analysis results. To fix this issue, define the missing attribute in library. (File /home/share/pdk/ciel/sky130/versions/e8294524e5f67c533c5d0c3afa0bcc5b2a5fa066/sky130A/libs.ref/sky130_fd_sc_hs/lib/sky130_fd_sc_hs__tt_025C_1v80.lib)
**ERROR: (TECHLIB-1173):	The 'dc_current' attribute has not been defined for group 'ccsn_last_stage' on line 14182. This may lead to undesirable analysis results. To fix this issue, define the missing attribute in library. (File /home/share/pdk/ciel/sky130/versions/e8294524e5f67c533c5d0c3afa0bcc5b2a5fa066/sky130A/libs.ref/sky130_fd_sc_hs/lib/sky130_fd_sc_hs__tt_025C_1v80.lib)
**ERROR: (TECHLIB-1173):	The 'dc_current' attribute has not been defined for group 'ccsn_first_stage' on line 14451. This may lead to undesirable analysis results. To fix this issue, define the missing attribute in library. (File /home/share/pdk/ciel/sky130/versions/e8294524e5f67c533c5d0c3afa0bcc5b2a5fa066/sky130A/libs.ref/sky130_fd_sc_hs/lib/sky130_fd_sc_hs__tt_025C_1v80.lib)
**ERROR: (TECHLIB-1173):	The 'dc_current' attribute has not been defined for group 'ccsn_last_stage' on line 14622. This may lead to undesirable analysis results. To fix this issue, define the missing attribute in library. (File /home/share/pdk/ciel/sky130/versions/e8294524e5f67c533c5d0c3afa0bcc5b2a5fa066/sky130A/libs.ref/sky130_fd_sc_hs/lib/sky130_fd_sc_hs__tt_025C_1v80.lib)
**ERROR: (TECHLIB-1173):	The 'dc_current' attribute has not been defined for group 'ccsn_first_stage' on line 14891. This may lead to undesirable analysis results. To fix this issue, define the missing attribute in library. (File /home/share/pdk/ciel/sky130/versions/e8294524e5f67c533c5d0c3afa0bcc5b2a5fa066/sky130A/libs.ref/sky130_fd_sc_hs/lib/sky130_fd_sc_hs__tt_025C_1v80.lib)
**ERROR: (TECHLIB-1173):	The 'dc_current' attribute has not been defined for group 'ccsn_last_stage' on line 15062. This may lead to undesirable analysis results. To fix this issue, define the missing attribute in library. (File /home/share/pdk/ciel/sky130/versions/e8294524e5f67c533c5d0c3afa0bcc5b2a5fa066/sky130A/libs.ref/sky130_fd_sc_hs/lib/sky130_fd_sc_hs__tt_025C_1v80.lib)
**ERROR: (TECHLIB-1173):	The 'dc_current' attribute has not been defined for group 'ccsn_first_stage' on line 15331. This may lead to undesirable analysis results. To fix this issue, define the missing attribute in library. (File /home/share/pdk/ciel/sky130/versions/e8294524e5f67c533c5d0c3afa0bcc5b2a5fa066/sky130A/libs.ref/sky130_fd_sc_hs/lib/sky130_fd_sc_hs__tt_025C_1v80.lib)
**ERROR: (TECHLIB-1173):	The 'dc_current' attribute has not been defined for group 'ccsn_last_stage' on line 15502. This may lead to undesirable analysis results. To fix this issue, define the missing attribute in library. (File /home/share/pdk/ciel/sky130/versions/e8294524e5f67c533c5d0c3afa0bcc5b2a5fa066/sky130A/libs.ref/sky130_fd_sc_hs/lib/sky130_fd_sc_hs__tt_025C_1v80.lib)
Message <TECHLIB-1173> has exceeded the message display limit of '20'. Use 'set_message -no_limit -id list_of_msgIDs' to reset the message limit.
**WARN: (TECHLIB-302):	No function defined for cell 'sky130_fd_sc_hs__decap_8'. The cell will only be used for analysis. (File /home/share/pdk/ciel/sky130/versions/e8294524e5f67c533c5d0c3afa0bcc5b2a5fa066/sky130A/libs.ref/sky130_fd_sc_hs/lib/sky130_fd_sc_hs__tt_025C_1v80.lib)
**WARN: (TECHLIB-302):	No function defined for cell 'sky130_fd_sc_hs__decap_4'. The cell will only be used for analysis. (File /home/share/pdk/ciel/sky130/versions/e8294524e5f67c533c5d0c3afa0bcc5b2a5fa066/sky130A/libs.ref/sky130_fd_sc_hs/lib/sky130_fd_sc_hs__tt_025C_1v80.lib)
Read 376 cells in library sky130_fd_sc_hs__tt_025C_1v80.
Reading default_emulate_libset_max timing library /home/hujinzhao/pro/genus_bs1/workspace/LIBS/sky130_sram_0kbytes_1rw1r_32x64_8_TT_1p8V_25C.lib.
Read 1 cells in library sky130_sram_0kbytes_1rw1r_32x64_8_TT_1p8V_25C_lib.
Reading default_emulate_libset_max timing library /home/hujinzhao/pro/genus_bs1/workspace/LIBS/sky130_sram_0kbytes_1rw1r_48x16_8_TT_1p8V_25C.lib.
Read 1 cells in library sky130_sram_0kbytes_1rw1r_48x16_8_TT_1p8V_25C_lib.
Library reading multithread flow ended.
% End Load MMMC data (date=07/03 13:02:32, total cpu=0:00:08.4, real=0:00:02.0, peak res=2148.4M, current mem=1971.0M)
% Begin Load LEF files (date=07/03 13:02:32, mem=1971.0M)
(stylus_db): Load LEF files ...

Loading LEF file /home/hujinzhao/pro/genus_bs1/workspace/LEFS/sky130_fd_sc_hs__nom.tlef ...

Loading LEF file /home/hujinzhao/pro/genus_bs1/workspace/LEFS/sky130_fd_sc_hs.lef ...
WARNING (LEFPARS-2008): NOWIREEXTENSIONATPIN statement is obsolete in version 5.6 or later.
The NOWIREEXTENSIONATPIN statement will be ignored. See file /home/hujinzhao/pro/genus_bs1/workspace/LEFS/sky130_fd_sc_hs.lef at line 2.
**WARN: (IMPLF-108):	There is no overlap layer defined in any LEF file
so you are unable to create rectilinear partition in a hierarchical flow.
Set DBUPerIGU to M1 pitch 480.

Loading LEF file /home/hujinzhao/pro/genus_bs1/workspace/LEFS/sky130_sram_0kbytes_1rw1r_32x64_8.lef ...
**WARN: (IMPLF-246):	The 'UNITS' attribute is only allowed to be set in the first LEF file (technology LEF). The attribute was found in this LEF file, and will be ignored.

Loading LEF file /home/hujinzhao/pro/genus_bs1/workspace/LEFS/sky130_sram_0kbytes_1rw1r_48x16_8.lef ...
**WARN: (IMPLF-246):	The 'UNITS' attribute is only allowed to be set in the first LEF file (technology LEF). The attribute was found in this LEF file, and will be ignored.

Loading LEF file /home/hujinzhao/pro/genus_bs1/workspace/LEFS/sky130_sram_0kbytes_1rw1r_64x32_8.lef ...
**WARN: (IMPLF-246):	The 'UNITS' attribute is only allowed to be set in the first LEF file (technology LEF). The attribute was found in this LEF file, and will be ignored.

Loading LEF file /home/hujinzhao/pro/genus_bs1/workspace/LEFS/sky130_sram_0kbytes_1rw1r_128x16_16.lef ...
**WARN: (IMPLF-246):	The 'UNITS' attribute is only allowed to be set in the first LEF file (technology LEF). The attribute was found in this LEF file, and will be ignored.

Loading LEF file /home/hujinzhao/pro/genus_bs1/workspace/LEFS/sky130_sram_0kbytes_1rw1r_64x64_8.lef ...
**WARN: (IMPLF-246):	The 'UNITS' attribute is only allowed to be set in the first LEF file (technology LEF). The attribute was found in this LEF file, and will be ignored.
**WARN: (IMPLF-200):	Pin 'din0[0]' in macro 'sky130_sram_0kbytes_1rw1r_64x64_8' has no ANTENNAGATEAREA value defined. The library data is incomplete and some process antenna rules will not be checked correctly.
Type 'man IMPLF-200' for more detail.
**WARN: (IMPLF-200):	Pin 'din0[1]' in macro 'sky130_sram_0kbytes_1rw1r_64x64_8' has no ANTENNAGATEAREA value defined. The library data is incomplete and some process antenna rules will not be checked correctly.
Type 'man IMPLF-200' for more detail.
**WARN: (IMPLF-200):	Pin 'din0[2]' in macro 'sky130_sram_0kbytes_1rw1r_64x64_8' has no ANTENNAGATEAREA value defined. The library data is incomplete and some process antenna rules will not be checked correctly.
Type 'man IMPLF-200' for more detail.
**WARN: (IMPLF-200):	Pin 'din0[3]' in macro 'sky130_sram_0kbytes_1rw1r_64x64_8' has no ANTENNAGATEAREA value defined. The library data is incomplete and some process antenna rules will not be checked correctly.
Type 'man IMPLF-200' for more detail.
**WARN: (IMPLF-200):	Pin 'din0[4]' in macro 'sky130_sram_0kbytes_1rw1r_64x64_8' has no ANTENNAGATEAREA value defined. The library data is incomplete and some process antenna rules will not be checked correctly.
Type 'man IMPLF-200' for more detail.
**WARN: (IMPLF-200):	Pin 'din0[5]' in macro 'sky130_sram_0kbytes_1rw1r_64x64_8' has no ANTENNAGATEAREA value defined. The library data is incomplete and some process antenna rules will not be checked correctly.
Type 'man IMPLF-200' for more detail.
**WARN: (IMPLF-200):	Pin 'din0[6]' in macro 'sky130_sram_0kbytes_1rw1r_64x64_8' has no ANTENNAGATEAREA value defined. The library data is incomplete and some process antenna rules will not be checked correctly.
Type 'man IMPLF-200' for more detail.
**WARN: (IMPLF-200):	Pin 'din0[7]' in macro 'sky130_sram_0kbytes_1rw1r_64x64_8' has no ANTENNAGATEAREA value defined. The library data is incomplete and some process antenna rules will not be checked correctly.
Type 'man IMPLF-200' for more detail.
**WARN: (IMPLF-200):	Pin 'din0[8]' in macro 'sky130_sram_0kbytes_1rw1r_64x64_8' has no ANTENNAGATEAREA value defined. The library data is incomplete and some process antenna rules will not be checked correctly.
Type 'man IMPLF-200' for more detail.
**WARN: (IMPLF-200):	Pin 'din0[9]' in macro 'sky130_sram_0kbytes_1rw1r_64x64_8' has no ANTENNAGATEAREA value defined. The library data is incomplete and some process antenna rules will not be checked correctly.
Type 'man IMPLF-200' for more detail.
**WARN: (IMPLF-200):	Pin 'din0[10]' in macro 'sky130_sram_0kbytes_1rw1r_64x64_8' has no ANTENNAGATEAREA value defined. The library data is incomplete and some process antenna rules will not be checked correctly.
Type 'man IMPLF-200' for more detail.
**WARN: (IMPLF-200):	Pin 'din0[11]' in macro 'sky130_sram_0kbytes_1rw1r_64x64_8' has no ANTENNAGATEAREA value defined. The library data is incomplete and some process antenna rules will not be checked correctly.
Type 'man IMPLF-200' for more detail.
**WARN: (IMPLF-200):	Pin 'din0[12]' in macro 'sky130_sram_0kbytes_1rw1r_64x64_8' has no ANTENNAGATEAREA value defined. The library data is incomplete and some process antenna rules will not be checked correctly.
Type 'man IMPLF-200' for more detail.
**WARN: (IMPLF-200):	Pin 'din0[13]' in macro 'sky130_sram_0kbytes_1rw1r_64x64_8' has no ANTENNAGATEAREA value defined. The library data is incomplete and some process antenna rules will not be checked correctly.
Type 'man IMPLF-200' for more detail.
**WARN: (IMPLF-200):	Pin 'din0[14]' in macro 'sky130_sram_0kbytes_1rw1r_64x64_8' has no ANTENNAGATEAREA value defined. The library data is incomplete and some process antenna rules will not be checked correctly.
Type 'man IMPLF-200' for more detail.
**WARN: (IMPLF-200):	Pin 'din0[15]' in macro 'sky130_sram_0kbytes_1rw1r_64x64_8' has no ANTENNAGATEAREA value defined. The library data is incomplete and some process antenna rules will not be checked correctly.
Type 'man IMPLF-200' for more detail.
**WARN: (IMPLF-200):	Pin 'din0[16]' in macro 'sky130_sram_0kbytes_1rw1r_64x64_8' has no ANTENNAGATEAREA value defined. The library data is incomplete and some process antenna rules will not be checked correctly.
Type 'man IMPLF-200' for more detail.
**WARN: (IMPLF-200):	Pin 'din0[17]' in macro 'sky130_sram_0kbytes_1rw1r_64x64_8' has no ANTENNAGATEAREA value defined. The library data is incomplete and some process antenna rules will not be checked correctly.
Type 'man IMPLF-200' for more detail.
**WARN: (IMPLF-200):	Pin 'din0[18]' in macro 'sky130_sram_0kbytes_1rw1r_64x64_8' has no ANTENNAGATEAREA value defined. The library data is incomplete and some process antenna rules will not be checked correctly.
Type 'man IMPLF-200' for more detail.
**WARN: (IMPLF-200):	Pin 'din0[19]' in macro 'sky130_sram_0kbytes_1rw1r_64x64_8' has no ANTENNAGATEAREA value defined. The library data is incomplete and some process antenna rules will not be checked correctly.
Type 'man IMPLF-200' for more detail.
**WARN: (EMS-27):	Message (IMPLF-200) has exceeded the current message display limit of 20.
To increase the message display limit, refer to the product command reference manual.
**WARN: (IMPLF-201):	Pin 'dout0[0]' in macro 'sky130_sram_0kbytes_1rw1r_64x64_8' has no ANTENNADIFFAREA value defined. The library data is incomplete and some process antenna rules will not be checked correctly.
Type 'man IMPLF-201' for more detail.
**WARN: (IMPLF-201):	Pin 'dout0[1]' in macro 'sky130_sram_0kbytes_1rw1r_64x64_8' has no ANTENNADIFFAREA value defined. The library data is incomplete and some process antenna rules will not be checked correctly.
Type 'man IMPLF-201' for more detail.
**WARN: (IMPLF-201):	Pin 'dout0[2]' in macro 'sky130_sram_0kbytes_1rw1r_64x64_8' has no ANTENNADIFFAREA value defined. The library data is incomplete and some process antenna rules will not be checked correctly.
Type 'man IMPLF-201' for more detail.
**WARN: (IMPLF-201):	Pin 'dout0[3]' in macro 'sky130_sram_0kbytes_1rw1r_64x64_8' has no ANTENNADIFFAREA value defined. The library data is incomplete and some process antenna rules will not be checked correctly.
Type 'man IMPLF-201' for more detail.
**WARN: (IMPLF-201):	Pin 'dout0[4]' in macro 'sky130_sram_0kbytes_1rw1r_64x64_8' has no ANTENNADIFFAREA value defined. The library data is incomplete and some process antenna rules will not be checked correctly.
Type 'man IMPLF-201' for more detail.
**WARN: (IMPLF-201):	Pin 'dout0[5]' in macro 'sky130_sram_0kbytes_1rw1r_64x64_8' has no ANTENNADIFFAREA value defined. The library data is incomplete and some process antenna rules will not be checked correctly.
Type 'man IMPLF-201' for more detail.
**WARN: (IMPLF-201):	Pin 'dout0[6]' in macro 'sky130_sram_0kbytes_1rw1r_64x64_8' has no ANTENNADIFFAREA value defined. The library data is incomplete and some process antenna rules will not be checked correctly.
Type 'man IMPLF-201' for more detail.
**WARN: (IMPLF-201):	Pin 'dout0[7]' in macro 'sky130_sram_0kbytes_1rw1r_64x64_8' has no ANTENNADIFFAREA value defined. The library data is incomplete and some process antenna rules will not be checked correctly.
Type 'man IMPLF-201' for more detail.
**WARN: (IMPLF-201):	Pin 'dout0[8]' in macro 'sky130_sram_0kbytes_1rw1r_64x64_8' has no ANTENNADIFFAREA value defined. The library data is incomplete and some process antenna rules will not be checked correctly.
Type 'man IMPLF-201' for more detail.
**WARN: (IMPLF-201):	Pin 'dout0[9]' in macro 'sky130_sram_0kbytes_1rw1r_64x64_8' has no ANTENNADIFFAREA value defined. The library data is incomplete and some process antenna rules will not be checked correctly.
Type 'man IMPLF-201' for more detail.
**WARN: (IMPLF-201):	Pin 'dout0[10]' in macro 'sky130_sram_0kbytes_1rw1r_64x64_8' has no ANTENNADIFFAREA value defined. The library data is incomplete and some process antenna rules will not be checked correctly.
Type 'man IMPLF-201' for more detail.
**WARN: (IMPLF-201):	Pin 'dout0[11]' in macro 'sky130_sram_0kbytes_1rw1r_64x64_8' has no ANTENNADIFFAREA value defined. The library data is incomplete and some process antenna rules will not be checked correctly.
Type 'man IMPLF-201' for more detail.
**WARN: (IMPLF-201):	Pin 'dout0[12]' in macro 'sky130_sram_0kbytes_1rw1r_64x64_8' has no ANTENNADIFFAREA value defined. The library data is incomplete and some process antenna rules will not be checked correctly.
Type 'man IMPLF-201' for more detail.
**WARN: (IMPLF-201):	Pin 'dout0[13]' in macro 'sky130_sram_0kbytes_1rw1r_64x64_8' has no ANTENNADIFFAREA value defined. The library data is incomplete and some process antenna rules will not be checked correctly.
Type 'man IMPLF-201' for more detail.
**WARN: (IMPLF-201):	Pin 'dout0[14]' in macro 'sky130_sram_0kbytes_1rw1r_64x64_8' has no ANTENNADIFFAREA value defined. The library data is incomplete and some process antenna rules will not be checked correctly.
Type 'man IMPLF-201' for more detail.
**WARN: (IMPLF-201):	Pin 'dout0[15]' in macro 'sky130_sram_0kbytes_1rw1r_64x64_8' has no ANTENNADIFFAREA value defined. The library data is incomplete and some process antenna rules will not be checked correctly.
Type 'man IMPLF-201' for more detail.
**WARN: (IMPLF-201):	Pin 'dout0[16]' in macro 'sky130_sram_0kbytes_1rw1r_64x64_8' has no ANTENNADIFFAREA value defined. The library data is incomplete and some process antenna rules will not be checked correctly.
Type 'man IMPLF-201' for more detail.
**WARN: (IMPLF-201):	Pin 'dout0[17]' in macro 'sky130_sram_0kbytes_1rw1r_64x64_8' has no ANTENNADIFFAREA value defined. The library data is incomplete and some process antenna rules will not be checked correctly.
Type 'man IMPLF-201' for more detail.
**WARN: (IMPLF-201):	Pin 'dout0[18]' in macro 'sky130_sram_0kbytes_1rw1r_64x64_8' has no ANTENNADIFFAREA value defined. The library data is incomplete and some process antenna rules will not be checked correctly.
Type 'man IMPLF-201' for more detail.
**WARN: (IMPLF-201):	Pin 'dout0[19]' in macro 'sky130_sram_0kbytes_1rw1r_64x64_8' has no ANTENNADIFFAREA value defined. The library data is incomplete and some process antenna rules will not be checked correctly.
Type 'man IMPLF-201' for more detail.
**WARN: (EMS-27):	Message (IMPLF-201) has exceeded the current message display limit of 20.
To increase the message display limit, refer to the product command reference manual.

##  Check design process and node:  
##  Both design process and tech node are not set.

% End Load LEF files (date=07/03 13:02:32, total cpu=0:00:00.2, real=0:00:00.0, peak res=1980.0M, current mem=1980.0M)
(stylus_db): Load Verilog Netlist ...
% Begin Load netlist data ... (date=07/03 13:02:32, mem=1980.1M)
*** Begin netlist parsing (mem=1980.1M) ***
Created 378 new cells from 3 timing libraries.
Reading netlist ...
Backslashed names will retain backslash and a trailing blank character.
Reading verilog netlist './genus2invs__2656251_e6bfadfa-0138-4e05-a668-8ad36fa2dd9afa_top/genus2invs_db/cmn/fa_top.v.gz'

*** Memory Usage v#3 (Current mem = 2084.633M, initial mem = 974.766M) ***
*** End netlist parsing (cpu=0:00:01.9, real=0:00:02.0, mem=2084.6M) ***
% End Load netlist data ... (date=07/03 13:02:34, total cpu=0:00:01.9, real=0:00:02.0, peak res=2084.4M, current mem=2084.4M)
Top level cell is fa_top.
Hooked 378 DB cells to tlib cells.
Starting recursive module instantiation check.
No recursion found.
Building hierarchical netlist for Cell fa_top ...
***** UseNewTieNetMode *****.
*** Netlist is unique.
** info: there are 398 modules.
** info: there are 161650 stdCell insts.
** info: there are 161650 stdCell insts with at least one signal pin.
** info: there are 87 macros.

*** Memory Usage v#3 (Current mem = 2200.035M, initial mem = 974.766M) ***
(stylus_db): Init Design
The core width changes from 4156.180000 to 4156.320000 when snapping to grid "PlacementGrid".
**WARN: (IMPFP-3961):	The techSite 'unitdbl' has no related standard cells in the LEF/OA library. The calculations for this site type cannot be made unless standard cell models of this type exist in the LEF/OA library. Ignore this warning if the SITE is not used by the library. Alternatively, remove the SITE definition for the LEF/OA library to avoid this message.
Type 'man IMPFP-3961' for more detail.
Horizontal Layer M2 offset = 185 (derived)
Vertical Layer M1 offset = 240 (derived)
Start create_tracks
Generated pitch 3.66 in met5 is different from 3.33 defined in technology file in preferred direction.
Generated pitch 0.72 in met4 is different from 0.96 defined in technology file in preferred direction.
Generated pitch 0.61 in met3 is different from 0.74 defined in technology file in preferred direction.
*Info: initialize multi-corner CTS.
Total number of combinational cells: 294
Total number of sequential cells: 68
Total number of tristate cells: 12
Total number of level shifter cells: 0
Total number of power gating cells: 0
Total number of isolation cells: 0
Total number of power switch cells: 0
Total number of pulse generator cells: 0
Total number of always on buffers: 0
Total number of retention cells: 0
Total number of physical cells: 2
List of usable buffers: sky130_fd_sc_hs__clkbuf_2 sky130_fd_sc_hs__clkbuf_1 sky130_fd_sc_hs__buf_1 sky130_fd_sc_hs__buf_2 sky130_fd_sc_hs__clkbuf_4 sky130_fd_sc_hs__buf_4 sky130_fd_sc_hs__dlymetal6s2s_1 sky130_fd_sc_hs__clkbuf_8 sky130_fd_sc_hs__buf_8 sky130_fd_sc_hs__clkbuf_16 sky130_fd_sc_hs__buf_16
Total number of usable buffers: 11
List of unusable buffers:
Total number of unusable buffers: 0
List of usable inverters: sky130_fd_sc_hs__inv_2 sky130_fd_sc_hs__inv_1 sky130_fd_sc_hs__clkinv_1 sky130_fd_sc_hs__clkinv_2 sky130_fd_sc_hs__inv_4 sky130_fd_sc_hs__clkdlyinv3sd3_1 sky130_fd_sc_hs__clkdlyinv3sd2_1 sky130_fd_sc_hs__clkdlyinv3sd1_1 sky130_fd_sc_hs__clkinv_4 sky130_fd_sc_hs__inv_8 sky130_fd_sc_hs__clkdlyinv5sd3_1 sky130_fd_sc_hs__clkdlyinv5sd2_1 sky130_fd_sc_hs__clkdlyinv5sd1_1 sky130_fd_sc_hs__clkinv_8 sky130_fd_sc_hs__bufinv_8 sky130_fd_sc_hs__inv_16 sky130_fd_sc_hs__clkinv_16 sky130_fd_sc_hs__bufinv_16
Total number of usable inverters: 18
List of unusable inverters:
Total number of unusable inverters: 0
List of identified usable delay cells: sky130_fd_sc_hs__dlygate4sd3_1 sky130_fd_sc_hs__dlygate4sd2_1 sky130_fd_sc_hs__dlygate4sd1_1 sky130_fd_sc_hs__dlymetal6s6s_1 sky130_fd_sc_hs__dlymetal6s4s_1 sky130_fd_sc_hs__bufbuf_8 sky130_fd_sc_hs__bufbuf_16
Total number of identified usable delay cells: 7
List of identified unusable delay cells:
Total number of identified unusable delay cells: 0
Multithreaded Timing Analysis is initialized with 8 threads

Reading timing constraints file './genus2invs__2656251_e6bfadfa-0138-4e05-a668-8ad36fa2dd9afa_top/genus2invs_db/cmn/fa_top.mmmc/modes/default_emulate_constraint_mode/default_emulate_constraint_mode.sdc.gz' ...
Current (total cpu=0:00:42.9, real=0:00:37.0, peak res=2849.3M, current mem=2849.3M)
fa_top
INFO (CTE): Constraints read successfully.
Ending "Constraint file reading stats" (total cpu=0:00:00.2, real=0:00:00.0, peak res=2865.3M, current mem=2865.3M)
Current (total cpu=0:00:43.1, real=0:00:37.0, peak res=2865.3M, current mem=2865.3M)
Reading latency file './genus2invs__2656251_e6bfadfa-0138-4e05-a668-8ad36fa2dd9afa_top/genus2invs_db/cmn/fa_top.mmmc/views/default_emulate_view/latency.sdc.gz' ...
(stylus_db): Initialized design 'fa_top'
(stylus_db): Setting Root attributes ...
(stylus_db): Set 9 attributes of Root 
(stylus_db): Silicon Drift settings not enabled or skipped...
% Begin Set DB preserves (date=07/03 13:02:37, mem=2888.4M)
(stylus_db): Setting preserves on design objects ...
(stylus_db): Set 52 preserves of design objects
% End Set DB preserves (date=07/03 13:02:37, total cpu=0:00:00.1, real=0:00:00.0, peak res=2888.9M, current mem=2888.9M)
% Begin Load Timing views and constraints (date=07/03 13:02:37, mem=2888.9M)
(stylus_db): Read MMMC timing views ...
% End Load Timing views and constraints (date=07/03 13:02:37, total cpu=0:00:00.1, real=0:00:00.0, peak res=2888.9M, current mem=2888.9M)
(stylus_db): Couldn't commit power-intent, (fa_top.cpf or fa_top.upf doesn't exists)
(stylus_db): Load DEF file ...
% Begin Load DEF (date=07/03 13:02:37, mem=2888.1M)
Reading DEF file './genus2invs__2656251_e6bfadfa-0138-4e05-a668-8ad36fa2dd9afa_top/genus2invs_db/cmn/fa_top.def.gz', current time is Fri Jul  3 13:02:37 2026 ...
--- DIVIDERCHAR '/'
--- UnitsPerDBU = 1.0000
**WARN: (IMPFP-3961):	The techSite 'unitdbl' has no related standard cells in the LEF/OA library. The calculations for this site type cannot be made unless standard cell models of this type exist in the LEF/OA library. Ignore this warning if the SITE is not used by the library. Alternatively, remove the SITE definition for the LEF/OA library to avoid this message.
Type 'man IMPFP-3961' for more detail.
Horizontal Layer M2 offset = 185 (derived)
Vertical Layer M1 offset = 240 (derived)
Start create_tracks
Generated pitch 3.66 in met5 is different from 3.33 defined in technology file in preferred direction.
Generated pitch 0.72 in met4 is different from 0.96 defined in technology file in preferred direction.
Generated pitch 0.61 in met3 is different from 0.74 defined in technology file in preferred direction.
--- DIEAREA (0 0) (4156180 4152510)
defIn read 10000 lines...
defIn read 20000 lines...
defIn read 30000 lines...
defIn read 40000 lines...
DEF file './genus2invs__2656251_e6bfadfa-0138-4e05-a668-8ad36fa2dd9afa_top/genus2invs_db/cmn/fa_top.def.gz' is parsed, current time is Fri Jul  3 13:02:38 2026.
Extracting standard cell pins and blockage ...... 
Pin and blockage extraction finished
Updating the floorplan ...
% End Load DEF (date=07/03 13:02:38, total cpu=0:00:00.3, real=0:00:01.0, peak res=2891.7M, current mem=2891.5M)
% Begin Set route_types (date=07/03 13:02:38, mem=2891.5M)
(stylus_db): Setting route_types  ...
% End Set route_types (date=07/03 13:02:38, total cpu=0:00:00.1, real=0:00:00.0, peak res=2891.5M, current mem=2891.5M)
% Begin Set power_domain attributes (date=07/03 13:02:38, mem=2891.5M)
(stylus_db): Setting power_domain attributes ...
% End Set power_domain attributes (date=07/03 13:02:38, total cpu=0:00:00.1, real=0:00:00.0, peak res=2891.5M, current mem=2891.5M)
(stylus_db): Load additional timing constraints ...
% Begin Load Additional Timing constraints (date=07/03 13:02:38, mem=2891.5M)
**WARN: (IMPIMEX-10014):	The current design data being restored: './genus2invs__2656251_e6bfadfa-0138-4e05-a668-8ad36fa2dd9afa_top/genus2invs_db' has been saved with an older structure. When restoring a subset of views for this database, derate information for inactive delay corners may be inaccesible in the current session. A newer database structure allows more flexibility for change the active view list in-session. To update the current database, you need to restore the design with all views active - and then the next save will update it to the new model.
Loading timing derate file ./genus2invs__2656251_e6bfadfa-0138-4e05-a668-8ad36fa2dd9afa_top/genus2invs_db/cmn/fa_top.mmmc/timingderate.sdc ...
Current (total cpu=0:00:44.3, real=0:00:38.0, peak res=2891.7M, current mem=2891.6M)
Loading path adjust file ./genus2invs__2656251_e6bfadfa-0138-4e05-a668-8ad36fa2dd9afa_top/genus2invs_db/cmn/fa_top.mmmc/pathadjust.sdc.gz ...
Current (total cpu=0:00:44.4, real=0:00:38.0, peak res=2891.7M, current mem=2891.6M)
INFO (CTE): Constraints read successfully.
Ending "Constraint file reading stats" (total cpu=0:00:00.1, real=0:00:00.0, peak res=2891.8M, current mem=2891.8M)
Current (total cpu=0:00:44.5, real=0:00:38.0, peak res=2891.8M, current mem=2891.8M)
Loading disable latch loop file ./genus2invs__2656251_e6bfadfa-0138-4e05-a668-8ad36fa2dd9afa_top/genus2invs_db/cmn/fa_top.mmmc/disablelatchloop.sdc ...
Current (total cpu=0:00:44.6, real=0:00:38.0, peak res=2891.8M, current mem=2891.8M)
% End Load Additional Timing constraints (date=07/03 13:02:38, total cpu=0:00:00.3, real=0:00:00.0, peak res=2891.8M, current mem=2891.8M)
% Begin Set message attributes (date=07/03 13:02:38, mem=2891.8M)
(stylus_db): Setting attributes on Synthesis message objects ...
% End Set message attributes (date=07/03 13:02:39, total cpu=0:00:00.1, real=0:00:01.0, peak res=2891.8M, current mem=2891.8M)
% Begin Generate Vias (date=07/03 13:02:39, mem=2891.8M)
(stylus_db): Generate advanced rule Vias ...
Start generating vias ..
#Skip building auto via since it is not turned on.
Extracting standard cell pins and blockage ...... 
Pin and blockage extraction finished
Via generation completed.
% End Generate Vias (date=07/03 13:02:39, total cpu=0:00:00.7, real=0:00:00.0, peak res=2905.4M, current mem=2897.9M)
% Begin Set attributes (date=07/03 13:02:39, mem=2897.9M)
(stylus_db): Setting attributes on design objects ...
(stylus_db): Set 250279 attributes of design objects
% End Set attributes (date=07/03 13:02:41, total cpu=0:00:02.0, real=0:00:02.0, peak res=2928.4M, current mem=2928.2M)
Extraction setup Started for TopCell fa_top 
Initializing multi-corner RC extraction with 1 active RC Corners ...
**WARN: (IMPEXT-2773):	The via resistance between layers POLY and M1 could not be determined from the LEF technology file because the via resistance specification is missing. A default of 4 Ohms will be used as via resistance between these layers.
Type 'man IMPEXT-2773' for more detail.
**WARN: (IMPEXT-2773):	The via resistance between layers M1 and M2 could not be determined from the LEF technology file because the via resistance specification is missing. A default of 4 Ohms will be used as via resistance between these layers.
Type 'man IMPEXT-2773' for more detail.
**WARN: (IMPEXT-2773):	The via resistance between layers M2 and M3 could not be determined from the LEF technology file because the via resistance specification is missing. A default of 4 Ohms will be used as via resistance between these layers.
Type 'man IMPEXT-2773' for more detail.
**WARN: (IMPEXT-2773):	The via resistance between layers M3 and M4 could not be determined from the LEF technology file because the via resistance specification is missing. A default of 4 Ohms will be used as via resistance between these layers.
Type 'man IMPEXT-2773' for more detail.
**WARN: (IMPEXT-2773):	The via resistance between layers M4 and M5 could not be determined from the LEF technology file because the via resistance specification is missing. A default of 4 Ohms will be used as via resistance between these layers.
Type 'man IMPEXT-2773' for more detail.
**WARN: (IMPEXT-2773):	The via resistance between layers M5 and M6 could not be determined from the LEF technology file because the via resistance specification is missing. A default of 4 Ohms will be used as via resistance between these layers.
Type 'man IMPEXT-2773' for more detail.
**WARN: (IMPEXT-2766):	The sheet resistance for layer M1 is not defined in the cap table. Therefore, the LEF value 12.8 will be used instead. To avoid this message, update the relevant cap table to include the sheet resistance for the specified layer and read it back in.
**WARN: (IMPEXT-2766):	The sheet resistance for layer M2 is not defined in the cap table. Therefore, the LEF value 0.125 will be used instead. To avoid this message, update the relevant cap table to include the sheet resistance for the specified layer and read it back in.
**WARN: (IMPEXT-2766):	The sheet resistance for layer M3 is not defined in the cap table. Therefore, the LEF value 0.125 will be used instead. To avoid this message, update the relevant cap table to include the sheet resistance for the specified layer and read it back in.
**WARN: (IMPEXT-2766):	The sheet resistance for layer M4 is not defined in the cap table. Therefore, the LEF value 0.047 will be used instead. To avoid this message, update the relevant cap table to include the sheet resistance for the specified layer and read it back in.
**WARN: (IMPEXT-2766):	The sheet resistance for layer M5 is not defined in the cap table. Therefore, the LEF value 0.047 will be used instead. To avoid this message, update the relevant cap table to include the sheet resistance for the specified layer and read it back in.
**WARN: (IMPEXT-2766):	The sheet resistance for layer M6 is not defined in the cap table. Therefore, the LEF value 0.0285 will be used instead. To avoid this message, update the relevant cap table to include the sheet resistance for the specified layer and read it back in.
Summary of Active RC-Corners : 
 
 Analysis View: default_emulate_view
    RC-Corner Name        : default_emulate_rc_corner
    RC-Corner Index       : 0
    RC-Corner Temperature : 25 Celsius
    RC-Corner Cap Table   : ''
    RC-Corner PreRoute Res Factor         : 1
    RC-Corner PreRoute Cap Factor         : 1
    RC-Corner PostRoute Res Factor        : 1 {1 1 1}
    RC-Corner PostRoute Cap Factor        : 1 {1 1 1}
    RC-Corner PostRoute XCap Factor       : 1 {1 1 1}
    RC-Corner PreRoute Clock Res Factor   : 1	[Derived from Cap Table]
    RC-Corner PreRoute Clock Cap Factor   : 1	[Derived from Cap Table]
    RC-Corner PostRoute Clock Cap Factor  : 1 {1 1 1} 
    RC-Corner PostRoute Clock Res Factor  : 1 {1 1 1} 
    RC-Corner PostRoute Clock coupling capacitance Factor : 1 {1 1 1} 
Updating RC Grid density data for preRoute extraction ...
Initializing multi-corner resistance tables ...
% Begin Load Min Layer Data (date=07/03 13:02:42, mem=2931.6M)
Read 0 nets
% End Load Min Layer Data (date=07/03 13:02:42, total cpu=0:00:00.0, real=0:00:00.0, peak res=2931.6M, current mem=2931.6M)
+----------------------------------------------------------------+
    Summary of 'read_db genus2invs_db'                     
+----------------------------------------------------------------+
    Generated by         :     Innovus 25.12-s079_1
    Generated on         :     Fri Jul 03 13:02:42 CST 2026
    Design               :     fa_top
    process_node         :     90   
    db units             :     1000 
    tech_mfg_grid        :     0.005
    bbox                 :     {0.0 0.0 4156.18 4152.51}
    core_bbox            :     {0.0 0.0 4156.18 4152.51}
+----------------------------------------------------------------+
    Object Type          :     Count
+-----------------------------------+
    timing_libraries     :     3    
    library_sets         :     1    
    lib_cells            :     378  
    setup_analysis_views :     1    
    hold_analysis_views  :     1    
    rc_corners           :     2    
    delay_corners        :     1    
    constraint_modes     :     1    
    clocks               :     1    
+-----------------------------------+
    base_cells           :     395  
    modules              :     2    
    insts                :     161737
    hinsts               :     2    
    ports                :     551  
    nets                 :     194881
    hnets                :     195614
    pins                 :     634377
    hpins                :     769  
+-----------------------------------+
    layers               :     14   
    via_defs             :     25   
    via_def_rule         :     25   
    sites                :     2    
    core_rows            :     1247 
    track_patterns       :     12   
+-----------------------------------+
#% End Load Common DB (date=07/03 13:02:42, total cpu=0:00:19.7, real=0:00:13.0, peak res=3087.1M, current mem=2994.2M)

*** Summary of all messages that are not suppressed in this session:
Severity  ID               Count  Summary                                  
WARNING   IMPLF-108            1  There is no overlap layer defined in any...
WARNING   IMPLF-200          450  Pin '%s' in macro '%s' has no ANTENNAGAT...
WARNING   IMPLF-201          678  Pin '%s' in macro '%s' has no ANTENNADIF...
WARNING   IMPLF-246            5  The '%s' attribute is only allowed to be...
WARNING   IMPFP-3961           2  The techSite '%s' has no related standar...
WARNING   IMPEXT-2766          6  The sheet resistance for layer %s is not...
WARNING   IMPEXT-2773          6  The via resistance between layers %s and...
WARNING   IMPIMEX-10014        1  The current design data being restored: ...
WARNING   TECHLIB-302          2  No function defined for cell '%s'. The c...
ERROR     TECHLIB-1173      4556  The '%s' attribute has not been defined ...
ERROR     TECHLIB-1175     96732  Template name '%s' used in group '%s' on...
ERROR     TECHLIB-1256     96732  The %s is being ignored due to errors in...
*** Message Summary: 1151 warning(s), 198020 error(s)

UM:   flow.cputime  flow.realtime  timing.setup.tns  timing.setup.wns  snapshot
UM:*                                                                   genus2invs_setup
%# Design Import Complete (07/03 13:02:43, mem=3000.56M)
**WARN: (IMPSE-16):	The feature innovusGenusRestructuring is now a Production feature. The use of 'set_beta_feature innovusGenusRestructuring 1' is no longer required.
There are 0 path_groups defined before optimization.
Configuring iSpatial control settings
Genus has configured non-incremental Spatial flow.
rcp::optimization1_place_opt_design__phys_syn__out_dir___genus2invs__2656251_e6bfadfa_0138_4e05_a668_8ad36fa2dd9afa_top__prefix_invs2genus_final.5982543093144215
place_opt_design -phys_syn -out_dir ./genus2invs__2656251_e6bfadfa-0138-4e05-a668-8ad36fa2dd9afa_top -prefix invs2genus_final
Begin: Design checking
        Checking 'place' category...
        Messages issued during checks:
--------------------------------------------------------------------------------------------------------------------------------------------------------------------------------------------------------
| ID                | Severity  | Count       | Description                                                                                                                                            |
--------------------------------------------------------------------------------------------------------------------------------------------------------------------------------------------------------
| CHKPLC-11         | warning   | 2           | Macro cell <%s> should have a fully covered obstruction.                                                                                               |
| IMPPP-4422        | warning   | 20          | Followpin wire is missing at row (%f %f) (%f %f). Expected wire for %s. This may cause PG connectivity issues for cells that are placed at this locati |
|                   |           |             | on.                                                                                                                                                    |
--------------------------------------------------------------------------------------------------------------------------------------------------------------------------------------------------------
		(Real time: 0:00:02.0, Memory: 3081.0M)

        Checking 'opt' category...
        Messages issued during checks:
------------------------------------------------------------------------------------------------------------------------------------------------------------------------------------------
| ID                | Severity  | Count       | Description                                                                                                                              |
------------------------------------------------------------------------------------------------------------------------------------------------------------------------------------------
| IMPOPT-2901       | warning   | 1           | Design is not placed. Place the design before running                                                                                    |
| IMPOPT-2908       | warning   | 1           | Maximum transition %.3f is too small compared to maximum transition threshold %.3f, this would result in excessive buffering.            |
| IMPOPT-7276       | warning   | 1           | %d instance(s) out of %d are unplaced.                                                                                                   |
| IMPOPT-7285       | warning   | 18          | The net <%s> has more than 500 fanout (%d fanout). Such large fanout nets, if not buffered, can potentially slow down some applications. |
------------------------------------------------------------------------------------------------------------------------------------------------------------------------------------------
		(Real time: 0:00:13.0, Memory: 3256.9M)

**INFO: Identified 0 error(s) and 43 warning(s) during 'check_design -type {place opt}'.
        The details of the error(s) and warning(s) can be found in report './genus2invs__2656251_e6bfadfa-0138-4e05-a668-8ad36fa2dd9afa_top/invs2genus_final_check_design.rpt'
End: Design checking
**INFO: User settings:
setDelayCalMode -engine                             aae
design_bottom_routing_layer                         met1
extract_rc_pre_place_site_size                      3.81
extract_rc_pre_place_wire_length_slope              2.1808
extract_rc_pre_place_wire_length_y0                 0.0026
extract_rc_shrink_factor                            1.0
multibit_aware_seq_mapping                          auto
opt_multi_bit_flop_name_prefix                      CDN_MBIT_
opt_multi_bit_flop_name_separator                   _MB_
opt_multi_bit_flop_opt                              false
opt_remove_redundant_insts                          false
opt_skew                                            true
opt_skew_pre_cts                                    true
opt_spatial_power_driven                            false
place_global_cong_effort                            auto
place_global_place_io_pins                          true
place_global_reorder_scan                           false
getDelayCalMode -engine                             aae
Info: Logic Synthesis step was not run from RTL in this session / on this DB.
Info: Synthesize design with physical option was not run earlier in this session / on this DB.
Info: place_opt_design is not being run for the first time in this session
Info: place_opt_design has been started with standard effort
*** place_opt_design #1 [begin] () : totSession cpu/real = 0:01:09.8/0:00:57.5 (1.2), mem = 3257.0M
No user sequential activity specified, applying default sequential activity of "0.2" for Dynamic Power reporting.
'set_default_switching_activity' finished successfully.
*** Starting GigaPlace ***
-earlyGlobalBlockTracks {}                # string, default="", private
-earlyGlobalCapacityScreen {}             # string, default="", private
There is no track adjustment
Starting low-effort iSpatial flow
#optDebug: fT-E <X 2 3 1 0>
*** GlobalPlace #1 [begin] (place_opt_design #1) : totSession cpu/real = 0:01:10.7/0:00:58.1 (1.2), mem = 3192.1M
**ERROR: (IMPSP-9099):	Scan chains exist in this design but are not defined for 9.35% flops. Placement and timing QoR can be severely impacted in this case!
It is highly recommend to define scan chains either through input scan def (preferred) or create_scan_chain.
**WARN: (IMPEXT-3493):	The design extraction status has been reset by set_analysis_view/update_rc_corner or set_db  command. The parasitic data can be regenerated either by extracting the design using the extract_rc command or by loading the SPEF or RCDB file(s). To prevent resetting of the extraction status, avoid changing extraction modes.
Type 'man IMPEXT-3493' for more detail.
*** Starting delete buffer tree (mem=3196.1M) ***

Buffer/Inverters difference: -2
*** Finished delete buffer tree (cpu=0:00:14.0 real=0:00:04.0 mem=3260.5M) ***
Effort level <high> specified for tdgp_reg2reg_default path_group
INFO: #ExclusiveGroups=0
INFO: There are no Exclusive Groups.
No user-set net weight.
Net fanout histogram:
2		: 118064 (61.7%) nets
3		: 52792 (27.6%) nets
4     -	14	: 17691 (9.2%) nets
15    -	39	: 1869 (1.0%) nets
40    -	79	: 810 (0.4%) nets
80    -	159	: 108 (0.1%) nets
160   -	319	: 20 (0.0%) nets
320   -	639	: 3 (0.0%) nets
640   -	1279	: 3 (0.0%) nets
1280  -	2559	: 11 (0.0%) nets
2560  -	5119	: 3 (0.0%) nets
5120+		: 1 (0.0%) nets
Scan chains were not defined.
#std cell=161648 (0 fixed + 161648 movable) #buf cell=0 #inv cell=7601 #block=87 (0 floating + 87 preplaced)
#ioInst=0 #net=191375 #term=630822 #term/net=3.30, #fixedIo=0, #floatIo=0, #fixedPin=521, #floatPin=0
stdCell: 161648 single + 0 double + 0 multi
Total standard cell length = 676.7482 (mm), area = 2.2536 (mm^2)
Average module density = 0.242.
Density for the design = 0.242.
       = stdcell_area 1409892 sites (2253571 um^2) / alloc_area 5814629 sites (9294103 um^2).
Pin Density = 0.05843.
            = total # of pins 630822 / total area 10796526.
Enabling multi-CPU acceleration with 8 CPU(s) for placement
[spp] 0
Clock gating cells determined by native netlist tracing.
=== lastAutoLevel = 12 
Iteration  1: Total net bbox = 2.081e+07 (9.25e+06 1.16e+07)
              Est.  stn bbox = 2.152e+07 (9.62e+06 1.19e+07)
              cpu = 0:00:05.2 real = 0:00:02.0 mem = 3807.6M
Iteration  2: Total net bbox = 2.081e+07 (9.25e+06 1.16e+07)
              Est.  stn bbox = 2.152e+07 (9.62e+06 1.19e+07)
              cpu = 0:00:00.1 real = 0:00:00.0 mem = 3809.9M
*** Finished SKP initialization (cpu=0:00:46.3, real=0:00:16.0)***
SKP will use view:
  default_emulate_view
Iteration  3: Total net bbox = 1.356e+07 (6.98e+06 6.58e+06)
              Est.  stn bbox = 1.619e+07 (8.28e+06 7.92e+06)
              cpu = 0:03:56 real = 0:00:46.0 mem = 5111.9M
Iteration  4: Total net bbox = 1.534e+07 (6.92e+06 8.43e+06)
              Est.  stn bbox = 1.765e+07 (8.19e+06 9.46e+06)
              cpu = 0:05:09 real = 0:00:46.0 mem = 5493.3M
Iteration  5: Total net bbox = 1.534e+07 (6.92e+06 8.43e+06)
              Est.  stn bbox = 1.765e+07 (8.19e+06 9.46e+06)
              cpu = 0:00:00.0 real = 0:00:00.0 mem = 5493.3M
Iteration  6: Total net bbox = 1.347e+07 (6.13e+06 7.34e+06)
              Est.  stn bbox = 1.586e+07 (7.41e+06 8.45e+06)
              cpu = 0:03:33 real = 0:00:38.0 mem = 5240.3M

Iteration  7: Total net bbox = 1.367e+07 (6.31e+06 7.37e+06)
              Est.  stn bbox = 1.608e+07 (7.59e+06 8.49e+06)
              cpu = 0:00:00.3 real = 0:00:00.0 mem = 5228.7M
Iteration  8: Total net bbox = 1.367e+07 (6.31e+06 7.37e+06)
              Est.  stn bbox = 1.608e+07 (7.59e+06 8.49e+06)
              cpu = 0:00:00.5 real = 0:00:01.0 mem = 5228.7M
Iteration  9: Total net bbox = 1.404e+07 (6.48e+06 7.56e+06)
              Est.  stn bbox = 1.657e+07 (7.84e+06 8.73e+06)
              cpu = 0:03:45 real = 0:00:37.0 mem = 5175.8M
Iteration 10: Total net bbox = 1.404e+07 (6.48e+06 7.56e+06)
              Est.  stn bbox = 1.657e+07 (7.84e+06 8.73e+06)
              cpu = 0:00:00.4 real = 0:00:01.0 mem = 5175.8M
[NR-eGR] Started Early Global Route kernel ( Curr Mem: 2.75 MB )
Iteration 11: Total net bbox = 1.412e+07 (6.54e+06 7.58e+06)
              Est.  stn bbox = 1.671e+07 (7.93e+06 8.78e+06)
              cpu = 0:03:29 real = 0:00:36.0 mem = 5070.8M
Iteration 12: Total net bbox = 1.412e+07 (6.54e+06 7.58e+06)
              Est.  stn bbox = 1.671e+07 (7.93e+06 8.78e+06)
              cpu = 0:00:00.4 real = 0:00:01.0 mem = 5070.8M
Iteration 13: Total net bbox = 1.473e+07 (6.80e+06 7.92e+06)
              Est.  stn bbox = 1.749e+07 (8.30e+06 9.19e+06)
              cpu = 0:06:25 real = 0:01:03 mem = 5104.8M
Iteration 14: Total net bbox = 1.473e+07 (6.80e+06 7.92e+06)
              Est.  stn bbox = 1.749e+07 (8.30e+06 9.19e+06)
              cpu = 0:00:00.5 real = 0:00:01.0 mem = 5104.8M
Iteration 15: Total net bbox = 1.508e+07 (6.95e+06 8.13e+06)
              Est.  stn bbox = 1.781e+07 (8.43e+06 9.38e+06)
              cpu = 0:05:22 real = 0:01:00.0 mem = 5220.0M
Iteration 16: Total net bbox = 1.508e+07 (6.95e+06 8.13e+06)
              Est.  stn bbox = 1.781e+07 (8.43e+06 9.38e+06)
              cpu = 0:00:00.5 real = 0:00:00.0 mem = 5220.0M
Iteration 17: Total net bbox = 1.518e+07 (7.00e+06 8.17e+06)
              Est.  stn bbox = 1.790e+07 (8.48e+06 9.42e+06)
              cpu = 0:02:14 real = 0:00:30.0 mem = 5187.4M
Iteration 18: Total net bbox = 1.518e+07 (7.00e+06 8.17e+06)
              Est.  stn bbox = 1.790e+07 (8.48e+06 9.42e+06)
              cpu = 0:00:00.5 real = 0:00:00.0 mem = 5187.4M
Iteration 19: Total net bbox = 1.549e+07 (7.14e+06 8.35e+06)
              Est.  stn bbox = 1.821e+07 (8.62e+06 9.60e+06)
              cpu = 0:03:23 real = 0:00:49.0 mem = 5516.9M
Iteration 20: Total net bbox = 1.549e+07 (7.14e+06 8.35e+06)
              Est.  stn bbox = 1.821e+07 (8.62e+06 9.60e+06)
              cpu = 0:00:00.5 real = 0:00:01.0 mem = 5518.5M
Iteration 21: Total net bbox = 1.549e+07 (7.14e+06 8.35e+06)
              Est.  stn bbox = 1.821e+07 (8.62e+06 9.60e+06)
              cpu = 0:00:00.6 real = 0:00:00.0 mem = 5518.5M
Finished Global Placement (cpu=0:37:29, real=0:06:56, mem=5518.5M)
Keep Tdgp Graph and DB for later use
Info: 0 clock gating cells identified, 0 (on average) moved 0/11
*** Starting place_detail (0:38:59 mem=4544.4M) ***
Total net bbox length = 1.549e+07 (7.143e+06 8.348e+06) (ext = 8.302e+05)
Move report: Detail placement moved 161615 insts, mean move: 0.15 um, max move: 188.09 um 
	Max move on inst (u_core_u_dot_u_q_sram_g_bank[5].u_bank_rw_rdata_reg[26]): (4125.46, 3323.34) --> (4130.40, 3506.49)
	Runtime: CPU: 0:00:10.9 REAL: 0:00:04.0 MEM: 5002.2MB
Summary Report:
Instances moved: 161615 (out of 161648 movable)
Instances flipped: 20
Mean displacement: 0.15 um
Max displacement: 188.09 um (Instance: u_core_u_dot_u_q_sram_g_bank[5].u_bank_rw_rdata_reg[26]) (4125.46, 3323.34) -> (4130.4, 3506.49)
	Length: 17 sites, height: 1 rows, site name: unit, cell type: sky130_fd_sc_hs__dfxtp_1
Physical-only instances moved: 0 (out of 0 movable physical-only)
Total net bbox length = 1.530e+07 (6.950e+06 8.350e+06) (ext = 8.296e+05)
Runtime: CPU: 0:00:11.4 REAL: 0:00:05.0 MEM: 5002.4MB
*** Finished place_detail (0:39:11 mem=5002.4M) ***
*** Finished Initial Placement (cpu=0:37:45, real=0:07:05, mem=4552.7M) ***
Starting IO pin assignment...
Completed IO pin assignment.
      flow.cputime  flow.realtime  timing.setup.tns  timing.setup.wns  snapshot
UM:*                                                                   final
      flow.cputime  flow.realtime  timing.setup.tns  timing.setup.wns  snapshot
UM:*                                                                   global_place
Effort level <high> specified for tdgp_reg2reg_default path_group

*** Start incrementalPlace ***
No Views given, use default active views for adaptive view pruning
Active views:
  default_emulate_view
[NR-eGR] Read 191375 nets ( ignored 0 )
[NR-eGR] There are 1 clock nets ( 0 with NDR ).
[NR-eGR] Layer group 1: route 191375 net(s) in layer range [2, 6]
[NR-eGR] Early Global Route overflow of layer group 1: 15.13% H + 9.00% V. EstWL: 1.935797e+07um
[NR-eGR] Overflow after Early Global Route 11.93% H + 3.44% V
[NR-eGR] Finished Early Global Route kernel ( CPU: 437.71 sec, Real: 201.45 sec, Curr Mem: 4.18 MB )
Early Global Route congestion estimation runtime: 201.46 seconds, mem = 5094.2M
Local HotSpot Analysis: normalized max congestion hotspot area = 147.17, normalized total congestion hotspot area = 1027.17 (area is in unit of 4 std-cell row bins)
Skipped repairing congestion.
[NR-eGR] Total eGR-routed clock nets wire length: 175664um, number of vias: 50804
[NR-eGR] --------------------------------------------------------------------------
[NR-eGR]               Length (um)     Vias 
[NR-eGR] -----------------------------------
[NR-eGR]  li1   (1V)             0   601540 
[NR-eGR]  met1  (2H)       4832543  1006814 
[NR-eGR]  met2  (3V)       5910878    66004 
[NR-eGR]  met3  (4H)       3052735    60204 
[NR-eGR]  met4  (5V)       3497132    23376 
[NR-eGR]  met5  (6H)       2276051        0 
[NR-eGR] -----------------------------------
[NR-eGR]        Total     19569339  1757938 
[NR-eGR] --------------------------------------------------------------------------
[NR-eGR] Total half perimeter of net bounding box: 15299914um
[NR-eGR] Total length: 19569339um, number of vias: 1757938
[NR-eGR] --------------------------------------------------------------------------
Early Global Route wiring runtime: 2.58 seconds, mem = 5329.7M
0 delay mode for cte disabled.

*** Finished incrementalPlace (cpu=0:07:27, real=0:03:24)***
**ERROR: (IMPSP-9099):	Scan chains exist in this design but are not defined for 9.35% flops. Placement and timing QoR can be severely impacted in this case!
It is highly recommend to define scan chains either through input scan def (preferred) or create_scan_chain.
***** Total cpu  0:45:30
***** Total real time  0:10:35
Tdgp not enabled or already been cleared! skip clearing
**place_design ... cpu = 0:45:30, real = 0:10:36, mem = 4061.5M **
AAE DB initialization (MEM=4094.457031 CPU=0:00:00.0 REAL=0:00:00.0) 
      flow.cputime  flow.realtime  timing.setup.tns  timing.setup.wns  snapshot
UM:*                                                                   final
UM: Running design category ...
      flow.cputime  flow.realtime  timing.setup.tns  timing.setup.wns  snapshot
UM:        2737.47            642                                      place_design
%# Begin ::rcp::generate_route_congestion (07/03 13:13:41, mem=4100.03M)
Will save congestion map file from route /home/hujinzhao/pro/genus_bs1/genus2invs__2656251_e6bfadfa-0138-4e05-a668-8ad36fa2dd9afa_top/invs2genus.route.congestion.gz
Saving congestion map file /home/hujinzhao/pro/genus_bs1/genus2invs__2656251_e6bfadfa-0138-4e05-a668-8ad36fa2dd9afa_top/invs2genus.route.congestion.gz ...
%# End ::rcp::generate_route_congestion (07/03 13:13:42, total cpu=16:00:00, real=16:00:01, peak res=5756.94M, current mem=4100.03M)
*** GlobalPlace #1 [finish] (place_opt_design #1) : cpu/real = 0:45:37.6/0:10:43.2 (4.3), totSession cpu/real = 0:46:48.3/0:11:41.4 (4.0), mem = 4100.0M
Enable CTE adjustment.
Enable Layer aware incrSKP.
**opt_design ... cpu = 0:00:00, real = 0:00:00, mem = 4100.7M, totSessionCpu=0:46:48 **
GigaOpt running with 8 threads.
*** InitOpt #1 [begin] (place_opt_design #1) : totSession cpu/real = 0:46:48.4/0:11:41.4 (4.0), mem = 4100.7M
**INFO: set_db design_flow_effort standard -> setting 'set_db opt_all_end_points true' for the duration of this command.
Updating RC Grid density data for preRoute extraction ...
Initializing multi-corner resistance tables ...
	CornerforLayerOpt timing analysis view default_emulate_view has been selected for calibration 
	CornerforLayerOpt timing analysis view default_emulate_view has been selected for calibration 
AAE DB initialization (MEM=4157.234375 CPU=0:00:00.0 REAL=0:00:00.0) 
**opt_design ... cpu = 0:00:04, real = 0:00:04, mem = 4113.7M, totSessionCpu=0:46:53 **
#optDebug: { P: 90 W: 3201 FE: standard PE: none LDR: 1}
*** opt_design -pre_cts ***
DRC Margin: user margin 0.0; extra margin 0.2
Setup Target Slack: user slack 0; extra slack 0.0
Hold Target Slack: user slack 0
**INFO: The delay profiles based on paritioning incorrect, turning off vt filtering
**WARN: (IMPOPT-3195):	Analysis mode has changed.
Type 'man IMPOPT-3195' for more detail.
**INFO: Using Advanced Metric Collection system.
	CornerforLayerOpt timing analysis view default_emulate_view has been selected for calibration 
	CornerforLayerOpt timing analysis view default_emulate_view has been selected for calibration 
	CornerforLayerOpt timing analysis view default_emulate_view has been selected for calibration 
	CornerforLayerOpt timing analysis view default_emulate_view has been selected for calibration 
[NR-eGR] Started Early Global Route ( Curr Mem: 2.29 MB )
[NR-eGR] Started Early Global Route kernel ( Curr Mem: 2.29 MB )
[NR-eGR] Read 191375 nets ( ignored 0 )
[NR-eGR] There are 1 clock nets ( 0 with NDR ).
[NR-eGR] Layer group 1: route 191375 net(s) in layer range [2, 6]
[NR-eGR] Early Global Route overflow of layer group 1: 21.26% H + 8.96% V. EstWL: 2.084850e+07um
[NR-eGR] Overflow after Early Global Route 15.86% H + 3.87% V
[NR-eGR] Total eGR-routed clock nets wire length: 188394um, number of vias: 50029
[NR-eGR] --------------------------------------------------------------------------
[NR-eGR]               Length (um)     Vias 
[NR-eGR] -----------------------------------
[NR-eGR]  li1   (1V)             0   601540 
[NR-eGR]  met1  (2H)       5213037  1048021 
[NR-eGR]  met2  (3V)       6019204    69854 
[NR-eGR]  met3  (4H)       3331682    71201 
[NR-eGR]  met4  (5V)       3496174    32934 
[NR-eGR]  met5  (6H)       2983631        0 
[NR-eGR] -----------------------------------
[NR-eGR]        Total     21043729  1823550 
[NR-eGR] --------------------------------------------------------------------------
[NR-eGR] Total half perimeter of net bounding box: 15299914um
[NR-eGR] Total length: 21043729um, number of vias: 1823550
[NR-eGR] --------------------------------------------------------------------------
[NR-eGR] Finished Early Global Route kernel ( CPU: 495.14 sec, Real: 232.03 sec, Curr Mem: 3.53 MB )
[NR-eGR] Finished Early Global Route ( CPU: 495.45 sec, Real: 232.34 sec, Curr Mem: 2.46 MB )
Extraction called for design 'fa_top' of instances=161735 and nets=194883 using extraction engine 'pre_route' .
**WARN: (IMPEXT-3530):	The process node is not set. Use the command set_design_mode -process <process node> prior to extraction for maximum accuracy and optimal automatic threshold setting.
Type 'man IMPEXT-3530' for more detail.
pre_route RC Extraction called for design fa_top.
RC Extraction called in multi-corner(1) mode.
**WARN: (IMPEXT-6197):	The Cap table file is not specified. This will result in lower parasitic accuracy when using pre_route extraction or post_route extraction with effort level 'low'. It is recommended to generate the Cap table file using the 'write_cap_table' command and specify it before extraction using 'create_rc_corner/update_rc_corner -cap_table'.
Type 'man IMPEXT-6197' for more detail.
RCMode: PreRoute
      RC Corner Indexes            0   
Capacitance Scaling Factor   : 1.00000 
Resistance Scaling Factor    : 1.00000 
Clock Cap. Scaling Factor    : 1.00000 
Clock Res. Scaling Factor    : 1.00000 
Shrink Factor                : 1.00000
PreRoute extraction is honoring NDR/Shielding/ExtraSpace for clock nets.
Updating RC Grid density data for preRoute extraction ...
Initializing multi-corner resistance tables ...
PreRoute RC Extraction DONE (CPU Time: 0:00:01.8  Real Time: 0:00:02.0  MEM: 4237.680M)
Starting delay calculation for Setup views
AAE_INFO: opIsDesignInPostRouteState() is 0
#################################################################################
# Design Stage: PreRoute
# Design Name: fa_top
# Design Mode: 90nm
# Analysis Mode: MMMC Non-OCV 
# Parasitics Mode: No SPEF/RCDB 
# Signoff Settings: SI Off 
#################################################################################
Calculate delays in Single mode...
Start delay calculation (fullDC) (8 T). (MEM=4383.9)
siFlow : Timing analysis mode is single, using late cdB files
**WARN: (IMPEXT-2882):	Unable to find the resistance for via 'L1M1_PR_MR' in Cap table or LEF or OA files. The default value of 4.0 ohms is being assigned. To avoid this, check the Cap table and LEF and OA files, provide the resistance and read the files again.
**WARN: (IMPEXT-2882):	Unable to find the resistance for via 'M4M5_PR_MR' in Cap table or LEF or OA files. The default value of 4.0 ohms is being assigned. To avoid this, check the Cap table and LEF and OA files, provide the resistance and read the files again.
**WARN: (IMPEXT-2882):	Unable to find the resistance for via 'M3M4_PR_MR' in Cap table or LEF or OA files. The default value of 4.0 ohms is being assigned. To avoid this, check the Cap table and LEF and OA files, provide the resistance and read the files again.
**WARN: (IMPEXT-2882):	Unable to find the resistance for via 'M1M2_PR_MR' in Cap table or LEF or OA files. The default value of 4.0 ohms is being assigned. To avoid this, check the Cap table and LEF and OA files, provide the resistance and read the files again.
**WARN: (IMPEXT-2882):	Unable to find the resistance for via 'M2M3_PR_MR' in Cap table or LEF or OA files. The default value of 4.0 ohms is being assigned. To avoid this, check the Cap table and LEF and OA files, provide the resistance and read the files again.
Total number of fetched objects 194389
AAE_INFO: Total number of nets for which stage creation was skipped for all views 0
End delay calculation. (MEM=4732.64 CPU=0:00:49.7 REAL=0:00:07.0)
End delay calculation (fullDC). (MEM=4681.36 CPU=0:00:57.9 REAL=0:00:09.0)
*** Done Building Timing Graph (cpu=0:01:34 real=0:00:15.0 totSessionCpu=0:56:49 mem=4721.3M)

OptSummary:

------------------------------------------------------------------
             Initial Summary
------------------------------------------------------------------

Setup views included:
 default_emulate_view 

+--------------------+---------+
|     Setup mode     |   all   |
+--------------------+---------+
|           WNS (ns):| -27.545 |
|           TNS (ns):|-84639.1 |
|    Violating Paths:|  10670  |
|          All Paths:|  30601  |
+--------------------+---------+

+----------------+-------------------------------+------------------+
|                |              Real             |       Total      |
|    DRVs        +------------------+------------+------------------|
|                |  Nr nets(terms)  | Worst Vio  |  Nr nets(terms)  |
+----------------+------------------+------------+------------------+
|   max_cap      |   8837 (8837)    |  -22.872   |   8837 (8837)    |
|   max_tran     |  11075 (72344)   |  -27.190   |  11075 (72591)   |
|   max_fanout   |      0 (0)       |     0      |      0 (0)       |
|   max_length   |      0 (0)       |     0      |      0 (0)       |
+----------------+------------------+------------+------------------+

Density: 24.200%
------------------------------------------------------------------
**opt_design ... cpu = 0:10:06, real = 0:04:20, mem = 4468.3M, totSessionCpu=0:56:54 **
Begin: Reporting instances with restriction 
+--------------------------------------------------------------------------------------------------------------------------------------------------------+
|          |                                        |           All        |      Sequential      | Combinational(Data Path) | Combinational(Clock Path) |
| Category |                      Detailed Reasons  +-------------+--------+-------------+--------+-------------+------------+-------------+-------------|
|          |                                        |   Count     |   %    |    Count    |   %    |   Count     |     %      |    Count    |      %      |
|----------+----------------------------------------+-------------+--------+-------------+--------+-------------+------------+-------------+-------------|
|  Library | cell for instance is not standard cell |          87 |   0.05 |          87 |   0.49 |           0 |       0.00 |           0 |        -nan | 
|          |                                    All |          87 |   0.05 |          87 |   0.49 |           0 |       0.00 |           0 |        -nan | 
|----------+----------------------------------------+-------------+--------+-------------+--------+-------------+------------+-------------+-------------|
|      All |                                    All |          87 |   0.05 |          87 |   0.49 |           0 |       0.00 |           0 |        -nan | 
+--------------------------------------------------------------------------------------------------------------------------------------------------------+
End: Reporting instances with restriction 
*** InitOpt #1 [finish] (place_opt_design #1) : cpu/real = 0:10:06.5/0:04:21.3 (2.3), totSession cpu/real = 0:56:54.9/0:16:02.7 (3.5), mem = 4468.3M
** INFO : this run is activating medium effort placeOptDesign flow
*** ExcludedClockNetOpt #1 [begin] (place_opt_design #1) : totSession cpu/real = 0:56:57.4/0:16:04.5 (3.5), mem = 4475.2M
*** Starting optimizing excluded clock nets MEM= 4475.2M) ***
*info: No excluded clock nets to be optimized.
*** Finished optimizing excluded clock nets (CPU Time= 0:00:00.0  MEM= 4475.4M) ***
*** ExcludedClockNetOpt #1 [finish] (place_opt_design #1) : cpu/real = 0:00:00.0/0:00:00.0 (0.0), totSession cpu/real = 0:56:57.4/0:16:04.5 (3.5), mem = 4475.4M
The useful skew maximum allowed delay is: 0.3
Running new flow changes for HFN
Begin: GigaOpt high fanout net optimization
GigaOpt HFN: use maxLocalDensity 1.2
GigaOpt Checkpoint: Internal optDRV -useLevelizedBufferTreeOnly -auxMaxFanoutCountLimit 500 -largeScaleFixing -maxIter 1 -maxLocalDensity 1.2 -numThreads 8 -preCTS -preRouteDontEndWithRefinePlaceIncrSteinerRouteDC
*** DrvOpt #1 [begin] (place_opt_design #1) : totSession cpu/real = 0:57:18.3/0:16:10.5 (3.5), mem = 4498.1M
Info: 1 clock net  excluded from IPO operation.

Footprint cell information for calculating maxBufDist
*info: There are 10 candidate Buffer cells
*info: There are 12 candidate Inverter cells

	CornerforLayerOpt timing analysis view default_emulate_view has been selected for calibration 
	CornerforLayerOpt timing analysis view default_emulate_view has been selected for calibration 
	CornerforLayerOpt timing analysis view default_emulate_view has been selected for calibration 
	CornerforLayerOpt timing analysis view default_emulate_view has been selected for calibration 
Dumping Information for Job ...
**WARN: (IMPOPT-7330):	Net rst_n has fanout exceed delaycal_use_default_delay_limit 1000, max-tran violations may increase due to buffering.

Dumping Information for Job ...
**WARN: (IMPOPT-7330):	Net u_core_n_13164 has fanout exceed delaycal_use_default_delay_limit 1000, max-tran violations may increase due to buffering.

Dumping Information for Job ...
**WARN: (IMPOPT-7330):	Net u_core_n_42597 has fanout exceed delaycal_use_default_delay_limit 1000, max-tran violations may increase due to buffering.

Dumping Information for Job ...
**WARN: (IMPOPT-7330):	Net u_core_u_update/rd_alpha_pipe[1][15] has fanout exceed delaycal_use_default_delay_limit 1000, max-tran violations may increase due to buffering.

Dumping Information for Job ...
**WARN: (IMPOPT-7330):	Net u_core_u_update/rd_alpha_pipe[1][13] has fanout exceed delaycal_use_default_delay_limit 1000, max-tran violations may increase due to buffering.

Dumping Information for Job ...
**WARN: (IMPOPT-7330):	Net u_core_u_update/rd_alpha_pipe[1][11] has fanout exceed delaycal_use_default_delay_limit 1000, max-tran violations may increase due to buffering.

Dumping Information for Job ...
**WARN: (IMPOPT-7330):	Net u_core_u_update/rd_alpha_pipe[1][9] has fanout exceed delaycal_use_default_delay_limit 1000, max-tran violations may increase due to buffering.

Dumping Information for Job ...
**WARN: (IMPOPT-7330):	Net u_core_u_update/rd_alpha_pipe[1][7] has fanout exceed delaycal_use_default_delay_limit 1000, max-tran violations may increase due to buffering.

Dumping Information for Job ...
**WARN: (IMPOPT-7330):	Net u_core_u_update/rd_alpha_pipe[1][5] has fanout exceed delaycal_use_default_delay_limit 1000, max-tran violations may increase due to buffering.

Dumping Information for Job ...
**WARN: (IMPOPT-7330):	Net u_core_u_update/rd_alpha_pipe[1][3] has fanout exceed delaycal_use_default_delay_limit 1000, max-tran violations may increase due to buffering.

Dumping Information for Job ...
**WARN: (IMPOPT-7330):	Net u_core_u_update/rd_alpha_pipe[1][1] has fanout exceed delaycal_use_default_delay_limit 1000, max-tran violations may increase due to buffering.

Dumping Information for Job ...
**WARN: (IMPOPT-7330):	Net u_core_u_update/mul_409_84_I25_n_51 has fanout exceed delaycal_use_default_delay_limit 1000, max-tran violations may increase due to buffering.

Dumping Information for Job ...
**WARN: (IMPOPT-7330):	Net u_core_u_update/n_0 has fanout exceed delaycal_use_default_delay_limit 1000, max-tran violations may increase due to buffering.

Dumping Information for Job ...
**WARN: (IMPOPT-7330):	Net u_core_u_update/n_4 has fanout exceed delaycal_use_default_delay_limit 1000, max-tran violations may increase due to buffering.

Dumping Information for Job ...
**WARN: (IMPOPT-7330):	Net u_core_u_update/n_54 has fanout exceed delaycal_use_default_delay_limit 1000, max-tran violations may increase due to buffering.

Dumping Information for Job ...
**WARN: (IMPOPT-7330):	Net u_core_u_update/n_8289 has fanout exceed delaycal_use_default_delay_limit 1000, max-tran violations may increase due to buffering.

#InfoCS: Num dontuse cells 9, Num usable cells 389, Num real usable cells 383
+---------+---------+--------+----------+------------+--------+
| Density | Commits |  WNS   |   TNS    |    Real    |  Mem   |
+---------+---------+--------+----------+------------+--------+
|   24.25%|        -| -27.545|-84639.088|   0:00:00.0| 4525.9M|
Dumping Information for Job ...
**WARN: (IMPOPT-7330):	Net rst_n has fanout exceed delaycal_use_default_delay_limit 1000, max-tran violations may increase due to buffering.

Dumping Information for Job ...
**WARN: (IMPOPT-7330):	Net u_core_n_13164 has fanout exceed delaycal_use_default_delay_limit 1000, max-tran violations may increase due to buffering.

Dumping Information for Job ...
**WARN: (IMPOPT-7330):	Net u_core_n_42597 has fanout exceed delaycal_use_default_delay_limit 1000, max-tran violations may increase due to buffering.

Dumping Information for Job ...
**WARN: (EMS-27):	Message (IMPOPT-7330) has exceeded the current message display limit of 20.
To increase the message display limit, refer to the product command reference manual.

Dumping Information for Job ...
**WARN: (EMS-27):	Message (IMPOPT-7330) has exceeded the current message display limit of 20.
To increase the message display limit, refer to the product command reference manual.

Dumping Information for Job ...
**WARN: (EMS-27):	Message (IMPOPT-7330) has exceeded the current message display limit of 20.
To increase the message display limit, refer to the product command reference manual.

Dumping Information for Job ...
**WARN: (EMS-27):	Message (IMPOPT-7330) has exceeded the current message display limit of 20.
To increase the message display limit, refer to the product command reference manual.

Dumping Information for Job ...
**WARN: (EMS-27):	Message (IMPOPT-7330) has exceeded the current message display limit of 20.
To increase the message display limit, refer to the product command reference manual.

Dumping Information for Job ...
**WARN: (EMS-27):	Message (IMPOPT-7330) has exceeded the current message display limit of 20.
To increase the message display limit, refer to the product command reference manual.

Dumping Information for Job ...
**WARN: (EMS-27):	Message (IMPOPT-7330) has exceeded the current message display limit of 20.
To increase the message display limit, refer to the product command reference manual.

Dumping Information for Job ...
**WARN: (IMPOPT-7330):	Net u_core_u_update/rd_alpha_pipe[1][1] has fanout exceed delaycal_use_default_delay_limit 1000, max-tran violations may increase due to buffering.

|   24.33%|      991| -27.567|-84584.264|   0:00:05.0| 4773.7M|
+---------+---------+--------+----------+------------+--------+

*** Finish pre-CTS High Fanout Net Fixing (cpu=0:00:22.7 real=0:00:05.0 mem=4773.7M) ***
**** Begin Transform Statistics ****
+-------------------------------+-------+-----------+------------+------------+----------+----------+----------+--------+--------------+--------------+------------------+
|                      Transform| Called| Pre Filter| Filter Eval| Detail Eval| Committed|       CPU| CommitCPU| Density| Leakage Power| Dynamic Power| buffers/inverters|
+-------------------------------+-------+-----------+------------+------------+----------+----------+----------+--------+--------------+--------------+------------------+
| highLevelizedBufferingPreRoute|     17|         17|          17|          17|        17| 0:00:02.2| 0:00:00.9|   0.085|      0.000000|      0.000000|           346/645|
+-------------------------------+-------+-----------+------------+------------+----------+----------+----------+--------+--------------+--------------+------------------+
**** End Transform Statistics ****
Bottom Preferred Layer:
    None
Via Pillar Rule:
    None


=======================================================================
                Reasons for remaining drv violations
=======================================================================
*info: Total 11 net(s) were new nets created by previous iteration of DRV buffering. Further DRV fixing might remove some violations.


Change summary: 346/645 (0) buffers/inverters were added (deleted) and 0 instance was resized.
*** DrvOpt #1 [finish] (place_opt_design #1) : cpu/real = 0:00:36.9/0:00:11.5 (3.2), totSession cpu/real = 0:57:55.2/0:16:22.1 (3.5), mem = 4604.8M
GigaOpt HFN: restore maxLocalDensity to 1.2
End: GigaOpt high fanout net optimization
Begin: GigaOpt DRV Optimization
[GPS-DRV] number of DCLS groups: 0; maxIter: 2
GigaOpt Checkpoint: Internal optDRV -max_tran -max_cap -maxLocalDensity 1.2 -numThreads 8 -largeScaleFixing -maxIter 2 -preCTS -preRouteDontEndWithRefinePlaceIncrSteinerRouteDC
*** DrvOpt #2 [begin] (place_opt_design #1) : totSession cpu/real = 0:57:57.4/0:16:23.6 (3.5), mem = 4597.2M
Info: 1 clock net  excluded from IPO operation.
	CornerforLayerOpt timing analysis view default_emulate_view has been selected for calibration 
	CornerforLayerOpt timing analysis view default_emulate_view has been selected for calibration 
	CornerforLayerOpt timing analysis view default_emulate_view has been selected for calibration 
	CornerforLayerOpt timing analysis view default_emulate_view has been selected for calibration 
#InfoCS: Num dontuse cells 9, Num usable cells 389, Num real usable cells 383
+-------------------------------------------------------------------------------------------------------------------------------------------------------+
|        max-tran       |        max-cap        |  max-fanout |  max-length |       setup       |        |        |        |       |          |         |
+-------------------------------------------------------------------------------------------------------------------------------------------------------+
| nets | terms|  wViol  | nets | terms|  wViol  | nets | terms| nets | terms|   WNS   |   TNS   |  #Buf  |  #Inv  | #Resize|Density|   Real   |   Mem   |
+-------------------------------------------------------------------------------------------------------------------------------------------------------+
| 13195| 93840|   -27.29| 10457| 10457|    -2.87|     0|     0|     0|     0|   -27.57|-84584.26|       0|       0|       0| 24.33%|          |         |
|  1501|  2154|    -1.03|   113|   113|    -0.13|     0|     0|     0|     0|    -6.10|-17236.76|   12151|    6151|    1232| 26.03%| 0:00:26.0|  4939.5M|
|   695|   731|    -1.23|    45|    45|    -0.12|     0|     0|     0|     0|    -6.10|-17062.32|     566|     184|    1275| 26.18%| 0:00:03.0|  4941.6M|
+-------------------------------------------------------------------------------------------------------------------------------------------------------+
**** Begin Transform Statistics ****
+-----------------------+-------+-----------+------------+------------+----------+----------+----------+--------+--------------+--------------+------------------+------------------------+
|              Transform| Called| Pre Filter| Filter Eval| Detail Eval| Committed|       CPU| CommitCPU| Density| Leakage Power| Dynamic Power| buffers/inverters| Resize Tot/FF/HghtIncFF|
+-----------------------+-------+-----------+------------+------------+----------+----------+----------+--------+--------------+--------------+------------------+------------------------+
| multiBufferDRVPreRoute|  18407|      18407|       13156|       13136|     13115| 0:00:55.1| 0:00:05.7|   1.844|      0.000000|      0.000000|        12717/6335|                2507/0/0|
+-----------------------+-------+-----------+------------+------------+----------+----------+----------+--------+--------------+--------------+------------------+------------------------+
**** End Transform Statistics ****
Bottom Preferred Layer:
+-------------+------------+----------+
|    Layer    |   OPT_LA   |   Rule   |
+-------------+------------+----------+
| met3 (z=4)  |          5 | default  |
| met4 (z=5)  |         22 | default  |
+-------------+------------+----------+
Via Pillar Rule:
    None


=======================================================================
                Reasons for remaining drv violations
=======================================================================
*info: Total 169 net(s) have violations which can't be fixed by DRV optimization.

MultiBuffering failure reasons
------------------------------------------------
*info:     1 net(s): Could not be fixed because NBF Dyn Prog step has found no solution.
*info:    40 net(s): Could not be fixed because no legal loc allow overlap.
*info:     2 net(s): Could not be fixed because usable cell area larger than available area.

*info: Total 567 net(s) were new nets created by previous iteration of DRV buffering. Further DRV fixing might remove some violations.

*info: detailed failure reason files are generated below
*info: 	./genus2invs__2656251_e6bfadfa-0138-4e05-a668-8ad36fa2dd9afa_top/drvFailureReason/invs2genus_final.preCts.2.maxTran
*info: 	./genus2invs__2656251_e6bfadfa-0138-4e05-a668-8ad36fa2dd9afa_top/drvFailureReason/invs2genus_final.preCts.2.maxCap


Change summary: 12717/6335 (0) buffers/inverters were added (deleted) and 2507 instances were resized.

*** Finish DRV Fixing (cpu=0:02:31 real=0:00:30.0 mem=4941.7M) ***

*** DrvOpt #2 [finish] (place_opt_design #1) : cpu/real = 0:02:42.4/0:00:35.9 (4.5), totSession cpu/real = 1:00:39.8/0:16:59.4 (3.6), mem = 4674.8M
End: GigaOpt DRV Optimization
**opt_design ... cpu = 0:13:51, real = 0:05:18, mem = 4665.6M, totSessionCpu=1:00:40 **

Active setup views:
 default_emulate_view
  Dominating endpoints: 0
  Dominating TNS: -0.000

Begin: GigaOpt Global Optimization
*info: use new DP (enabled)
Global Opt: maxLocalDensity 1.2 (from dbgIPOMaxLocalDensity=1.2, optModeMaxLocDen=1.2)
GigaOpt Checkpoint: Internal globalOpt -maxLocalDensity 1.2 -numThreads 8 -preCTS -rebufferAll -preRouteDontEndWithRefinePlaceIncrSteinerRouteDC -enableHighLayerOpt -maxIter 50 -maxIterForLEPG 50
Info: 1 clock net  excluded from IPO operation.
*** GlobalOpt #1 [begin] (place_opt_design #1) : totSession cpu/real = 1:00:42.5/0:17:02.0 (3.6), mem = 4680.3M
*info: 1 clock net excluded
*info: 405 no-driver nets excluded.
#InfoCS: Num dontuse cells 9, Num usable cells 389, Num real usable cells 383
** GigaOpt Global Opt WNS Slack -6.103  TNS Slack -17062.319 
+--------+----------+---------+------------+--------+--------------------+---------+----------------------------------------------------+
|  WNS   |   TNS    | Density |    Real    |  Mem   |     Worst View     |Pathgroup|                     End Point                      |
+--------+----------+---------+------------+--------+--------------------+---------+----------------------------------------------------+
|  -6.103|-17062.319|   26.18%|   0:00:00.0| 4718.8M|default_emulate_view|  default| u_core_u_update/v_mul_reg_reg[0][31]/D             |
|  -2.296| -2927.206|   26.39%|   0:00:24.0| 5223.9M|default_emulate_view|  default| u_core_u_update/l_product_reg_reg[63]/D            |
|  -1.998| -2263.810|   26.48%|   0:00:14.0| 5390.8M|default_emulate_view|  default| u_core_u_update/acc_mul_reg_reg[27][63]/D          |
|  -1.998| -2263.810|   26.48%|   0:00:03.0| 5421.8M|default_emulate_view|  default| u_core_u_update/acc_mul_reg_reg[27][63]/D          |
|  -1.770| -1562.071|   26.56%|   0:00:11.0| 5424.3M|default_emulate_view|  default| u_core_u_update/acc_mul_reg_reg[22][63]/D          |
|  -1.475| -1179.640|   26.57%|   0:00:16.0| 5426.6M|default_emulate_view|  default| u_core_u_update/v_mul_reg_reg[4][32]/D             |
|  -1.348| -1032.952|   26.60%|   0:00:06.0| 5427.8M|default_emulate_view|  default| u_core_u_update/v_mul_reg_reg[1][31]/D             |
|  -1.348| -1032.952|   26.60%|   0:00:02.0| 5430.3M|default_emulate_view|  default| u_core_u_update/v_mul_reg_reg[1][31]/D             |
|  -1.269|  -865.354|   26.63%|   0:00:03.0| 5430.5M|default_emulate_view|  default| u_core_u_update/acc_mul_reg_reg[1][63]/D           |
|  -1.107|  -790.099|   26.64%|   0:00:10.0| 5454.6M|default_emulate_view|  default| u_core_u_update/v_mul_reg_reg[26][32]/D            |
|  -1.087|  -687.542|   26.66%|   0:00:04.0| 5454.6M|default_emulate_view|  default| u_core_u_update/v_mul_reg_reg[17][32]/D            |
|  -1.087|  -687.542|   26.66%|   0:00:02.0| 5454.9M|default_emulate_view|  default| u_core_u_update/v_mul_reg_reg[17][32]/D            |
|  -1.070|  -625.942|   26.68%|   0:00:03.0| 5454.2M|default_emulate_view|  default| u_core_u_update/v_mul_reg_reg[0][31]/D             |
|  -1.045|  -546.716|   26.69%|   0:00:09.0| 5463.2M|default_emulate_view|  default| u_core_u_update/v_mul_reg_reg[1][31]/D             |
|  -0.953|  -474.328|   26.71%|   0:00:05.0| 5462.0M|default_emulate_view|  default| u_core_u_update/v_mul_reg_reg[31][32]/D            |
|  -0.953|  -474.328|   26.71%|   0:00:01.0| 5463.6M|default_emulate_view|  default| u_core_u_update/v_mul_reg_reg[31][32]/D            |
|  -0.932|  -439.892|   26.73%|   0:00:03.0| 5463.4M|default_emulate_view|  default| u_core_u_update/v_mul_reg_reg[31][32]/D            |
|  -0.932|  -412.502|   26.74%|   0:00:09.0| 5458.4M|default_emulate_view|  default| u_core_u_update/v_mul_reg_reg[31][32]/D            |
|  -0.932|  -374.669|   26.76%|   0:00:05.0| 5464.8M|default_emulate_view|  default| u_core_u_update/v_mul_reg_reg[31][32]/D            |
|  -0.932|  -374.669|   26.76%|   0:00:01.0| 5464.9M|default_emulate_view|  default| u_core_u_update/v_mul_reg_reg[31][32]/D            |
|  -0.932|  -360.436|   26.78%|   0:00:02.0| 5464.6M|default_emulate_view|  default| u_core_u_update/v_mul_reg_reg[31][32]/D            |
|  -0.932|  -360.762|   26.79%|   0:00:08.0| 5465.1M|default_emulate_view|  default| u_core_u_update/v_mul_reg_reg[31][32]/D            |
|  -0.932|  -328.671|   26.80%|   0:00:04.0| 5465.9M|default_emulate_view|  default| u_core_u_update/v_mul_reg_reg[31][32]/D            |
|  -0.932|  -328.671|   26.80%|   0:00:01.0| 5466.5M|default_emulate_view|  default| u_core_u_update/v_mul_reg_reg[31][32]/D            |
|  -0.932|  -315.171|   26.82%|   0:00:02.0| 5467.0M|default_emulate_view|  default| u_core_u_update/v_mul_reg_reg[31][32]/D            |
|  -0.908|  -310.738|   26.82%|   0:00:08.0| 5453.6M|default_emulate_view|  default| u_core_u_update/v_mul_reg_reg[26][32]/D            |
|  -0.912|  -288.573|   26.84%|   0:00:03.0| 5465.6M|default_emulate_view|  default| u_core_u_update/v_mul_reg_reg[26][32]/D            |
|  -0.912|  -288.573|   26.84%|   0:00:01.0| 5468.6M|default_emulate_view|  default| u_core_u_update/v_mul_reg_reg[26][32]/D            |
|  -0.912|  -277.124|   26.86%|   0:00:03.0| 5468.9M|default_emulate_view|  default| u_core_u_update/v_mul_reg_reg[26][32]/D            |
|  -0.884|  -271.356|   26.86%|   0:00:06.0| 5477.2M|default_emulate_view|  default| u_core_u_update/v_mul_reg_reg[26][32]/D            |
|  -0.884|  -267.949|   26.88%|   0:00:03.0| 5476.0M|default_emulate_view|  default| u_core_u_update/v_mul_reg_reg[26][32]/D            |
|  -0.884|  -267.949|   26.88%|   0:00:01.0| 5475.7M|default_emulate_view|  default| u_core_u_update/v_mul_reg_reg[26][32]/D            |
|  -0.874|  -244.277|   26.90%|   0:00:04.0| 5475.5M|default_emulate_view|  default| u_core_u_update/v_mul_reg_reg[31][32]/D            |
|  -0.851|  -223.881|   26.86%|   0:00:10.0| 5473.6M|default_emulate_view|  default| u_core_u_update/v_mul_reg_reg[26][32]/D            |
+--------+----------+---------+------------+--------+--------------------+---------+----------------------------------------------------+

*** Finish pre-CTS Global Setup Fixing (cpu=0:18:54 real=0:03:07 mem=5473.6M) ***

*** Finish pre-CTS Setup Fixing (cpu=0:18:54 real=0:03:07 mem=5473.6M) ***
**** Begin Transform Statistics ****
+---------------------------------------------+-------+-----------+------------+------------+----------+----------+----------+--------+--------------+--------------+-------+------------------+------------------------+
|                                    Transform| Called| Pre Filter| Filter Eval| Detail Eval| Committed|       CPU| CommitCPU| Density| Leakage Power| Dynamic Power| Delete| buffers/inverters| Resize Tot/FF/HghtIncFF|
+---------------------------------------------+-------+-----------+------------+------------+----------+----------+----------+--------+--------------+--------------+-------+------------------+------------------------+
| optFanoutRebufferAdaptativeLargeTreePreRoute|   5194|       5194|        4913|        2356|      1954| 0:00:52.7| 0:00:02.1|   0.211|      0.000000|      0.000000|   3903|         2144/2729|                 361/0/0|
|         optFanoutBuffAdaptativeLayerPreRoute| 104318|     104318|        9026|        6664|      2928|   0:02:23| 0:00:01.6|   0.218|      0.000000|      0.000000|     NA|           1635/90|                1957/0/0|
|                        RouteTypeAssignResize| 112103|          0|           0|           0|         0| 0:00:00.6| 0:00:00.0|   0.000|      0.000000|      0.000000|     NA|                NA|                      NA|
|                                   FastResize| 108715|     108715|       13015|           0|      4745| 0:00:58.8| 0:00:00.3|   0.244|      0.000000|      0.000000|     NA|                NA|             4745/1109/0|
| optFanoutRebufferAdaptativeSmallTreePreRoute|   7291|       7291|        7282|        3126|      1431|   0:02:44| 0:00:02.4|   0.055|      0.000000|      0.000000|   3378|         2083/2311|                 444/0/0|
|           optFanoutPreRouteHighLayerRebuffer|   2726|       2726|        1359|         538|       306| 0:00:39.7| 0:00:00.6|  -0.041|      0.000000|      0.000000|    737|           283/370|                  94/0/0|
+---------------------------------------------+-------+-----------+------------+------------+----------+----------+----------+--------+--------------+--------------+-------+------------------+------------------------+
**** End Transform Statistics ****
Bottom Preferred Layer:
+-------------+------------+----------+
|    Layer    |   OPT_LA   |   Rule   |
+-------------+------------+----------+
| met3 (z=4)  |        191 | default  |
| met4 (z=5)  |         57 | default  |
+-------------+------------+----------+
Via Pillar Rule:
    None

Change summary: 6145/5500 (8018) buffers/inverters were added (deleted) and 7601 instances were resized.
** GigaOpt Global Opt End WNS Slack -0.851  TNS Slack -223.881 
*** GlobalOpt #1 [finish] (place_opt_design #1) : cpu/real = 0:19:06.4/0:03:15.4 (5.9), totSession cpu/real = 1:19:48.9/0:20:17.4 (3.9), mem = 4880.6M
Global Opt: restore maxLocalDensity to 1.2
End: GigaOpt Global Optimization
*** Timing NOT met, worst failing slack is -0.851
*** Check timing (0:00:00.0)
GigaOpt Checkpoint: Internal reclaim -numThreads 8 -preCTS -force -doRemoveUselessTerm -tgtSlackMult 3 -routeType -noRouteTypeResizePolish -noViewPrune -weedwhack -nonLegal -nativePathGroupFlow -SimpCCIn -GCompAndPhase
Info: 1 clock net  excluded from IPO operation.
Begin: Area Reclaim Optimization
#InfoCS: Num dontuse cells 9, Num usable cells 389, Num real usable cells 383
*** AreaOpt #1 [begin] (place_opt_design #1) : totSession cpu/real = 1:19:52.3/0:20:19.7 (3.9), mem = 4888.4M
Reclaim Optimization WNS Slack -0.851  TNS Slack -223.881 Density 26.86
Reclaim Target Slack 0.000 Fastest Clock Period 5.000 StdDelay is 0.03530 Standard Cell Height 3.330um
+---------+---------+--------+--------+------------+--------+
| Density | Commits |  WNS   |  TNS   |    Real    |  Mem   |
+---------+---------+--------+--------+------------+--------+
|   26.86%|        -|  -0.851|-223.881|   0:00:00.0| 4908.5M|
|   26.86%|       25|  -0.851|-223.881|   0:00:02.0| 4965.9M|
|   26.61%|     1906|  -0.851|-223.847|   0:00:10.0| 5009.9M|
|   26.46%|     3674|  -0.843|-224.991|   0:00:13.0| 5081.7M|
|   26.45%|      177|  -0.843|-225.001|   0:00:03.0| 5082.0M|
|   26.45%|       12|  -0.843|-225.001|   0:00:00.0| 5082.0M|
|   26.45%|        0|  -0.843|-225.001|   0:00:01.0| 5082.0M|
|   26.45%|        1|  -0.843|-225.001|   0:00:01.0| 5082.0M|
+---------+---------+--------+--------+------------+--------+
Reclaim Optimization End WNS Slack -0.843  TNS Slack -225.001 Density 26.45
**** Begin Transform Statistics ****
+---------------------------------------------------+-------+-----------+------------+------------+----------+----------+----------+--------+--------------+--------------+-------+------------------------+
|                                          Transform| Called| Pre Filter| Filter Eval| Detail Eval| Committed|       CPU| CommitCPU| Density| Leakage Power| Dynamic Power| Delete| Resize Tot/FF/HghtIncFF|
+---------------------------------------------------+-------+-----------+------------+------------+----------+----------+----------+--------+--------------+--------------+-------+------------------------+
| RouteTypeReclaimResizeWithLayerAssignmentTransform|    468|        468|          29|          28|        26| 0:00:01.1| 0:00:00.0|   0.000|      0.000000|      0.000000|     NA|                      NA|
|                                ReclaimDeleteBuffer| 185318|      11913|        1622|        1622|      1620| 0:00:15.9| 0:00:01.1|  -0.017|      0.000000|      0.000000|   1620|                      NA|
|                                     ReclaimDeclone| 183696|       1131|         292|         292|       286| 0:00:07.4| 0:00:00.3|  -0.040|      0.000000|      0.000000|     NA|                      NA|
|                                      ReclaimResize| 189474|     189474|        3869|         158|      3863| 0:00:11.4| 0:00:00.2|  -0.177|      0.000000|      0.000000|     NA|              4368/198/0|
+---------------------------------------------------+-------+-----------+------------+------------+----------+----------+----------+--------+--------------+--------------+-------+------------------------+
**** End Transform Statistics ****
Bottom Preferred Layer:
+-------------+------------+----------+
|    Layer    |   OPT_LA   |   Rule   |
+-------------+------------+----------+
| met3 (z=4)  |        183 | default  |
| met4 (z=5)  |         36 | default  |
+-------------+------------+----------+
Via Pillar Rule:
    None

Number of times islegalLocAvaiable called = 0 skipped = 0, called in commitmove = 0, skipped in commitmove = 0
End: Core Area Reclaim Optimization (cpu = 0:02:09) (real = 0:00:35.0) **
*** AreaOpt #1 [finish] (place_opt_design #1) : cpu/real = 0:02:09.4/0:00:34.9 (3.7), totSession cpu/real = 1:22:01.7/0:20:54.6 (3.9), mem = 5082.1M
Executing incremental physical updates
Executing incremental physical updates
End: Area Reclaim Optimization (cpu=0:02:10, real=0:00:35, mem=4893.37M, totSessionCpu=1:22:02).
*** Timing NOT met, worst failing slack is -0.843
*** Check timing (0:00:00.3)
Begin: GigaOpt Optimization in TNS mode
GigaOpt Checkpoint: Internal optTiming -allEndPoints -maxLocalDensity 1.2 -maxLocalDensityForHardenOpt 1.2 -numThreads 8 -preCTS -lowEffort -pgMode all -nativePathGroupFlow -skipLowEffortCategoryOptimization -qftns -ftns -nonLegalPlaceEcoBumpRecoveryInTNSOpt -ipoTgtSlackCoef 0 -effTgtSlackCoef 0
Info: 1 clock net  excluded from IPO operation.
*** TnsOpt #1 [begin] (place_opt_design #1) : totSession cpu/real = 1:22:29.9/0:21:00.7 (3.9), mem = 4911.3M
*info: 1 clock net excluded
*info: 405 no-driver nets excluded.
#InfoCS: Num dontuse cells 9, Num usable cells 389, Num real usable cells 383
** GigaOpt Optimizer WNS Slack -0.843 TNS Slack -225.001 Density 26.45
OptDebug: Start of Optimizer TNS Pass:
+----------+------+--------+
|Path Group|   WNS|     TNS|
+----------+------+--------+
|default   | 0.011|   0.000|
|reg2reg   |-0.843|-225.001|
|HEPG      |-0.843|-225.001|
|All Paths |-0.843|-225.001|
+----------+------+--------+

Active Path Group: reg2reg  
+--------+---------+--------+---------+---------+------------+--------+--------------------+---------+----------------------------------------------------+
|  WNS   | All WNS |  TNS   | All TNS | Density |    Real    |  Mem   |     Worst View     |Pathgroup|                     End Point                      |
+--------+---------+--------+---------+---------+------------+--------+--------------------+---------+----------------------------------------------------+
|  -0.843|   -0.843|-225.001| -225.001|   26.45%|   0:00:00.0| 4946.3M|default_emulate_view|  reg2reg| u_core_u_update/v_mul_reg_reg[26][32]/D            |
|  -0.813|   -0.813|-224.908| -224.908|   26.45%|   0:00:01.0| 5114.4M|default_emulate_view|  reg2reg| u_core_u_update/v_mul_reg_reg[26][32]/D            |
|  -0.772|   -0.772|-225.794| -225.794|   26.45%|   0:00:00.0| 5197.8M|default_emulate_view|  reg2reg| u_core_u_update/v_mul_reg_reg[26][32]/D            |
|  -0.736|   -0.736|-211.512| -211.512|   26.46%|   0:00:01.0| 5377.5M|default_emulate_view|  reg2reg| u_core_u_update/v_mul_reg_reg[26][32]/D            |
|  -0.683|   -0.683|-203.198| -203.198|   26.46%|   0:00:01.0| 5386.5M|default_emulate_view|  reg2reg| u_core_u_update/v_mul_reg_reg[18][31]/D            |
|  -0.632|   -0.632|-194.204| -194.204|   26.46%|   0:00:01.0| 5406.3M|default_emulate_view|  reg2reg| u_core_u_update/v_mul_reg_reg[3][31]/D             |
|  -0.621|   -0.621|-184.970| -184.970|   26.46%|   0:00:02.0| 5498.4M|default_emulate_view|  reg2reg| u_core_u_update/v_mul_reg_reg[18][31]/D            |
|  -0.602|   -0.602|-181.683| -181.683|   26.46%|   0:00:00.0| 5499.4M|default_emulate_view|  reg2reg| u_core_u_update/v_mul_reg_reg[18][31]/D            |
|  -0.559|   -0.559|-172.833| -172.833|   26.46%|   0:00:01.0| 5599.1M|default_emulate_view|  reg2reg| u_core_u_update/v_mul_reg_reg[30][31]/D            |
|  -0.500|   -0.500|-161.385| -161.385|   26.46%|   0:00:01.0| 5633.8M|default_emulate_view|  reg2reg| u_core_u_update/v_mul_reg_reg[20][32]/D            |
|  -0.483|   -0.483|-143.474| -143.474|   26.47%|   0:00:01.0| 5634.6M|default_emulate_view|  reg2reg| u_core_u_update/v_mul_reg_reg[11][32]/D            |
|  -0.442|   -0.442|-132.477| -132.477|   26.47%|   0:00:01.0| 5634.9M|default_emulate_view|  reg2reg| u_core_u_update/acc_mul_reg_reg[27][63]/D          |
|  -0.427|   -0.427|-116.697| -116.697|   26.48%|   0:00:02.0| 5688.7M|default_emulate_view|  reg2reg| u_core_u_update/v_mul_reg_reg[19][32]/D            |
|  -0.393|   -0.393|-105.890| -105.890|   26.48%|   0:00:00.0| 5689.0M|default_emulate_view|  reg2reg| u_core_u_update/v_mul_reg_reg[19][32]/D            |
|  -0.363|   -0.363| -91.516|  -91.516|   26.49%|   0:00:01.0| 5690.6M|default_emulate_view|  reg2reg| u_core_u_update/v_mul_reg_reg[27][32]/D            |
|  -0.355|   -0.355| -78.603|  -78.603|   26.50%|   0:00:02.0| 5705.4M|default_emulate_view|  reg2reg| u_core_u_update/v_mul_reg_reg[27][32]/D            |
|  -0.323|   -0.323| -72.890|  -72.890|   26.51%|   0:00:00.0| 5705.5M|default_emulate_view|  reg2reg| u_core_u_update/v_mul_reg_reg[27][32]/D            |
|  -0.321|   -0.321| -60.375|  -60.375|   26.52%|   0:00:01.0| 5707.4M|default_emulate_view|  reg2reg| u_core_u_update/v_mul_reg_reg[31][32]/D            |
|  -0.302|   -0.302| -57.260|  -57.260|   26.52%|   0:00:00.0| 5707.4M|default_emulate_view|  reg2reg| u_core_u_update/v_mul_reg_reg[27][32]/D            |
|  -0.301|   -0.301| -48.840|  -48.840|   26.54%|   0:00:01.0| 5707.8M|default_emulate_view|  reg2reg| u_core_u_update/v_mul_reg_reg[27][32]/D            |
|  -0.292|   -0.292| -48.655|  -48.655|   26.54%|   0:00:00.0| 5707.8M|default_emulate_view|  reg2reg| u_core_u_update/v_mul_reg_reg[27][32]/D            |
|  -0.280|   -0.280| -45.675|  -45.675|   26.54%|   0:00:01.0| 5708.0M|default_emulate_view|  reg2reg| u_core_u_update/v_mul_reg_reg[27][32]/D            |
|  -0.267|   -0.267| -42.101|  -42.101|   26.55%|   0:00:00.0| 5708.0M|default_emulate_view|  reg2reg| u_core_u_update/v_mul_reg_reg[27][32]/D            |
|  -0.266|   -0.266| -39.452|  -39.452|   26.56%|   0:00:01.0| 5708.2M|default_emulate_view|  reg2reg| u_core_u_update/v_mul_reg_reg[27][32]/D            |
|  -0.253|   -0.253| -39.343|  -39.343|   26.56%|   0:00:00.0| 5708.2M|default_emulate_view|  reg2reg| u_core_u_update/v_mul_reg_reg[27][32]/D            |
|  -0.253|   -0.253| -36.861|  -36.861|   26.57%|   0:00:01.0| 5708.5M|default_emulate_view|  reg2reg| u_core_u_update/v_mul_reg_reg[27][32]/D            |
|  -0.242|   -0.242| -36.829|  -36.829|   26.57%|   0:00:00.0| 5708.5M|default_emulate_view|  reg2reg| u_core_u_update/v_mul_reg_reg[27][32]/D            |
|  -0.242|   -0.242| -33.430|  -33.430|   26.58%|   0:00:01.0| 5709.0M|default_emulate_view|  reg2reg| u_core_u_update/v_mul_reg_reg[27][32]/D            |
|  -0.234|   -0.234| -33.368|  -33.368|   26.58%|   0:00:00.0| 5708.9M|default_emulate_view|  reg2reg| u_core_u_update/v_mul_reg_reg[27][32]/D            |
|  -0.231|   -0.231| -30.913|  -30.913|   26.59%|   0:00:01.0| 5709.0M|default_emulate_view|  reg2reg| u_core_u_update/v_mul_reg_reg[31][32]/D            |
|  -0.218|   -0.218| -28.878|  -28.878|   26.60%|   0:00:02.0| 5711.2M|default_emulate_view|  reg2reg| u_core_u_update/v_mul_reg_reg[31][32]/D            |
|  -0.206|   -0.206| -25.936|  -25.936|   26.61%|   0:00:01.0| 5711.8M|default_emulate_view|  reg2reg| u_core_u_update/v_mul_reg_reg[27][32]/D            |
|  -0.198|   -0.198| -23.619|  -23.619|   26.63%|   0:00:00.0| 5712.2M|default_emulate_view|  reg2reg| u_core_u_update/v_mul_reg_reg[27][32]/D            |
|  -0.193|   -0.193| -22.672|  -22.672|   26.64%|   0:00:01.0| 5712.8M|default_emulate_view|  reg2reg| u_core_u_update/v_mul_reg_reg[27][32]/D            |
|  -0.189|   -0.189| -21.224|  -21.224|   26.65%|   0:00:01.0| 5713.0M|default_emulate_view|  reg2reg| u_core_u_update/v_mul_reg_reg[27][32]/D            |
|  -0.186|   -0.186| -20.091|  -20.091|   26.65%|   0:00:00.0| 5712.8M|default_emulate_view|  reg2reg| u_core_u_update/v_mul_reg_reg[31][32]/D            |
|  -0.184|   -0.184| -19.466|  -19.466|   26.66%|   0:00:01.0| 5712.8M|default_emulate_view|  reg2reg| u_core_u_update/v_mul_reg_reg[31][32]/D            |
|  -0.184|   -0.184| -19.140|  -19.140|   26.66%|   0:00:00.0| 5712.6M|default_emulate_view|  reg2reg| u_core_u_update/v_mul_reg_reg[31][32]/D            |
|  -0.184|   -0.184| -19.128|  -19.128|   26.66%|   0:00:00.0| 5712.3M|default_emulate_view|  reg2reg| u_core_u_update/v_mul_reg_reg[31][32]/D            |
|  -0.184|   -0.184| -19.019|  -19.019|   26.66%|   0:00:01.0| 5712.3M|default_emulate_view|  reg2reg| u_core_u_update/v_mul_reg_reg[31][32]/D            |
|  -0.184|   -0.184| -14.125|  -14.125|   26.69%|   0:00:01.0| 5712.6M|default_emulate_view|  reg2reg| u_core_u_update/v_mul_reg_reg[30][31]/D            |
|  -0.184|   -0.184| -12.434|  -12.434|   26.71%|   0:00:02.0| 5712.8M|default_emulate_view|  reg2reg| u_core_u_update/v_mul_reg_reg[30][31]/D            |
|  -0.184|   -0.184| -10.657|  -10.657|   26.73%|   0:00:01.0| 5713.2M|default_emulate_view|  reg2reg| u_core_u_update/v_mul_reg_reg[30][31]/D            |
|  -0.184|   -0.184|  -9.958|   -9.958|   26.75%|   0:00:01.0| 5713.3M|default_emulate_view|  reg2reg| u_core_u_update/v_mul_reg_reg[27][30]/D            |
|  -0.184|   -0.184|  -9.358|   -9.358|   26.77%|   0:00:01.0| 5713.5M|default_emulate_view|  reg2reg| u_core_u_update/v_mul_reg_reg[30][31]/D            |
|  -0.185|   -0.185|  -8.708|   -8.708|   26.78%|   0:00:01.0| 5713.9M|default_emulate_view|  reg2reg| u_core_u_update/v_mul_reg_reg[30][31]/D            |
|  -0.185|   -0.185|  -8.057|   -8.057|   26.79%|   0:00:00.0| 5714.0M|default_emulate_view|  reg2reg| u_core_u_update/v_mul_reg_reg[30][31]/D            |
|  -0.185|   -0.185|  -8.005|   -8.005|   26.79%|   0:00:01.0| 5714.1M|default_emulate_view|  reg2reg| u_core_u_update/v_mul_reg_reg[30][31]/D            |
|  -0.185|   -0.185|  -6.146|   -6.146|   26.82%|   0:00:01.0| 5714.3M|default_emulate_view|  reg2reg| u_core_u_update/v_mul_reg_reg[26][32]/D            |
|  -0.185|   -0.185|  -5.306|   -5.306|   26.85%|   0:00:02.0| 5714.4M|default_emulate_view|  reg2reg| u_core_u_update/acc_mul_reg_reg[10][63]/D          |
|  -0.185|   -0.185|  -4.817|   -4.817|   26.87%|   0:00:01.0| 5714.0M|default_emulate_view|  reg2reg| u_core_u_update/v_mul_reg_reg[27][27]/D            |
|  -0.185|   -0.185|  -4.431|   -4.431|   26.88%|   0:00:00.0| 5714.3M|default_emulate_view|  reg2reg| u_core_u_update/v_mul_reg_reg[27][27]/D            |
|  -0.185|   -0.185|  -4.275|   -4.275|   26.90%|   0:00:01.0| 5714.8M|default_emulate_view|  reg2reg| u_core_u_update/v_mul_reg_reg[27][27]/D            |
|  -0.185|   -0.185|  -4.247|   -4.247|   26.90%|   0:00:00.0| 5715.1M|default_emulate_view|  reg2reg| u_core_u_update/v_mul_reg_reg[27][27]/D            |
|  -0.185|   -0.185|  -3.532|   -3.532|   26.92%|   0:00:02.0| 5714.8M|default_emulate_view|  reg2reg| u_core_u_update/acc_mul_reg_reg[27][62]/D          |
|  -0.185|   -0.185|  -3.271|   -3.271|   26.93%|   0:00:01.0| 5714.2M|default_emulate_view|  reg2reg| u_core_u_update/v_mul_reg_reg[30][29]/D            |
|  -0.185|   -0.185|  -3.212|   -3.212|   26.94%|   0:00:00.0| 5714.3M|default_emulate_view|  reg2reg| u_core_u_update/v_mul_reg_reg[30][29]/D            |
|  -0.185|   -0.185|  -3.211|   -3.211|   26.94%|   0:00:00.0| 5714.3M|default_emulate_view|  reg2reg| u_core_u_update/v_mul_reg_reg[30][29]/D            |
|  -0.185|   -0.185|  -3.152|   -3.152|   26.94%|   0:00:01.0| 5714.4M|default_emulate_view|  reg2reg| u_core_u_update/v_mul_reg_reg[3][32]/D             |
|  -0.185|   -0.185|  -3.150|   -3.150|   26.95%|   0:00:00.0| 5714.4M|default_emulate_view|  reg2reg| u_core_u_update/v_mul_reg_reg[3][32]/D             |
|  -0.185|   -0.185|  -3.148|   -3.148|   26.95%|   0:00:00.0| 5714.4M|default_emulate_view|  reg2reg| u_core_u_update/v_mul_reg_reg[3][32]/D             |
|  -0.185|   -0.185|  -3.148|   -3.148|   26.95%|   0:00:00.0| 5714.5M|default_emulate_view|  reg2reg| u_core_u_update/v_mul_reg_reg[31][32]/D            |
+--------+---------+--------+---------+---------+------------+--------+--------------------+---------+----------------------------------------------------+

*** Finish Core Optimize Step (cpu=0:04:02 real=0:00:46.0 mem=5714.5M) ***

*** Finished Optimize Step Cumulative (cpu=0:04:55 real=0:00:55.0 mem=5716.5M) ***
OptDebug: End of Optimizer TNS Pass:
+----------+------+------+
|Path Group|   WNS|   TNS|
+----------+------+------+
|default   | 0.011| 0.000|
|reg2reg   |-0.185|-3.148|
|HEPG      |-0.185|-3.148|
|All Paths |-0.185|-3.148|
+----------+------+------+

*** Finished re-routing un-routed nets (5345.0M) ***

*** Finish Physical Update (cpu=0:00:04.7 real=0:00:03.0 mem=5351.8M) ***
** GigaOpt Optimizer WNS Slack -0.185 TNS Slack -3.148 Density 26.95
OptDebug: End of Setup Fixing:
+----------+------+------+
|Path Group|   WNS|   TNS|
+----------+------+------+
|default   | 0.011| 0.000|
|reg2reg   |-0.185|-3.148|
|HEPG      |-0.185|-3.148|
|All Paths |-0.185|-3.148|
+----------+------+------+

**** Begin Transform Statistics ****
+-----------------------------+-------+-----------+------------+------------+----------+----------+----------+--------+--------------+--------------+-------+------------------+------------------------+
|                    Transform| Called| Pre Filter| Filter Eval| Detail Eval| Committed|       CPU| CommitCPU| Density| Leakage Power| Dynamic Power| Delete| buffers/inverters| Resize Tot/FF/HghtIncFF|
+-----------------------------+-------+-----------+------------+------------+----------+----------+----------+--------+--------------+--------------+-------+------------------+------------------------+
|                    remapGate|  11145|       5628|        4027|        2558|      1529|   0:01:05| 0:00:01.6|   0.347|      0.000000|      0.000000|     NA|                NA|                      NA|
|             rebufferPreRoute|   1439|       1410|         476|         121|        68| 0:00:39.0| 0:00:00.2|   0.007|      0.000000|      0.000000|    217|           161/192|                  11/0/0|
|              lowEffortResize|  10709|      10502|        5126|        2415|      1494| 0:00:32.5| 0:00:00.1|   0.092|      0.000000|      0.000000|     NA|                NA|                1494/3/0|
| MultiBufferLowEffortPreRoute|    949|        925|         254|          73|        27| 0:00:06.5| 0:00:00.0|   0.004|      0.000000|      0.000000|     NA|              28/2|                      NA|
|          DeleteBufInvTreeTNS|    854|         94|          94|           2|         2| 0:00:03.2| 0:00:00.0|  -0.000|      0.000000|      0.000000|     NA|                NA|                      NA|
|             bufToInvPreRoute|    799|        211|          16|           1|         1| 0:00:01.8| 0:00:00.0|   0.001|      0.000000|      0.000000|     NA|                NA|                  26/0/0|
|                 DeleteBuffer|    855|         57|          57|           2|         1| 0:00:01.4| 0:00:00.0|  -0.000|      0.000000|      0.000000|     NA|                NA|                      NA|
|        RouteTypeAssignResize|  10709|          0|           0|           0|         0| 0:00:00.1| 0:00:00.0|   0.000|      0.000000|      0.000000|     NA|                NA|                      NA|
+-----------------------------+-------+-----------+------------+------------+----------+----------+----------+--------+--------------+--------------+-------+------------------+------------------------+
**** End Transform Statistics ****
Bottom Preferred Layer:
+-------------+------------+----------+
|    Layer    |   OPT_LA   |   Rule   |
+-------------+------------+----------+
| met3 (z=4)  |        181 | default  |
| met4 (z=5)  |         38 | default  |
+-------------+------------+----------+
Via Pillar Rule:
    None

*** Finish pre-CTS Setup Fixing (cpu=0:05:05 real=0:01:02 mem=5353.0M) ***

**** Begin Polishing Statistics ****
 #NodeCalled:190; #SubnwCalled:0(#candNode:0); #PassFilter:119; #PassDetailEval:112; #FailedDetailEval:11; #FilterCandSol:219; #CPU:0:00:00.7; #transformCPU:0:00:00.6
**** End Polishing Statistics ****
*** TnsOpt #1 [finish] (place_opt_design #1) : cpu/real = 0:05:12.2/0:01:07.0 (4.7), totSession cpu/real = 1:27:42.1/0:22:07.8 (4.0), mem = 5064.4M
End: GigaOpt Optimization in TNS mode
*** Timing NOT met, worst failing slack is -0.185
*** Check timing (0:00:00.0)
Begin: GigaOpt Optimization in WNS mode
GigaOpt Checkpoint: Internal optTiming -maxLocalDensity 1.2 -maxLocalDensityForHardenOpt 1.2 -numThreads 8 -preCTS -wtns -pgMode all -ipoTgtSlackCoef 1.5 -effTgtSlackCoef 1 -nativePathGroupFlow -NDROptEffortAuto -usefulSkew -nonLegalPlaceEcoBumpRecoveryInWNSOpt
Info: 1 clock net  excluded from IPO operation.
*** WnsOpt #1 [begin] (place_opt_design #1) : totSession cpu/real = 1:27:43.8/0:22:09.4 (4.0), mem = 5047.9M
*info: 1 clock net excluded
*info: 405 no-driver nets excluded.
#InfoCS: Num dontuse cells 9, Num usable cells 389, Num real usable cells 383
** GigaOpt Optimizer WNS Slack -0.185 TNS Slack -3.148 Density 26.95
OptDebug: Start of Optimizer WNS Pass 0:
+----------+------+------+
|Path Group|   WNS|   TNS|
+----------+------+------+
|default   | 0.011| 0.000|
|reg2reg   |-0.185|-3.148|
|HEPG      |-0.185|-3.148|
|All Paths |-0.185|-3.148|
+----------+------+------+

Active Path Group: reg2reg  
+--------+---------+--------+---------+---------+------------+--------+--------------------+---------+----------------------------------------------------+
|  WNS   | All WNS |  TNS   | All TNS | Density |    Real    |  Mem   |     Worst View     |Pathgroup|                     End Point                      |
+--------+---------+--------+---------+---------+------------+--------+--------------------+---------+----------------------------------------------------+
|  -0.185|   -0.185|  -3.148|   -3.148|   26.95%|   0:00:00.0| 5095.2M|default_emulate_view|  reg2reg| u_core_u_update/v_mul_reg_reg[31][32]/D            |
|  -0.165|   -0.165|  -2.961|   -2.961|   26.95%|   0:00:00.0| 5196.3M|default_emulate_view|  reg2reg| u_core_u_update/v_mul_reg_reg[27][32]/D            |
|  -0.117|   -0.117|  -3.083|   -3.083|   26.95%|   0:00:00.0| 5245.4M|default_emulate_view|  reg2reg| u_core_u_update/v_mul_reg_reg[30][31]/D            |
|  -0.098|   -0.098|  -2.629|   -2.629|   26.95%|   0:00:00.0| 5339.1M|default_emulate_view|  reg2reg| u_core_u_update/acc_mul_reg_reg[2][63]/D           |
|  -0.070|   -0.070|  -2.159|   -2.159|   26.95%|   0:00:01.0| 5366.1M|default_emulate_view|  reg2reg| u_core_u_update/v_mul_reg_reg[27][29]/D            |
|  -0.055|   -0.055|  -1.539|   -1.539|   26.95%|   0:00:00.0| 5402.5M|default_emulate_view|  reg2reg| u_core_u_update/acc_mul_reg_reg[10][63]/D          |
|  -0.037|   -0.037|  -1.154|   -1.154|   26.96%|   0:00:01.0| 5463.4M|default_emulate_view|  reg2reg| u_core_u_update/acc_mul_reg_reg[12][63]/D          |
|  -0.033|   -0.033|  -0.557|   -0.557|   26.97%|   0:00:01.0| 5494.8M|default_emulate_view|  reg2reg| u_core_u_update/acc_mul_reg_reg[8][63]/D           |
|  -0.017|   -0.017|  -0.371|   -0.371|   26.97%|   0:00:01.0| 5495.8M|default_emulate_view|  reg2reg| u_core_u_update/acc_mul_reg_reg[6][63]/D           |
|  -0.014|   -0.014|  -0.058|   -0.058|   26.99%|   0:00:01.0| 5634.9M|default_emulate_view|  reg2reg| u_core_u_update/acc_mul_reg_reg[27][63]/D          |
|  -0.023|   -0.023|  -0.043|   -0.043|   27.00%|   0:00:02.0| 5636.3M|default_emulate_view|  reg2reg| u_core_u_update/acc_mul_reg_reg[27][63]/D          |
|  -0.015|   -0.015|  -0.022|   -0.022|   27.00%|   0:00:00.0| 5636.3M|default_emulate_view|  reg2reg| u_core_u_update/acc_mul_reg_reg[27][63]/D          |
|  -0.004|   -0.004|  -0.007|   -0.007|   27.00%|   0:00:01.0| 5641.2M|default_emulate_view|  reg2reg| u_core_u_update/v_mul_reg_reg[19][32]/D            |
|   0.005|    0.005|   0.000|    0.000|   27.02%|   0:00:01.0| 5642.4M|default_emulate_view|  reg2reg| u_core_u_update/acc_mul_reg_reg[11][63]/D          |
|   0.013|    0.011|   0.000|    0.000|   27.03%|   0:00:01.0| 5643.0M|default_emulate_view|  reg2reg| u_core_u_update/v_mul_reg_reg[31][32]/D            |
|   0.013|    0.011|   0.000|    0.000|   27.04%|   0:00:03.0| 5644.8M|default_emulate_view|  reg2reg| u_core_u_update/acc_mul_reg_reg[9][63]/D           |
|   0.024|    0.011|   0.000|    0.000|   27.05%|   0:00:00.0| 5644.8M|default_emulate_view|  reg2reg| u_core_u_update/acc_mul_reg_reg[2][63]/D           |
|   0.036|    0.011|   0.000|    0.000|   27.07%|   0:00:02.0| 5646.2M|default_emulate_view|  reg2reg| u_core_u_update/v_mul_reg_reg[30][31]/D            |
|   0.036|    0.011|   0.000|    0.000|   27.07%|   0:00:00.0| 5646.2M|default_emulate_view|  reg2reg| u_core_u_update/v_mul_reg_reg[30][31]/D            |
+--------+---------+--------+---------+---------+------------+--------+--------------------+---------+----------------------------------------------------+

*** Finish Core Optimize Step (cpu=0:01:15 real=0:00:15.0 mem=5646.2M) ***
Active Path Group: default 
+--------+---------+--------+---------+---------+------------+--------+--------------------+---------+----------------------------------------------------+
|  WNS   | All WNS |  TNS   | All TNS | Density |    Real    |  Mem   |     Worst View     |Pathgroup|                     End Point                      |
+--------+---------+--------+---------+---------+------------+--------+--------------------+---------+----------------------------------------------------+
|   0.011|    0.011|   0.000|    0.000|   27.07%|   0:00:00.0| 5648.7M|default_emulate_view|  default| u_core_u_update/fin_acc_rsp_data_reg[84]/D         |
|   0.047|    0.036|   0.000|    0.000|   27.07%|   0:00:00.0| 5648.8M|default_emulate_view|  default| u_core_u_update/u_acc_sram_g_bank[4].u_bank_rd_dat |
|        |         |        |         |         |            |        |                    |         | a_reg[37]/D                                        |
|   0.047|    0.036|   0.000|    0.000|   27.07%|   0:00:00.0| 5648.8M|default_emulate_view|  default| u_core_u_update/u_acc_sram_g_bank[4].u_bank_rd_dat |
|        |         |        |         |         |            |        |                    |         | a_reg[37]/D                                        |
+--------+---------+--------+---------+---------+------------+--------+--------------------+---------+----------------------------------------------------+

*** Finish Core Optimize Step (cpu=0:00:00.7 real=0:00:00.0 mem=5648.8M) ***

*** Finished Optimize Step Cumulative (cpu=0:01:28 real=0:00:19.0 mem=5648.8M) ***
OptDebug: End of Optimizer WNS Pass 0:
+----------+-----+-----+
|Path Group|  WNS|  TNS|
+----------+-----+-----+
|default   |0.047|0.000|
|reg2reg   |0.036|0.000|
|HEPG      |0.036|0.000|
|All Paths |0.036|0.000|
+----------+-----+-----+

** GigaOpt Optimizer WNS Slack 0.036 TNS Slack 0.000 Density 27.07
** GigaOpt Optimizer WNS Slack 0.036 TNS Slack 0.000 Density 27.07
** GigaOpt Optimizer WNS Slack 0.036 TNS Slack 0.000 Density 27.07
** GigaOpt Optimizer WNS Slack 0.036 TNS Slack 0.000 Density 27.07
OptDebug: End of Setup Fixing:
+----------+-----+-----+
|Path Group|  WNS|  TNS|
+----------+-----+-----+
|default   |0.047|0.000|
|reg2reg   |0.036|0.000|
|HEPG      |0.036|0.000|
|All Paths |0.036|0.000|
+----------+-----+-----+

**** Begin Transform Statistics ****
+----------------------------------+-------+-----------+------------+------------+----------+----------+----------+--------+--------------+--------------+------------------+------------------------+
|                         Transform| Called| Pre Filter| Filter Eval| Detail Eval| Committed|       CPU| CommitCPU| Density| Leakage Power| Dynamic Power| buffers/inverters| Resize Tot/FF/HghtIncFF|
+----------------------------------+-------+-----------+------------+------------+----------+----------+----------+--------+--------------+--------------+------------------+------------------------+
|                         remapGate|   2979|       1517|        1164|         594|       376| 0:00:13.8| 0:00:00.4|   0.059|      0.000000|      0.000000|                NA|                      NA|
|                   lowEffortResize|   3210|       3210|        1441|        1063|       650| 0:00:10.0| 0:00:00.1|   0.043|      0.000000|      0.000000|                NA|                 650/7/0|
|      MultiBufferLowEffortPreRoute|    934|        920|         328|         121|        83| 0:00:08.2| 0:00:00.0|   0.015|      0.000000|      0.000000|             97/12|                      NA|
|                  DeleteBufInvTree|   1096|        169|         169|           5|         1| 0:00:07.4| 0:00:00.0|  -0.000|      0.000000|      0.000000|                NA|                      NA|
|                  rebufferPreRoute|      5|          5|           7|           0|         0| 0:00:02.3| 0:00:00.0|   0.000|      0.000000|      0.000000|                NA|                      NA|
|                      DeleteBuffer|   1099|         83|          83|           4|         2| 0:00:02.1| 0:00:00.0|  -0.000|      0.000000|      0.000000|                NA|                      NA|
|        rebufferPreRouteHighEffort|      3|          3|           9|           0|         0| 0:00:00.7| 0:00:00.0|   0.000|      0.000000|      0.000000|                NA|                      NA|
|                      SingleBuffer|     11|         11|           7|           2|         0| 0:00:00.6| 0:00:00.0|   0.000|      0.000000|      0.000000|                NA|                      NA|
|   SeqPathBalanceNonLegalTransform|    158|         10|           0|           0|         0| 0:00:00.2| 0:00:00.0|   0.000|      0.000000|      0.000000|                NA|                      NA|
|                         DupDriver|     13|          7|           7|           2|         0| 0:00:00.2| 0:00:00.0|   0.000|      0.000000|      0.000000|                NA|                      NA|
|   MultipleOutputGateDecomposition|    118|        113|          10|           4|         3| 0:00:00.2| 0:00:00.0|   0.001|      0.000001|      0.000000|                NA|                      NA|
|    booleanWithPolishingLow0Effort|     22|         20|           5|           5|         0| 0:00:00.2| 0:00:00.0|   0.000|      0.000000|      0.000000|                NA|                      NA|
|                 GateRecomposition|     59|         56|           0|           0|         0| 0:00:00.1| 0:00:00.0|   0.000|      0.000000|      0.000000|                NA|                      NA|
|              ResizeMultipleFanout|      9|          9|           6|           4|         0| 0:00:00.1| 0:00:00.0|   0.000|      0.000000|      0.000000|                NA|                      NA|
|    booleanWithPolishingHighEffort|      3|          2|           0|           0|         0| 0:00:00.0| 0:00:00.0|   0.000|      0.000000|      0.000000|                NA|                      NA|
|         rebufferPreRouteHighLayer|      3|          0|           0|           0|         0| 0:00:00.0| 0:00:00.0|   0.000|      0.000000|      0.000000|                NA|                      NA|
|   RouteTypeAssignResizeHighEffort|      3|          0|           0|           0|         0| 0:00:00.0| 0:00:00.0|   0.000|      0.000000|      0.000000|                NA|                      NA|
|      GateCompositionDecomposition|      3|          2|           1|           0|         0| 0:00:00.0| 0:00:00.0|   0.000|      0.000000|      0.000000|                NA|                      NA|
|                 GateDecomposition|      3|          2|           1|           0|         0| 0:00:00.0| 0:00:00.0|   0.000|      0.000000|      0.000000|                NA|                      NA|
|                   GateComposition|      3|          2|           1|           0|         0| 0:00:00.0| 0:00:00.0|   0.000|      0.000000|      0.000000|                NA|                      NA|
|            remapConeWithPolishing|      3|          1|           0|           0|         0| 0:00:00.0| 0:00:00.0|   0.000|      0.000000|      0.000000|                NA|                      NA|
|            PathCompactionNonLegal|      3|          3|           0|           0|         0| 0:00:00.0| 0:00:00.0|   0.000|      0.000000|      0.000000|                NA|                      NA|
|     MultiBufferHighEffortPreRoute|      3|          3|           0|           0|         0| 0:00:00.0| 0:00:00.0|   0.000|      0.000000|      0.000000|                NA|                      NA|
|                GateCompositionTwo|      3|          2|           1|           0|         0| 0:00:00.0| 0:00:00.0|   0.000|      0.000000|      0.000000|                NA|                      NA|
|                  XorDecomposition|      3|          2|           0|           0|         0| 0:00:00.0| 0:00:00.0|   0.000|      0.000000|      0.000000|                NA|                      NA|
|       XorCompositionDecomposition|      3|          2|           0|           0|         0| 0:00:00.0| 0:00:00.0|   0.000|      0.000000|      0.000000|                NA|                      NA|
|                             Phase|      3|          2|           1|           0|         0| 0:00:00.0| 0:00:00.0|   0.000|      0.000000|      0.000000|                NA|                      NA|
| booleanWithPolishingMedium0Effort|      3|          2|           0|           0|         0| 0:00:00.0| 0:00:00.0|   0.000|      0.000000|      0.000000|                NA|                      NA|
|                           PinSwap|      5|          2|           0|           0|         0| 0:00:00.0| 0:00:00.0|   0.000|      0.000000|      0.000000|                NA|                      NA|
|               FaninSizingImproved|      5|          1|           1|           0|         0| 0:00:00.0| 0:00:00.0|   0.000|      0.000000|      0.000000|                NA|                      NA|
|                  bufToInvPreRoute|      5|          3|           0|           0|         0| 0:00:00.0| 0:00:00.0|   0.000|      0.000000|      0.000000|                NA|                      NA|
|          CombPathBalanceTransform|      5|          2|           0|           0|         0| 0:00:00.0| 0:00:00.0|   0.000|      0.000000|      0.000000|                NA|                      NA|
|        topomapWithPolishingMedium|      5|          0|           0|           0|         0| 0:00:00.0| 0:00:00.0|   0.000|      0.000000|      0.000000|                NA|                      NA|
|            remapGateWithPolishing|      5|          2|           1|           0|         0| 0:00:00.0| 0:00:00.0|   0.000|      0.000000|      0.000000|                NA|                      NA|
|                     mergeInputInv|      5|          0|           0|           0|         0| 0:00:00.0| 0:00:00.0|   0.000|      0.000000|      0.000000|                NA|                      NA|
|                          mergeInv|      5|          0|           0|           0|         0| 0:00:00.0| 0:00:00.0|   0.000|      0.000000|      0.000000|                NA|                      NA|
|             RouteTypeAssignResize|   3210|          0|           0|           0|         0| 0:00:00.0| 0:00:00.0|   0.000|      0.000000|      0.000000|                NA|                      NA|
+----------------------------------+-------+-----------+------------+------------+----------+----------+----------+--------+--------------+--------------+------------------+------------------------+
**** End Transform Statistics ****
Bottom Preferred Layer:
+-------------+------------+----------+
|    Layer    |   OPT_LA   |   Rule   |
+-------------+------------+----------+
| met3 (z=4)  |        176 | default  |
| met4 (z=5)  |         43 | default  |
+-------------+------------+----------+
Via Pillar Rule:
    None

*** Finish pre-CTS Setup Fixing (cpu=0:01:35 real=0:00:23.0 mem=5649.2M) ***

**** Begin Polishing Statistics ****
 #NodeCalled:474; #SubnwCalled:172(#candNode:660); #PassFilter:329; #PassDetailEval:286; #FailedDetailEval:91; #FilterCandSol:592; #CPU:0:00:01.9; #transformCPU:0:00:01.6
**** End Polishing Statistics ****
*** WnsOpt #1 [finish] (place_opt_design #1) : cpu/real = 0:01:42.4/0:00:29.3 (3.5), totSession cpu/real = 1:29:26.2/0:22:38.7 (3.9), mem = 5075.7M
End: GigaOpt Optimization in WNS mode
[NR-eGR] Started Early Global Route ( Curr Mem: 3.95 MB )
[NR-eGR] Started Early Global Route kernel ( Curr Mem: 3.95 MB )
[NR-eGR] Read 219611 nets ( ignored 0 )
**WARN: (IMPPSP-2001):	There are 73 pins inside GCell located around position 3611.39 3777.89. This can make Early Global Router work slower, please verify if those pins are correctly placed.
[NR-eGR] There are 1 clock nets ( 0 with NDR ).
[NR-eGR] Started Multi-thread eGR-Steiner ( 8threads ) ( Curr Mem: 5.03 MB )
[NR-eGR] Finished Multi-thread eGR-Steiner ( 8threads ) ( CPU: 3.45 sec, Real: 0.54 sec, Curr Mem: 5.08 MB )
[NR-eGR] Total eGR-routed clock nets wire length: 177567um, number of vias: 40620
[NR-eGR] --------------------------------------------------------------------------
[NR-eGR]               Length (um)     Vias 
[NR-eGR] -----------------------------------
[NR-eGR]  li1   (1V)             0   660235 
[NR-eGR]  met1  (2H)       7144204   775520 
[NR-eGR]  met2  (3V)       8223253    19338 
[NR-eGR]  met3  (4H)        600012    21307 
[NR-eGR]  met4  (5V)       1279372    17654 
[NR-eGR]  met5  (6H)       1749288        0 
[NR-eGR] -----------------------------------
[NR-eGR]        Total     18996129  1494054 
[NR-eGR] --------------------------------------------------------------------------
[NR-eGR] Total half perimeter of net bounding box: 17888040um
[NR-eGR] Total length: 18996129um, number of vias: 1494054
[NR-eGR] --------------------------------------------------------------------------
[NR-eGR] Finished Early Global Route kernel ( CPU: 14.16 sec, Real: 8.82 sec, Curr Mem: 4.67 MB )
[NR-eGR] Finished Early Global Route ( CPU: 14.33 sec, Real: 8.99 sec, Curr Mem: 3.24 MB )
Extraction called for design 'fa_top' of instances=190643 and nets=223118 using extraction engine 'pre_route' .
**WARN: (IMPEXT-3530):	The process node is not set. Use the command set_design_mode -process <process node> prior to extraction for maximum accuracy and optimal automatic threshold setting.
Type 'man IMPEXT-3530' for more detail.
pre_route RC Extraction called for design fa_top.
RC Extraction called in multi-corner(1) mode.
**WARN: (IMPEXT-6197):	The Cap table file is not specified. This will result in lower parasitic accuracy when using pre_route extraction or post_route extraction with effort level 'low'. It is recommended to generate the Cap table file using the 'write_cap_table' command and specify it before extraction using 'create_rc_corner/update_rc_corner -cap_table'.
Type 'man IMPEXT-6197' for more detail.
RCMode: PreRoute
      RC Corner Indexes            0   
Capacitance Scaling Factor   : 1.00000 
Resistance Scaling Factor    : 1.00000 
Clock Cap. Scaling Factor    : 1.00000 
Clock Res. Scaling Factor    : 1.00000 
Shrink Factor                : 1.00000
PreRoute extraction is honoring NDR/Shielding/ExtraSpace for clock nets.
Grid density data update skipped
Initializing multi-corner resistance tables ...
PreRoute RC Extraction DONE (CPU Time: 0:00:01.5  Real Time: 0:00:01.0  MEM: 4817.066M)
Starting delay calculation for Setup views
AAE_INFO: opIsDesignInPostRouteState() is 0
#################################################################################
# Design Stage: PreRoute
# Design Name: fa_top
# Design Mode: 90nm
# Analysis Mode: MMMC Non-OCV 
# Parasitics Mode: No SPEF/RCDB 
# Signoff Settings: SI Off 
#################################################################################
Calculate delays in Single mode...
Start delay calculation (fullDC) (8 T). (MEM=4955.42)
Total number of fetched objects 222625
AAE_INFO: Total number of nets for which stage creation was skipped for all views 0
End delay calculation. (MEM=5108 CPU=0:00:54.5 REAL=0:00:07.0)
End delay calculation (fullDC). (MEM=5108 CPU=0:01:02 REAL=0:00:10.0)
*** Done Building Timing Graph (cpu=0:01:43 real=0:00:17.0 totSessionCpu=1:31:27 mem=5144.9M)
Begin: GigaOpt postEco DRV Optimization
GigaOpt Checkpoint: Internal optDRV -inPostEcoStage -smallScaleFixing -maxIter 3 -max_tran -max_cap -maxLocalDensity 1.2 -numThreads 8 -preRouteDontEndWithRefinePlaceIncrSteinerRouteDC -setupTNSCostFactor 1.0 -preCTS
*** DrvOpt #3 [begin] (place_opt_design #1) : totSession cpu/real = 1:31:32.0/0:23:08.0 (4.0), mem = 5144.8M
Info: 1 clock net  excluded from IPO operation.
	CornerforLayerOpt timing analysis view default_emulate_view has been selected for calibration 
	CornerforLayerOpt timing analysis view default_emulate_view has been selected for calibration 
	CornerforLayerOpt timing analysis view default_emulate_view has been selected for calibration 
	CornerforLayerOpt timing analysis view default_emulate_view has been selected for calibration 
#InfoCS: Num dontuse cells 9, Num usable cells 389, Num real usable cells 383
+-------------------------------------------------------------------------------------------------------------------------------------------------------+
|        max-tran       |        max-cap        |  max-fanout |  max-length |       setup       |        |        |        |       |          |         |
+-------------------------------------------------------------------------------------------------------------------------------------------------------+
| nets | terms|  wViol  | nets | terms|  wViol  | nets | terms| nets | terms|   WNS   |   TNS   |  #Buf  |  #Inv  | #Resize|Density|   Real   |   Mem   |
+-------------------------------------------------------------------------------------------------------------------------------------------------------+
|   977|  2028|    -1.05|   143|   143|    -0.04|     0|     0|     0|     0|    -0.06|    -0.48|       0|       0|       0| 27.07%|          |         |
|   506|   537|    -0.18|    33|    33|    -0.02|     0|     0|     0|     0|    -0.59|    -1.25|     856|     169|     502| 27.25%| 0:00:03.0|  5294.9M|
|   476|   495|    -0.18|    33|    33|    -0.02|     0|     0|     0|     0|    -0.72|    -1.66|     222|      21|     273| 27.30%| 0:00:01.0|  5300.0M|
|   429|   447|    -0.18|    33|    33|    -0.02|     0|     0|     0|     0|    -0.68|    -1.70|      82|      12|     120| 27.33%| 0:00:01.0|  5301.9M|
+-------------------------------------------------------------------------------------------------------------------------------------------------------+
**** Begin Transform Statistics ****
+-----------------------+-------+-----------+------------+------------+----------+----------+----------+--------+--------------+--------------+------------------+------------------------+
|              Transform| Called| Pre Filter| Filter Eval| Detail Eval| Committed|       CPU| CommitCPU| Density| Leakage Power| Dynamic Power| buffers/inverters| Resize Tot/FF/HghtIncFF|
+-----------------------+-------+-----------+------------+------------+----------+----------+----------+--------+--------------+--------------+------------------+------------------------+
| multiBufferDRVPreRoute|   2063|       2063|        3425|         933|       933| 0:00:19.5| 0:00:00.3|   0.121|      0.000000|      0.000000|           806/202|                 723/0/0|
|                 Resize|   1130|       1032|         586|         172|       172| 0:00:01.6| 0:00:00.0|   0.014|      0.000000|      0.000000|                NA|                 172/0/0|
|           SingleBuffer|    958|        958|         517|         354|       354| 0:00:02.4| 0:00:00.2|   0.129|      0.000000|      0.000000|             354/0|                      NA|
+-----------------------+-------+-----------+------------+------------+----------+----------+----------+--------+--------------+--------------+------------------+------------------------+
**** End Transform Statistics ****
Bottom Preferred Layer:
+-------------+------------+----------+
|    Layer    |   OPT_LA   |   Rule   |
+-------------+------------+----------+
| met3 (z=4)  |        176 | default  |
| met4 (z=5)  |         43 | default  |
+-------------+------------+----------+
Via Pillar Rule:
    None


=======================================================================
                Reasons for remaining drv violations
=======================================================================
*info: Total 394 net(s) have violations which can't be fixed by DRV optimization.

MultiBuffering failure reasons
------------------------------------------------
*info:   357 net(s): Could not be fixed because the gain is not enough.
*info:    21 net(s): Could not be fixed because usable cell area larger than available area.

SingleBuffering failure reasons
------------------------------------------------
*info:    52 net(s): Could not be fixed because of the buffering solution introduces DRV degradation.
*info:   251 net(s): Could not be fixed because of routing congestion.

Resizing failure reasons
------------------------------------------------
*info:    33 net(s): Could not be fixed because instance couldn't be resized.
*info:   304 net(s): Could not be fixed because no move is found.

*info: Total 68 net(s) were new nets created by previous iteration of DRV buffering. Further DRV fixing might remove some violations.

*info: detailed failure reason files are generated below
*info: 	./genus2invs__2656251_e6bfadfa-0138-4e05-a668-8ad36fa2dd9afa_top/drvFailureReason/invs2genus_final.preCts.3.maxTran
*info: 	./genus2invs__2656251_e6bfadfa-0138-4e05-a668-8ad36fa2dd9afa_top/drvFailureReason/invs2genus_final.preCts.3.maxCap


Change summary: 1160/202 (0) buffers/inverters were added (deleted) and 895 instances were resized.

*** Finish DRV Fixing (cpu=0:00:37.3 real=0:00:08.0 mem=5302.2M) ***

*** DrvOpt #3 [finish] (place_opt_design #1) : cpu/real = 0:00:48.2/0:00:13.5 (3.6), totSession cpu/real = 1:32:20.2/0:23:21.5 (4.0), mem = 5066.6M
End: GigaOpt postEco DRV Optimization
GigaOpt: WNS changes after postEco optimization: 0.000 -> -0.679 (bump = 0.679)
Begin: GigaOpt nonLegal postEco optimization
GigaOpt Checkpoint: Internal optTiming -setupRecovery -newSetupRecovery -maxLocalDensity 1.2 -numThreads 8 -maxSmoothenIter 1 -nativePathGroupFlow  -NDROptEffortAuto -ipoTgtSlackCoef 0 -effTgtSlackCoef 0
Info: 1 clock net  excluded from IPO operation.
*** WnsOpt #2 [begin] (place_opt_design #1) : totSession cpu/real = 1:32:23.8/0:23:24.8 (3.9), mem = 5053.5M
*info: 1 clock net excluded
*info: 405 no-driver nets excluded.
#InfoCS: Num dontuse cells 9, Num usable cells 389, Num real usable cells 383
** GigaOpt Optimizer WNS Slack -0.679 TNS Slack -1.696 Density 27.33
OptDebug: Start of Optimizer WNS Pass 0:
+----------+------+------+
|Path Group|   WNS|   TNS|
+----------+------+------+
|default   | 0.082| 0.000|
|reg2reg   |-0.679|-1.696|
|HEPG      |-0.679|-1.696|
|All Paths |-0.679|-1.696|
+----------+------+------+

Active Path Group: reg2reg  
+--------+---------+--------+---------+---------+------------+--------+--------------------+---------+----------------------------------------------------+
|  WNS   | All WNS |  TNS   | All TNS | Density |    Real    |  Mem   |     Worst View     |Pathgroup|                     End Point                      |
+--------+---------+--------+---------+---------+------------+--------+--------------------+---------+----------------------------------------------------+
|  -0.679|   -0.679|  -1.696|   -1.696|   27.33%|   0:00:00.0| 5087.7M|default_emulate_view|  reg2reg| u_core_u_dot_u_q_sram_g_bank[5].u_bank_u_lo/addr1[ |
|        |         |        |         |         |            |        |                    |         | 4]                                                 |
|  -0.155|   -0.155|  -0.941|   -0.941|   27.33%|   0:00:01.0| 5154.2M|default_emulate_view|  reg2reg| u_core_u_dot_u_q_sram_g_bank[7].u_bank_u_hi/din0[7 |
|        |         |        |         |         |            |        |                    |         | ]                                                  |
|  -0.060|   -0.060|  -0.607|   -0.607|   27.33%|   0:00:00.0| 5163.7M|default_emulate_view|  reg2reg| u_core_u_update/v_mul_reg_reg[20][32]/D            |
|  -0.037|   -0.037|  -0.488|   -0.488|   27.33%|   0:00:00.0| 5201.7M|default_emulate_view|  reg2reg| u_core_u_update/v_mul_reg_reg[17][29]/D            |
|  -0.006|   -0.006|  -0.014|   -0.014|   27.33%|   0:00:00.0| 5239.5M|default_emulate_view|  reg2reg| u_core_u_update/v_mul_reg_reg[28][32]/D            |
|   0.000|    0.001|   0.000|    0.000|   27.33%|   0:00:00.0| 5255.6M|                  NA|       NA| NA                                                 |
|   0.000|    0.001|   0.000|    0.000|   27.33%|   0:00:00.0| 5255.6M|default_emulate_view|       NA| NA                                                 |
+--------+---------+--------+---------+---------+------------+--------+--------------------+---------+----------------------------------------------------+

*** Finish Core Optimize Step (cpu=0:00:03.9 real=0:00:01.0 mem=5255.6M) ***

*** Finished Optimize Step Cumulative (cpu=0:00:12.8 real=0:00:04.0 mem=5257.8M) ***
OptDebug: End of Optimizer WNS Pass 0:
+----------+-----+-----+
|Path Group|  WNS|  TNS|
+----------+-----+-----+
|default   |0.082|0.000|
|reg2reg   |0.001|0.000|
|HEPG      |0.001|0.000|
|All Paths |0.001|0.000|
+----------+-----+-----+

** GigaOpt Optimizer WNS Slack 0.000 TNS Slack 0.000 Density 27.33
** GigaOpt Optimizer WNS Slack 0.000 TNS Slack 0.000 Density 27.33
OptDebug: End of Setup Fixing:
+----------+-----+-----+
|Path Group|  WNS|  TNS|
+----------+-----+-----+
|default   |0.082|0.000|
|reg2reg   |0.001|0.000|
|HEPG      |0.001|0.000|
|All Paths |0.001|0.000|
+----------+-----+-----+

**** Begin Transform Statistics ****
+-----------------------------+-------+-----------+------------+------------+----------+----------+----------+--------+--------------+--------------+------------------+------------------------+
|                    Transform| Called| Pre Filter| Filter Eval| Detail Eval| Committed|       CPU| CommitCPU| Density| Leakage Power| Dynamic Power| buffers/inverters| Resize Tot/FF/HghtIncFF|
+-----------------------------+-------+-----------+------------+------------+----------+----------+----------+--------+--------------+--------------+------------------+------------------------+
|                    remapGate|    144|         64|          44|          15|         6| 0:00:00.5| 0:00:00.0|   0.002|      0.000000|      0.000000|                NA|                      NA|
| MultiBufferLowEffortPreRoute|     75|         74|          21|           9|         4| 0:00:00.5| 0:00:00.0|   0.002|      0.000000|      0.000000|               4/2|                      NA|
|                 DeleteBuffer|    129|         21|          21|           9|         3| 0:00:00.3| 0:00:00.0|  -0.000|      0.000000|      0.000000|                NA|                      NA|
|             DeleteBufInvTree|    120|         22|          22|           6|         0| 0:00:00.3| 0:00:00.0|   0.000|      0.000000|      0.000000|                NA|                      NA|
|              lowEffortResize|    115|        114|          49|          41|         6| 0:00:00.2| 0:00:00.0|   0.000|      0.000000|      0.000000|                NA|                   6/3/0|
|        RouteTypeAssignResize|    115|          0|           0|           0|         0| 0:00:00.0| 0:00:00.0|   0.000|      0.000000|      0.000000|                NA|                      NA|
+-----------------------------+-------+-----------+------------+------------+----------+----------+----------+--------+--------------+--------------+------------------+------------------------+
**** End Transform Statistics ****
Bottom Preferred Layer:
+-------------+------------+----------+
|    Layer    |   OPT_LA   |   Rule   |
+-------------+------------+----------+
| met3 (z=4)  |        176 | default  |
| met4 (z=5)  |         43 | default  |
+-------------+------------+----------+
Via Pillar Rule:
    None

*** Finish pre-CTS Setup Fixing (cpu=0:00:18.6 real=0:00:07.0 mem=5258.0M) ***

**** Begin Polishing Statistics ****
 #NodeCalled:46; #SubnwCalled:0(#candNode:0); #PassFilter:38; #PassDetailEval:38; #FailedDetailEval:0; #FilterCandSol:68; #CPU:0:00:00.1; #transformCPU:0:00:00.1
**** End Polishing Statistics ****
*** WnsOpt #2 [finish] (place_opt_design #1) : cpu/real = 0:00:26.4/0:00:13.2 (2.0), totSession cpu/real = 1:32:50.2/0:23:38.0 (3.9), mem = 5066.6M
End: GigaOpt nonLegal postEco optimization
Register exp ratio and priority group on 219 nets on 224012 nets : 
z=4 : 176 nets
z=5 : 43 nets

Active setup views:
 default_emulate_view
  Dominating endpoints: 0
  Dominating TNS: -0.000

Extraction called for design 'fa_top' of instances=192032 and nets=224505 using extraction engine 'pre_route' .
**WARN: (IMPEXT-3530):	The process node is not set. Use the command set_design_mode -process <process node> prior to extraction for maximum accuracy and optimal automatic threshold setting.
Type 'man IMPEXT-3530' for more detail.
pre_route RC Extraction called for design fa_top.
RC Extraction called in multi-corner(1) mode.
**WARN: (IMPEXT-6197):	The Cap table file is not specified. This will result in lower parasitic accuracy when using pre_route extraction or post_route extraction with effort level 'low'. It is recommended to generate the Cap table file using the 'write_cap_table' command and specify it before extraction using 'create_rc_corner/update_rc_corner -cap_table'.
Type 'man IMPEXT-6197' for more detail.
RCMode: PreRoute
      RC Corner Indexes            0   
Capacitance Scaling Factor   : 1.00000 
Resistance Scaling Factor    : 1.00000 
Clock Cap. Scaling Factor    : 1.00000 
Clock Res. Scaling Factor    : 1.00000 
Shrink Factor                : 1.00000
PreRoute extraction is honoring NDR/Shielding/ExtraSpace for clock nets.
Grid density data update skipped
Initializing multi-corner resistance tables ...
PreRoute RC Extraction DONE (CPU Time: 0:00:01.8  Real Time: 0:00:02.0  MEM: 5013.656M)
Skewing Data Summary (End_of_FINAL)

Skew summary for view default_emulate_view:
* Accumulated skew : count = 0

Starting delay calculation for Setup views
AAE_INFO: opIsDesignInPostRouteState() is 0
#################################################################################
# Design Stage: PreRoute
# Design Name: fa_top
# Design Mode: 90nm
# Analysis Mode: MMMC Non-OCV 
# Parasitics Mode: No SPEF/RCDB 
# Signoff Settings: SI Off 
#################################################################################
Calculate delays in Single mode...
Start delay calculation (fullDC) (8 T). (MEM=5044.23)
Total number of fetched objects 224012
AAE_INFO: Total number of nets for which stage creation was skipped for all views 0
End delay calculation. (MEM=5184.15 CPU=0:00:55.4 REAL=0:00:07.0)
End delay calculation (fullDC). (MEM=5184.15 CPU=0:01:03 REAL=0:00:09.0)
*** Done Building Timing Graph (cpu=0:01:24 real=0:00:13.0 totSessionCpu=1:34:35 mem=5185.3M)
OPTC: user 20.0
Reported timing to dir ./genus2invs__2656251_e6bfadfa-0138-4e05-a668-8ad36fa2dd9afa_top
**opt_design ... cpu = 0:48:13, real = 0:12:22, mem = 4978.0M, totSessionCpu=1:35:02 **

OptSummary:

------------------------------------------------------------------
     opt_design Final Summary
------------------------------------------------------------------

Setup views included:
 default_emulate_view 

+--------------------+---------+---------+---------+
|     Setup mode     |   all   | reg2reg | default |
+--------------------+---------+---------+---------+
|           WNS (ns):|  0.001  |  0.001  |  0.082  |
|           TNS (ns):|  0.000  |  0.000  |  0.000  |
|    Violating Paths:|    0    |    0    |    0    |
|          All Paths:|  30601  |  29636  |  18175  |
+--------------------+---------+---------+---------+

+----------------+-------------------------------+------------------+
|                |              Real             |       Total      |
|    DRVs        +------------------+------------+------------------|
|                |  Nr nets(terms)  | Worst Vio  |  Nr nets(terms)  |
+----------------+------------------+------------+------------------+
|   max_cap      |     24 (24)      |   -0.018   |     24 (24)      |
|   max_tran     |    245 (260)     |   -0.177   |    279 (294)     |
|   max_fanout   |      0 (0)       |     0      |      0 (0)       |
|   max_length   |      0 (0)       |     0      |      0 (0)       |
+----------------+------------------+------------+------------------+

Density: 27.280%
Routing Overflow: 15.86% H and 3.87% V
------------------------------------------------------------------
Begin: Reporting instances with restriction 
+--------------------------------------------------------------------------------------------------------------------------------------------------------+
|          |                                        |           All        |      Sequential      | Combinational(Data Path) | Combinational(Clock Path) |
| Category |                      Detailed Reasons  +-------------+--------+-------------+--------+-------------+------------+-------------+-------------|
|          |                                        |   Count     |   %    |    Count    |   %    |   Count     |     %      |    Count    |      %      |
|----------+----------------------------------------+-------------+--------+-------------+--------+-------------+------------+-------------+-------------|
|  Library | cell for instance is not standard cell |          87 |   0.05 |          87 |   0.49 |           0 |       0.00 |           0 |        -nan | 
|          |                                    All |          87 |   0.05 |          87 |   0.49 |           0 |       0.00 |           0 |        -nan | 
|----------+----------------------------------------+-------------+--------+-------------+--------+-------------+------------+-------------+-------------|
|      All |                                    All |          87 |   0.05 |          87 |   0.49 |           0 |       0.00 |           0 |        -nan | 
+--------------------------------------------------------------------------------------------------------------------------------------------------------+
End: Reporting instances with restriction 
Begin: Collecting metrics
 ----------------------------------------------------------------------------------------------------------------------------------- 
| Snapshot        | WNS                  | TNS                  | Density (%) | Resource               | DRVs         | Layer-OPT   |
|                 | HEPG (ns) | ALL (ns) | HEPG (ns) | ALL (ns) |             | Real (s) | Memory (MB) | Tran  | Cap  | met3 | met4 |
|-----------------+-----------+----------+-----------+----------+-------------+----------+-------------+-------+------+------+------|
| initial_summary |           |  -27.545 |           |   -84639 |       24.20 | 0:00:19  |        4468 | 11075 | 8837 |      |      |
| drv_fixing      |     0.000 |  -27.567 |         0 |   -84584 |       24.33 | 0:00:12  |        4598 |       |      |      |      |
| drv_fixing_2    |     0.000 |   -6.103 |         0 |   -17062 |       26.18 | 0:00:36  |        4666 |   695 |   45 |    5 |   22 |
| global_opt      |           |   -0.851 |           |     -224 |       26.86 | 0:03:16  |        4874 |       |      |  191 |   57 |
| area_reclaiming |     0.000 |   -0.843 |         0 |     -225 |       26.45 | 0:00:37  |        4893 |       |      |  183 |   36 |
| tns_fixing      |    -0.185 |   -0.185 |        -3 |       -3 |       26.95 | 0:01:07  |        5716 |       |      |  181 |   38 |
| wns_fixing      |     0.036 |    0.036 |         0 |        0 |       27.07 | 0:00:29  |        5649 |       |      |  176 |   43 |
| drv_eco_fixing  |    -0.679 |   -0.679 |        -2 |       -2 |       27.33 | 0:00:14  |        5057 |   429 |   33 |  176 |   43 |
| wns_eco_fixing  |     0.001 |    0.001 |         0 |        0 |       27.33 | 0:00:14  |        5258 |       |      |  176 |   43 |
| final_summary   |     0.001 |    0.001 |           |        0 |       27.28 | 0:00:13  |        4972 |   245 |   24 |      |      |
 ----------------------------------------------------------------------------------------------------------------------------------- 
End: Collecting metrics
**opt_design ... cpu = 0:48:29, real = 0:12:33, mem = 4972.3M, totSessionCpu=1:35:17 **
**WARN: (IMPOPT-3195):	Analysis mode has changed.
Type 'man IMPOPT-3195' for more detail.
*** Finished opt_design ***
      flow.cputime  flow.realtime  timing.setup.tns  timing.setup.wns  snapshot
UM:*                                                                   final
      flow.cputime  flow.realtime  timing.setup.tns  timing.setup.wns  snapshot
UM:*                                                                   opt_design_prects
Disable CTE adjustment.
Disable Layer aware incrSKP.
#optDebug: fT-D <X 1 0 0 0>
**place_opt_design ... cpu = 1:34:08, real = 0:23:18, mem = 4886.2M **
*** Finished GigaPlace ***

*** Summary of all messages that are not suppressed in this session:
Severity  ID               Count  Summary                                  
WARNING   IMPEXT-6197          3  The Cap table file is not specified. Thi...
WARNING   IMPEXT-2882          5  Unable to find the resistance for via '%...
WARNING   IMPEXT-3493          1  The design extraction status has been re...
WARNING   IMPEXT-3530          3  The process node is not set. Use the com...
ERROR     IMPSP-9099           2  Scan chains exist in this design but are...
WARNING   IMPOPT-3195          2  Analysis mode has changed.               
WARNING   IMPOPT-7330         32  Net %s has fanout exceed delaycal_use_de...
WARNING   IMPPSP-2001          1  There are %d pins inside GCell located a...
*** Message Summary: 47 warning(s), 2 error(s)

*** place_opt_design #1 [finish] () : cpu/real = 1:34:08.3/0:23:18.1 (4.0), totSession cpu/real = 1:35:18.0/0:24:15.5 (3.9), mem = 4886.2M
Setting 'newExpressflow' beta feature to true (or false) is no longer required to enable (or disable) iSpatial. This beta feature is obsoleted and will be removed in the next release.
      flow.cputime  flow.realtime  timing.setup.tns  timing.setup.wns  snapshot
UM:*                                                                   place_opt_design_predict_prects
save_interface_files ...
%# Begin ::rcp_cui::save_interface_files (07/03 13:26:16, mem=4886.24M)
Info: Syncronize Metrics ...
UM: Running design category ...
      flow.cputime  flow.realtime  timing.setup.tns  timing.setup.wns  snapshot
UM:           7.31              7                                      invs2genus
rcp_cui::save_interface_file:  flow == 'ispatial'
rcp_cui::save_interface_file:  fe_view_list == 'default_emulate_view'
rcp_cui::save_interface_file:  wnm_flow == '1'
rcp_cui::save_interface_file:  shep_write_congestion == '1'
rcp_cui::save_interface_file:  x2def_mode == '0'
rcp_cui::save_interface_file:  iprefix == 'genus2invs'
rcp_cui::save_interface_file:  idir == './genus2invs__2656251_e6bfadfa-0138-4e05-a668-8ad36fa2dd9afa_top'
rcp_cui::save_interface_file:  design == 'design:fa_top'
rcp_cui::save_interface_file:  congestion_include_blockage == '0'
rcp_cui::save_interface_file:  chk_fp == '0'
rcp_cui::save_interface_file:  shep_save_only_db == '0'
rcp_cui::save_interface_file:  fe_colorized == '0'
rcp_cui::save_interface_file:  ndr_only == '0'
rcp_cui::save_interface_file:  innovus_constraint_interface == 'mmmc2'
rcp_cui::save_interface_file:  tim_mode == ''
rcp_cui::save_interface_file:  do_fp == '0'
rcp_cui::save_interface_file:  des_str == 'fa_top'
rcp_cui::save_interface_file:  spatial == '0'
rcp_cui::save_interface_file:  congestion_3d == '0'
rcp_cui::save_interface_file:  cts_effort == ''
rcp_cui::save_interface_file:  fe_use_um == '1'
rcp_cui::save_interface_file:  odir == './genus2invs__2656251_e6bfadfa-0138-4e05-a668-8ad36fa2dd9afa_top'
rcp_cui::save_interface_file:  2d_compression == '0'
rcp_cui::save_interface_file:  do_fe_pd == '0'
rcp_cui::save_interface_file:  fp_mode == '0'
rcp_cui::save_interface_file:  incr_plc == '0'
rcp_cui::save_interface_file:  eco_mode == '0'
rcp_cui::save_interface_file:  cts_clk == ''
rcp_cui::save_interface_file:  oprefix == 'invs2genus'
rcp_cui::save_interface_file:  no_mmmc == '0'
rcp_cui::save_interface_file:  genus_constraint_interface == 'smsc'
rcp_cui::save_interface_file:  no_update == '0'
rcp_cui::save_interface_file:  do_sdp == '0'
rcp_cui::save_interface_file:  invs_ld_pd == '1'
rcp_cui::save_interface_file:  no_msv == '1'
rcp_cui::save_interface_file:  no_spef == '0'
rcp_cui::save_interface_file:  place_effort == 'ispatial'
rcp_cui::save_interface_file:  tdrc_valid == '0'
rcp_cui::save_interface_file:  save_fe_db == '0'
rcp_cui::save_interface_file:  ispatial == '1'
rcp_cui::save_interface_file:  opt_effort == 'high'
rcp_cui::save_interface_file:  fe_consistency_check == '0'
rcp_cui::save_interface_file:  no_scan == '1'
rcp_cui::save_interface_file:  mem_mode == '1'
rcp_cui::save_interface_file:  do_stylus_db == '1'
rcp_cui::save_interface_file:  del_corner == ''
rcp_cui::save_interface_file:  write_pin_properties == '0'
rcp_cui::save_interface_file:  qos_mode == '1'
rcp_cui::save_interface_file:  hdl_name_flow == '0'
rcp_cui::save_interface_file:  fe_wnm_file == ''
rcp_cui::save_interface_file:  fe_mcmd == './genus2invs__2656251_e6bfadfa-0138-4e05-a668-8ad36fa2dd9afa_top/invs2genus.cmdWarn'
rcp_cui::save_interface_file:  fe_pwr == ''
rcp_cui::save_interface_file:  fe_1801 == ''
rcp_cui::save_interface_file:  fe_flag == './genus2invs__2656251_e6bfadfa-0138-4e05-a668-8ad36fa2dd9afa_top/.invs2genus.encDone'
rcp_cui::save_interface_file:  fe_xdata == './genus2invs__2656251_e6bfadfa-0138-4e05-a668-8ad36fa2dd9afa_top/invs2genus.xdata'
rcp_cui::save_interface_file:  fe_fcmd == './genus2invs__2656251_e6bfadfa-0138-4e05-a668-8ad36fa2dd9afa_top/invs2genus.cmdFail'
rcp_cui::save_interface_file:  fe_sdef == ''
rcp_cui::save_interface_file:  fe_load_stat == './genus2invs__2656251_e6bfadfa-0138-4e05-a668-8ad36fa2dd9afa_top/invs2genus_load.stat'
rcp_cui::save_interface_file:  fe_def_lnk == ''
rcp_cui::save_interface_file:  fe_ndr == ''
rcp_cui::save_interface_file:  fe_pd == ''
rcp_cui::save_interface_file:  fe_globals == ''
rcp_cui::save_interface_file:  fe_tcf == ''
rcp_cui::save_interface_file:  fe_rc == ''
rcp_cui::save_interface_file:  fe_load_rpt == './genus2invs__2656251_e6bfadfa-0138-4e05-a668-8ad36fa2dd9afa_top/invs2genus_load'
rcp_cui::save_interface_file:  fe_db == './genus2invs__2656251_e6bfadfa-0138-4e05-a668-8ad36fa2dd9afa_top/invs2genus_db'
rcp_cui::save_interface_file:  fe_subdesign_taf == ''
rcp_cui::save_interface_file:  fe_rpt == './genus2invs__2656251_e6bfadfa-0138-4e05-a668-8ad36fa2dd9afa_top/invs2genus_final'
rcp_cui::save_interface_file:  fe_metrics == './genus2invs__2656251_e6bfadfa-0138-4e05-a668-8ad36fa2dd9afa_top/invs2genus.metrics.json'
rcp_cui::save_interface_file:  fe_sdp == ''
rcp_cui::save_interface_file:  fe_def == ''
rcp_cui::save_interface_file:  fe_vflag == './genus2invs__2656251_e6bfadfa-0138-4e05-a668-8ad36fa2dd9afa_top/.invs2genus.encVerFail'
rcp_cui::save_interface_file:  fe_inst_taf == ''
rcp_cui::save_interface_file:  fe_con == ''
rcp_cui::save_interface_file:  fe_cpf == ''
rcp_cui::save_interface_file:  fe_mmmc == ''
rcp_cui::save_interface_file:  fe_gridinfo == ''
rcp_cui::save_interface_file:  fe_log == './genus2invs__2656251_e6bfadfa-0138-4e05-a668-8ad36fa2dd9afa_top/innovus'
rcp_cui::save_interface_file:  fe_cts == ''
rcp_cui::save_interface_file:  fe_nl == ''
rcp_cui::save_interface_file:  fe_reportwire == './genus2invs__2656251_e6bfadfa-0138-4e05-a668-8ad36fa2dd9afa_top/invs2genus.reportwire.txt'
rcp_cui::save_interface_file:  fe_svr == ''
rcp_cui::save_interface_file:  fe_lec == ''
rcp_cui::save_interface_file:  fe_stat == './genus2invs__2656251_e6bfadfa-0138-4e05-a668-8ad36fa2dd9afa_top/invs2genus_final.stat'
rcp_cui::save_interface_file:  fe_basename == './genus2invs__2656251_e6bfadfa-0138-4e05-a668-8ad36fa2dd9afa_top/invs2genus'
rcp_cui::save_interface_file:  fe_lflag == './genus2invs__2656251_e6bfadfa-0138-4e05-a668-8ad36fa2dd9afa_top/.invs2genus.encLicFail'
rcp_cui::save_interface_file:  fe_spef == ''
rcp_cui::save_interface_file:  fe_dotg == ''
rcp_cui::save_interface_file:  fe_ndr_taf == ''
rcp_cui::save_interface_file:  fe_final_db == './genus2invs__2656251_e6bfadfa-0138-4e05-a668-8ad36fa2dd9afa_top/invs2genus_final_db'
rcp_cui::save_interface_file:  fe_route_cmap == ''
rcp_cui::save_interface_file:  fe_aae == './genus2invs__2656251_e6bfadfa-0138-4e05-a668-8ad36fa2dd9afa_top/invs2genus_final_db/cmn/fa_top.aae'
DELETE: ./genus2invs__2656251_e6bfadfa-0138-4e05-a668-8ad36fa2dd9afa_top/invs2genus.def.gz
%# child-enqueued metrics_wirelen
%# child-enqueued metrics_drv_stats
%# Begin ::rcp::wait_for_children (07/03 13:26:23, mem=4882.89M)
Starting parallel execution of queued child processes.
Multi-CPU acceleration using 8 CPU(s).

Gathering Wire Length Metrics...
%# child-done metrics_wirelen (total cpu=0, real=0)
%# child-done metrics_drv_stats (total cpu=0, real=0)
%# End ::rcp::wait_for_children (07/03 13:26:23, total cpu=16:00:00, real=16:00:00, peak res=5825.48M, current mem=4882.68M)
<CMD> timeDesign -reportOnly -outDir ./genus2invs__2656251_e6bfadfa-0138-4e05-a668-8ad36fa2dd9afa_top -prefix invs2genus_final
*** time_design #1 [begin] () : totSession cpu/real = 1:35:26.0/0:24:22.9 (3.9), mem = 4882.8M

OptSummary:

------------------------------------------------------------------
         time_design Summary
------------------------------------------------------------------

Setup views included:
 default_emulate_view 

+--------------------+---------+---------+---------+
|     Setup mode     |   all   | reg2reg | default |
+--------------------+---------+---------+---------+
|           WNS (ns):|  0.001  |  0.001  |  0.082  |
|           TNS (ns):|  0.000  |  0.000  |  0.000  |
|    Violating Paths:|    0    |    0    |    0    |
|          All Paths:|  30601  |  29636  |  18175  |
+--------------------+---------+---------+---------+

+----------------+-------------------------------+------------------+
|                |              Real             |       Total      |
|    DRVs        +------------------+------------+------------------|
|                |  Nr nets(terms)  | Worst Vio  |  Nr nets(terms)  |
+----------------+------------------+------------+------------------+
|   max_cap      |     24 (24)      |   -0.018   |     24 (24)      |
|   max_tran     |    245 (260)     |   -0.177   |    279 (294)     |
|   max_fanout   |      0 (0)       |     0      |      0 (0)       |
|   max_length   |      0 (0)       |     0      |      0 (0)       |
+----------------+------------------+------------+------------------+

Density: 27.280%
------------------------------------------------------------------
Reported timing to dir ./genus2invs__2656251_e6bfadfa-0138-4e05-a668-8ad36fa2dd9afa_top
Total CPU time: 28.2 sec
Total Real time: 11.0 sec
Total Memory Usage: 4884.050781 Mbytes
*** time_design #1 [finish] () : cpu/real = 0:00:28.2/0:00:11.2 (2.5), totSession cpu/real = 1:35:54.2/0:24:34.0 (3.9), mem = 4884.1M
      flow.cputime  flow.realtime  timing.setup.tns  timing.setup.wns  snapshot
UM:*                                       0.000 ns          0.001 ns  run_time_design

Gathering Run Metrics...
%# child-enqueued metrics_timing
STATS: Capture
Will restore congestion map file from route /home/hujinzhao/pro/genus_bs1/genus2invs__2656251_e6bfadfa-0138-4e05-a668-8ad36fa2dd9afa_top/invs2genus.route.congestion.gz
Reading congestion map file /home/hujinzhao/pro/genus_bs1/genus2invs__2656251_e6bfadfa-0138-4e05-a668-8ad36fa2dd9afa_top/invs2genus.route.congestion.gz ...
Suppress "**WARN ..." messages.
Un-suppress "**WARN ..." messages.
      flow.cputime  flow.realtime  timing.setup.tns  timing.setup.wns  snapshot
UM:*                                                                   refresh_ispatial_congestion

Writing out NDR and layer assignment information.

Writing out inst information.

Writing out subdesign information.
Resetting transient modes.
%# Begin ::rcp::wait_for_children (07/03 13:26:39, mem=4877.79M)
Starting parallel execution of queued child processes.
Multi-CPU acceleration using 8 CPU(s).
%# child-done metrics_timing (total cpu=0, real=0)
%# End ::rcp::wait_for_children (07/03 13:26:40, total cpu=16:00:00, real=16:00:01, peak res=5825.48M, current mem=4878.46M)
%# Begin rcp::final_db (07/03 13:26:40, mem=4878.46M)

Writing Common (Stylus) db
#% Begin Save Common DB (date=07/03 13:26:40, mem=4881.5M)
(stylus_db): setting userDir to '/home/hujinzhao/pro/genus_bs1/genus2invs__2656251_e6bfadfa-0138-4e05-a668-8ad36fa2dd9afa_top/invs2genus_final_db' 
(stylus_db): Start Save Innovus Native DB ...
Multi-CPU acceleration using 8 CPU(s).
Starting separate write_db process.  See './genus2invs__2656251_e6bfadfa-0138-4e05-a668-8ad36fa2dd9afa_top/invs2genus_final_db/pnr/save_design_background.log' for any output messages.
(stylus_db): Completed Saving Innovus Native DB "./genus2invs__2656251_e6bfadfa-0138-4e05-a668-8ad36fa2dd9afa_top/invs2genus_final_db/pnr/fa_top.db"
(stylus_db): Start Saving Common DB ...
(stylus_db): Create link to libraries
(stylus_db): Save Verilog Netlist ...
% Begin Save Verilog Netlist (date=07/03 13:26:40, mem=4881.5M)
Writing Netlist "./genus2invs__2656251_e6bfadfa-0138-4e05-a668-8ad36fa2dd9afa_top/invs2genus_final_db/cmn/fa_top.v.gz" ...
% End Save Verilog Netlist (date=07/03 13:26:41, total cpu=0:00:00.6, real=0:00:01.0, peak res=4886.6M, current mem=4886.6M)
% Begin Save TCF (date=07/03 13:26:41, mem=4886.6M)
% End Save TCF (date=07/03 13:26:41, total cpu=0:00:00.1, real=0:00:00.0, peak res=4886.6M, current mem=4886.6M)
(stylus_db): Save DEF ...
(stylus_db): Save Route congestion map ...
(stylus_db): Save MMMC ...
Writing DEF file './genus2invs__2656251_e6bfadfa-0138-4e05-a668-8ad36fa2dd9afa_top/invs2genus_final_db/cmn/fa_top.def.gz', current time is Fri Jul  3 13:26:41 2026 ...
unitPerMicron=1000, dbgMicronPerDBU=0.001000, unitPerDBU=1.000000
Saving congestion map file ./genus2invs__2656251_e6bfadfa-0138-4e05-a668-8ad36fa2dd9afa_top/invs2genus_final_db/cmn/fa_top.route.congestion.gz ...
% Begin Save MMMC data (date=07/03 13:26:41, mem=4886.9M)
% End Save MMMC data (date=07/03 13:26:43, total cpu=0:00:04.1, real=0:00:02.0, peak res=4886.9M, current mem=4885.8M)
(stylus_db): Save LefInfo ...
% Begin Save SDP file (date=07/03 13:26:44, mem=4885.8M)
(stylus_db): Save SDP ...
% End Save SDP file (date=07/03 13:26:44, total cpu=0:00:00.2, real=0:00:00.0, peak res=4885.8M, current mem=4885.8M)
(stylus_db): Save Metric data ...
% Begin Save Metric data (date=07/03 13:26:44, mem=4886.0M)
% End Save Metric data (date=07/03 13:26:44, total cpu=0:00:00.6, real=0:00:00.0, peak res=4886.5M, current mem=4886.5M)
(stylus_db): Save Flow-Kit settings ...
% Begin Save FLow-Kit settings (date=07/03 13:26:44, mem=4886.5M)
% End Save FLow-Kit settings (date=07/03 13:26:44, total cpu=0:00:00.3, real=0:00:00.0, peak res=4886.5M, current mem=4886.5M)
DEF file './genus2invs__2656251_e6bfadfa-0138-4e05-a668-8ad36fa2dd9afa_top/invs2genus_final_db/cmn/fa_top.def.gz' is written, current time is Fri Jul  3 13:26:45 2026 ...
TAT_INFO: ::defOut REAL = 4 : CPU = 3 : MEM = 0.
(stylus_db): Save Scandef file...
(stylus_db): Info: Could not save power intent as neither 1801(UPF) nor CPF was loaded ...
(stylus_db): Save AAE settings ...
(stylus_db): Save SPEF data ...
% Begin Save SPEF (date=07/03 13:26:45, mem=4886.3M)
% End Save SPEF (date=07/03 13:26:54, total cpu=0:00:20.7, real=0:00:08.0, peak res=4890.3M, current mem=4890.3M)
(stylus_db): Save RC preroute extraction data ...
(stylus_db): Save Min Layer data file : ./genus2invs__2656251_e6bfadfa-0138-4e05-a668-8ad36fa2dd9afa_top/invs2genus_final_db/cmn/fa_top.min_layer
% Begin Save Min Layer data (date=07/03 13:26:54, mem=4890.4M)
Saved 219 nets on 224012
% End Save Min Layer data (date=07/03 13:26:55, total cpu=0:00:00.1, real=0:00:00.0, peak res=4890.4M, current mem=4890.4M)
% Begin Save attributes and preserves (date=07/03 13:26:55, mem=4890.4M)
(stylus_db): Save SQLite db (version 0.2) ...
(stylus_db): Save Root attributes ...
  Saved 22 Root attributes
(stylus_db): Start saving preserve attributes ...
  Saved dont_use of 395 base_cells
  Saved dont_touch of 395 base_cells
  Saved dont_touch of 48 insts
  Saved 839 preserve attributes
(stylus_db): Start saving attributes of design objects ...
  Saved original_name attribute of 551 ports
  Saved file_row_col attribute of 551 ports
  Saved single_bit_orig_name attribute of 17908 insts
  Saved original_name attribute of 17908 insts
  Saved is_clock attribute of 1 nets
  Saved route_bottom_preferred_layer attribute of 219 nets
  Saved top_bottom_preferred_layer attribute of 219 nets
  Saved route_bottom_preferred_layer_app attribute of 219 nets
  Saved top_bottom_preferred_layer_app attribute of 219 nets
  Saved original_name attribute of 25007 pins
  Saved file_row_col attribute of 58639 pins
  Saved file_row_col attribute on design
  Saved file_row_col attribute of 2 modules
  Saved file_row_col attribute of 192032 insts
  Saved file_row_col attribute of 2 hInsts
  Saved original_name attribute of 2 hinsts
  Saved single_bit_original_name attribute of 2 hinsts
  Saved file_row_col attribute of 769 hpins
  Saved original_name attribute of 769 hports
  Saved 315076 attributes of design objects
  Saved 2 user-defined attributes
(stylus_db): Saved 22 Root attributes, 0 route_type attributes, 0 place_blockages attributes, 839 DB preserves, 0 power_domain attributes, 2 user-defined attributes , 0 attributes of messages and 315076 attributes of design objects
(stylus_db): Saved 0 total USF attributes
% End Save attributes and preserves (date=07/03 13:27:18, total cpu=0:00:23.3, real=0:00:23.0, peak res=4910.2M, current mem=4895.4M)
(stylus_db): Start Saving Innovus Common DB ...
  Save Globals file ...
  Save Mode file ...
  Save CCOPT config data ...
  Save iHDB config data ...
(stylus_db): Completed Saving Innovus Common DB "./genus2invs__2656251_e6bfadfa-0138-4e05-a668-8ad36fa2dd9afa_top/invs2genus_final_db/cmn/pnr_cmn" ...
TAT_INFO: ::saveCongMap REAL = 1 : CPU = 0 : MEM = 0.
TAT_INFO: ::save_ccopt_config REAL = 0 : CPU = 0 : MEM = 0.
(stylus_db): Saving Synthesis Common DB ...
#% End Save Common DB (date=07/03 13:27:18, total cpu=0:00:52.7, real=0:00:38.0, peak res=4910.2M, current mem=4897.3M)
*** Message Summary: 0 warning(s), 0 error(s)

-method static                           # enums={static dynamic dynamic_vectorless dynamic_vectorbased dynamic_mixed_mode vector_profile event_based}, default=static
Generating Default TCF
%# child-enqueued write_tcf
%# Begin ::rcp::wait_for_children (07/03 13:27:18, mem=4897.26M)
Starting parallel execution of queued child processes.
Multi-CPU acceleration using 8 CPU(s).
Total CPU(s) requested: 6
Total CPU(s) enabled with current License(s): 8
Current free CPU(s): 1
No more licenses are available for multi-cpu acceleration.
Total CPU(s) now enabled: 8
** WARN:  (VOLTUS_POWR-1230): Insufficient number of licenses to run with 6 CPUs.  Reducing number of CPUs to 1.

clk(200MHz) CK: assigning clock clk to net clk

Starting Levelizing
2026-Jul-03 13:27:33 (2026-Jul-03 05:27:33 GMT)
2026-Jul-03 13:27:33 (2026-Jul-03 05:27:33 GMT): 10%
2026-Jul-03 13:27:33 (2026-Jul-03 05:27:33 GMT): 20%
2026-Jul-03 13:27:33 (2026-Jul-03 05:27:33 GMT): 30%
2026-Jul-03 13:27:33 (2026-Jul-03 05:27:33 GMT): 40%
2026-Jul-03 13:27:33 (2026-Jul-03 05:27:33 GMT): 50%
2026-Jul-03 13:27:33 (2026-Jul-03 05:27:33 GMT): 60%
2026-Jul-03 13:27:34 (2026-Jul-03 05:27:34 GMT): 70%
2026-Jul-03 13:27:34 (2026-Jul-03 05:27:34 GMT): 80%
2026-Jul-03 13:27:34 (2026-Jul-03 05:27:34 GMT): 90%

Finished Levelizing
2026-Jul-03 13:27:35 (2026-Jul-03 05:27:35 GMT)

Starting Activity Propagation
2026-Jul-03 13:27:35 (2026-Jul-03 05:27:35 GMT)
** INFO:  (VOLTUS_POWR-1356): No default input activity has been set. Defaulting to 0.2.
Use 'set_default_switching_activity -input_activity' command to change the default activity value.

2026-Jul-03 13:27:37 (2026-Jul-03 05:27:37 GMT): 10%
2026-Jul-03 13:27:38 (2026-Jul-03 05:27:38 GMT): 20%
2026-Jul-03 13:27:39 (2026-Jul-03 05:27:39 GMT): 30%

Finished Activity Propagation
2026-Jul-03 13:27:44 (2026-Jul-03 05:27:44 GMT)
Writing TCF output to file
'./genus2invs__2656251_e6bfadfa-0138-4e05-a668-8ad36fa2dd9afa_top/invs2genus_final_db/cmn/fa_top.power/fa_top.comp.tcf'
%# child-done write_tcf (total cpu=25, real=26)
%# End ::rcp::wait_for_children (07/03 13:27:45, total cpu=16:00:24, real=16:00:27, peak res=5825.48M, current mem=4897.27M)
%# End rcp::final_db (07/03 13:27:45, total cpu=16:01:17, real=16:01:05, peak res=5825.48M, current mem=4897.27M)

Writing out Metrics file - ./genus2invs__2656251_e6bfadfa-0138-4e05-a668-8ad36fa2dd9afa_top/invs2genus.metrics.json
      flow.cputime  flow.realtime  timing.setup.tns  timing.setup.wns  snapshot
UM:*                                                                   invs2genus_export
Configuring postexport environment.
Configuring postexport command environment. 0
%# End ::rcp_cui::save_interface_files (07/03 13:27:45, total cpu=16:01:59, real=16:01:29, peak res=5825.48M, current mem=4897.12M)
*** Message Summary: 1396 warning(s), 198022 error(s)


*** Memory Usage v#3 (Current mem = 4897.289M, initial mem = 974.766M) ***
--- Ending "Innovus" (totcpu=1:37:17, real=0:25:45, mem=4897.3M) ---


Finished batch session (command execution time: real mm:ss 25:50).
%# End launch_innovus (07/03 13:27:49, total cpu=16:00:04, real=16:25:50, peak res=11265.40M, current mem=3177.91M)
Updating database...
%# Begin phys_update_database (07/03 13:27:49, mem=3177.91M)
%# Begin preload_script (07/03 13:27:49, mem=3177.91M)
%# End preload_script (07/03 13:27:49, total cpu=16:00:00, real=16:00:00, peak res=11265.40M, current mem=3177.91M)
      flow.cputime  flow.realtime  timing.setup.tns  timing.setup.wns  snapshot
UM:*                                                                   preload_script
%# Begin read_metric (07/03 13:27:49, mem=3177.91M)
%# End read_metric (07/03 13:27:50, total cpu=16:00:00, real=16:00:01, peak res=11265.40M, current mem=3177.91M)
      flow.cputime  flow.realtime  timing.setup.tns  timing.setup.wns  snapshot
UM:*                                                                   read_metric
%# Begin stylus_db::read (07/03 13:27:50, mem=3177.91M)
(stylus_db): Argument checking
  Setting attribute of root '/': 'init_mmmc_version' = 2
(stylus_db): Set 'init_mmmc_version' to 2
(stylus_db): Reading USER attribute definitions
Sourcing script file ./genus2invs__2656251_e6bfadfa-0138-4e05-a668-8ad36fa2dd9afa_top/invs2genus_final_db/cmn/syn_cmn/fa_top.smsc.library_setup.tcl...
Done reading script file ./genus2invs__2656251_e6bfadfa-0138-4e05-a668-8ad36fa2dd9afa_top/invs2genus_final_db/cmn/syn_cmn/fa_top.smsc.library_setup.tcl.
Sourcing script file ./genus2invs__2656251_e6bfadfa-0138-4e05-a668-8ad36fa2dd9afa_top/invs2genus_final_db/cmn/syn_cmn/fa_top.smsc.library_domains.g.gz...
Done reading script file ./genus2invs__2656251_e6bfadfa-0138-4e05-a668-8ad36fa2dd9afa_top/invs2genus_final_db/cmn/syn_cmn/fa_top.smsc.library_domains.g.gz.
(stylus_db): Reading Root DOTG
Sourcing script file ./genus2invs__2656251_e6bfadfa-0138-4e05-a668-8ad36fa2dd9afa_top/invs2genus_final_db/cmn/syn_cmn/fa_top.root.g.gz...
Done reading script file ./genus2invs__2656251_e6bfadfa-0138-4e05-a668-8ad36fa2dd9afa_top/invs2genus_final_db/cmn/syn_cmn/fa_top.root.g.gz.
(stylus_db): Setting root attributes
There were 20 applications and 0 problems processing root attributes.
(stylus_db): Reading of Root Attributes complete
(stylus_db): Refreshing Extraction Engine
(stylus_db): Completed creating implied root attributes
(stylus_db): Reading Verilog
Warning : Non-monotonic wireload model found. [LBR-81]
        : 'Length' table in wireload model 'Huge' is non-monotonic.
Warning : Non-monotonic wireload model found. [LBR-81]
        : 'Length' table in wireload model 'Huge' is non-monotonic.
Warning : Non-monotonic wireload model found. [LBR-81]
        : 'Length' table in wireload model 'Huge' is non-monotonic.
Warning : Non-monotonic wireload model found. [LBR-81]
        : 'Length' table in wireload model 'Large' is non-monotonic.
Warning : Non-monotonic wireload model found. [LBR-81]
        : 'Length' table in wireload model 'Large' is non-monotonic.
Warning : Non-monotonic wireload model found. [LBR-81]
        : 'Length' table in wireload model 'Large' is non-monotonic.
Warning : Non-monotonic wireload model found. [LBR-81]
        : 'Length' table in wireload model 'Medium' is non-monotonic.
Warning : Non-monotonic wireload model found. [LBR-81]
        : 'Length' table in wireload model 'Medium' is non-monotonic.
  Done reading and elaborating the structural design 'fa_top'.
Checking for source RTL...
Check completed for source RTL.
(stylus_db): Interpreting MMMC as SMSC
Using compressed SDC constraint file ./genus2invs__2656251_e6bfadfa-0138-4e05-a668-8ad36fa2dd9afa_top/invs2genus_final_db/cmn/fa_top.mmmc/modes/default_emulate_constraint_mode/default_emulate_constraint_mode.sdc.gz
Statistics for commands executed by read_sdc:
 "create_clock"             - successful      1 , failed      0 (runtime  0.02)
 "current_design"           - successful      1 , failed      0 (runtime  0.02)
 "get_clocks"               - successful    550 , failed      0 (runtime  0.01)
 "get_ports"                - successful    551 , failed      0 (runtime  0.06)
 "set_clock_gating_check"   - successful      2 , failed      0 (runtime  0.03)
 "set_input_delay"          - successful    204 , failed      0 (runtime  0.02)
 "set_output_delay"         - successful    346 , failed      0 (runtime  0.01)
 "set_units"                - successful      1 , failed      0 (runtime  0.01)
read_sdc completed in 00:00:00 (hh:mm:ss)
  Setting attribute of design 'fa_top': 'global_route_overflow_TR_H' = 11.93
  Setting attribute of design 'fa_top': 'global_route_overflow_TR_V' = 3.44
  Setting attribute of design 'fa_top': 'phys_max_congestion_hotspot' = 15607.0
  Setting attribute of design 'fa_top': 'phys_total_congestion_hotspot' = 30641.1
(stylus_db): Root to Design Attrs
(stylus_db): Init Design
Started checking and loading power intent for design fa_top...
==============================================================
No power intent for design 'fa_top'.
Completed checking and loading power intent for design fa_top (runtime:0.00s memory_usage:0.00M peak_memory:0.00M).
===================================================================================================================
  Setting attribute of root '/': 'read_qrc_tech_file_rc_corner' = true
(stylus_db): Reading DEF

Reading and processing DEF file './genus2invs__2656251_e6bfadfa-0138-4e05-a668-8ad36fa2dd9afa_top/invs2genus_final_db/cmn/fa_top.def.gz'...
Parsing DEF file...

  'read_def' read 10000 lines...
  'read_def' read 20000 lines...
  'read_def' read 30000 lines...
  'read_def' read 40000 lines...
  'read_def' read 50000 lines...
  'read_def' read 60000 lines...
  'read_def' read 70000 lines...
  'read_def' read 80000 lines...
  'read_def' read 90000 lines...
  'read_def' read 100000 lines...
  'read_def' read 200000 lines...
  'read_def' read 300000 lines...
Warning : Net specified in pin is undefined in the netlist. [PHYS-2257]
        : Net 'm_axi_awlen[7]' specified in Pin 'm_axi_awlen[6]' is undefined in netlist.
Warning : Net specified in pin is undefined in the netlist. [PHYS-2257]
        : Net 'm_axi_awlen[6]' specified in Pin 'm_axi_awlen[6]' is undefined in netlist.
  'read_def' read 400000 lines...
  'read_def' read 500000 lines...
  'read_def' read 600000 lines...
  'read_def' read 700000 lines...
  'read_def' read 800000 lines...
  'read_def' read 900000 lines...
  'read_def' read 1000000 lines...
  'read_def' read 2000000 lines...
  'read_def' read 3000000 lines...

Done parsing DEF file (wall time: 4s, CPU time: 4034ms).
Processing DEF file...

Creating gcells from DEF (count: 269136)
  Summary report for DEF file './genus2invs__2656251_e6bfadfa-0138-4e05-a668-8ad36fa2dd9afa_top/invs2genus_final_db/cmn/fa_top.def.gz'

    Components
    ----------
        Cover:      0
        Fixed:     87
   Soft Fixed:      0
     Physical:      0
         Bump:      0
       Placed: 191945
     Unplaced:      0
        TOTAL: 192032 (87 are class macro)
   
          Pins
          ----
        Cover:   0
        Fixed: 551
     Physical:   0
       Placed:   0
     Unplaced:   0
        TOTAL: 551
   
          Nets
          ----
         Read:      0
      Skipped: 220998
        TOTAL: 220998
   
   SpecialNets
   -----------
         Read: 0
      Skipped: 0
        TOTAL: 0
   
       Fences: 0
       Guides: 0
      Regions: 0

Done processing DEF file (wall time: 0s, CPU time: 167ms).
   
  ========================
  Physical Message Summary
  ========================
   
  87 / 0  I   PHYS-181  Full preserve set on instance.
   2 / 2  W  PHYS-2257  Net specified in pin is undefined in the netlist.
   
Info : Initializing 2-D Early Global router engine...
Info : Installing 2-D Early Global router...
Info : Early Global router engine is using 8 threads.
Info : 2-D Early Global router initialization complete.
Info : 2-D Early Global router installation complete.
Info : Installing 3-D Early Global router...
Info : 3-D Early Global router installation complete.
Done reading and processing DEF file './genus2invs__2656251_e6bfadfa-0138-4e05-a668-8ad36fa2dd9afa_top/invs2genus_final_db/cmn/fa_top.def.gz' (wall time: 9s, CPU time: 8682ms).

(stylus_db): Creating exchange objects
(stylus_db): Read Latency
Using compressed SDC constraint file ./genus2invs__2656251_e6bfadfa-0138-4e05-a668-8ad36fa2dd9afa_top/invs2genus_final_db/cmn/fa_top.mmmc/views/default_emulate_view/latency.sdc.gz
read_sdc completed in 00:00:00 (hh:mm:ss)
(stylus_db): Reading any Extra SDC
Statistics for commands executed by read_sdc:
 "set_path_group_options"   - successful      2 , failed      0 (runtime  0.01)
read_sdc completed in 00:00:00 (hh:mm:ss)
(stylus_db): Reading DOTG
Sourcing script file ./genus2invs__2656251_e6bfadfa-0138-4e05-a668-8ad36fa2dd9afa_top/invs2genus_final_db/cmn/syn_cmn/fa_top.g.gz...
Done reading script file ./genus2invs__2656251_e6bfadfa-0138-4e05-a668-8ad36fa2dd9afa_top/invs2genus_final_db/cmn/syn_cmn/fa_top.g.gz.
Applied 148 Innovus Modes and globals.
(stylus_db): Setting root attributes
There were 17 applications and 0 problems processing root attributes.
(stylus_db): Reading User Attributes
Sourcing script file ./genus2invs__2656251_e6bfadfa-0138-4e05-a668-8ad36fa2dd9afa_top/invs2genus_final_db/cmn/syn_cmn/fa_top.syn_userattrs.gz...
Done reading script file ./genus2invs__2656251_e6bfadfa-0138-4e05-a668-8ad36fa2dd9afa_top/invs2genus_final_db/cmn/syn_cmn/fa_top.syn_userattrs.gz.
(stylus_db): Reading Flowkit Settings
Sourcing script file ./genus2invs__2656251_e6bfadfa-0138-4e05-a668-8ad36fa2dd9afa_top/invs2genus_final_db/cmn/fa_top.flowkit_settings.tcl...
Done reading script file ./genus2invs__2656251_e6bfadfa-0138-4e05-a668-8ad36fa2dd9afa_top/invs2genus_final_db/cmn/fa_top.flowkit_settings.tcl.
(stylus_db): Reading Design Attributes
(stylus_db): Setting attributes on design objects
Updated 0 and validated 17908 original_name instance attributes. With 0 problems deriving from pin based values.
(stylus_db): Summary count of attributes that could be applied
could_apply(boundary_change)                  = 58
could_apply(dont_touch)                       = 443
could_apply(dont_use)                         = 395
could_apply(file_row_col)                     = 251996
could_apply(is_clock)                         = 1
could_apply(original_name)                    = 44237
could_apply(route_bottom_preferred_layer)     = 219
could_apply(route_bottom_preferred_layer_app) = 219
could_apply(route_top_preferred_layer)        = 219
could_apply(route_top_preferred_layer_app)    = 219
could_apply(single_bit_orig_name)             = 17908
could_apply(single_bit_original_name)         = 2
(stylus_db): Reading Min Layer Application
(stylus_db): Reading TCF
Info    : Joules engine is used. [RPT-16]
        : Joules parser is being used for the command read_tcf.
Info   : STIM-0001 [StimInfo] read_stimulus effective options 
       : -file :
       : /home/hujinzhao/pro/genus_bs1/genus2invs__2656251_e6bfadfa-0138-4e05-a668-8ad36fa2dd9afa_top/invs2genus_final_db/cmn/fa_top.power/fa_top.comp.tcf
       : -dut_instance : /
       : -design_root : fa_top
       : -format : tcf
Info   : STIM-0001 Design top is fa_top
Info   : STIM-0001 Started reading input stimulus file
       : /home/hujinzhao/pro/genus_bs1/genus2invs__2656251_e6bfadfa-0138-4e05-a668-8ad36fa2dd9afa_top/invs2genus_final_db/cmn/fa_top.power/fa_top.comp.tcf
Info   : STIM-0002 [StimInfo] Stimulus has been identified as a gate level
       : stimulus, switching on -allow_n_nets option..
Info   : STIM-0007 [StimInfo] Stored stimulus information '/stim#1' in SDB.
---------------------------- Annotation Report ---------------------------
Object Type         Asserted  UnAsserted  Unconnected   Total  Asserted% 
                                           + Constant                    
--------------------------------------------------------------------------
Primary Ports                                                            
  Inputs                 205           0            0     205    100.00% 
  Outputs                316           0           30     346    100.00% 
  I/O                      0           0            0       0        N/A 
Sequential Outputs                                                       
  Memory                6990           0            0    6990    100.00% 
  Flop                 18017           0            0   18017    100.00% 
  Latch                    0           0            0       0        N/A 
  Arch ICGC                0           0            0       0        N/A 
  Inferred ICGC            0           0            0       0        N/A 
  Total ICGC               0           0            0       0        N/A 
Drivers                                                                  
  Driver nets         224012           0            0  224012    100.00% 
  RTL Driver nets     223807           0            0  223807    100.00% 
DFT                                                                      
  Input Ports              0           0            0       0        N/A 
  Flop Outputs             0           0            0       0        N/A 
  Memory Outputs           0           0            0       0        N/A 
--------------------------------------------------------------------------
Info   : STIM-0013 [StimInfo] Completed successfully.
       : Info=5, Warn=0, Error=0, Fatal=0
Info: Removing all stims from SDB
(stylus_db): Reading Routing Congestion
Reading Innovus congestion map file './genus2invs__2656251_e6bfadfa-0138-4e05-a668-8ad36fa2dd9afa_top/invs2genus_final_db/cmn/fa_top.route.congestion.gz'...
(stylus_db): Reading AAE settings
Read 3992 values from Innovus AAE file.
Detected that AAE fast_mode is correctly communicated from Innovus.
(stylus_db): Switching timing analysis to placement based PLE
(stylus_db): Read SPEF
Reading ./genus2invs__2656251_e6bfadfa-0138-4e05-a668-8ad36fa2dd9afa_top/invs2genus_final_db/cmn/fa_top.mmmc/corners/default_emulate_rc_corner/default_emulate_rc_corner.spef.gz ...

Annotating parasitics for design fa_top
Warning : Small lumped capacitance will be ignored. [PHYS-262]
        : The lumped capacitance for net 'u_core_u_update/FE_OFN67394_n' is too small: 0.00027 ff, use 0.1 ff
Warning : Cannot annotate physical data on this net. [PHYS-254]
        : The lumped capacitance for net 'u_core_u_update/FE_OFN66715_n' is zero.
Warning : Annotated physical data will be ignored for timing analysis. [PHYS-256]
        : Net 'clk' has an ideal pin 'u_core_u_score_exp_u_exp_rom_out_valid_reg/CLK (sky130_fd_sc_hs__dfxtp_1/CLK)'.
Warning : Cannot find this net. [PHYS-266]
        : Multi-port net 'm_axi_awlen[6]' in line 2055512 of file './genus2invs__2656251_e6bfadfa-0138-4e05-a668-8ad36fa2dd9afa_top/invs2genus_final_db/cmn/fa_top.mmmc/corners/default_emulate_rc_corner/default_emulate_rc_corner.spef.gz' replaced with m_axi_awlen[7].

##### read_spef statistics #####
Corner: default_emulate_rc_corner
Total number of nets: 220998
Number of nets cannot be annotated: 20
Number of nets with lumped capacitance less than 0.1 ff: 51
Number of nets with zero lumped capacitance 20
Number of nets annotated, but ignored for timing 1
Total runtime: 15.7 seconds
(stylus_db): Configure PLE
============================================================
  Generated by:           Genus(TM) Synthesis Solution 25.12-s067_1
  Generated on:           Jul 03 2026  01:29:20 pm
  Module:                 fa_top
  Technology libraries:   sky130_fd_sc_hs__tt_025C_1v80 1.0000000000
                          sky130_sram_0kbytes_1rw1r_32x64_8_TT_1p8V_25C_lib 
                          sky130_sram_0kbytes_1rw1r_48x16_8_TT_1p8V_25C_lib 
                          physical_cells 
  Operating conditions:   typ 
  Interconnect mode:      placement
  Area mode:              physical library
============================================================

Aspect ratio        : 0.999
Shrink factor       : 1.000
Scale of res/length : 1.000
Scale of cap/length : 1.000
Net derating factor : 1.000
Thermal factor      : 1.000
Via Resistance      : 0.000 ohm (from default)
Site size           : 3.810 um (from lef [tech+cell])

                                   Capacitance  
  Layer                             / Length         Data source:
Name        Direction Utilization  (pF/micron)       lef_library
------------------------------------------------
li1             V         0.00        0.000088  
met1            H         1.00        0.000085  
met2            V         1.00        0.000078  
met3            H         1.00        0.000086  
met4            V         1.00        0.000076  
met5            H         1.00        0.000088  

                                    Resistance   
  Layer                              / Length         Data source:
Name        Direction Utilization  (ohm/micron)       lef_library
-------------------------------------------------
li1             V         0.00        75.294118  
met1            H         1.00         0.892857  
met2            V         1.00         0.892857  
met3            H         1.00         0.156667  
met4            V         1.00         0.156667  
met5            H         1.00         0.017812  

                                        Area     
  Layer                               / Length        Data source:
Name        Direction Utilization     (micron)        lef_library
-------------------------------------------------
li1             V         0.00         0.170000  
met1            H         1.00         0.140000  
met2            V         1.00         0.140000  
met3            H         1.00         0.300000  
met4            V         1.00         0.300000  
met5            H         1.00         1.600000  

(stylus_db): Reading EXTRACTION
%# End stylus_db::read (07/03 13:29:21, total cpu=16:01:35, real=16:01:31, peak res=11265.40M, current mem=4525.14M)
      flow.cputime  flow.realtime  timing.setup.tns  timing.setup.wns  snapshot
UM:*                                                                   read_invs2genus_db
(updb): (07/03 13:29:21) Refreshing Timer
Info    : AAE enabled for delay calculation. [TIM-45]
        :  
      flow.cputime  flow.realtime  timing.setup.tns  timing.setup.wns  snapshot
UM:*                                                                   timer_refresh
%# End phys_update_database (07/03 13:29:38, total cpu=16:02:15, real=16:01:49, peak res=11265.40M, current mem=6182.96M)
      flow.cputime  flow.realtime  timing.setup.tns  timing.setup.wns  snapshot
UM:*                                                                   phys_update_database




Finished QoS prediction (command execution time mm:ss (real) = 29:39).

      flow.cputime  flow.realtime  timing.setup.tns  timing.setup.wns  snapshot
UM:*                                                                   predict_qos
  Done placing fa_top.
(syn_opt_placed): Activating iSpatial - opt_spatial_effort standard
Error   : Use of this 'opt_spatial_effort' setting requires 'probabilistic_extraction' to be active. [PHYS-1015] [syn_opt -spatial]
        : Use of this 'opt_spatial_effort' requires 'probabilistic_extraction' to be active and use of only QRC tech file (no cap table file allowed).
  Done spatial mode optimization fa_top.
      flow.cputime  flow.realtime  timing.setup.tns  timing.setup.wns  snapshot
UM:*                                                                   syn_opt_ispatial_standard
@file(run_fa_accel_sky130_sram.tcl) 282: redirect [file join $report_dir timing.rpt] {report timing}
@file(run_fa_accel_sky130_sram.tcl) 283: redirect [file join $report_dir area.rpt] {report area}
@file(run_fa_accel_sky130_sram.tcl) 284: redirect [file join $report_dir power.rpt] {report power}
@file(run_fa_accel_sky130_sram.tcl) 285: redirect [file join $report_dir qor_final.rpt] {report qor}
@file(run_fa_accel_sky130_sram.tcl) 286: redirect [file join $report_dir check_design_post.rpt] {check_design}
@file(run_fa_accel_sky130_sram.tcl) 287: redirect [file join $report_dir hierarchy_final.rpt] {report hierarchy}
@file(run_fa_accel_sky130_sram.tcl) 288: if {[catch {redirect [file join $report_dir gates.rpt] {report gates}} err]} {
  puts "WARNING: optional gates report failed: $err"
}
@file(run_fa_accel_sky130_sram.tcl) 291: if {[catch {redirect [file join $report_dir cell_usage.rpt] {report cell_usage}} err]} {
  puts "WARNING: optional cell usage report failed: $err"
}
WARNING: optional cell usage report failed: Failed on 'report cell_usage'
@file(run_fa_accel_sky130_sram.tcl) 294: if {[catch {redirect [file join $report_dir unmapped_final.rpt] {report unmapped}} err]} {
  puts "WARNING: optional unmapped final report failed: $err"
}
WARNING: optional unmapped final report failed: Failed on 'report unmapped'
@file(run_fa_accel_sky130_sram.tcl) 298: write_hdl > [file join $output_dir ${top}_mapped.v]
@file(run_fa_accel_sky130_sram.tcl) 299: write_sdc > [file join $output_dir ${top}_mapped.sdc]
Finished SDC export (command execution time mm:ss (real) = 00:03).
@file(run_fa_accel_sky130_sram.tcl) 300: if {[catch {write_db [file join $output_dir ${top}.db]} err]} {
  puts "WARNING: optional write_db failed: $err"
}
Finished exporting design database to file '/home/hujinzhao/pro/genus_bs1/results/outputs/fa_top/fa_top.db' for 'fa_top' (command execution time mm:ss cpu = 00:30, real = 00:30).
@file(run_fa_accel_sky130_sram.tcl) 305: set nand2_area [get_db [get_lib_cells sky130_fd_sc_hs__nand2_1] .area]
@file(run_fa_accel_sky130_sram.tcl) 306: set total_cell_area [get_db current_design .area]
@file(run_fa_accel_sky130_sram.tcl) 307: if {$nand2_area > 0} {
  set nand2_gates [expr {$total_cell_area / $nand2_area}]
  puts "NAND2_EQ_GATES = [format %.0f $nand2_gates]"
  puts "  NAND2_1 area = $nand2_area um2"
  puts "  Total cell area = $total_cell_area um2"
} else {
  puts "WARNING: Could not get NAND2_1 area from library."
}
NAND2_EQ_GATES = 3031742
  NAND2_1 area = 4.7952 um2
  Total cell area = 14537808.655219998 um2
@file(run_fa_accel_sky130_sram.tcl) 316: puts "GENUS_DONE $top"
GENUS_DONE fa_top
@file(run_fa_accel_sky130_sram.tcl) 317: exit

Lic Summary:
[13:31:25.338841] Cdslmd servers: sh02lo01
[13:31:25.338881] Feature usage summary:
[13:31:25.338882] Genus_Synthesis  
[13:31:25.338883] Genus_CPU_Opt  
[13:31:25.338883] Genus_Physical_Opt  
=======================
PBS_overall Index: 0.00
=======================
/home/hujinzhao/pro/genus_bs1/.st_launch_sh02lo01_2656251
Normal exit.
